solid OpenSCAD_Model
  facet normal -0.6343932841636445 -0.7730104533627378 -8.530653689077567e-19
    outer loop
      vertex -14.405570233019603 -4.1814696123025445 0
      vertex -14.557106781186548 -4.0571067811865476 1.2
      vertex -14.557106781186548 -4.0571067811865476 0
    endloop
  endfacet
  facet normal -0.2902846772544611 -0.9569403357322092 0
    outer loop
      vertex -14.23268343236509 -4.273879532511287 0
      vertex -14.045090322016128 -4.33078528040323 0
      vertex -14.23268343236509 -4.273879532511287 1.2
    endloop
  endfacet
  facet normal -0.09801714032956085 -0.9951847266721969 0
    outer loop
      vertex -14.045090322016128 -4.33078528040323 0
      vertex -13.85 -4.35 0
      vertex -14.045090322016128 -4.33078528040323 1.2
    endloop
  endfacet
  facet normal -0.47139673682599764 -0.881921264348355 0
    outer loop
      vertex -14.405570233019603 -4.1814696123025445 0
      vertex -14.23268343236509 -4.273879532511287 0
      vertex -14.405570233019603 -4.1814696123025445 1.2
    endloop
  endfacet
  facet normal -0.7730104533627397 -0.6343932841636422 1.5526348423559025e-18
    outer loop
      vertex -14.557106781186548 -4.0571067811865476 0
      vertex -14.681469612302545 -3.905570233019602 1.2
      vertex -14.681469612302545 -3.905570233019602 0
    endloop
  endfacet
  facet normal -0.8819212643483559 -0.47139673682599603 -4.956636405845545e-18
    outer loop
      vertex -14.681469612302545 -3.905570233019602 0
      vertex -14.773879532511286 -3.7326834323650893 1.2
      vertex -14.773879532511286 -3.7326834323650893 0
    endloop
  endfacet
  facet normal -0.9569403357322077 -0.2902846772544659 2.4143463782532686e-19
    outer loop
      vertex -14.773879532511286 -3.7326834323650893 0
      vertex -14.83078528040323 -3.545090322016128 1.2
      vertex -14.83078528040323 -3.545090322016128 0
    endloop
  endfacet
  facet normal -0.9951847266721969 -0.09801714032956063 -1.408419263936858e-20
    outer loop
      vertex -14.83078528040323 -3.545090322016128 0
      vertex -14.85 -3.3499999999999996 1.2
      vertex -14.85 -3.3499999999999996 0
    endloop
  endfacet
  facet normal -0.6343932841636445 -0.7730104533627378 0
    outer loop
      vertex -14.405570233019603 -4.1814696123025445 0
      vertex -14.405570233019603 -4.1814696123025445 1.2
      vertex -14.557106781186548 -4.0571067811865476 1.2
    endloop
  endfacet
  facet normal -0.47139673682599764 -0.881921264348355 0
    outer loop
      vertex -14.23268343236509 -4.273879532511287 0
      vertex -14.23268343236509 -4.273879532511287 1.2
      vertex -14.405570233019603 -4.1814696123025445 1.2
    endloop
  endfacet
  facet normal -0.2902846772544611 -0.9569403357322092 0
    outer loop
      vertex -14.045090322016128 -4.33078528040323 0
      vertex -14.045090322016128 -4.33078528040323 1.2
      vertex -14.23268343236509 -4.273879532511287 1.2
    endloop
  endfacet
  facet normal -0.7730104533627397 -0.6343932841636422 0
    outer loop
      vertex -14.557106781186548 -4.0571067811865476 0
      vertex -14.557106781186548 -4.0571067811865476 1.2
      vertex -14.681469612302545 -3.905570233019602 1.2
    endloop
  endfacet
  facet normal -0.8819212643483559 -0.47139673682599603 0
    outer loop
      vertex -14.681469612302545 -3.905570233019602 0
      vertex -14.681469612302545 -3.905570233019602 1.2
      vertex -14.773879532511286 -3.7326834323650893 1.2
    endloop
  endfacet
  facet normal -0.09801714032956085 -0.9951847266721969 0
    outer loop
      vertex -13.85 -4.35 0
      vertex -13.85 -4.35 1.2
      vertex -14.045090322016128 -4.33078528040323 1.2
    endloop
  endfacet
  facet normal -0.9569403357322077 -0.2902846772544659 0
    outer loop
      vertex -14.773879532511286 -3.7326834323650893 0
      vertex -14.773879532511286 -3.7326834323650893 1.2
      vertex -14.83078528040323 -3.545090322016128 1.2
    endloop
  endfacet
  facet normal -0.9951847266721969 -0.09801714032956063 0
    outer loop
      vertex -14.83078528040323 -3.545090322016128 0
      vertex -14.83078528040323 -3.545090322016128 1.2
      vertex -14.85 -3.3499999999999996 1.2
    endloop
  endfacet
  facet normal 0 0 -1
    outer loop
      vertex -14.405570233019603 -4.1814696123025445 0
      vertex -14.557106781186548 -4.0571067811865476 0
      vertex -14.557106781186548 4.0571067811865476 0
    endloop
  endfacet
  facet normal 0 0 -1
    outer loop
      vertex -14.23268343236509 -4.273879532511287 0
      vertex -14.23268343236509 4.273879532511287 0
      vertex -14.045090322016128 -4.33078528040323 0
    endloop
  endfacet
  facet normal 0 0 -1
    outer loop
      vertex -14.405570233019603 -4.1814696123025445 0
      vertex -14.405570233019603 4.1814696123025445 0
      vertex -14.23268343236509 -4.273879532511287 0
    endloop
  endfacet
  facet normal 0 0 -1
    outer loop
      vertex -14.045090322016128 -4.33078528040323 0
      vertex -14.045090322016128 4.33078528040323 0
      vertex -13.85 -4.35 0
    endloop
  endfacet
  facet normal 0 0 -1
    outer loop
      vertex -14.681469612302545 -3.905570233019602 0
      vertex -14.773879532511286 -3.7326834323650893 0
      vertex -14.773879532511286 3.7326834323650893 0
    endloop
  endfacet
  facet normal 0 0 -1
    outer loop
      vertex -14.557106781186548 -4.0571067811865476 0
      vertex -14.681469612302545 -3.905570233019602 0
      vertex -14.681469612302545 3.905570233019602 0
    endloop
  endfacet
  facet normal 0 0 -1
    outer loop
      vertex -14.773879532511286 -3.7326834323650893 0
      vertex -14.83078528040323 -3.545090322016128 0
      vertex -14.83078528040323 3.545090322016128 0
    endloop
  endfacet
  facet normal 0 0 -1
    outer loop
      vertex -14.83078528040323 -3.545090322016128 0
      vertex -14.85 -3.3499999999999996 0
      vertex -14.85 3.3499999999999996 0
    endloop
  endfacet
  facet normal -1 0 0
    outer loop
      vertex -14.85 -3.3499999999999996 0
      vertex -14.85 -3.3499999999999996 1.2
      vertex -14.85 3.3499999999999996 1.2
    endloop
  endfacet
  facet normal 0 -1 0
    outer loop
      vertex -13.85 -4.35 0
      vertex 13.85 -4.35 0
      vertex -13.85 -4.35 1.2
    endloop
  endfacet
  facet normal 0 0 -1
    outer loop
      vertex -13.85 -4.35 0
      vertex -13.85 4.35 0
      vertex 13.85 -4.35 0
    endloop
  endfacet
  facet normal 0 0 1
    outer loop
      vertex -13.85 -4.35 1.2
      vertex -11.6976960003376 -1.7740800008177757 1.2
      vertex -12.661151997745037 -1.7740800008177757 1.2
    endloop
  endfacet
  facet normal 0 0 1
    outer loop
      vertex -13.85 -4.35 1.2
      vertex -9.809759996831417 -1.7740800008177757 1.2
      vertex -11.6976960003376 -1.7740800008177757 1.2
    endloop
  endfacet
  facet normal 0 0 1
    outer loop
      vertex -13.85 -4.35 1.2
      vertex -8.84630399942398 -1.7740800008177757 1.2
      vertex -9.809759996831417 -1.7740800008177757 1.2
    endloop
  endfacet
  facet normal 0 0 1
    outer loop
      vertex -13.85 -4.35 1.2
      vertex -7.0132972821593285 -1.7147212773561478 1.2
      vertex -8.84630399942398 -1.7740800008177757 1.2
    endloop
  endfacet
  facet normal 0 0 1
    outer loop
      vertex -13.85 -4.35 1.2
      vertex -6.835509121417999 -1.7748787179589272 1.2
      vertex -7.0132972821593285 -1.7147212773561478 1.2
    endloop
  endfacet
  facet normal 0 0 1
    outer loop
      vertex -13.85 -4.35 1.2
      vertex -6.6542035192251205 -1.8178483173251152 1.2
      vertex -6.835509121417999 -1.7748787179589272 1.2
    endloop
  endfacet
  facet normal 0 0 1
    outer loop
      vertex -13.85 -4.35 1.2
      vertex -6.469380483031273 -1.8436300829052925 1.2
      vertex -6.6542035192251205 -1.8178483173251152 1.2
    endloop
  endfacet
  facet normal 0 0 1
    outer loop
      vertex -13.85 -4.35 1.2
      vertex -6.281039997935295 -1.8522239997982979 1.2
      vertex -6.469380483031273 -1.8436300829052925 1.2
    endloop
  endfacet
  facet normal 0 0 1
    outer loop
      vertex -14.405570233019603 -4.1814696123025445 1.2
      vertex -14.557106781186548 4.0571067811865476 1.2
      vertex -14.557106781186548 -4.0571067811865476 1.2
    endloop
  endfacet
  facet normal 0 0 1
    outer loop
      vertex -14.23268343236509 -4.273879532511287 1.2
      vertex -14.045090322016128 -4.33078528040323 1.2
      vertex -14.23268343236509 4.273879532511287 1.2
    endloop
  endfacet
  facet normal 0 0 1
    outer loop
      vertex -14.405570233019603 -4.1814696123025445 1.2
      vertex -14.23268343236509 -4.273879532511287 1.2
      vertex -14.405570233019603 4.1814696123025445 1.2
    endloop
  endfacet
  facet normal 0 0 1
    outer loop
      vertex -14.045090322016128 -4.33078528040323 1.2
      vertex -13.85 -4.35 1.2
      vertex -14.045090322016128 4.33078528040323 1.2
    endloop
  endfacet
  facet normal 0 0 1
    outer loop
      vertex -14.681469612302545 -3.905570233019602 1.2
      vertex -14.773879532511286 3.7326834323650893 1.2
      vertex -14.773879532511286 -3.7326834323650893 1.2
    endloop
  endfacet
  facet normal 0 0 1
    outer loop
      vertex -14.557106781186548 -4.0571067811865476 1.2
      vertex -14.681469612302545 3.905570233019602 1.2
      vertex -14.681469612302545 -3.905570233019602 1.2
    endloop
  endfacet
  facet normal 0 0 1
    outer loop
      vertex -14.773879532511286 -3.7326834323650893 1.2
      vertex -14.83078528040323 3.545090322016128 1.2
      vertex -14.83078528040323 -3.545090322016128 1.2
    endloop
  endfacet
  facet normal 0 0 1
    outer loop
      vertex -14.83078528040323 -3.545090322016128 1.2
      vertex -14.85 3.3499999999999996 1.2
      vertex -14.85 -3.3499999999999996 1.2
    endloop
  endfacet
  facet normal 0 0 1
    outer loop
      vertex -13.85 -4.35 1.2
      vertex -12.661151997745037 -1.7740800008177757 1.2
      vertex -13.85 4.35 1.2
    endloop
  endfacet
  facet normal 0 0 1
    outer loop
      vertex -8.84630399942398 -1.7740800008177757 1.2
      vertex -7.0132972821593285 -1.7147212773561478 1.2
      vertex -7.187568001449108 -1.6373760029673576 1.2
    endloop
  endfacet
  facet normal 0 0 1
    outer loop
      vertex -8.84630399942398 -1.7740800008177757 1.2
      vertex -7.187568001449108 -1.6373760029673576 1.2
      vertex -7.351812481880188 -1.5434304028749466 1.2
    endloop
  endfacet
  facet normal 0 0 1
    outer loop
      vertex -8.84630399942398 -1.7740800008177757 1.2
      vertex -7.351812481880188 -1.5434304028749466 1.2
      vertex -7.499521918594837 -1.4334720000624657 1.2
    endloop
  endfacet
  facet normal 0 0 1
    outer loop
      vertex -8.84630399942398 -1.7740800008177757 1.2
      vertex -7.499521918594837 -1.4334720000624657 1.2
      vertex -7.630696319043636 -1.3075008019804955 1.2
    endloop
  endfacet
  facet normal 0 0 1
    outer loop
      vertex -8.84630399942398 -1.7740800008177757 1.2
      vertex -7.630696319043636 -1.3075008019804955 1.2
      vertex -7.745335683226585 -1.1655168011784554 1.2
    endloop
  endfacet
  facet normal 0 0 1
    outer loop
      vertex -8.84630399942398 -1.7740800008177757 1.2
      vertex -7.745335683226585 -1.1655168011784554 1.2
      vertex -7.843440003693104 -1.0075199976563454 1.2
    endloop
  endfacet
  facet normal 0 0 1
    outer loop
      vertex -8.84630399942398 -1.7740800008177757 1.2
      vertex -7.843440003693104 -1.0075199976563454 1.2
      vertex -7.924293123185635 -0.8342899233102798 1.2
    endloop
  endfacet
  facet normal 0 0 1
    outer loop
      vertex -11.6976960003376 -1.7740800008177757 1.2
      vertex -9.809759996831417 -1.7740800008177757 1.2
      vertex -11.6976960003376 0.3123840019106865 1.2
    endloop
  endfacet
  facet normal 0 0 1
    outer loop
      vertex -9.809759996831417 -1.7740800008177757 1.2
      vertex -9.809759996831417 0.3123840019106865 1.2
      vertex -11.6976960003376 0.3123840019106865 1.2
    endloop
  endfacet
  facet normal 0 0 1
    outer loop
      vertex -8.84630399942398 -1.7740800008177757 1.2
      vertex -7.924293123185635 -0.8342899233102798 1.2
      vertex -7.98717887699604 -0.6466060802340508 1.2
    endloop
  endfacet
  facet normal 0 0 1
    outer loop
      vertex -8.84630399942398 -1.7740800008177757 1.2
      vertex -7.98717887699604 -0.6466060802340508 1.2
      vertex -8.032097280025482 -0.4444684833288193 1.2
    endloop
  endfacet
  facet normal 0 0 1
    outer loop
      vertex -8.84630399942398 -1.7740800008177757 1.2
      vertex -8.032097280025482 -0.4444684833288193 1.2
      vertex -8.059048317372799 -0.22787711769342422 1.2
    endloop
  endfacet
  facet normal 0 0 1
    outer loop
      vertex -8.84630399942398 -1.7740800008177757 1.2
      vertex -8.059048317372799 -0.22787711769342422 1.2
      vertex -8.068031996488571 0.0031680017709732056 1.2
    endloop
  endfacet
  facet normal 0 0 1
    outer loop
      vertex -8.84630399942398 -1.7740800008177757 1.2
      vertex -8.068031996488571 0.0031680017709732056 1.2
      vertex -8.059048317372799 0.18426240235567093 1.2
    endloop
  endfacet
  facet normal 0 0 1
    outer loop
      vertex -8.84630399942398 -1.7740800008177757 1.2
      vertex -8.059048317372799 0.18426240235567093 1.2
      vertex -8.032097280025482 0.3630144000053406 1.2
    endloop
  endfacet
  facet normal 0 0 1
    outer loop
      vertex -13.85 -4.35 1.2
      vertex 13.85 -4.35 1.2
      vertex -6.281039997935295 -1.8522239997982979 1.2
    endloop
  endfacet
  facet normal 0 0 1
    outer loop
      vertex -5.708442240953445 -1.7696793600916862 1.2
      vertex 6.925343997776508 -3.0793439969420433 1.2
      vertex -3.080540157854557 -1.8406367972493172 1.2
    endloop
  endfacet
  facet normal 0 0 1
    outer loop
      vertex -5.708442240953445 -1.7696793600916862 1.2
      vertex -3.43521024286747 -1.7479391992092133 1.2
      vertex -5.453581437468529 -1.6664985567331314 1.2
    endloop
  endfacet
  facet normal 0 0 1
    outer loop
      vertex -5.708442240953445 -1.7696793600916862 1.2
      vertex -3.266922242939472 -1.8058751970529556 1.2
      vertex -3.43521024286747 -1.7479391992092133 1.2
    endloop
  endfacet
  facet normal 0 0 1
    outer loop
      vertex -5.708442240953445 -1.7696793600916862 1.2
      vertex -3.080540157854557 -1.8406367972493172 1.2
      vertex -3.266922242939472 -1.8058751970529556 1.2
    endloop
  endfacet
  facet normal 0 0 1
    outer loop
      vertex -5.453581437468529 -1.6664985567331314 1.2
      vertex -3.43521024286747 -1.7479391992092133 1.2
      vertex -3.58540415763855 -1.66682880371809 1.2
    endloop
  endfacet
  facet normal 0 0 1
    outer loop
      vertex -5.453581437468529 -1.6664985567331314 1.2
      vertex -3.58540415763855 -1.66682880371809 1.2
      vertex -5.2196793630719185 -1.5220454409718513 1.2
    endloop
  endfacet
  facet normal 0 0 1
    outer loop
      vertex -5.2196793630719185 -1.5220454409718513 1.2
      vertex -3.828234240412712 -1.4405337572097778 1.2
      vertex -5.0067360028624535 -1.3363199979066849 1.2
    endloop
  endfacet
  facet normal 0 0 1
    outer loop
      vertex -5.2196793630719185 -1.5220454409718513 1.2
      vertex -3.7175040021538734 -1.5625440031290054 1.2
      vertex -3.828234240412712 -1.4405337572097778 1.2
    endloop
  endfacet
  facet normal 0 0 1
    outer loop
      vertex -5.0067360028624535 -1.3363199979066849 1.2
      vertex -3.828234240412712 -1.4405337572097778 1.2
      vertex -3.9143577590584755 -1.3062854409217834 1.2
    endloop
  endfacet
  facet normal 0 0 1
    outer loop
      vertex -5.2196793630719185 -1.5220454409718513 1.2
      vertex -3.58540415763855 -1.66682880371809 1.2
      vertex -3.7175040021538734 -1.5625440031290054 1.2
    endloop
  endfacet
  facet normal 0 0 1
    outer loop
      vertex -5.0067360028624535 -1.3363199979066849 1.2
      vertex -3.9143577590584755 -1.3062854409217834 1.2
      vertex -4.824518397450447 -1.1191987171769142 1.2
    endloop
  endfacet
  facet normal 0 0 1
    outer loop
      vertex -4.824518397450447 -1.1191987171769142 1.2
      vertex -3.9143577590584755 -1.3062854409217834 1.2
      vertex -3.9758745580911636 -1.159799039363861 1.2
    endloop
  endfacet
  facet normal 0 0 1
    outer loop
      vertex -4.824518397450447 -1.1191987171769142 1.2
      vertex -3.9758745580911636 -1.159799039363861 1.2
      vertex -4.0127846375107765 -1.0010745599865913 1.2
    endloop
  endfacet
  facet normal 0 0 1
    outer loop
      vertex -6.974350079894066 -0.7143782377243042 1.2
      vertex -5.52857855707407 -0.5750668793916702 1.2
      vertex -7.042705923318863 -0.5761113613843918 1.2
    endloop
  endfacet
  facet normal 0 0 1
    outer loop
      vertex -6.28430400043726 -1.106784000992775 1.2
      vertex -6.14571263641119 -1.0958476811647415 1.2
      vertex -5.785395838320255 -0.9318028762936592 1.2
    endloop
  endfacet
  facet normal 0 0 1
    outer loop
      vertex -6.672936961054802 -1.008357122540474 1.2
      vertex -5.52857855707407 -0.5750668793916702 1.2
      vertex -6.784256637096405 -0.9318028762936592 1.2
    endloop
  endfacet
  facet normal 0 0 1
    outer loop
      vertex -6.5525049567222595 -1.0630387216806412 1.2
      vertex -6.422960638999939 -1.0958476811647415 1.2
      vertex -5.52857855707407 -0.5750668793916702 1.2
    endloop
  endfacet
  facet normal 0 0 1
    outer loop
      vertex -6.422960638999939 -1.0958476811647415 1.2
      vertex -6.28430400043726 -1.106784000992775 1.2
      vertex -5.52857855707407 -0.5750668793916702 1.2
    endloop
  endfacet
  facet normal 0 0 1
    outer loop
      vertex -6.5525049567222595 -1.0630387216806412 1.2
      vertex -5.52857855707407 -0.5750668793916702 1.2
      vertex -6.672936961054802 -1.008357122540474 1.2
    endloop
  endfacet
  facet normal 0 0 1
    outer loop
      vertex -6.14571263641119 -1.0958476811647415 1.2
      vertex -6.01636415719986 -1.0630387216806412 1.2
      vertex -5.896258562803268 -1.008357122540474 1.2
    endloop
  endfacet
  facet normal 0 0 1
    outer loop
      vertex -6.14571263641119 -1.0958476811647415 1.2
      vertex -5.896258562803268 -1.008357122540474 1.2
      vertex -5.785395838320255 -0.9318028762936592 1.2
    endloop
  endfacet
  facet normal 0 0 1
    outer loop
      vertex -6.28430400043726 -1.106784000992775 1.2
      vertex -5.785395838320255 -0.9318028762936592 1.2
      vertex -5.683775998651981 -0.8333759978413582 1.2
    endloop
  endfacet
  facet normal 0 0 1
    outer loop
      vertex -6.28430400043726 -1.106784000992775 1.2
      vertex -5.683775998651981 -0.8333759978413582 1.2
      vertex -5.5964774414896965 -0.7141171172261238 1.2
    endloop
  endfacet
  facet normal 0 0 1
    outer loop
      vertex -6.88646399974823 -0.8333759978413582 1.2
      vertex -6.784256637096405 -0.9318028762936592 1.2
      vertex -5.52857855707407 -0.5750668793916702 1.2
    endloop
  endfacet
  facet normal 0 0 1
    outer loop
      vertex -6.88646399974823 -0.8333759978413582 1.2
      vertex -5.52857855707407 -0.5750668793916702 1.2
      vertex -6.974350079894066 -0.7143782377243042 1.2
    endloop
  endfacet
  facet normal 0 0 1
    outer loop
      vertex -6.28430400043726 -1.106784000992775 1.2
      vertex -5.5964774414896965 -0.7141171172261238 1.2
      vertex -5.52857855707407 -0.5750668793916702 1.2
    endloop
  endfacet
  facet normal 0 0 1
    outer loop
      vertex -7.091531522572041 -0.41857536137104034 1.2
      vertex -7.042705923318863 -0.5761113613843918 1.2
      vertex -5.480079360306263 -0.41622527688741684 1.2
    endloop
  endfacet
  facet normal 0 0 1
    outer loop
      vertex -7.091531522572041 -0.41857536137104034 1.2
      vertex -5.480079360306263 -0.41622527688741684 1.2
      vertex -7.120826877653599 -0.24177023768424988 1.2
    endloop
  endfacet
  facet normal 0 0 1
    outer loop
      vertex -7.120826877653599 -0.24177023768424988 1.2
      vertex -5.450979836285114 -0.23759231716394424 1.2
      vertex -7.130592003464699 -0.04569599777460098 1.2
    endloop
  endfacet
  facet normal 0 0 1
    outer loop
      vertex -7.042705923318863 -0.5761113613843918 1.2
      vertex -5.52857855707407 -0.5750668793916702 1.2
      vertex -5.480079360306263 -0.41622527688741684 1.2
    endloop
  endfacet
  facet normal 0 0 1
    outer loop
      vertex -7.120826877653599 -0.24177023768424988 1.2
      vertex -5.480079360306263 -0.41622527688741684 1.2
      vertex -5.450979836285114 -0.23759231716394424 1.2
    endloop
  endfacet
  facet normal 0 0 1
    outer loop
      vertex -7.130592003464699 -0.04569599777460098 1.2
      vertex -5.450979836285114 -0.23759231716394424 1.2
      vertex -5.441279999911785 -0.03916800022125244 1.2
    endloop
  endfacet
  facet normal 0 0 1
    outer loop
      vertex -4.824518397450447 -1.1191987171769142 1.2
      vertex -4.0127846375107765 -1.0010745599865913 1.2
      vertex -4.682793602347374 -0.8805964812636375 1.2
    endloop
  endfacet
  facet normal 0 0 1
    outer loop
      vertex -4.682793602347374 -0.8805964812636375 1.2
      vertex -4.0127846375107765 -1.0010745599865913 1.2
      vertex -4.025087997317314 -0.8301120027899742 1.2
    endloop
  endfacet
  facet normal 0 0 1
    outer loop
      vertex -4.682793602347374 -0.8805964812636375 1.2
      vertex -4.025087997317314 -0.8301120027899742 1.2
      vertex -4.581561602652073 -0.6205132827162743 1.2
    endloop
  endfacet
  facet normal 0 0 1
    outer loop
      vertex -4.581561602652073 -0.6205132827162743 1.2
      vertex -4.025087997317314 -0.8301120027899742 1.2
      vertex -4.0194892808794975 -0.7154745608568192 1.2
    endloop
  endfacet
  facet normal 0 0 1
    outer loop
      vertex -4.581561602652073 -0.6205132827162743 1.2
      vertex -4.0194892808794975 -0.7154745608568192 1.2
      vertex -4.0026931166648865 -0.605917438864708 1.2
    endloop
  endfacet
  facet normal 0 0 1
    outer loop
      vertex -4.581561602652073 -0.6205132827162743 1.2
      vertex -4.0026931166648865 -0.605917438864708 1.2
      vertex -4.520822398364544 -0.33894912153482437 1.2
    endloop
  endfacet
  facet normal 0 0 1
    outer loop
      vertex -4.520822398364544 -0.33894912153482437 1.2
      vertex -4.0026931166648865 -0.605917438864708 1.2
      vertex -3.974699519574642 -0.5014406368136406 1.2
    endloop
  endfacet
  facet normal 0 0 1
    outer loop
      vertex -4.520822398364544 -0.33894912153482437 1.2
      vertex -3.974699519574642 -0.5014406368136406 1.2
      vertex -3.935508482158184 -0.4020441621541977 1.2
    endloop
  endfacet
  facet normal 0 0 1
    outer loop
      vertex -4.520822398364544 -0.33894912153482437 1.2
      vertex -3.935508482158184 -0.4020441621541977 1.2
      vertex -4.500575996935368 -0.03590399771928787 1.2
    endloop
  endfacet
  facet normal 0 0 1
    outer loop
      vertex -4.500575996935368 -0.03590399771928787 1.2
      vertex -3.935508482158184 -0.4020441621541977 1.2
      vertex -3.8851199969649315 -0.30772799998521805 1.2
    endloop
  endfacet
  facet normal 0 0 1
    outer loop
      vertex -4.500575996935368 -0.03590399771928787 1.2
      vertex -3.8851199969649315 -0.30772799998521805 1.2
      vertex -3.8246419206261635 -0.22022975981235504 1.2
    endloop
  endfacet
  facet normal 0 0 1
    outer loop
      vertex -4.500575996935368 -0.03590399771928787 1.2
      vertex -3.8246419206261635 -0.22022975981235504 1.2
      vertex -3.7551820799708366 -0.1413254365324974 1.2
    endloop
  endfacet
  facet normal 0 0 1
    outer loop
      vertex -4.500575996935368 -0.03590399771928787 1.2
      vertex -3.7551820799708366 -0.1413254365324974 1.2
      vertex -3.6767404824495316 -0.07101503759622574 1.2
    endloop
  endfacet
  facet normal 0 0 1
    outer loop
      vertex -4.500575996935368 -0.03590399771928787 1.2
      vertex -3.6767404824495316 -0.07101503759622574 1.2
      vertex -3.5893171206116676 -0.009298563003540039 1.2
    endloop
  endfacet
  facet normal 0 0 1
    outer loop
      vertex -2.525688961148262 -1.8112185597419739 1.2
      vertex -1.6847039982676506 -1.7740800008177757 1.2
      vertex -2.4146342426538467 -1.7793254405260086 1.2
    endloop
  endfacet
  facet normal 0 0 1
    outer loop
      vertex -2.4146342426538467 -1.7793254405260086 1.2
      vertex -1.6847039982676506 -1.7740800008177757 1.2
      vertex -2.306447997689247 -1.7383200004696846 1.2
    endloop
  endfacet
  facet normal 0 0 1
    outer loop
      vertex -2.306447997689247 -1.7383200004696846 1.2
      vertex -1.6847039982676506 -1.7740800008177757 1.2
      vertex -2.2009804770350456 -1.6881830394268036 1.2
    endloop
  endfacet
  facet normal 0 0 1
    outer loop
      vertex -2.2009804770350456 -1.6881830394268036 1.2
      vertex -1.6847039982676506 -1.7740800008177757 1.2
      vertex -2.09812031686306 -1.6289337575435638 1.2
    endloop
  endfacet
  facet normal 0 0 1
    outer loop
      vertex -2.09812031686306 -1.6289337575435638 1.2
      vertex -1.715953916311264 -1.6871040016412735 1.2
      vertex -1.9978675171732903 -1.560572162270546 1.2
    endloop
  endfacet
  facet normal 0 0 1
    outer loop
      vertex -1.9978675171732903 -1.560572162270546 1.2
      vertex -1.7524108812212944 -1.5720191970467567 1.2
      vertex -1.9002220779657364 -1.4830982387065887 1.2
    endloop
  endfacet
  facet normal 0 0 1
    outer loop
      vertex -1.6847039982676506 -1.7740800008177757 1.2
      vertex -1.6996780782938004 -1.7341056019067764 1.2
      vertex -2.09812031686306 -1.6289337575435638 1.2
    endloop
  endfacet
  facet normal 0 0 1
    outer loop
      vertex -2.09812031686306 -1.6289337575435638 1.2
      vertex -1.6996780782938004 -1.7341056019067764 1.2
      vertex -1.715953916311264 -1.6871040016412735 1.2
    endloop
  endfacet
  facet normal 0 0 1
    outer loop
      vertex -1.9978675171732903 -1.560572162270546 1.2
      vertex -1.715953916311264 -1.6871040016412735 1.2
      vertex -1.7335315197706223 -1.633075200021267 1.2
    endloop
  endfacet
  facet normal 0 0 1
    outer loop
      vertex -1.9978675171732903 -1.560572162270546 1.2
      vertex -1.7335315197706223 -1.633075200021267 1.2
      vertex -1.7524108812212944 -1.5720191970467567 1.2
    endloop
  endfacet
  facet normal 0 0 1
    outer loop
      vertex -1.9002220779657364 -1.4830982387065887 1.2
      vertex -1.7524108812212944 -1.5720191970467567 1.2
      vertex -1.7725920006632805 -1.5039360001683235 1.2
    endloop
  endfacet
  facet normal 0 0 1
    outer loop
      vertex -1.9002220779657364 -1.4830982387065887 1.2
      vertex -1.7725920006632805 -1.5039360001683235 1.2
      vertex -1.7811916768550873 -1.4735884815454483 1.2
    endloop
  endfacet
  facet normal 0 0 1
    outer loop
      vertex -1.9002220779657364 -1.4830982387065887 1.2
      vertex -1.7811916768550873 -1.4735884815454483 1.2
      vertex -1.7887507230043411 -1.4476723223924637 1.2
    endloop
  endfacet
  facet normal 0 0 1
    outer loop
      vertex -1.9002220779657364 -1.4830982387065887 1.2
      vertex -1.7887507230043411 -1.4476723223924637 1.2
      vertex -1.7952691167593002 -1.4261875227093697 1.2
    endloop
  endfacet
  facet normal 0 0 1
    outer loop
      vertex -1.9002220779657364 -1.4830982387065887 1.2
      vertex -1.7952691167593002 -1.4261875227093697 1.2
      vertex -1.8007468804717064 -1.4091340824961662 1.2
    endloop
  endfacet
  facet normal 0 0 1
    outer loop
      vertex -1.9002220779657364 -1.4830982387065887 1.2
      vertex -1.8007468804717064 -1.4091340824961662 1.2
      vertex -1.8051839992403984 -1.3965120017528534 1.2
    endloop
  endfacet
  facet normal 0 0 1
    outer loop
      vertex -2.8401350378990173 -1.15733952075243 1.2
      vertex -2.6958470419049263 -0.318581759929657 1.2
      vertex -2.9067993611097336 -1.1181484833359718 1.2
    endloop
  endfacet
  facet normal 0 0 1
    outer loop
      vertex -2.9067993611097336 -1.1181484833359718 1.2
      vertex -2.6958470419049263 -0.318581759929657 1.2
      vertex -2.9672159999608994 -1.0677599981427193 1.2
    endloop
  endfacet
  facet normal 0 0 1
    outer loop
      vertex -3.0874905586242676 -0.8810496032238007 1.2
      vertex -2.931408002972603 -0.4134719967842102 1.2
      vertex -3.1046726405620575 -0.810479998588562 1.2
    endloop
  endfacet
  facet normal 0 0 1
    outer loop
      vertex -2.9672159999608994 -1.0677599981427193 1.2
      vertex -2.795456640422344 -0.35047295689582825 1.2
      vertex -3.0187622383236885 -1.009689599275589 1.2
    endloop
  endfacet
  facet normal 0 0 1
    outer loop
      vertex -3.0187622383236885 -1.009689599275589 1.2
      vertex -2.795456640422344 -0.35047295689582825 1.2
      vertex -3.0588537603616714 -0.9474527984857559 1.2
    endloop
  endfacet
  facet normal 0 0 1
    outer loop
      vertex -3.0874905586242676 -0.8810496032238007 1.2
      vertex -3.0588537603616714 -0.9474527984857559 1.2
      vertex -2.8739769607782364 -0.3821030408143997 1.2
    endloop
  endfacet
  facet normal 0 0 1
    outer loop
      vertex -3.1046726405620575 -0.810479998588562 1.2
      vertex -2.9958451166749 -0.46699008345603943 1.2
      vertex -3.1103999987244606 -0.7357439994812012 1.2
    endloop
  endfacet
  facet normal 0 0 1
    outer loop
      vertex -3.1103999987244606 -0.7357439994812012 1.2
      vertex -3.045962877571583 -0.5259763225913048 1.2
      vertex -3.103240318596363 -0.6603532806038857 1.2
    endloop
  endfacet
  facet normal 0 0 1
    outer loop
      vertex -3.103240318596363 -0.6603532806038857 1.2
      vertex -3.045962877571583 -0.5259763225913048 1.2
      vertex -3.0817612782120705 -0.5904307216405869 1.2
    endloop
  endfacet
  facet normal 0 0 1
    outer loop
      vertex -3.1103999987244606 -0.7357439994812012 1.2
      vertex -2.9958451166749 -0.46699008345603943 1.2
      vertex -3.045962877571583 -0.5259763225913048 1.2
    endloop
  endfacet
  facet normal 0 0 1
    outer loop
      vertex -3.1046726405620575 -0.810479998588562 1.2
      vertex -2.931408002972603 -0.4134719967842102 1.2
      vertex -2.9958451166749 -0.46699008345603943 1.2
    endloop
  endfacet
  facet normal 0 0 1
    outer loop
      vertex -3.0874905586242676 -0.8810496032238007 1.2
      vertex -2.8739769607782364 -0.3821030408143997 1.2
      vertex -2.931408002972603 -0.4134719967842102 1.2
    endloop
  endfacet
  facet normal 0 0 1
    outer loop
      vertex -3.0588537603616714 -0.9474527984857559 1.2
      vertex -2.795456640422344 -0.35047295689582825 1.2
      vertex -2.8739769607782364 -0.3821030408143997 1.2
    endloop
  endfacet
  facet normal 0 0 1
    outer loop
      vertex -2.9672159999608994 -1.0677599981427193 1.2
      vertex -2.6958470419049263 -0.318581759929657 1.2
      vertex -2.795456640422344 -0.35047295689582825 1.2
    endloop
  endfacet
  facet normal 0 0 1
    outer loop
      vertex -2.8401350378990173 -1.15733952075243 1.2
      vertex -2.767223037779331 -1.1853331178426743 1.2
      vertex -2.6958470419049263 -0.318581759929657 1.2
    endloop
  endfacet
  facet normal 0 0 1
    outer loop
      vertex -2.688063360750675 -1.2021292820572853 1.2
      vertex -2.6958470419049263 -0.318581759929657 1.2
      vertex -2.767223037779331 -1.1853331178426743 1.2
    endloop
  endfacet
  facet normal 0 0 1
    outer loop
      vertex -2.688063360750675 -1.2021292820572853 1.2
      vertex -2.6026559993624687 -1.207727998495102 1.2
      vertex -2.6958470419049263 -0.318581759929657 1.2
    endloop
  endfacet
  facet normal 0 0 1
    outer loop
      vertex -2.6026559993624687 -1.207727998495102 1.2
      vertex -2.504611201584339 -1.2012172788381577 1.2
      vertex -2.6958470419049263 -0.318581759929657 1.2
    endloop
  endfacet
  facet normal 0 0 1
    outer loop
      vertex -2.504611201584339 -1.2012172788381577 1.2
      vertex -2.4083904027938843 -1.1816851198673248 1.2
      vertex -2.6958470419049263 -0.318581759929657 1.2
    endloop
  endfacet
  facet normal 0 0 1
    outer loop
      vertex -2.4083904027938843 -1.1816851198673248 1.2
      vertex -2.313993602991104 -1.1491315215826035 1.2
      vertex -2.6958470419049263 -0.318581759929657 1.2
    endloop
  endfacet
  facet normal 0 0 1
    outer loop
      vertex -2.313993602991104 -1.1491315215826035 1.2
      vertex -2.2214208021759987 -1.103556476533413 1.2
      vertex -2.575148157775402 -0.28642944246530533 1.2
    endloop
  endfacet
  facet normal 0 0 1
    outer loop
      vertex -2.313993602991104 -1.1491315215826035 1.2
      vertex -2.575148157775402 -0.28642944246530533 1.2
      vertex -2.6958470419049263 -0.318581759929657 1.2
    endloop
  endfacet
  facet normal 0 0 1
    outer loop
      vertex -2.2214208021759987 -1.103556476533413 1.2
      vertex -2.130672000348568 -1.0449599996209145 1.2
      vertex -2.575148157775402 -0.28642944246530533 1.2
    endloop
  endfacet
  facet normal 0 0 1
    outer loop
      vertex -2.130672000348568 -1.0449599996209145 1.2
      vertex -2.0688172802329063 -0.9932678416371346 1.2
      vertex -2.575148157775402 -0.28642944246530533 1.2
    endloop
  endfacet
  facet normal 0 0 1
    outer loop
      vertex -2.0688172802329063 -0.9932678416371346 1.2
      vertex -2.016078718006611 -0.9371481612324715 1.2
      vertex -2.4333600029349327 -0.2540159970521927 1.2
    endloop
  endfacet
  facet normal 0 0 1
    outer loop
      vertex -2.016078718006611 -0.9371481612324715 1.2
      vertex -1.9724563211202621 -0.8766009584069252 1.2
      vertex -2.4333600029349327 -0.2540159970521927 1.2
    endloop
  endfacet
  facet normal 0 0 1
    outer loop
      vertex -1.9724563211202621 -0.8766009584069252 1.2
      vertex -1.9379500821232796 -0.8116262406110764 1.2
      vertex -2.4333600029349327 -0.2540159970521927 1.2
    endloop
  endfacet
  facet normal 0 0 1
    outer loop
      vertex -1.9379500821232796 -0.8116262406110764 1.2
      vertex -1.9125600010156631 -0.7422240003943443 1.2
      vertex -2.4333600029349327 -0.2540159970521927 1.2
    endloop
  endfacet
  facet normal 0 0 1
    outer loop
      vertex -1.9125600010156631 -0.7422240003943443 1.2
      vertex -1.8996691182255745 -0.6868934407830238 1.2
      vertex -2.4333600029349327 -0.2540159970521927 1.2
    endloop
  endfacet
  facet normal 0 0 1
    outer loop
      vertex -2.0688172802329063 -0.9932678416371346 1.2
      vertex -2.4333600029349327 -0.2540159970521927 1.2
      vertex -2.575148157775402 -0.28642944246530533 1.2
    endloop
  endfacet
  facet normal 0 0 1
    outer loop
      vertex -1.8996691182255745 -0.6868934407830238 1.2
      vertex -1.8896428793668747 -0.6146361604332924 1.2
      vertex -2.4333600029349327 -0.2540159970521927 1.2
    endloop
  endfacet
  facet normal 0 0 1
    outer loop
      vertex -1.8896428793668747 -0.6146361604332924 1.2
      vertex -1.8824812769889832 -0.52545215934515 1.2
      vertex -2.2892294377088547 -0.22236672043800354 1.2
    endloop
  endfacet
  facet normal 0 0 1
    outer loop
      vertex -1.8896428793668747 -0.6146361604332924 1.2
      vertex -2.2892294377088547 -0.22236672043800354 1.2
      vertex -2.4333600029349327 -0.2540159970521927 1.2
    endloop
  endfacet
  facet normal 0 0 1
    outer loop
      vertex -1.8824812769889832 -0.52545215934515 1.2
      vertex -2.1615033596754074 -0.19254527986049652 1.2
      vertex -2.2892294377088547 -0.22236672043800354 1.2
    endloop
  endfacet
  facet normal 0 0 1
    outer loop
      vertex -1.8824812769889832 -0.52545215934515 1.2
      vertex -1.8781843185424805 -0.41934143751859665 1.2
      vertex -2.1615033596754074 -0.19254527986049652 1.2
    endloop
  endfacet
  facet normal 0 0 1
    outer loop
      vertex -1.8781843185424805 -0.41934143751859665 1.2
      vertex -1.876751996576786 -0.29630400240421295 1.2
      vertex -2.0501817613840103 -0.16455168277025223 1.2
    endloop
  endfacet
  facet normal 0 0 1
    outer loop
      vertex -1.8781843185424805 -0.41934143751859665 1.2
      vertex -2.0501817613840103 -0.16455168277025223 1.2
      vertex -2.1615033596754074 -0.19254527986049652 1.2
    endloop
  endfacet
  facet normal 0 0 1
    outer loop
      vertex -1.876751996576786 -0.29630400240421295 1.2
      vertex -1.9552646428346634 -0.13838592171669006 1.2
      vertex -2.0501817613840103 -0.16455168277025223 1.2
    endloop
  endfacet
  facet normal 0 0 1
    outer loop
      vertex -1.876751996576786 -0.29630400240421295 1.2
      vertex -1.876751996576786 -0.11404799669981003 1.2
      vertex -1.9552646428346634 -0.13838592171669006 1.2
    endloop
  endfacet
  facet normal 0 0 -1
    outer loop
      vertex -14.83078528040323 -3.545090322016128 0
      vertex -14.85 3.3499999999999996 0
      vertex -14.83078528040323 3.545090322016128 0
    endloop
  endfacet
  facet normal 0 0 -1
    outer loop
      vertex -14.773879532511286 -3.7326834323650893 0
      vertex -14.83078528040323 3.545090322016128 0
      vertex -14.773879532511286 3.7326834323650893 0
    endloop
  endfacet
  facet normal 0 0 -1
    outer loop
      vertex -14.681469612302545 -3.905570233019602 0
      vertex -14.773879532511286 3.7326834323650893 0
      vertex -14.681469612302545 3.905570233019602 0
    endloop
  endfacet
  facet normal 0 0 -1
    outer loop
      vertex -14.557106781186548 -4.0571067811865476 0
      vertex -14.681469612302545 3.905570233019602 0
      vertex -14.557106781186548 4.0571067811865476 0
    endloop
  endfacet
  facet normal 0 0 -1
    outer loop
      vertex -14.405570233019603 -4.1814696123025445 0
      vertex -14.557106781186548 4.0571067811865476 0
      vertex -14.405570233019603 4.1814696123025445 0
    endloop
  endfacet
  facet normal 0 0 -1
    outer loop
      vertex -14.23268343236509 -4.273879532511287 0
      vertex -14.405570233019603 4.1814696123025445 0
      vertex -14.23268343236509 4.273879532511287 0
    endloop
  endfacet
  facet normal 0 0 -1
    outer loop
      vertex -14.045090322016128 -4.33078528040323 0
      vertex -14.23268343236509 4.273879532511287 0
      vertex -14.045090322016128 4.33078528040323 0
    endloop
  endfacet
  facet normal 0 0 -1
    outer loop
      vertex -13.85 -4.35 0
      vertex -14.045090322016128 4.33078528040323 0
      vertex -13.85 4.35 0
    endloop
  endfacet
  facet normal -1 0 0
    outer loop
      vertex -14.85 -3.3499999999999996 0
      vertex -14.85 3.3499999999999996 1.2
      vertex -14.85 3.3499999999999996 0
    endloop
  endfacet
  facet normal -0.9951847266721969 0.09801714032956063 1.408419263936858e-20
    outer loop
      vertex -14.85 3.3499999999999996 0
      vertex -14.83078528040323 3.545090322016128 1.2
      vertex -14.83078528040323 3.545090322016128 0
    endloop
  endfacet
  facet normal -0.9569403357322077 0.2902846772544659 -2.4143463782532686e-19
    outer loop
      vertex -14.83078528040323 3.545090322016128 0
      vertex -14.773879532511286 3.7326834323650893 1.2
      vertex -14.773879532511286 3.7326834323650893 0
    endloop
  endfacet
  facet normal -0.8819212643483559 0.47139673682599603 4.956636405845545e-18
    outer loop
      vertex -14.773879532511286 3.7326834323650893 0
      vertex -14.681469612302545 3.905570233019602 1.2
      vertex -14.681469612302545 3.905570233019602 0
    endloop
  endfacet
  facet normal -0.7730104533627397 0.6343932841636422 -1.5526348423559025e-18
    outer loop
      vertex -14.681469612302545 3.905570233019602 0
      vertex -14.557106781186548 4.0571067811865476 1.2
      vertex -14.557106781186548 4.0571067811865476 0
    endloop
  endfacet
  facet normal -0.6343932841636445 0.7730104533627378 8.530653689077567e-19
    outer loop
      vertex -14.557106781186548 4.0571067811865476 0
      vertex -14.405570233019603 4.1814696123025445 1.2
      vertex -14.405570233019603 4.1814696123025445 0
    endloop
  endfacet
  facet normal -0.47139673682599764 0.881921264348355 3.7171829289897885e-18
    outer loop
      vertex -14.405570233019603 4.1814696123025445 0
      vertex -14.23268343236509 4.273879532511287 1.2
      vertex -14.23268343236509 4.273879532511287 0
    endloop
  endfacet
  facet normal -0.2902846772544611 0.9569403357322092 3.594634866415353e-18
    outer loop
      vertex -14.23268343236509 4.273879532511287 0
      vertex -14.045090322016128 4.33078528040323 1.2
      vertex -14.045090322016128 4.33078528040323 0
    endloop
  endfacet
  facet normal -0.09801714032956085 0.9951847266721969 6.116316224030831e-19
    outer loop
      vertex -14.045090322016128 4.33078528040323 0
      vertex -13.85 4.35 1.2
      vertex -13.85 4.35 0
    endloop
  endfacet
  facet normal -0.9951847266721969 0.09801714032956063 0
    outer loop
      vertex -14.85 3.3499999999999996 0
      vertex -14.85 3.3499999999999996 1.2
      vertex -14.83078528040323 3.545090322016128 1.2
    endloop
  endfacet
  facet normal -0.9569403357322077 0.2902846772544659 0
    outer loop
      vertex -14.83078528040323 3.545090322016128 0
      vertex -14.83078528040323 3.545090322016128 1.2
      vertex -14.773879532511286 3.7326834323650893 1.2
    endloop
  endfacet
  facet normal -0.8819212643483559 0.47139673682599603 0
    outer loop
      vertex -14.773879532511286 3.7326834323650893 0
      vertex -14.773879532511286 3.7326834323650893 1.2
      vertex -14.681469612302545 3.905570233019602 1.2
    endloop
  endfacet
  facet normal -0.7730104533627397 0.6343932841636422 0
    outer loop
      vertex -14.681469612302545 3.905570233019602 0
      vertex -14.681469612302545 3.905570233019602 1.2
      vertex -14.557106781186548 4.0571067811865476 1.2
    endloop
  endfacet
  facet normal -0.6343932841636445 0.7730104533627378 0
    outer loop
      vertex -14.557106781186548 4.0571067811865476 0
      vertex -14.557106781186548 4.0571067811865476 1.2
      vertex -14.405570233019603 4.1814696123025445 1.2
    endloop
  endfacet
  facet normal -0.47139673682599764 0.881921264348355 0
    outer loop
      vertex -14.405570233019603 4.1814696123025445 0
      vertex -14.405570233019603 4.1814696123025445 1.2
      vertex -14.23268343236509 4.273879532511287 1.2
    endloop
  endfacet
  facet normal -0.2902846772544611 0.9569403357322092 0
    outer loop
      vertex -14.23268343236509 4.273879532511287 0
      vertex -14.23268343236509 4.273879532511287 1.2
      vertex -14.045090322016128 4.33078528040323 1.2
    endloop
  endfacet
  facet normal -0.09801714032956085 0.9951847266721969 0
    outer loop
      vertex -14.045090322016128 4.33078528040323 0
      vertex -14.045090322016128 4.33078528040323 1.2
      vertex -13.85 4.35 1.2
    endloop
  endfacet
  facet normal 0 1 0
    outer loop
      vertex -13.85 4.35 0
      vertex -13.85 4.35 1.2
      vertex 13.85 4.35 1.2
    endloop
  endfacet
  facet normal 0 0 1
    outer loop
      vertex -14.83078528040323 -3.545090322016128 1.2
      vertex -14.83078528040323 3.545090322016128 1.2
      vertex -14.85 3.3499999999999996 1.2
    endloop
  endfacet
  facet normal 0 0 1
    outer loop
      vertex -14.773879532511286 -3.7326834323650893 1.2
      vertex -14.773879532511286 3.7326834323650893 1.2
      vertex -14.83078528040323 3.545090322016128 1.2
    endloop
  endfacet
  facet normal 0 0 1
    outer loop
      vertex -14.681469612302545 -3.905570233019602 1.2
      vertex -14.681469612302545 3.905570233019602 1.2
      vertex -14.773879532511286 3.7326834323650893 1.2
    endloop
  endfacet
  facet normal 0 0 1
    outer loop
      vertex -14.557106781186548 -4.0571067811865476 1.2
      vertex -14.557106781186548 4.0571067811865476 1.2
      vertex -14.681469612302545 3.905570233019602 1.2
    endloop
  endfacet
  facet normal 0 0 1
    outer loop
      vertex -14.405570233019603 -4.1814696123025445 1.2
      vertex -14.405570233019603 4.1814696123025445 1.2
      vertex -14.557106781186548 4.0571067811865476 1.2
    endloop
  endfacet
  facet normal 0 0 1
    outer loop
      vertex -14.23268343236509 -4.273879532511287 1.2
      vertex -14.23268343236509 4.273879532511287 1.2
      vertex -14.405570233019603 4.1814696123025445 1.2
    endloop
  endfacet
  facet normal 0 0 1
    outer loop
      vertex -14.045090322016128 -4.33078528040323 1.2
      vertex -14.045090322016128 4.33078528040323 1.2
      vertex -14.23268343236509 4.273879532511287 1.2
    endloop
  endfacet
  facet normal 0 0 1
    outer loop
      vertex -13.85 -4.35 1.2
      vertex -13.85 4.35 1.2
      vertex -14.045090322016128 4.33078528040323 1.2
    endloop
  endfacet
  facet normal 0 0 1
    outer loop
      vertex -13.85 4.35 1.2
      vertex -12.661151997745037 -1.7740800008177757 1.2
      vertex -12.661151997745037 2.9977440014481544 1.2
    endloop
  endfacet
  facet normal 0 0 1
    outer loop
      vertex -8.84630399942398 2.9977440014481544 1.2
      vertex -8.84630399942398 -1.7740800008177757 1.2
      vertex -8.032097280025482 0.3630144000053406 1.2
    endloop
  endfacet
  facet normal 0 0 1
    outer loop
      vertex -11.6976960003376 1.119599997997284 1.2
      vertex -9.809759996831417 1.119599997997284 1.2
      vertex -11.6976960003376 2.9977440014481544 1.2
    endloop
  endfacet
  facet normal 0 0 1
    outer loop
      vertex -8.84630399942398 2.9977440014481544 1.2
      vertex -8.032097280025482 0.3630144000053406 1.2
      vertex -7.98717887699604 0.5394240021705627 1.2
    endloop
  endfacet
  facet normal 0 0 1
    outer loop
      vertex -8.84630399942398 2.9977440014481544 1.2
      vertex -7.98717887699604 0.5394240021705627 1.2
      vertex -7.924293123185635 0.7134912014007568 1.2
    endloop
  endfacet
  facet normal 0 0 1
    outer loop
      vertex -8.84630399942398 2.9977440014481544 1.2
      vertex -7.924293123185635 0.7134912014007568 1.2
      vertex -7.843440003693104 0.8852159976959229 1.2
    endloop
  endfacet
  facet normal 0 0 1
    outer loop
      vertex -8.84630399942398 2.9977440014481544 1.2
      vertex -7.843440003693104 0.8852159976959229 1.2
      vertex -7.7461171224713326 1.047715201973915 1.2
    endloop
  endfacet
  facet normal 0 0 1
    outer loop
      vertex -8.84630399942398 2.9977440014481544 1.2
      vertex -7.7461171224713326 1.047715201973915 1.2
      vertex -7.633822083473206 1.1940672025084496 1.2
    endloop
  endfacet
  facet normal 0 0 1
    outer loop
      vertex -8.84630399942398 2.9977440014481544 1.2
      vertex -7.633822083473206 1.1940672025084496 1.2
      vertex -7.506554879248142 1.3242719992995262 1.2
    endloop
  endfacet
  facet normal 0 0 1
    outer loop
      vertex -8.84630399942398 2.9977440014481544 1.2
      vertex -7.506554879248142 1.3242719992995262 1.2
      vertex -7.364315517246723 1.4383295997977257 1.2
    endloop
  endfacet
  facet normal 0 0 1
    outer loop
      vertex -8.84630399942398 2.9977440014481544 1.2
      vertex -7.364315517246723 1.4383295997977257 1.2
      vertex -7.207103997468948 1.5362399965524673 1.2
    endloop
  endfacet
  facet normal 0 0 1
    outer loop
      vertex -8.84630399942398 2.9977440014481544 1.2
      vertex -7.207103997468948 1.5362399965524673 1.2
      vertex -7.03856448084116 1.6170931234955788 1.2
    endloop
  endfacet
  facet normal 0 0 1
    outer loop
      vertex -8.84630399942398 2.9977440014481544 1.2
      vertex -7.03856448084116 1.6170931234955788 1.2
      vertex -6.862341120839119 1.6799788773059845 1.2
    endloop
  endfacet
  facet normal 0 0 1
    outer loop
      vertex -13.85 4.35 1.2
      vertex -12.661151997745037 2.9977440014481544 1.2
      vertex -11.6976960003376 2.9977440014481544 1.2
    endloop
  endfacet
  facet normal 0 0 1
    outer loop
      vertex -13.85 4.35 1.2
      vertex -11.6976960003376 2.9977440014481544 1.2
      vertex -9.809759996831417 2.9977440014481544 1.2
    endloop
  endfacet
  facet normal 0 0 1
    outer loop
      vertex -11.6976960003376 2.9977440014481544 1.2
      vertex -9.809759996831417 1.119599997997284 1.2
      vertex -9.809759996831417 2.9977440014481544 1.2
    endloop
  endfacet
  facet normal 0 0 1
    outer loop
      vertex -8.84630399942398 2.9977440014481544 1.2
      vertex -6.862341120839119 1.6799788773059845 1.2
      vertex -6.746495999395847 2.105903998017311 1.2
    endloop
  endfacet
  facet normal 0 0 1
    outer loop
      vertex -13.85 4.35 1.2
      vertex -9.809759996831417 2.9977440014481544 1.2
      vertex -8.84630399942398 2.9977440014481544 1.2
    endloop
  endfacet
  facet normal 0 0 1
    outer loop
      vertex -13.85 4.35 1.2
      vertex -8.84630399942398 2.9977440014481544 1.2
      vertex -6.297311998903751 3.079103998839855 1.2
    endloop
  endfacet
  facet normal 0 0 1
    outer loop
      vertex -7.130592003464699 -0.04569599777460098 1.2
      vertex -5.441279999911785 -0.03916800022125244 1.2
      vertex -7.120826877653599 0.15039552003145218 1.2
    endloop
  endfacet
  facet normal 0 0 1
    outer loop
      vertex -7.120826877653599 0.15039552003145218 1.2
      vertex -5.450979836285114 0.1545734405517578 1.2
      vertex -7.091531522572041 0.3272140771150589 1.2
    endloop
  endfacet
  facet normal 0 0 1
    outer loop
      vertex -7.091531522572041 0.3272140771150589 1.2
      vertex -5.480079360306263 0.3295641615986824 1.2
      vertex -7.042705923318863 0.4847596809267998 1.2
    endloop
  endfacet
  facet normal 0 0 1
    outer loop
      vertex -7.042705923318863 0.4847596809267998 1.2
      vertex -5.480079360306263 0.3295641615986824 1.2
      vertex -6.974350079894066 0.6230323165655136 1.2
    endloop
  endfacet
  facet normal 0 0 1
    outer loop
      vertex -7.120826877653599 0.15039552003145218 1.2
      vertex -5.441279999911785 -0.03916800022125244 1.2
      vertex -5.450979836285114 0.1545734405517578 1.2
    endloop
  endfacet
  facet normal 0 0 1
    outer loop
      vertex -7.091531522572041 0.3272140771150589 1.2
      vertex -5.450979836285114 0.1545734405517578 1.2
      vertex -5.480079360306263 0.3295641615986824 1.2
    endloop
  endfacet
  facet normal 0 0 1
    outer loop
      vertex -6.974350079894066 0.6230323165655136 1.2
      vertex -5.480079360306263 0.3295641615986824 1.2
      vertex -6.88646399974823 0.7420319989323616 1.2
    endloop
  endfacet
  facet normal 0 0 1
    outer loop
      vertex -6.88646399974823 0.7420319989323616 1.2
      vertex -5.480079360306263 0.3295641615986824 1.2
      vertex -6.784256637096405 0.8404588773846626 1.2
    endloop
  endfacet
  facet normal 0 0 1
    outer loop
      vertex -6.784256637096405 0.8404588773846626 1.2
      vertex -5.52857855707407 0.48580416291952133 1.2
      vertex -6.672936961054802 0.9170131236314774 1.2
    endloop
  endfacet
  facet normal 0 0 1
    outer loop
      vertex -6.784256637096405 0.8404588773846626 1.2
      vertex -5.480079360306263 0.3295641615986824 1.2
      vertex -5.52857855707407 0.48580416291952133 1.2
    endloop
  endfacet
  facet normal 0 0 1
    outer loop
      vertex -6.672936961054802 0.9170131236314774 1.2
      vertex -5.52857855707407 0.48580416291952133 1.2
      vertex -5.5964774414896965 0.623293437063694 1.2
    endloop
  endfacet
  facet normal 0 0 1
    outer loop
      vertex -6.28430400043726 1.0154400020837784 1.2
      vertex -5.5964774414896965 0.623293437063694 1.2
      vertex -5.683775998651981 0.7420319989323616 1.2
    endloop
  endfacet
  facet normal 0 0 1
    outer loop
      vertex -6.672936961054802 0.9170131236314774 1.2
      vertex -5.5964774414896965 0.623293437063694 1.2
      vertex -6.5525049567222595 0.9716947227716446 1.2
    endloop
  endfacet
  facet normal 0 0 1
    outer loop
      vertex -6.5525049567222595 0.9716947227716446 1.2
      vertex -5.5964774414896965 0.623293437063694 1.2
      vertex -6.422960638999939 1.004503682255745 1.2
    endloop
  endfacet
  facet normal 0 0 1
    outer loop
      vertex -6.422960638999939 1.004503682255745 1.2
      vertex -5.5964774414896965 0.623293437063694 1.2
      vertex -6.28430400043726 1.0154400020837784 1.2
    endloop
  endfacet
  facet normal 0 0 1
    outer loop
      vertex -6.28430400043726 1.0154400020837784 1.2
      vertex -5.785395838320255 0.8404588773846626 1.2
      vertex -6.14571263641119 1.004503682255745 1.2
    endloop
  endfacet
  facet normal 0 0 1
    outer loop
      vertex -6.28430400043726 1.0154400020837784 1.2
      vertex -5.683775998651981 0.7420319989323616 1.2
      vertex -5.785395838320255 0.8404588773846626 1.2
    endloop
  endfacet
  facet normal 0 0 1
    outer loop
      vertex -5.896258562803268 0.9170131236314774 1.2
      vertex -6.14571263641119 1.004503682255745 1.2
      vertex -5.785395838320255 0.8404588773846626 1.2
    endloop
  endfacet
  facet normal 0 0 1
    outer loop
      vertex -5.896258562803268 0.9170131236314774 1.2
      vertex -6.01636415719986 0.9716947227716446 1.2
      vertex -6.14571263641119 1.004503682255745 1.2
    endloop
  endfacet
  facet normal 0 0 1
    outer loop
      vertex -4.500575996935368 -0.03590399771928787 1.2
      vertex -3.5893171206116676 -0.009298563003540039 1.2
      vertex -4.520626559853554 0.2645279988646507 1.2
    endloop
  endfacet
  facet normal 0 0 1
    outer loop
      vertex -4.580778241157532 0.5434752032160759 1.2
      vertex -4.520626559853554 0.2645279988646507 1.2
      vertex -3.5893171206116676 -0.009298563003540039 1.2
    endloop
  endfacet
  facet normal 0 0 1
    outer loop
      vertex -4.580778241157532 0.5434752032160759 1.2
      vertex -3.5893171206116676 -0.009298563003540039 1.2
      vertex -3.4929120019078255 0.043824002146720886 1.2
    endloop
  endfacet
  facet normal 0 0 1
    outer loop
      vertex -4.580778241157532 0.5434752032160759 1.2
      vertex -3.4929120019078255 0.043824002146720886 1.2
      vertex -3.9306719973683357 0.7778400033712387 1.2
    endloop
  endfacet
  facet normal 0 0 1
    outer loop
      vertex -4.580778241157532 0.5434752032160759 1.2
      vertex -3.9306719973683357 0.7778400033712387 1.2
      vertex -4.6810310408473015 0.8009376004338264 1.2
    endloop
  endfacet
  facet normal 0 0 1
    outer loop
      vertex -4.6810310408473015 0.8009376004338264 1.2
      vertex -3.866613119840622 0.9679296016693115 1.2
      vertex -4.821384958922863 1.036915197968483 1.2
    endloop
  endfacet
  facet normal 0 0 1
    outer loop
      vertex -4.6810310408473015 0.8009376004338264 1.2
      vertex -3.9306719973683357 0.7778400033712387 1.2
      vertex -3.866613119840622 0.9679296016693115 1.2
    endloop
  endfacet
  facet normal 0 0 1
    outer loop
      vertex -4.821384958922863 1.036915197968483 1.2
      vertex -3.866613119840622 0.9679296016693115 1.2
      vertex -3.7864108830690384 1.137187197804451 1.2
    endloop
  endfacet
  facet normal 0 0 1
    outer loop
      vertex -6.862341120839119 1.6799788773059845 1.2
      vertex -6.678433917462826 1.7248972803354263 1.2
      vertex -6.746495999395847 2.105903998017311 1.2
    endloop
  endfacet
  facet normal 0 0 1
    outer loop
      vertex -6.746495999395847 2.105903998017311 1.2
      vertex -6.678433917462826 1.7248972803354263 1.2
      vertex -6.486842878162861 1.751848317682743 1.2
    endloop
  endfacet
  facet normal 0 0 1
    outer loop
      vertex -6.746495999395847 2.105903998017311 1.2
      vertex -6.486842878162861 1.751848317682743 1.2
      vertex -6.287568002939224 1.7608319967985153 1.2
    endloop
  endfacet
  facet normal 0 0 1
    outer loop
      vertex -6.746495999395847 2.105903998017311 1.2
      vertex -6.287568002939224 1.7608319967985153 1.2
      vertex -5.985110402107239 1.740455038845539 1.2
    endloop
  endfacet
  facet normal 0 0 1
    outer loop
      vertex -6.746495999395847 2.105903998017311 1.2
      vertex -5.985110402107239 1.740455038845539 1.2
      vertex -5.705308802425861 1.6793241575360298 1.2
    endloop
  endfacet
  facet normal 0 0 1
    outer loop
      vertex -6.746495999395847 2.105903998017311 1.2
      vertex -5.705308802425861 1.6793241575360298 1.2
      vertex -5.448163196444511 1.577439360320568 1.2
    endloop
  endfacet
  facet normal 0 0 1
    outer loop
      vertex -3.6900652796030045 1.2856127992272377 1.2
      vertex -5.448163196444511 1.577439360320568 1.2
      vertex -5.21367359906435 1.4348006397485733 1.2
    endloop
  endfacet
  facet normal 0 0 1
    outer loop
      vertex -4.821384958922863 1.036915197968483 1.2
      vertex -3.7864108830690384 1.137187197804451 1.2
      vertex -5.001840002834797 1.251408003270626 1.2
    endloop
  endfacet
  facet normal 0 0 1
    outer loop
      vertex -3.6900652796030045 1.2856127992272377 1.2
      vertex -5.21367359906435 1.4348006397485733 1.2
      vertex -5.001840002834797 1.251408003270626 1.2
    endloop
  endfacet
  facet normal 0 0 1
    outer loop
      vertex -3.6900652796030045 1.2856127992272377 1.2
      vertex -5.001840002834797 1.251408003270626 1.2
      vertex -3.7864108830690384 1.137187197804451 1.2
    endloop
  endfacet
  facet normal 0 0 1
    outer loop
      vertex -6.746495999395847 2.105903998017311 1.2
      vertex -5.448163196444511 1.577439360320568 1.2
      vertex -3.6900652796030045 1.2856127992272377 1.2
    endloop
  endfacet
  facet normal 0 0 1
    outer loop
      vertex -6.746495999395847 2.105903998017311 1.2
      vertex -3.6900652796030045 1.2856127992272377 1.2
      vertex -6.167088001966476 2.105903998017311 1.2
    endloop
  endfacet
  facet normal 0 0 1
    outer loop
      vertex -3.6900652796030045 1.2856127992272377 1.2
      vertex -5.271984003484249 3.079103998839855 1.2
      vertex -6.167088001966476 2.105903998017311 1.2
    endloop
  endfacet
  facet normal 0 0 1
    outer loop
      vertex -3.6900652796030045 1.2856127992272377 1.2
      vertex -3.5775763168931007 1.413206398487091 1.2
      vertex -5.271984003484249 3.079103998839855 1.2
    endloop
  endfacet
  facet normal 0 0 1
    outer loop
      vertex -3.5775763168931007 1.413206398487091 1.2
      vertex -3.448944002389908 1.5199680030345917 1.2
      vertex -5.271984003484249 3.079103998839855 1.2
    endloop
  endfacet
  facet normal 0 0 1
    outer loop
      vertex -3.448944002389908 1.5199680030345917 1.2
      vertex -3.29895743727684 1.6066790372133255 1.2
      vertex -5.271984003484249 3.079103998839855 1.2
    endloop
  endfacet
  facet normal 0 0 1
    outer loop
      vertex -3.29895743727684 1.6066790372133255 1.2
      vertex -3.1224057599902153 1.6741209626197815 1.2
      vertex -5.271984003484249 3.079103998839855 1.2
    endloop
  endfacet
  facet normal 0 0 1
    outer loop
      vertex -5.271984003484249 3.079103998839855 1.2
      vertex -3.1224057599902153 1.6741209626197815 1.2
      vertex -2.9192889630794525 1.7222937569022179 1.2
    endloop
  endfacet
  facet normal 0 0 1
    outer loop
      vertex -3.4929120019078255 0.043824002146720886 1.2
      vertex -3.383078396320343 0.09141311794519424 1.2
      vertex -3.9306719973683357 0.7778400033712387 1.2
    endloop
  endfacet
  facet normal 0 0 1
    outer loop
      vertex -3.383078396320343 0.09141311794519424 1.2
      vertex -3.2554079964756966 0.13652928173542023 1.2
      vertex -3.9306719973683357 0.7778400033712387 1.2
    endloop
  endfacet
  facet normal 0 0 1
    outer loop
      vertex -3.2554079964756966 0.13652928173542023 1.2
      vertex -3.1006560027599335 0.6281279996037483 1.2
      vertex -3.9306719973683357 0.7778400033712387 1.2
    endloop
  endfacet
  facet normal 0 0 1
    outer loop
      vertex -3.2554079964756966 0.13652928173542023 1.2
      vertex -3.109900802373886 0.17917247861623764 1.2
      vertex -3.1006560027599335 0.6281279996037483 1.2
    endloop
  endfacet
  facet normal 0 0 1
    outer loop
      vertex -3.1006560027599335 0.6281279996037483 1.2
      vertex -3.109900802373886 0.17917247861623764 1.2
      vertex -2.9465567991137505 0.21934272348880768 1.2
    endloop
  endfacet
  facet normal 0 0 1
    outer loop
      vertex -3.1006560027599335 0.6281279996037483 1.2
      vertex -2.9465567991137505 0.21934272348880768 1.2
      vertex -2.765376001596451 0.25704000145196915 1.2
    endloop
  endfacet
  facet normal 0 0 1
    outer loop
      vertex -3.1006560027599335 0.6281279996037483 1.2
      vertex -2.765376001596451 0.25704000145196915 1.2
      vertex -3.064723201096058 0.7186790406703949 1.2
    endloop
  endfacet
  facet normal 0 0 1
    outer loop
      vertex -3.0246239975094795 0.7976409569382668 1.2
      vertex -2.765376001596451 0.25704000145196915 1.2
      vertex -2.524636797606945 0.30456192046403885 1.2
    endloop
  endfacet
  facet normal 0 0 1
    outer loop
      vertex -2.524636797606945 0.30456192046403885 1.2
      vertex -2.3154048025608063 0.3507820814847946 1.2
      vertex -2.9319263994693756 0.9207974374294281 1.2
    endloop
  endfacet
  facet normal 0 0 1
    outer loop
      vertex -1.9914624020457268 0.43931712210178375 1.2
      vertex -1.876751996576786 0.4816320016980171 1.2
      vertex -1.876751996576786 0.572783999145031 1.2
    endloop
  endfacet
  facet normal 0 0 1
    outer loop
      vertex -3.064723201096058 0.7186790406703949 1.2
      vertex -2.765376001596451 0.25704000145196915 1.2
      vertex -3.0246239975094795 0.7976409569382668 1.2
    endloop
  endfacet
  facet normal 0 0 1
    outer loop
      vertex -3.0246239975094795 0.7976409569382668 1.2
      vertex -2.524636797606945 0.30456192046403885 1.2
      vertex -2.980358399450779 0.8650137633085251 1.2
    endloop
  endfacet
  facet normal 0 0 1
    outer loop
      vertex -2.524636797606945 0.30456192046403885 1.2
      vertex -2.9319263994693756 0.9207974374294281 1.2
      vertex -2.980358399450779 0.8650137633085251 1.2
    endloop
  endfacet
  facet normal 0 0 1
    outer loop
      vertex -2.3154048025608063 0.3507820814847946 1.2
      vertex -2.1376800015568733 0.39570047706365585 1.2
      vertex -2.9319263994693756 0.9207974374294281 1.2
    endloop
  endfacet
  facet normal 0 0 1
    outer loop
      vertex -2.1376800015568733 0.39570047706365585 1.2
      vertex -1.9914624020457268 0.43931712210178375 1.2
      vertex -2.9319263994693756 0.9207974374294281 1.2
    endloop
  endfacet
  facet normal 0 0 1
    outer loop
      vertex -1.9914624020457268 0.43931712210178375 1.2
      vertex -1.876751996576786 0.572783999145031 1.2
      vertex -2.9319263994693756 0.9207974374294281 1.2
    endloop
  endfacet
  facet normal 0 0 1
    outer loop
      vertex -1.8819609582424164 0.6721939221024513 1.2
      vertex -2.9319263994693756 0.9207974374294281 1.2
      vertex -1.876751996576786 0.572783999145031 1.2
    endloop
  endfacet
  facet normal 0 0 1
    outer loop
      vertex -1.8819609582424164 0.6721939221024513 1.2
      vertex -2.8793279975652695 0.9649920016527176 1.2
      vertex -2.9319263994693756 0.9207974374294281 1.2
    endloop
  endfacet
  facet normal 0 0 1
    outer loop
      vertex -1.8819609582424164 0.6721939221024513 1.2
      vertex -2.8203494399785995 0.9995692819356918 1.2
      vertex -2.8793279975652695 0.9649920016527176 1.2
    endloop
  endfacet
  facet normal 0 0 1
    outer loop
      vertex -1.8819609582424164 0.6721939221024513 1.2
      vertex -2.7527769580483437 1.0264627188444138 1.2
      vertex -2.8203494399785995 0.9995692819356918 1.2
    endloop
  endfacet
  facet normal 0 0 1
    outer loop
      vertex -1.8819609582424164 0.6721939221024513 1.2
      vertex -2.6766105592250824 1.045672319829464 1.2
      vertex -2.7527769580483437 1.0264627188444138 1.2
    endloop
  endfacet
  facet normal 0 0 1
    outer loop
      vertex -1.8819609582424164 0.6721939221024513 1.2
      vertex -2.5918502435088158 1.0571980774402618 1.2
      vertex -2.6766105592250824 1.045672319829464 1.2
    endloop
  endfacet
  facet normal 0 0 1
    outer loop
      vertex -1.8819609582424164 0.6721939221024513 1.2
      vertex -2.498496003448963 1.061039999127388 1.2
      vertex -2.5918502435088158 1.0571980774402618 1.2
    endloop
  endfacet
  facet normal 0 0 1
    outer loop
      vertex -1.8819609582424164 0.6721939221024513 1.2
      vertex -2.3632051199674606 1.0565472021698952 1.2
      vertex -2.498496003448963 1.061039999127388 1.2
    endloop
  endfacet
  facet normal 0 0 1
    outer loop
      vertex -1.8819609582424164 0.6721939221024513 1.2
      vertex -2.2464076802134514 1.0430687963962555 1.2
      vertex -2.3632051199674606 1.0565472021698952 1.2
    endloop
  endfacet
  facet normal 0 0 1
    outer loop
      vertex -2.2464076802134514 1.0430687963962555 1.2
      vertex -1.8975878432393074 0.7594924792647362 1.2
      vertex -2.148103676736355 1.0206047967076302 1.2
    endloop
  endfacet
  facet normal 0 0 1
    outer loop
      vertex -1.8819609582424164 0.6721939221024513 1.2
      vertex -1.8975878432393074 0.7594924792647362 1.2
      vertex -2.2464076802134514 1.0430687963962555 1.2
    endloop
  endfacet
  facet normal 0 0 1
    outer loop
      vertex -1.8975878432393074 0.7594924792647362 1.2
      vertex -1.923632636666298 0.8346796780824661 1.2
      vertex -2.148103676736355 1.0206047967076302 1.2
    endloop
  endfacet
  facet normal 0 0 1
    outer loop
      vertex -1.923632636666298 0.8346796780824661 1.2
      vertex -1.9600953608751297 0.8977555185556412 1.2
      vertex -2.0682931169867516 0.9891552031040192 1.2
    endloop
  endfacet
  facet normal 0 0 1
    outer loop
      vertex -1.923632636666298 0.8346796780824661 1.2
      vertex -2.0682931169867516 0.9891552031040192 1.2
      vertex -2.148103676736355 1.0206047967076302 1.2
    endloop
  endfacet
  facet normal 0 0 1
    outer loop
      vertex -1.9600953608751297 0.8977555185556412 1.2
      vertex -2.0069760009646416 0.9487200006842613 1.2
      vertex -2.0682931169867516 0.9891552031040192 1.2
    endloop
  endfacet
  facet normal 0 0 1
    outer loop
      vertex 1.7724480032920837 2.9977440014481544 1.2
      vertex -0.9236102402210236 -1.3980671986937523 1.2
      vertex -0.8968473598361015 -1.4883551970124245 1.2
    endloop
  endfacet
  facet normal 0 0 1
    outer loop
      vertex 1.7724480032920837 2.9977440014481544 1.2
      vertex -0.9442560002207756 -1.3102559968829155 1.2
      vertex -0.9236102402210236 -1.3980671986937523 1.2
    endloop
  endfacet
  facet normal 0 0 1
    outer loop
      vertex 1.7724480032920837 2.9977440014481544 1.2
      vertex -0.9600671976804733 -1.2140947207808495 1.2
      vertex -0.9442560002207756 -1.3102559968829155 1.2
    endloop
  endfacet
  facet normal 0 0 1
    outer loop
      vertex 1.7724480032920837 2.9977440014481544 1.2
      vertex -0.9723647981882095 -1.0987948775291443 1.2
      vertex -0.9600671976804733 -1.2140947207808495 1.2
    endloop
  endfacet
  facet normal 0 0 1
    outer loop
      vertex 1.7724480032920837 2.9977440014481544 1.2
      vertex -0.9811488017439842 -0.9643564820289612 1.2
      vertex -0.9723647981882095 -1.0987948775291443 1.2
    endloop
  endfacet
  facet normal 0 0 1
    outer loop
      vertex 1.7724480032920837 2.9977440014481544 1.2
      vertex -0.9864192008972168 -0.810779519379139 1.2
      vertex -0.9811488017439842 -0.9643564820289612 1.2
    endloop
  endfacet
  facet normal 0 0 1
    outer loop
      vertex 1.7724480032920837 2.9977440014481544 1.2
      vertex -0.9881760030984879 -0.6380639970302582 1.2
      vertex -0.9864192008972168 -0.810779519379139 1.2
    endloop
  endfacet
  facet normal 0 0 1
    outer loop
      vertex -0.9881760030984879 -0.6380639970302582 1.2
      vertex 1.7724480032920837 2.9977440014481544 1.2
      vertex -0.9783840030431747 0.42955199629068375 1.2
    endloop
  endfacet
  facet normal 0 0 1
    outer loop
      vertex -0.9832665622234344 0.6529152020812035 1.2
      vertex -0.9783840030431747 0.42955199629068375 1.2
      vertex 1.7724480032920837 2.9977440014481544 1.2
    endloop
  endfacet
  facet normal 0 0 1
    outer loop
      vertex -0.9832665622234344 0.6529152020812035 1.2
      vertex 1.7724480032920837 2.9977440014481544 1.2
      vertex -0.9979142397642136 0.846460796892643 1.2
    endloop
  endfacet
  facet normal 0 0 1
    outer loop
      vertex -0.9979142397642136 0.846460796892643 1.2
      vertex 1.7724480032920837 2.9977440014481544 1.2
      vertex -1.0223270431160927 1.010188803076744 1.2
    endloop
  endfacet
  facet normal 0 0 1
    outer loop
      vertex -1.0223270431160927 1.010188803076744 1.2
      vertex 1.7724480032920837 2.9977440014481544 1.2
      vertex -1.0565049573779106 1.144099198281765 1.2
    endloop
  endfacet
  facet normal 0 0 1
    outer loop
      vertex -1.0565049573779106 1.144099198281765 1.2
      vertex 1.7724480032920837 2.9977440014481544 1.2
      vertex -1.1004479974508286 1.2481919974088669 1.2
    endloop
  endfacet
  facet normal 0 0 1
    outer loop
      vertex -1.1004479974508286 1.2481919974088669 1.2
      vertex 1.7724480032920837 2.9977440014481544 1.2
      vertex -1.1563699170947075 1.3342502415180206 1.2
    endloop
  endfacet
  facet normal 0 0 1
    outer loop
      vertex -1.9938259199261665 1.737653762102127 1.2
      vertex 1.7724480032920837 2.9977440014481544 1.2
      vertex -2.2010956779122353 1.7550374418497086 1.2
    endloop
  endfacet
  facet normal 0 0 1
    outer loop
      vertex -1.5219840034842491 1.615967996418476 1.2
      vertex 1.7724480032920837 2.9977440014481544 1.2
      vertex -1.6542700827121735 1.6681190431118011 1.2
    endloop
  endfacet
  facet normal 0 0 1
    outer loop
      vertex -1.9938259199261665 1.737653762102127 1.2
      vertex -1.811550721526146 1.7086809575557709 1.2
      vertex 1.7724480032920837 2.9977440014481544 1.2
    endloop
  endfacet
  facet normal 0 0 1
    outer loop
      vertex -1.6542700827121735 1.6681190431118011 1.2
      vertex 1.7724480032920837 2.9977440014481544 1.2
      vertex -1.811550721526146 1.7086809575557709 1.2
    endloop
  endfacet
  facet normal 0 0 1
    outer loop
      vertex -1.3107916787266731 1.4876121580600739 1.2
      vertex -1.226484477519989 1.4140569567680359 1.2
      vertex 1.7724480032920837 2.9977440014481544 1.2
    endloop
  endfacet
  facet normal 0 0 1
    outer loop
      vertex -1.3107916787266731 1.4876121580600739 1.2
      vertex 1.7724480032920837 2.9977440014481544 1.2
      vertex -1.4092915207147598 1.554915837943554 1.2
    endloop
  endfacet
  facet normal 0 0 1
    outer loop
      vertex -1.1563699170947075 1.3342502415180206 1.2
      vertex 1.7724480032920837 2.9977440014481544 1.2
      vertex -1.226484477519989 1.4140569567680359 1.2
    endloop
  endfacet
  facet normal 0 0 1
    outer loop
      vertex -1.4092915207147598 1.554915837943554 1.2
      vertex 1.7724480032920837 2.9977440014481544 1.2
      vertex -1.5219840034842491 1.615967996418476 1.2
    endloop
  endfacet
  facet normal 0 0 1
    outer loop
      vertex -8.84630399942398 2.9977440014481544 1.2
      vertex -6.746495999395847 2.105903998017311 1.2
      vertex -6.297311998903751 3.079103998839855 1.2
    endloop
  endfacet
  facet normal 0 0 1
    outer loop
      vertex -5.271984003484249 3.079103998839855 1.2
      vertex -2.9192889630794525 1.7222937569022179 1.2
      vertex -2.6896070390939713 1.7511974424123764 1.2
    endloop
  endfacet
  facet normal 0 0 1
    outer loop
      vertex -5.271984003484249 3.079103998839855 1.2
      vertex -2.6896070390939713 1.7511974424123764 1.2
      vertex -2.4333600029349327 1.7608319967985153 1.2
    endloop
  endfacet
  facet normal 0 0 1
    outer loop
      vertex -5.271984003484249 3.079103998839855 1.2
      vertex -2.4333600029349327 1.7608319967985153 1.2
      vertex -2.2010956779122353 1.7550374418497086 1.2
    endloop
  endfacet
  facet normal 0 0 1
    outer loop
      vertex -5.271984003484249 3.079103998839855 1.2
      vertex -2.2010956779122353 1.7550374418497086 1.2
      vertex 1.7724480032920837 2.9977440014481544 1.2
    endloop
  endfacet
  facet normal 0 0 1
    outer loop
      vertex -13.85 4.35 1.2
      vertex -6.297311998903751 3.079103998839855 1.2
      vertex 13.85 4.35 1.2
    endloop
  endfacet
  facet normal 0 -1 0
    outer loop
      vertex -13.85 -4.35 1.2
      vertex 13.85 -4.35 0
      vertex 13.85 -4.35 1.2
    endloop
  endfacet
  facet normal 0.09801714032956085 -0.9951847266721969 0
    outer loop
      vertex 13.85 -4.35 0
      vertex 14.045090322016128 -4.33078528040323 0
      vertex 13.85 -4.35 1.2
    endloop
  endfacet
  facet normal 0.2902846772544611 -0.9569403357322092 0
    outer loop
      vertex 14.045090322016128 -4.33078528040323 0
      vertex 14.23268343236509 -4.273879532511287 0
      vertex 14.045090322016128 -4.33078528040323 1.2
    endloop
  endfacet
  facet normal 0.47139673682599764 -0.881921264348355 0
    outer loop
      vertex 14.23268343236509 -4.273879532511287 0
      vertex 14.405570233019603 -4.1814696123025445 0
      vertex 14.23268343236509 -4.273879532511287 1.2
    endloop
  endfacet
  facet normal 0.6343932841636445 -0.7730104533627378 0
    outer loop
      vertex 14.405570233019603 -4.1814696123025445 0
      vertex 14.557106781186548 -4.0571067811865476 0
      vertex 14.405570233019603 -4.1814696123025445 1.2
    endloop
  endfacet
  facet normal 0.7730104533627397 -0.6343932841636422 0
    outer loop
      vertex 14.557106781186548 -4.0571067811865476 0
      vertex 14.681469612302545 -3.905570233019602 0
      vertex 14.557106781186548 -4.0571067811865476 1.2
    endloop
  endfacet
  facet normal 0.8819212643483559 -0.47139673682599603 0
    outer loop
      vertex 14.681469612302545 -3.905570233019602 0
      vertex 14.773879532511286 -3.7326834323650893 0
      vertex 14.681469612302545 -3.905570233019602 1.2
    endloop
  endfacet
  facet normal 0.9569403357322077 -0.2902846772544659 0
    outer loop
      vertex 14.773879532511286 -3.7326834323650893 0
      vertex 14.83078528040323 -3.545090322016128 0
      vertex 14.773879532511286 -3.7326834323650893 1.2
    endloop
  endfacet
  facet normal 0.9951847266721969 -0.09801714032956063 0
    outer loop
      vertex 14.83078528040323 -3.545090322016128 0
      vertex 14.85 -3.3499999999999996 0
      vertex 14.83078528040323 -3.545090322016128 1.2
    endloop
  endfacet
  facet normal 0.09801714032956085 -0.9951847266721969 0
    outer loop
      vertex 14.045090322016128 -4.33078528040323 0
      vertex 14.045090322016128 -4.33078528040323 1.2
      vertex 13.85 -4.35 1.2
    endloop
  endfacet
  facet normal 0.2902846772544611 -0.9569403357322092 0
    outer loop
      vertex 14.23268343236509 -4.273879532511287 0
      vertex 14.23268343236509 -4.273879532511287 1.2
      vertex 14.045090322016128 -4.33078528040323 1.2
    endloop
  endfacet
  facet normal 0.47139673682599764 -0.881921264348355 0
    outer loop
      vertex 14.405570233019603 -4.1814696123025445 0
      vertex 14.405570233019603 -4.1814696123025445 1.2
      vertex 14.23268343236509 -4.273879532511287 1.2
    endloop
  endfacet
  facet normal 0.6343932841636445 -0.7730104533627378 0
    outer loop
      vertex 14.557106781186548 -4.0571067811865476 0
      vertex 14.557106781186548 -4.0571067811865476 1.2
      vertex 14.405570233019603 -4.1814696123025445 1.2
    endloop
  endfacet
  facet normal 0.7730104533627397 -0.6343932841636422 0
    outer loop
      vertex 14.681469612302545 -3.905570233019602 0
      vertex 14.681469612302545 -3.905570233019602 1.2
      vertex 14.557106781186548 -4.0571067811865476 1.2
    endloop
  endfacet
  facet normal 0.8819212643483559 -0.47139673682599603 0
    outer loop
      vertex 14.773879532511286 -3.7326834323650893 0
      vertex 14.773879532511286 -3.7326834323650893 1.2
      vertex 14.681469612302545 -3.905570233019602 1.2
    endloop
  endfacet
  facet normal 0.9569403357322077 -0.2902846772544659 0
    outer loop
      vertex 14.83078528040323 -3.545090322016128 0
      vertex 14.83078528040323 -3.545090322016128 1.2
      vertex 14.773879532511286 -3.7326834323650893 1.2
    endloop
  endfacet
  facet normal 0.9951847266721969 -0.09801714032956063 0
    outer loop
      vertex 14.85 -3.3499999999999996 0
      vertex 14.85 -3.3499999999999996 1.2
      vertex 14.83078528040323 -3.545090322016128 1.2
    endloop
  endfacet
  facet normal 0 0 -1
    outer loop
      vertex 13.85 -4.35 0
      vertex 13.85 4.35 0
      vertex 14.045090322016128 -4.33078528040323 0
    endloop
  endfacet
  facet normal 0 0 -1
    outer loop
      vertex 14.045090322016128 -4.33078528040323 0
      vertex 14.045090322016128 4.33078528040323 0
      vertex 14.23268343236509 -4.273879532511287 0
    endloop
  endfacet
  facet normal 0 0 -1
    outer loop
      vertex 14.23268343236509 -4.273879532511287 0
      vertex 14.23268343236509 4.273879532511287 0
      vertex 14.405570233019603 -4.1814696123025445 0
    endloop
  endfacet
  facet normal 0 0 -1
    outer loop
      vertex 14.405570233019603 -4.1814696123025445 0
      vertex 14.405570233019603 4.1814696123025445 0
      vertex 14.557106781186548 -4.0571067811865476 0
    endloop
  endfacet
  facet normal 0 0 -1
    outer loop
      vertex 14.557106781186548 -4.0571067811865476 0
      vertex 14.557106781186548 4.0571067811865476 0
      vertex 14.681469612302545 -3.905570233019602 0
    endloop
  endfacet
  facet normal 0 0 -1
    outer loop
      vertex 14.681469612302545 -3.905570233019602 0
      vertex 14.681469612302545 3.905570233019602 0
      vertex 14.773879532511286 -3.7326834323650893 0
    endloop
  endfacet
  facet normal 0 0 -1
    outer loop
      vertex 14.773879532511286 -3.7326834323650893 0
      vertex 14.773879532511286 3.7326834323650893 0
      vertex 14.83078528040323 -3.545090322016128 0
    endloop
  endfacet
  facet normal 0 0 -1
    outer loop
      vertex 14.83078528040323 -3.545090322016128 0
      vertex 14.83078528040323 3.545090322016128 0
      vertex 14.85 -3.3499999999999996 0
    endloop
  endfacet
  facet normal 1 0 0
    outer loop
      vertex 14.85 -3.3499999999999996 0
      vertex 14.85 3.3499999999999996 0
      vertex 14.85 -3.3499999999999996 1.2
    endloop
  endfacet
  facet normal 0 0 1
    outer loop
      vertex 13.85 -4.35 1.2
      vertex -5.984261758625507 -1.8315878435969353 1.2
      vertex -6.281039997935295 -1.8522239997982979 1.2
    endloop
  endfacet
  facet normal 0 0 1
    outer loop
      vertex 13.85 -4.35 1.2
      vertex -5.708442240953445 -1.7696793600916862 1.2
      vertex -5.984261758625507 -1.8315878435969353 1.2
    endloop
  endfacet
  facet normal 0 0 1
    outer loop
      vertex -3.080540157854557 -1.8406367972493172 1.2
      vertex 6.925343997776508 -3.0793439969420433 1.2
      vertex -2.8760640025138855 -1.8522239997982979 1.2
    endloop
  endfacet
  facet normal 0 0 1
    outer loop
      vertex -2.8760640025138855 -1.8522239997982979 1.2
      vertex 6.925343997776508 -3.0793439969420433 1.2
      vertex -2.7564038410782814 -1.8476678431034088 1.2
    endloop
  endfacet
  facet normal 0 0 1
    outer loop
      vertex -2.7564038410782814 -1.8476678431034088 1.2
      vertex 6.925343997776508 -3.0793439969420433 1.2
      vertex -2.6396121606230736 -1.8339993581175804 1.2
    endloop
  endfacet
  facet normal 0 0 1
    outer loop
      vertex -2.6396121606230736 -1.8339993581175804 1.2
      vertex 6.925343997776508 -3.0793439969420433 1.2
      vertex -2.525688961148262 -1.8112185597419739 1.2
    endloop
  endfacet
  facet normal 0 0 1
    outer loop
      vertex -2.525688961148262 -1.8112185597419739 1.2
      vertex 6.925343997776508 -3.0793439969420433 1.2
      vertex -1.6847039982676506 -1.7740800008177757 1.2
    endloop
  endfacet
  facet normal 0 0 1
    outer loop
      vertex -1.6847039982676506 -1.7740800008177757 1.2
      vertex 6.925343997776508 -3.0793439969420433 1.2
      vertex -0.7798559963703156 -1.7740800008177757 1.2
    endloop
  endfacet
  facet normal 0 0 1
    outer loop
      vertex -0.7798559963703156 -1.7740800008177757 1.2
      vertex 6.925343997776508 -3.0793439969420433 1.2
      vertex 1.7724480032920837 -1.7740800008177757 1.2
    endloop
  endfacet
  facet normal 0 0 1
    outer loop
      vertex 13.85 -4.35 1.2
      vertex 6.925343997776508 -3.0793439969420433 1.2
      vertex -5.708442240953445 -1.7696793600916862 1.2
    endloop
  endfacet
  facet normal 0 0 1
    outer loop
      vertex 2.6870879977941513 -1.7740800008177757 1.2
      vertex 1.7724480032920837 -1.7740800008177757 1.2
      vertex 6.925343997776508 -3.0793439969420433 1.2
    endloop
  endfacet
  facet normal 0 0 1
    outer loop
      vertex 2.6870879977941513 -1.7740800008177757 1.2
      vertex 6.925343997776508 -3.0793439969420433 1.2
      vertex 4.005359999835491 -1.7740800008177757 1.2
    endloop
  endfacet
  facet normal 0 0 1
    outer loop
      vertex 4.920000001788139 -1.7740800008177757 1.2
      vertex 4.005359999835491 -1.7740800008177757 1.2
      vertex 6.925343997776508 -3.0793439969420433 1.2
    endloop
  endfacet
  facet normal 0 0 1
    outer loop
      vertex 6.925343997776508 -2.1647040024399757 1.2
      vertex 4.920000001788139 -1.7740800008177757 1.2
      vertex 6.925343997776508 -3.0793439969420433 1.2
    endloop
  endfacet
  facet normal 0 0 1
    outer loop
      vertex 4.005359999835491 0.051983997225761414 1.2
      vertex 2.6870879977941513 -1.7740800008177757 1.2
      vertex 4.005359999835491 -1.7740800008177757 1.2
    endloop
  endfacet
  facet normal 0 0 1
    outer loop
      vertex 1.7724480032920837 2.9977440014481544 1.2
      vertex -0.8249702379107475 -1.6763615980744362 1.2
      vertex -0.7798559963703156 -1.7740800008177757 1.2
    endloop
  endfacet
  facet normal 0 0 1
    outer loop
      vertex 1.7724480032920837 2.9977440014481544 1.2
      vertex -0.8639673590660095 -1.5811199992895126 1.2
      vertex -0.8249702379107475 -1.6763615980744362 1.2
    endloop
  endfacet
  facet normal 0 0 1
    outer loop
      vertex 1.7724480032920837 2.9977440014481544 1.2
      vertex -0.8968473598361015 -1.4883551970124245 1.2
      vertex -0.8639673590660095 -1.5811199992895126 1.2
    endloop
  endfacet
  facet normal 0 0 1
    outer loop
      vertex 1.7724480032920837 2.9977440014481544 1.2
      vertex -0.7798559963703156 -1.7740800008177757 1.2
      vertex 1.7724480032920837 -1.7740800008177757 1.2
    endloop
  endfacet
  facet normal 0 0 1
    outer loop
      vertex 2.6870879977941513 -1.7740800008177757 1.2
      vertex 4.005359999835491 0.051983997225761414 1.2
      vertex 2.6870879977941513 -0.04243200272321701 1.2
    endloop
  endfacet
  facet normal 0 0 1
    outer loop
      vertex 4.920000001788139 -1.7740800008177757 1.2
      vertex 5.86099199950695 -1.0075199976563454 1.2
      vertex 5.7801388800144196 -0.8342899233102798 1.2
    endloop
  endfacet
  facet normal 0 0 1
    outer loop
      vertex 4.920000001788139 -1.7740800008177757 1.2
      vertex 6.516864001750946 -1.6373760029673576 1.2
      vertex 6.352619521319866 -1.5434304028749466 1.2
    endloop
  endfacet
  facet normal 0 0 1
    outer loop
      vertex 4.920000001788139 -1.7740800008177757 1.2
      vertex 6.925343997776508 -2.1647040024399757 1.2
      vertex 6.691134721040726 -1.7147212773561478 1.2
    endloop
  endfacet
  facet normal 0 0 1
    outer loop
      vertex 4.920000001788139 -1.7740800008177757 1.2
      vertex 6.691134721040726 -1.7147212773561478 1.2
      vertex 6.516864001750946 -1.6373760029673576 1.2
    endloop
  endfacet
  facet normal 0 0 1
    outer loop
      vertex 6.925343997776508 -2.1647040024399757 1.2
      vertex 7.050228476524353 -1.8178483173251152 1.2
      vertex 6.868922881782055 -1.7748787179589272 1.2
    endloop
  endfacet
  facet normal 0 0 1
    outer loop
      vertex 7.8399839997291565 -2.1647040024399757 1.2
      vertex 7.4233919978141785 -1.8522239997982979 1.2
      vertex 6.925343997776508 -2.1647040024399757 1.2
    endloop
  endfacet
  facet normal 0 0 1
    outer loop
      vertex 6.925343997776508 -2.1647040024399757 1.2
      vertex 7.235051520168781 -1.8436300829052925 1.2
      vertex 7.050228476524353 -1.8178483173251152 1.2
    endloop
  endfacet
  facet normal 0 0 1
    outer loop
      vertex 6.925343997776508 -2.1647040024399757 1.2
      vertex 7.4233919978141785 -1.8522239997982979 1.2
      vertex 7.235051520168781 -1.8436300829052925 1.2
    endloop
  endfacet
  facet normal 0 0 1
    outer loop
      vertex 6.925343997776508 -2.1647040024399757 1.2
      vertex 6.868922881782055 -1.7748787179589272 1.2
      vertex 6.691134721040726 -1.7147212773561478 1.2
    endloop
  endfacet
  facet normal 0 0 1
    outer loop
      vertex 4.920000001788139 -1.7740800008177757 1.2
      vertex 6.204910077154636 -1.4334720000624657 1.2
      vertex 6.073735676705837 -1.3075008019804955 1.2
    endloop
  endfacet
  facet normal 0 0 1
    outer loop
      vertex 4.920000001788139 -1.7740800008177757 1.2
      vertex 6.352619521319866 -1.5434304028749466 1.2
      vertex 6.204910077154636 -1.4334720000624657 1.2
    endloop
  endfacet
  facet normal 0 0 1
    outer loop
      vertex 4.920000001788139 -1.7740800008177757 1.2
      vertex 6.073735676705837 -1.3075008019804955 1.2
      vertex 5.959096319973469 -1.1655168011784554 1.2
    endloop
  endfacet
  facet normal 0 0 1
    outer loop
      vertex 4.920000001788139 -1.7740800008177757 1.2
      vertex 5.959096319973469 -1.1655168011784554 1.2
      vertex 5.86099199950695 -1.0075199976563454 1.2
    endloop
  endfacet
  facet normal 0 0 1
    outer loop
      vertex 4.920000001788139 -1.7740800008177757 1.2
      vertex 5.7801388800144196 -0.8342899233102798 1.2
      vertex 5.717253118753433 -0.6466060802340508 1.2
    endloop
  endfacet
  facet normal 0 0 1
    outer loop
      vertex 4.920000001788139 -1.7740800008177757 1.2
      vertex 5.717253118753433 -0.6466060802340508 1.2
      vertex 5.672334723174572 -0.4444684833288193 1.2
    endloop
  endfacet
  facet normal 0 0 1
    outer loop
      vertex 4.920000001788139 -1.7740800008177757 1.2
      vertex 5.672334723174572 -0.4444684833288193 1.2
      vertex 4.920000001788139 0.2537759989500046 1.2
    endloop
  endfacet
  facet normal 0 0 1
    outer loop
      vertex 5.672334723174572 -0.4444684833288193 1.2
      vertex 5.645383678376675 -0.22787711769342422 1.2
      vertex 4.920000001788139 0.2537759989500046 1.2
    endloop
  endfacet
  facet normal 0 0 1
    outer loop
      vertex 7.031495042145252 -1.008357122540474 1.2
      vertex 8.175853438675404 -0.5750668793916702 1.2
      vertex 6.9201753586530685 -0.9318028762936592 1.2
    endloop
  endfacet
  facet normal 0 0 1
    outer loop
      vertex 6.9201753586530685 -0.9318028762936592 1.2
      vertex 8.175853438675404 -0.5750668793916702 1.2
      vertex 6.817968003451824 -0.8333759978413582 1.2
    endloop
  endfacet
  facet normal 0 0 1
    outer loop
      vertex 6.817968003451824 -0.8333759978413582 1.2
      vertex 8.175853438675404 -0.5750668793916702 1.2
      vertex 6.730081923305988 -0.7143782377243042 1.2
    endloop
  endfacet
  facet normal 0 0 1
    outer loop
      vertex 6.730081923305988 -0.7143782377243042 1.2
      vertex 8.175853438675404 -0.5750668793916702 1.2
      vertex 6.661726079881191 -0.5761113613843918 1.2
    endloop
  endfacet
  facet normal 0 0 1
    outer loop
      vertex 6.661726079881191 -0.5761113613843918 1.2
      vertex 8.224352642893791 -0.41622527688741684 1.2
      vertex 6.612900480628014 -0.41857536137104034 1.2
    endloop
  endfacet
  facet normal 0 0 1
    outer loop
      vertex 6.612900480628014 -0.41857536137104034 1.2
      vertex 8.224352642893791 -0.41622527688741684 1.2
      vertex 6.583605118095875 -0.24177023768424988 1.2
    endloop
  endfacet
  facet normal 0 0 1
    outer loop
      vertex 6.583605118095875 -0.24177023768424988 1.2
      vertex 8.25345215946436 -0.23759231716394424 1.2
      vertex 6.573839999735355 -0.04569599777460098 1.2
    endloop
  endfacet
  facet normal 0 0 1
    outer loop
      vertex 13.85 -4.35 1.2
      vertex 7.8399839997291565 -3.0793439969420433 1.2
      vertex 6.925343997776508 -3.0793439969420433 1.2
    endloop
  endfacet
  facet normal 0 0 1
    outer loop
      vertex 7.8399839997291565 -3.0793439969420433 1.2
      vertex 10.361861757934093 -1.5460070371627808 1.2
      vertex 7.8399839997291565 -2.1647040024399757 1.2
    endloop
  endfacet
  facet normal 0 0 1
    outer loop
      vertex 13.85 -4.35 1.2
      vertex 11.378448002040386 -1.8522239997982979 1.2
      vertex 7.8399839997291565 -3.0793439969420433 1.2
    endloop
  endfacet
  facet normal 0 0 1
    outer loop
      vertex 7.8399839997291565 -3.0793439969420433 1.2
      vertex 10.82094144076109 -1.7756697610020638 1.2
      vertex 10.579098239541054 -1.679976962506771 1.2
    endloop
  endfacet
  facet normal 0 0 1
    outer loop
      vertex 7.8399839997291565 -3.0793439969420433 1.2
      vertex 11.0873913615942 -1.8330854400992393 1.2
      vertex 10.82094144076109 -1.7756697610020638 1.2
    endloop
  endfacet
  facet normal 0 0 1
    outer loop
      vertex 7.8399839997291565 -3.0793439969420433 1.2
      vertex 11.378448002040386 -1.8522239997982979 1.2
      vertex 11.0873913615942 -1.8330854400992393 1.2
    endloop
  endfacet
  facet normal 0 0 1
    outer loop
      vertex 13.85 -4.35 1.2
      vertex 11.634558722376823 -1.8395942375063896 1.2
      vertex 11.378448002040386 -1.8522239997982979 1.2
    endloop
  endfacet
  facet normal 0 0 1
    outer loop
      vertex 13.85 -4.35 1.2
      vertex 11.869054079055786 -1.8017049580812454 1.2
      vertex 11.634558722376823 -1.8395942375063896 1.2
    endloop
  endfacet
  facet normal 0 0 1
    outer loop
      vertex 13.85 -4.35 1.2
      vertex 12.081934079527855 -1.7385561615228653 1.2
      vertex 11.869054079055786 -1.8017049580812454 1.2
    endloop
  endfacet
  facet normal 0 0 1
    outer loop
      vertex 13.85 -4.35 1.2
      vertex 12.27319871634245 -1.6501478403806686 1.2
      vertex 12.081934079527855 -1.7385561615228653 1.2
    endloop
  endfacet
  facet normal 0 0 1
    outer loop
      vertex 13.85 -4.35 1.2
      vertex 12.44284799695015 -1.536480002105236 1.2
      vertex 12.27319871634245 -1.6501478403806686 1.2
    endloop
  endfacet
  facet normal 0 0 1
    outer loop
      vertex 13.85 -4.35 1.2
      vertex 12.591404162347317 -1.3980729579925537 1.2
      vertex 12.44284799695015 -1.536480002105236 1.2
    endloop
  endfacet
  facet normal 0 0 1
    outer loop
      vertex 13.85 -4.35 1.2
      vertex 12.71938943862915 -1.2354470416903496 1.2
      vertex 12.591404162347317 -1.3980729579925537 1.2
    endloop
  endfacet
  facet normal 0 0 1
    outer loop
      vertex 13.85 -4.35 1.2
      vertex 12.826803840696812 -1.0486022382974625 1.2
      vertex 12.71938943862915 -1.2354470416903496 1.2
    endloop
  endfacet
  facet normal 0 0 1
    outer loop
      vertex 7.8399839997291565 -2.1647040024399757 1.2
      vertex 7.720170237123966 -1.8315878435969353 1.2
      vertex 7.4233919978141785 -1.8522239997982979 1.2
    endloop
  endfacet
  facet normal 0 0 1
    outer loop
      vertex 7.8399839997291565 -2.1647040024399757 1.2
      vertex 7.995989762246609 -1.7696793600916862 1.2
      vertex 7.720170237123966 -1.8315878435969353 1.2
    endloop
  endfacet
  facet normal 0 0 1
    outer loop
      vertex 7.8399839997291565 -2.1647040024399757 1.2
      vertex 8.250850558280945 -1.6664985567331314 1.2
      vertex 7.995989762246609 -1.7696793600916862 1.2
    endloop
  endfacet
  facet normal 0 0 1
    outer loop
      vertex 7.8399839997291565 -2.1647040024399757 1.2
      vertex 8.484752640128136 -1.5220454409718513 1.2
      vertex 8.250850558280945 -1.6664985567331314 1.2
    endloop
  endfacet
  facet normal 0 0 1
    outer loop
      vertex 7.8399839997291565 -2.1647040024399757 1.2
      vertex 10.361861757934093 -1.5460070371627808 1.2
      vertex 8.484752640128136 -1.5220454409718513 1.2
    endloop
  endfacet
  facet normal 0 0 1
    outer loop
      vertex 8.484752640128136 -1.5220454409718513 1.2
      vertex 10.169232003390789 -1.373759999871254 1.2
      vertex 8.6976960003376 -1.3363199979066849 1.2
    endloop
  endfacet
  facet normal 0 0 1
    outer loop
      vertex 8.6976960003376 -1.3363199979066849 1.2
      vertex 10.006938241422176 -1.167642243206501 1.2
      vertex 8.879913598299026 -1.1191987171769142 1.2
    endloop
  endfacet
  facet normal 0 0 1
    outer loop
      vertex 7.8399839997291565 -3.0793439969420433 1.2
      vertex 10.579098239541054 -1.679976962506771 1.2
      vertex 10.361861757934093 -1.5460070371627808 1.2
    endloop
  endfacet
  facet normal 0 0 1
    outer loop
      vertex 8.484752640128136 -1.5220454409718513 1.2
      vertex 10.361861757934093 -1.5460070371627808 1.2
      vertex 10.169232003390789 -1.373759999871254 1.2
    endloop
  endfacet
  facet normal 0 0 1
    outer loop
      vertex 8.6976960003376 -1.3363199979066849 1.2
      vertex 10.169232003390789 -1.373759999871254 1.2
      vertex 10.006938241422176 -1.167642243206501 1.2
    endloop
  endfacet
  facet normal 0 0 1
    outer loop
      vertex 7.4201280027627945 -1.106784000992775 1.2
      vertex 7.5587193593382835 -1.0958476811647415 1.2
      vertex 7.919036157429218 -0.9318028762936592 1.2
    endloop
  endfacet
  facet normal 0 0 1
    outer loop
      vertex 7.5587193593382835 -1.0958476811647415 1.2
      vertex 7.688067838549614 -1.0630387216806412 1.2
      vertex 7.808173440396786 -1.008357122540474 1.2
    endloop
  endfacet
  facet normal 0 0 1
    outer loop
      vertex 7.5587193593382835 -1.0958476811647415 1.2
      vertex 7.808173440396786 -1.008357122540474 1.2
      vertex 7.919036157429218 -0.9318028762936592 1.2
    endloop
  endfacet
  facet normal 0 0 1
    outer loop
      vertex 7.4201280027627945 -1.106784000992775 1.2
      vertex 7.919036157429218 -0.9318028762936592 1.2
      vertex 8.020655997097492 -0.8333759978413582 1.2
    endloop
  endfacet
  facet normal 0 0 1
    outer loop
      vertex 7.151927039027214 -1.0630387216806412 1.2
      vertex 7.281471356749535 -1.0958476811647415 1.2
      vertex 8.175853438675404 -0.5750668793916702 1.2
    endloop
  endfacet
  facet normal 0 0 1
    outer loop
      vertex 7.281471356749535 -1.0958476811647415 1.2
      vertex 7.4201280027627945 -1.106784000992775 1.2
      vertex 8.175853438675404 -0.5750668793916702 1.2
    endloop
  endfacet
  facet normal 0 0 1
    outer loop
      vertex 7.151927039027214 -1.0630387216806412 1.2
      vertex 8.175853438675404 -0.5750668793916702 1.2
      vertex 7.031495042145252 -1.008357122540474 1.2
    endloop
  endfacet
  facet normal 0 0 1
    outer loop
      vertex 7.4201280027627945 -1.106784000992775 1.2
      vertex 8.020655997097492 -0.8333759978413582 1.2
      vertex 8.107954561710358 -0.7141171172261238 1.2
    endloop
  endfacet
  facet normal 0 0 1
    outer loop
      vertex 7.4201280027627945 -1.106784000992775 1.2
      vertex 8.107954561710358 -0.7141171172261238 1.2
      vertex 8.175853438675404 -0.5750668793916702 1.2
    endloop
  endfacet
  facet normal 0 0 1
    outer loop
      vertex 8.879913598299026 -1.1191987171769142 1.2
      vertex 9.880709759891033 -0.9320985600352287 1.2
      vertex 9.02163840085268 -0.8805964812636375 1.2
    endloop
  endfacet
  facet normal 0 0 1
    outer loop
      vertex 6.661726079881191 -0.5761113613843918 1.2
      vertex 8.175853438675404 -0.5750668793916702 1.2
      vertex 8.224352642893791 -0.41622527688741684 1.2
    endloop
  endfacet
  facet normal 0 0 1
    outer loop
      vertex 6.583605118095875 -0.24177023768424988 1.2
      vertex 8.224352642893791 -0.41622527688741684 1.2
      vertex 8.25345215946436 -0.23759231716394424 1.2
    endloop
  endfacet
  facet normal 0 0 1
    outer loop
      vertex 6.573839999735355 -0.04569599777460098 1.2
      vertex 8.25345215946436 -0.23759231716394424 1.2
      vertex 8.263152003288269 -0.03916800022125244 1.2
    endloop
  endfacet
  facet normal 0 0 1
    outer loop
      vertex 8.879913598299026 -1.1191987171769142 1.2
      vertex 10.006938241422176 -1.167642243206501 1.2
      vertex 9.880709759891033 -0.9320985600352287 1.2
    endloop
  endfacet
  facet normal 0 0 1
    outer loop
      vertex 9.02163840085268 -0.8805964812636375 1.2
      vertex 9.880709759891033 -0.9320985600352287 1.2
      vertex 9.79054655879736 -0.6671289578080177 1.2
    endloop
  endfacet
  facet normal 0 0 1
    outer loop
      vertex 9.02163840085268 -0.8805964812636375 1.2
      vertex 9.79054655879736 -0.6671289578080177 1.2
      vertex 9.122870400547981 -0.6205132827162743 1.2
    endloop
  endfacet
  facet normal 0 0 1
    outer loop
      vertex 9.122870400547981 -0.6205132827162743 1.2
      vertex 9.79054655879736 -0.6671289578080177 1.2
      vertex 9.736448638141155 -0.372733436524868 1.2
    endloop
  endfacet
  facet normal 0 0 1
    outer loop
      vertex 11.164809599518776 -1.0661644786596298 1.2
      vertex 11.287132799625397 -1.0966291204094887 1.2
      vertex 10.791400320827961 -0.7369094416499138 1.2
    endloop
  endfacet
  facet normal 0 0 1
    outer loop
      vertex 10.954147197306156 -0.944305919110775 1.2
      vertex 10.791400320827961 -0.7369094416499138 1.2
      vertex 10.865808002650738 -0.852912001311779 1.2
    endloop
  endfacet
  facet normal 0 0 1
    outer loop
      vertex 11.164809599518776 -1.0661644786596298 1.2
      vertex 10.791400320827961 -0.7369094416499138 1.2
      vertex 11.05381440371275 -1.015390083193779 1.2
    endloop
  endfacet
  facet normal 0 0 1
    outer loop
      vertex 11.05381440371275 -1.015390083193779 1.2
      vertex 10.791400320827961 -0.7369094416499138 1.2
      vertex 10.954147197306156 -0.944305919110775 1.2
    endloop
  endfacet
  facet normal 0 0 1
    outer loop
      vertex 11.287132799625397 -1.0966291204094887 1.2
      vertex 10.733527682721615 -0.5919993594288826 1.2
      vertex 10.791400320827961 -0.7369094416499138 1.2
    endloop
  endfacet
  facet normal 0 0 1
    outer loop
      vertex 11.521167360246181 -1.1008607968688011 1.2
      vertex 10.692190080881119 -0.41818176209926605 1.2
      vertex 10.733527682721615 -0.5919993594288826 1.2
    endloop
  endfacet
  facet normal 0 0 1
    outer loop
      vertex 9.122870400547981 -0.6205132827162743 1.2
      vertex 9.736448638141155 -0.372733436524868 1.2
      vertex 9.18360959738493 -0.33894912153482437 1.2
    endloop
  endfacet
  facet normal 0 0 1
    outer loop
      vertex 9.18360959738493 -0.33894912153482437 1.2
      vertex 9.71841599792242 -0.04891200363636017 1.2
      vertex 9.203855998814106 -0.03590399771928787 1.2
    endloop
  endfacet
  facet normal 0 0 1
    outer loop
      vertex 9.18360959738493 -0.33894912153482437 1.2
      vertex 9.736448638141155 -0.372733436524868 1.2
      vertex 9.71841599792242 -0.04891200363636017 1.2
    endloop
  endfacet
  facet normal 0 0 1
    outer loop
      vertex 10.667387522757053 -0.21545664221048355 1.2
      vertex 12.081551998853683 -0.4492800012230873 1.2
      vertex 10.659120000898838 0.016176000237464905 1.2
    endloop
  endfacet
  facet normal 0 0 1
    outer loop
      vertex 12.081551998853683 -0.4492800012230873 1.2
      vertex 10.667256958782673 0.22481855750083923 1.2
      vertex 10.659120000898838 0.016176000237464905 1.2
    endloop
  endfacet
  facet normal 0 0 1
    outer loop
      vertex 13.85 -4.35 1.2
      vertex 12.91364736109972 -0.8375385627150536 1.2
      vertex 12.826803840696812 -1.0486022382974625 1.2
    endloop
  endfacet
  facet normal 0 0 1
    outer loop
      vertex 13.85 -4.35 1.2
      vertex 12.979919999837875 -0.6022560000419617 1.2
      vertex 12.91364736109972 -0.8375385627150536 1.2
    endloop
  endfacet
  facet normal 0 0 1
    outer loop
      vertex 13.85 -4.35 1.2
      vertex 14.045090322016128 -4.33078528040323 1.2
      vertex 13.85 4.35 1.2
    endloop
  endfacet
  facet normal 0 0 1
    outer loop
      vertex 14.045090322016128 -4.33078528040323 1.2
      vertex 14.23268343236509 -4.273879532511287 1.2
      vertex 14.045090322016128 4.33078528040323 1.2
    endloop
  endfacet
  facet normal 0 0 1
    outer loop
      vertex 14.23268343236509 -4.273879532511287 1.2
      vertex 14.405570233019603 -4.1814696123025445 1.2
      vertex 14.23268343236509 4.273879532511287 1.2
    endloop
  endfacet
  facet normal 0 0 1
    outer loop
      vertex 14.405570233019603 -4.1814696123025445 1.2
      vertex 14.557106781186548 -4.0571067811865476 1.2
      vertex 14.405570233019603 4.1814696123025445 1.2
    endloop
  endfacet
  facet normal 0 0 1
    outer loop
      vertex 14.557106781186548 -4.0571067811865476 1.2
      vertex 14.681469612302545 -3.905570233019602 1.2
      vertex 14.557106781186548 4.0571067811865476 1.2
    endloop
  endfacet
  facet normal 0 0 1
    outer loop
      vertex 14.681469612302545 -3.905570233019602 1.2
      vertex 14.773879532511286 -3.7326834323650893 1.2
      vertex 14.681469612302545 3.905570233019602 1.2
    endloop
  endfacet
  facet normal 0 0 1
    outer loop
      vertex 14.773879532511286 -3.7326834323650893 1.2
      vertex 14.83078528040323 -3.545090322016128 1.2
      vertex 14.773879532511286 3.7326834323650893 1.2
    endloop
  endfacet
  facet normal 0 0 1
    outer loop
      vertex 14.83078528040323 -3.545090322016128 1.2
      vertex 14.85 -3.3499999999999996 1.2
      vertex 14.83078528040323 3.545090322016128 1.2
    endloop
  endfacet
  facet normal 0 0 1
    outer loop
      vertex 11.287132799625397 -1.0966291204094887 1.2
      vertex 11.420783996582031 -1.106784000992775 1.2
      vertex 10.733527682721615 -0.5919993594288826 1.2
    endloop
  endfacet
  facet normal 0 0 1
    outer loop
      vertex 11.420783996582031 -1.106784000992775 1.2
      vertex 11.521167360246181 -1.1008607968688011 1.2
      vertex 10.733527682721615 -0.5919993594288826 1.2
    endloop
  endfacet
  facet normal 0 0 1
    outer loop
      vertex 11.521167360246181 -1.1008607968688011 1.2
      vertex 11.61399743705988 -1.0830911993980408 1.2
      vertex 10.692190080881119 -0.41818176209926605 1.2
    endloop
  endfacet
  facet normal 0 0 1
    outer loop
      vertex 11.61399743705988 -1.0830911993980408 1.2
      vertex 11.699274241924286 -1.0534752011299133 1.2
      vertex 10.692190080881119 -0.41818176209926605 1.2
    endloop
  endfacet
  facet normal 0 0 1
    outer loop
      vertex 11.699274241924286 -1.0534752011299133 1.2
      vertex 11.77699775993824 -1.0120128020644188 1.2
      vertex 10.692190080881119 -0.41818176209926605 1.2
    endloop
  endfacet
  facet normal 0 0 1
    outer loop
      vertex 11.77699775993824 -1.0120128020644188 1.2
      vertex 11.847167998552322 -0.9587040022015572 1.2
      vertex 10.692190080881119 -0.41818176209926605 1.2
    endloop
  endfacet
  facet normal 0 0 1
    outer loop
      vertex 11.847167998552322 -0.9587040022015572 1.2
      vertex 11.909673601388931 -0.8909260779619217 1.2
      vertex 10.692190080881119 -0.41818176209926605 1.2
    endloop
  endfacet
  facet normal 0 0 1
    outer loop
      vertex 11.909673601388931 -0.8909260779619217 1.2
      vertex 11.964364796876907 -0.8060947209596634 1.2
      vertex 10.692190080881119 -0.41818176209926605 1.2
    endloop
  endfacet
  facet normal 0 0 1
    outer loop
      vertex 10.692190080881119 -0.41818176209926605 1.2
      vertex 11.964364796876907 -0.8060947209596634 1.2
      vertex 12.011241599917412 -0.7042099162936211 1.2
    endloop
  endfacet
  facet normal 0 0 1
    outer loop
      vertex 10.692190080881119 -0.41818176209926605 1.2
      vertex 12.011241599917412 -0.7042099162936211 1.2
      vertex 12.050304003059864 -0.5852716788649559 1.2
    endloop
  endfacet
  facet normal 0 0 1
    outer loop
      vertex 10.692190080881119 -0.41818176209926605 1.2
      vertex 12.081551998853683 -0.4492800012230873 1.2
      vertex 10.667387522757053 -0.21545664221048355 1.2
    endloop
  endfacet
  facet normal 0 0 1
    outer loop
      vertex 10.692190080881119 -0.41818176209926605 1.2
      vertex 12.050304003059864 -0.5852716788649559 1.2
      vertex 12.081551998853683 -0.4492800012230873 1.2
    endloop
  endfacet
  facet normal 0 0 1
    outer loop
      vertex 12.979919999837875 -0.6022560000419617 1.2
      vertex 12.934367999434471 0.6606720015406609 1.2
      vertex 12.081551998853683 -0.4492800012230873 1.2
    endloop
  endfacet
  facet normal 0 0 1
    outer loop
      vertex 13.85 -4.35 1.2
      vertex 13.85 4.35 1.2
      vertex 12.979919999837875 -0.6022560000419617 1.2
    endloop
  endfacet
  facet normal 0 0 -1
    outer loop
      vertex -13.85 4.35 0
      vertex 13.85 4.35 0
      vertex 13.85 -4.35 0
    endloop
  endfacet
  facet normal 0 1 0
    outer loop
      vertex -13.85 4.35 0
      vertex 13.85 4.35 1.2
      vertex 13.85 4.35 0
    endloop
  endfacet
  facet normal 0 0 -1
    outer loop
      vertex 14.85 -3.3499999999999996 0
      vertex 14.83078528040323 3.545090322016128 0
      vertex 14.85 3.3499999999999996 0
    endloop
  endfacet
  facet normal 0 0 -1
    outer loop
      vertex 14.83078528040323 -3.545090322016128 0
      vertex 14.773879532511286 3.7326834323650893 0
      vertex 14.83078528040323 3.545090322016128 0
    endloop
  endfacet
  facet normal 0 0 -1
    outer loop
      vertex 14.681469612302545 -3.905570233019602 0
      vertex 14.557106781186548 4.0571067811865476 0
      vertex 14.681469612302545 3.905570233019602 0
    endloop
  endfacet
  facet normal 0 0 -1
    outer loop
      vertex 14.773879532511286 -3.7326834323650893 0
      vertex 14.681469612302545 3.905570233019602 0
      vertex 14.773879532511286 3.7326834323650893 0
    endloop
  endfacet
  facet normal 0 0 -1
    outer loop
      vertex 14.045090322016128 -4.33078528040323 0
      vertex 13.85 4.35 0
      vertex 14.045090322016128 4.33078528040323 0
    endloop
  endfacet
  facet normal 0 0 -1
    outer loop
      vertex 14.405570233019603 -4.1814696123025445 0
      vertex 14.23268343236509 4.273879532511287 0
      vertex 14.405570233019603 4.1814696123025445 0
    endloop
  endfacet
  facet normal 0 0 -1
    outer loop
      vertex 14.23268343236509 -4.273879532511287 0
      vertex 14.045090322016128 4.33078528040323 0
      vertex 14.23268343236509 4.273879532511287 0
    endloop
  endfacet
  facet normal 0 0 -1
    outer loop
      vertex 14.557106781186548 -4.0571067811865476 0
      vertex 14.405570233019603 4.1814696123025445 0
      vertex 14.557106781186548 4.0571067811865476 0
    endloop
  endfacet
  facet normal 1 0 0
    outer loop
      vertex 14.85 -3.3499999999999996 1.2
      vertex 14.85 3.3499999999999996 0
      vertex 14.85 3.3499999999999996 1.2
    endloop
  endfacet
  facet normal 0.9951847266721969 0.09801714032956063 0
    outer loop
      vertex 14.85 3.3499999999999996 0
      vertex 14.83078528040323 3.545090322016128 0
      vertex 14.85 3.3499999999999996 1.2
    endloop
  endfacet
  facet normal 0.9569403357322077 0.2902846772544659 0
    outer loop
      vertex 14.83078528040323 3.545090322016128 0
      vertex 14.773879532511286 3.7326834323650893 0
      vertex 14.83078528040323 3.545090322016128 1.2
    endloop
  endfacet
  facet normal 0.8819212643483559 0.47139673682599603 0
    outer loop
      vertex 14.773879532511286 3.7326834323650893 0
      vertex 14.681469612302545 3.905570233019602 0
      vertex 14.773879532511286 3.7326834323650893 1.2
    endloop
  endfacet
  facet normal 0.7730104533627397 0.6343932841636422 0
    outer loop
      vertex 14.681469612302545 3.905570233019602 0
      vertex 14.557106781186548 4.0571067811865476 0
      vertex 14.681469612302545 3.905570233019602 1.2
    endloop
  endfacet
  facet normal 0.47139673682599764 0.881921264348355 -3.7171829289897885e-18
    outer loop
      vertex 14.23268343236509 4.273879532511287 0
      vertex 14.405570233019603 4.1814696123025445 1.2
      vertex 14.405570233019603 4.1814696123025445 0
    endloop
  endfacet
  facet normal 0.09801714032956085 0.9951847266721969 -6.116316224030831e-19
    outer loop
      vertex 13.85 4.35 0
      vertex 14.045090322016128 4.33078528040323 1.2
      vertex 14.045090322016128 4.33078528040323 0
    endloop
  endfacet
  facet normal 0.2902846772544611 0.9569403357322092 -3.594634866415353e-18
    outer loop
      vertex 14.045090322016128 4.33078528040323 0
      vertex 14.23268343236509 4.273879532511287 1.2
      vertex 14.23268343236509 4.273879532511287 0
    endloop
  endfacet
  facet normal 0.6343932841636445 0.7730104533627378 0
    outer loop
      vertex 14.557106781186548 4.0571067811865476 0
      vertex 14.405570233019603 4.1814696123025445 0
      vertex 14.557106781186548 4.0571067811865476 1.2
    endloop
  endfacet
  facet normal 0.9951847266721969 0.09801714032956063 0
    outer loop
      vertex 14.83078528040323 3.545090322016128 0
      vertex 14.83078528040323 3.545090322016128 1.2
      vertex 14.85 3.3499999999999996 1.2
    endloop
  endfacet
  facet normal 0.9569403357322077 0.2902846772544659 0
    outer loop
      vertex 14.773879532511286 3.7326834323650893 0
      vertex 14.773879532511286 3.7326834323650893 1.2
      vertex 14.83078528040323 3.545090322016128 1.2
    endloop
  endfacet
  facet normal 0.09801714032956085 0.9951847266721969 0
    outer loop
      vertex 13.85 4.35 0
      vertex 13.85 4.35 1.2
      vertex 14.045090322016128 4.33078528040323 1.2
    endloop
  endfacet
  facet normal 0.8819212643483559 0.47139673682599603 0
    outer loop
      vertex 14.681469612302545 3.905570233019602 0
      vertex 14.681469612302545 3.905570233019602 1.2
      vertex 14.773879532511286 3.7326834323650893 1.2
    endloop
  endfacet
  facet normal 0.7730104533627397 0.6343932841636422 0
    outer loop
      vertex 14.557106781186548 4.0571067811865476 0
      vertex 14.557106781186548 4.0571067811865476 1.2
      vertex 14.681469612302545 3.905570233019602 1.2
    endloop
  endfacet
  facet normal 0.2902846772544611 0.9569403357322092 0
    outer loop
      vertex 14.045090322016128 4.33078528040323 0
      vertex 14.045090322016128 4.33078528040323 1.2
      vertex 14.23268343236509 4.273879532511287 1.2
    endloop
  endfacet
  facet normal 0.47139673682599764 0.881921264348355 0
    outer loop
      vertex 14.23268343236509 4.273879532511287 0
      vertex 14.23268343236509 4.273879532511287 1.2
      vertex 14.405570233019603 4.1814696123025445 1.2
    endloop
  endfacet
  facet normal 0.6343932841636445 0.7730104533627378 0
    outer loop
      vertex 14.405570233019603 4.1814696123025445 0
      vertex 14.405570233019603 4.1814696123025445 1.2
      vertex 14.557106781186548 4.0571067811865476 1.2
    endloop
  endfacet
  facet normal 0 0 1
    outer loop
      vertex 2.6870879977941513 -0.04243200272321701 1.2
      vertex 4.005359999835491 0.051983997225761414 1.2
      vertex 2.6904076784849167 0.12350975722074509 1.2
    endloop
  endfacet
  facet normal 0 0 1
    outer loop
      vertex 2.700366720557213 0.27239423990249634 1.2
      vertex 2.6904076784849167 0.12350975722074509 1.2
      vertex 4.005359999835491 0.051983997225761414 1.2
    endloop
  endfacet
  facet normal 0 0 1
    outer loop
      vertex 2.700366720557213 0.27239423990249634 1.2
      vertex 4.005359999835491 0.051983997225761414 1.2
      vertex 4.00327680259943 0.2535379230976105 1.2
    endloop
  endfacet
  facet normal 0 0 1
    outer loop
      vertex 2.700366720557213 0.27239423990249634 1.2
      vertex 4.00327680259943 0.2535379230976105 1.2
      vertex 2.716965116560459 0.40422143787145615 1.2
    endloop
  endfacet
  facet normal 0 0 1
    outer loop
      vertex 2.716965116560459 0.40422143787145615 1.2
      vertex 4.00327680259943 0.2535379230976105 1.2
      vertex 2.740202881395817 0.5189913585782051 1.2
    endloop
  endfacet
  facet normal 0 0 1
    outer loop
      vertex 2.740202881395817 0.5189913585782051 1.2
      vertex 4.00327680259943 0.2535379230976105 1.2
      vertex 2.7700800001621246 0.6167040020227432 1.2
    endloop
  endfacet
  facet normal 0 0 1
    outer loop
      vertex 2.7700800001621246 0.6167040020227432 1.2
      vertex 4.00327680259943 0.2535379230976105 1.2
      vertex 2.807118721306324 0.7013971209526062 1.2
    endloop
  endfacet
  facet normal 0 0 1
    outer loop
      vertex 2.807118721306324 0.7013971209526062 1.2
      vertex 4.00327680259943 0.2535379230976105 1.2
      vertex 2.851841278374195 0.7771084830164909 1.2
    endloop
  endfacet
  facet normal 0 0 1
    outer loop
      vertex 2.851841278374195 0.7771084830164909 1.2
      vertex 4.00327680259943 0.2535379230976105 1.2
      vertex 2.9042476788163185 0.8438380807638168 1.2
    endloop
  endfacet
  facet normal 0 0 1
    outer loop
      vertex 2.9042476788163185 0.8438380807638168 1.2
      vertex 4.00327680259943 0.2535379230976105 1.2
      vertex 2.9643379226326942 0.9015859216451645 1.2
    endloop
  endfacet
  facet normal 0 0 1
    outer loop
      vertex 2.9643379226326942 0.9015859216451645 1.2
      vertex 4.00327680259943 0.2535379230976105 1.2
      vertex 3.0321120023727417 0.9503519982099533 1.2
    endloop
  endfacet
  facet normal 0 0 1
    outer loop
      vertex 3.0321120023727417 0.9503519982099533 1.2
      vertex 4.00327680259943 0.2535379230976105 1.2
      vertex 3.105680637061596 0.9901996776461601 1.2
    endloop
  endfacet
  facet normal 0 0 1
    outer loop
      vertex 3.105680637061596 0.9901996776461601 1.2
      vertex 4.00327680259943 0.2535379230976105 1.2
      vertex 3.183154560625553 1.0211923196911812 1.2
    endloop
  endfacet
  facet normal 0 0 1
    outer loop
      vertex 3.183154560625553 1.0211923196911812 1.2
      vertex 3.997027203440666 0.4233196824789047 1.2
      vertex 3.264533758163452 1.0433299168944359 1.2
    endloop
  endfacet
  facet normal 0 0 1
    outer loop
      vertex 3.264533758163452 1.0433299168944359 1.2
      vertex 3.997027203440666 0.4233196824789047 1.2
      vertex 3.3498182371258736 1.0566124767065048 1.2
    endloop
  endfacet
  facet normal 0 0 1
    outer loop
      vertex 3.3498182371258736 1.0566124767065048 1.2
      vertex 3.997027203440666 0.4233196824789047 1.2
      vertex 3.4390079975128174 1.061039999127388 1.2
    endloop
  endfacet
  facet normal 0 0 1
    outer loop
      vertex 3.997027203440666 0.4233196824789047 1.2
      vertex 3.515750400722027 1.0575897619128227 1.2
      vertex 3.4390079975128174 1.061039999127388 1.2
    endloop
  endfacet
  facet normal 0 0 1
    outer loop
      vertex 3.9866112023591995 0.5613292828202248 1.2
      vertex 3.5871552005410194 1.0472390428185463 1.2
      vertex 3.515750400722027 1.0575897619128227 1.2
    endloop
  endfacet
  facet normal 0 0 1
    outer loop
      vertex 2.6870879977941513 1.2432959973812103 1.2
      vertex 2.8710528016090393 1.4296089634299278 1.2
      vertex 2.6870879977941513 2.9977440014481544 1.2
    endloop
  endfacet
  facet normal 0 0 1
    outer loop
      vertex 2.8710528016090393 1.4296089634299278 1.2
      vertex 3.0688223987817764 1.5745190382003784 1.2
      vertex 2.6870879977941513 2.9977440014481544 1.2
    endloop
  endfacet
  facet normal 0 0 1
    outer loop
      vertex 3.0688223987817764 1.5745190382003784 1.2
      vertex 3.2803967967629433 1.6780262365937233 1.2
      vertex 2.6870879977941513 2.9977440014481544 1.2
    endloop
  endfacet
  facet normal 0 0 1
    outer loop
      vertex 2.6870879977941513 2.9977440014481544 1.2
      vertex 3.2803967967629433 1.6780262365937233 1.2
      vertex 3.5057760030031204 1.7401305586099625 1.2
    endloop
  endfacet
  facet normal 0 0 1
    outer loop
      vertex 2.6870879977941513 2.9977440014481544 1.2
      vertex 3.5057760030031204 1.7401305586099625 1.2
      vertex 3.7449600026011467 1.7608319967985153 1.2
    endloop
  endfacet
  facet normal 0 0 1
    outer loop
      vertex 2.6870879977941513 2.9977440014481544 1.2
      vertex 3.7449600026011467 1.7608319967985153 1.2
      vertex 3.8687827214598656 1.7561452835798264 1.2
    endloop
  endfacet
  facet normal 0 0 1
    outer loop
      vertex 2.6870879977941513 2.9977440014481544 1.2
      vertex 3.8687827214598656 1.7561452835798264 1.2
      vertex 3.9876556769013405 1.7420851215720177 1.2
    endloop
  endfacet
  facet normal 0 0 1
    outer loop
      vertex 2.6870879977941513 2.9977440014481544 1.2
      vertex 3.9876556769013405 1.7420851215720177 1.2
      vertex 4.101578876376152 1.7186515182256699 1.2
    endloop
  endfacet
  facet normal 0 0 1
    outer loop
      vertex 2.6870879977941513 2.9977440014481544 1.2
      vertex 4.101578876376152 1.7186515182256699 1.2
      vertex 4.2105523198843 1.6858444809913635 1.2
    endloop
  endfacet
  facet normal 0 0 1
    outer loop
      vertex 5.645383678376675 -0.22787711769342422 1.2
      vertex 5.636399999260902 0.0031680017709732056 1.2
      vertex 4.920000001788139 0.2537759989500046 1.2
    endloop
  endfacet
  facet normal 0 0 1
    outer loop
      vertex 4.920000001788139 0.2537759989500046 1.2
      vertex 5.636399999260902 0.0031680017709732056 1.2
      vertex 5.645383678376675 0.18426240235567093 1.2
    endloop
  endfacet
  facet normal 0 0 1
    outer loop
      vertex 4.920000001788139 0.2537759989500046 1.2
      vertex 5.645383678376675 0.18426240235567093 1.2
      vertex 5.672334723174572 0.3630144000053406 1.2
    endloop
  endfacet
  facet normal 0 0 1
    outer loop
      vertex 4.920000001788139 0.2537759989500046 1.2
      vertex 5.672334723174572 0.3630144000053406 1.2
      vertex 4.918112643063068 0.4301932826638222 1.2
    endloop
  endfacet
  facet normal 0 0 1
    outer loop
      vertex 4.918112643063068 0.4301932826638222 1.2
      vertex 5.672334723174572 0.3630144000053406 1.2
      vertex 4.912450559437275 0.5870803222060204 1.2
    endloop
  endfacet
  facet normal 0 0 1
    outer loop
      vertex 4.912450559437275 0.5870803222060204 1.2
      vertex 5.672334723174572 0.3630144000053406 1.2
      vertex 5.717253118753433 0.5394240021705627 1.2
    endloop
  endfacet
  facet normal 0 0 1
    outer loop
      vertex 3.183154560625553 1.0211923196911812 1.2
      vertex 4.00327680259943 0.2535379230976105 1.2
      vertex 3.997027203440666 0.4233196824789047 1.2
    endloop
  endfacet
  facet normal 0 0 1
    outer loop
      vertex 3.997027203440666 0.4233196824789047 1.2
      vertex 3.9866112023591995 0.5613292828202248 1.2
      vertex 3.515750400722027 1.0575897619128227 1.2
    endloop
  endfacet
  facet normal 0 0 1
    outer loop
      vertex 3.9866112023591995 0.5613292828202248 1.2
      vertex 3.97202879935503 0.66756671667099 1.2
      vertex 3.713951997458935 1.00583615899086 1.2
    endloop
  endfacet
  facet normal 0 0 1
    outer loop
      vertex 3.97202879935503 0.66756671667099 1.2
      vertex 3.9532800018787384 0.7420319989323616 1.2
      vertex 3.769344002008438 0.9747840017080307 1.2
    endloop
  endfacet
  facet normal 0 0 1
    outer loop
      vertex 3.9866112023591995 0.5613292828202248 1.2
      vertex 3.6532223969697952 1.0299878418445587 1.2
      vertex 3.5871552005410194 1.0472390428185463 1.2
    endloop
  endfacet
  facet normal 0 0 1
    outer loop
      vertex 3.9866112023591995 0.5613292828202248 1.2
      vertex 3.713951997458935 1.00583615899086 1.2
      vertex 3.6532223969697952 1.0299878418445587 1.2
    endloop
  endfacet
  facet normal 0 0 1
    outer loop
      vertex 3.97202879935503 0.66756671667099 1.2
      vertex 3.769344002008438 0.9747840017080307 1.2
      vertex 3.713951997458935 1.00583615899086 1.2
    endloop
  endfacet
  facet normal 0 0 1
    outer loop
      vertex 3.9532800018787384 0.7420319989323616 1.2
      vertex 3.929256960749626 0.7982207983732224 1.2
      vertex 3.818895362317562 0.9378720000386238 1.2
    endloop
  endfacet
  facet normal 0 0 1
    outer loop
      vertex 3.929256960749626 0.7982207983732224 1.2
      vertex 3.898851841688156 0.8495903983712196 1.2
      vertex 3.8620646372437477 0.8961407989263535 1.2
    endloop
  endfacet
  facet normal 0 0 1
    outer loop
      vertex 3.929256960749626 0.7982207983732224 1.2
      vertex 3.8620646372437477 0.8961407989263535 1.2
      vertex 3.818895362317562 0.9378720000386238 1.2
    endloop
  endfacet
  facet normal 0 0 1
    outer loop
      vertex 3.9532800018787384 0.7420319989323616 1.2
      vertex 3.818895362317562 0.9378720000386238 1.2
      vertex 3.769344002008438 0.9747840017080307 1.2
    endloop
  endfacet
  facet normal 0 0 1
    outer loop
      vertex 4.912450559437275 0.5870803222060204 1.2
      vertex 5.717253118753433 0.5394240021705627 1.2
      vertex 4.90301375836134 0.7244371175765991 1.2
    endloop
  endfacet
  facet normal 0 0 1
    outer loop
      vertex 4.90301375836134 0.7244371175765991 1.2
      vertex 5.717253118753433 0.5394240021705627 1.2
      vertex 5.7801388800144196 0.7134912014007568 1.2
    endloop
  endfacet
  facet normal 0 0 1
    outer loop
      vertex 4.90301375836134 0.7244371175765991 1.2
      vertex 5.7801388800144196 0.7134912014007568 1.2
      vertex 4.889802239835262 0.8422636836767197 1.2
    endloop
  endfacet
  facet normal 0 0 1
    outer loop
      vertex 4.889802239835262 0.8422636836767197 1.2
      vertex 5.7801388800144196 0.7134912014007568 1.2
      vertex 5.86099199950695 0.8852159976959229 1.2
    endloop
  endfacet
  facet normal 0 0 1
    outer loop
      vertex 4.889802239835262 0.8422636836767197 1.2
      vertex 5.86099199950695 0.8852159976959229 1.2
      vertex 4.8728159964084625 0.9405599981546402 1.2
    endloop
  endfacet
  facet normal 0 0 1
    outer loop
      vertex 4.8728159964084625 0.9405599981546402 1.2
      vertex 5.86099199950695 0.8852159976959229 1.2
      vertex 4.850686080753803 1.0275456011295319 1.2
    endloop
  endfacet
  facet normal 0 0 1
    outer loop
      vertex 4.850686080753803 1.0275456011295319 1.2
      vertex 5.958314880728722 1.047715201973915 1.2
      vertex 4.822043523192406 1.1114016026258469 1.2
    endloop
  endfacet
  facet normal 0 0 1
    outer loop
      vertex 4.850686080753803 1.0275456011295319 1.2
      vertex 5.86099199950695 0.8852159976959229 1.2
      vertex 5.958314880728722 1.047715201973915 1.2
    endloop
  endfacet
  facet normal 0 0 1
    outer loop
      vertex 6.573839999735355 -0.04569599777460098 1.2
      vertex 8.263152003288269 -0.03916800022125244 1.2
      vertex 6.583605118095875 0.15039552003145218 1.2
    endloop
  endfacet
  facet normal 0 0 1
    outer loop
      vertex 6.583605118095875 0.15039552003145218 1.2
      vertex 8.25345215946436 0.1545734405517578 1.2
      vertex 6.612900480628014 0.3272140771150589 1.2
    endloop
  endfacet
  facet normal 0 0 1
    outer loop
      vertex 6.612900480628014 0.3272140771150589 1.2
      vertex 8.224352642893791 0.3295641615986824 1.2
      vertex 6.661726079881191 0.4847596809267998 1.2
    endloop
  endfacet
  facet normal 0 0 1
    outer loop
      vertex 6.661726079881191 0.4847596809267998 1.2
      vertex 8.224352642893791 0.3295641615986824 1.2
      vertex 6.730081923305988 0.6230323165655136 1.2
    endloop
  endfacet
  facet normal 0 0 1
    outer loop
      vertex 6.730081923305988 0.6230323165655136 1.2
      vertex 8.224352642893791 0.3295641615986824 1.2
      vertex 6.817968003451824 0.7420319989323616 1.2
    endloop
  endfacet
  facet normal 0 0 1
    outer loop
      vertex 6.817968003451824 0.7420319989323616 1.2
      vertex 8.224352642893791 0.3295641615986824 1.2
      vertex 6.9201753586530685 0.8404588773846626 1.2
    endloop
  endfacet
  facet normal 0 0 1
    outer loop
      vertex 8.175853438675404 0.48580416291952133 1.2
      vertex 7.031495042145252 0.9170131236314774 1.2
      vertex 6.9201753586530685 0.8404588773846626 1.2
    endloop
  endfacet
  facet normal 0 0 1
    outer loop
      vertex 4.822043523192406 1.1114016026258469 1.2
      vertex 5.958314880728722 1.047715201973915 1.2
      vertex 4.78688832372427 1.1921280026435852 1.2
    endloop
  endfacet
  facet normal 0 0 1
    outer loop
      vertex 4.78688832372427 1.1921280026435852 1.2
      vertex 6.070609919726849 1.1940672025084496 1.2
      vertex 4.745220482349396 1.2697248011827469 1.2
    endloop
  endfacet
  facet normal 0 0 1
    outer loop
      vertex 4.745220482349396 1.2697248011827469 1.2
      vertex 6.070609919726849 1.1940672025084496 1.2
      vertex 4.697039999067783 1.344191998243332 1.2
    endloop
  endfacet
  facet normal 0 0 1
    outer loop
      vertex 4.697039999067783 1.344191998243332 1.2
      vertex 6.197877116501331 1.3242719992995262 1.2
      vertex 4.6406073570251465 1.414508156478405 1.2
    endloop
  endfacet
  facet normal 0 0 1
    outer loop
      vertex 4.6406073570251465 1.414508156478405 1.2
      vertex 6.34011647850275 1.4383295997977257 1.2
      vertex 4.574144639074802 1.4796134382486343 1.2
    endloop
  endfacet
  facet normal 0 0 1
    outer loop
      vertex 4.4976518377661705 1.53950784355402 1.2
      vertex 4.574144639074802 1.4796134382486343 1.2
      vertex 6.34011647850275 1.4383295997977257 1.2
    endloop
  endfacet
  facet normal 0 0 1
    outer loop
      vertex 4.4976518377661705 1.53950784355402 1.2
      vertex 6.497327998280525 1.5362399965524673 1.2
      vertex 4.411128960549831 1.5941913574934006 1.2
    endloop
  endfacet
  facet normal 0 0 1
    outer loop
      vertex 4.411128960549831 1.5941913574934006 1.2
      vertex 6.665867522358894 1.6170931234955788 1.2
      vertex 4.3145759999752045 1.643664002418518 1.2
    endloop
  endfacet
  facet normal 0 0 1
    outer loop
      vertex 2.6870879977941513 2.9977440014481544 1.2
      vertex 4.2105523198843 1.6858444809913635 1.2
      vertex 6.665867522358894 1.6170931234955788 1.2
    endloop
  endfacet
  facet normal 0 0 1
    outer loop
      vertex 4.3145759999752045 1.643664002418518 1.2
      vertex 6.665867522358894 1.6170931234955788 1.2
      vertex 4.2105523198843 1.6858444809913635 1.2
    endloop
  endfacet
  facet normal 0 0 1
    outer loop
      vertex 2.6870879977941513 2.9977440014481544 1.2
      vertex 6.665867522358894 1.6170931234955788 1.2
      vertex 6.842090882360935 1.6799788773059845 1.2
    endloop
  endfacet
  facet normal 0 0 1
    outer loop
      vertex 2.6870879977941513 2.9977440014481544 1.2
      vertex 6.842090882360935 1.6799788773059845 1.2
      vertex 7.025998078286648 1.7248972803354263 1.2
    endloop
  endfacet
  facet normal 0 0 1
    outer loop
      vertex 4.78688832372427 1.1921280026435852 1.2
      vertex 5.958314880728722 1.047715201973915 1.2
      vertex 6.070609919726849 1.1940672025084496 1.2
    endloop
  endfacet
  facet normal 0 0 1
    outer loop
      vertex 4.697039999067783 1.344191998243332 1.2
      vertex 6.070609919726849 1.1940672025084496 1.2
      vertex 6.197877116501331 1.3242719992995262 1.2
    endloop
  endfacet
  facet normal 0 0 1
    outer loop
      vertex 4.6406073570251465 1.414508156478405 1.2
      vertex 6.197877116501331 1.3242719992995262 1.2
      vertex 6.34011647850275 1.4383295997977257 1.2
    endloop
  endfacet
  facet normal 0 0 1
    outer loop
      vertex 4.4976518377661705 1.53950784355402 1.2
      vertex 6.34011647850275 1.4383295997977257 1.2
      vertex 6.497327998280525 1.5362399965524673 1.2
    endloop
  endfacet
  facet normal 0 0 1
    outer loop
      vertex 4.411128960549831 1.5941913574934006 1.2
      vertex 6.497327998280525 1.5362399965524673 1.2
      vertex 6.665867522358894 1.6170931234955788 1.2
    endloop
  endfacet
  facet normal 0 0 1
    outer loop
      vertex 2.6870879977941513 2.9977440014481544 1.2
      vertex 7.025998078286648 1.7248972803354263 1.2
      vertex 7.217589117586613 1.751848317682743 1.2
    endloop
  endfacet
  facet normal 0 0 1
    outer loop
      vertex 2.6870879977941513 2.9977440014481544 1.2
      vertex 7.217589117586613 1.751848317682743 1.2
      vertex 7.41686400026083 1.7608319967985153 1.2
    endloop
  endfacet
  facet normal 0 0 1
    outer loop
      vertex 13.85 4.35 1.2
      vertex -6.297311998903751 3.079103998839855 1.2
      vertex -5.271984003484249 3.079103998839855 1.2
    endloop
  endfacet
  facet normal 0 0 1
    outer loop
      vertex 13.85 4.35 1.2
      vertex -5.271984003484249 3.079103998839855 1.2
      vertex 1.7724480032920837 2.9977440014481544 1.2
    endloop
  endfacet
  facet normal 0 0 1
    outer loop
      vertex 13.85 4.35 1.2
      vertex 1.7724480032920837 2.9977440014481544 1.2
      vertex 2.6870879977941513 2.9977440014481544 1.2
    endloop
  endfacet
  facet normal 0 0 1
    outer loop
      vertex 6.583605118095875 0.15039552003145218 1.2
      vertex 8.263152003288269 -0.03916800022125244 1.2
      vertex 8.25345215946436 0.1545734405517578 1.2
    endloop
  endfacet
  facet normal 0 0 1
    outer loop
      vertex 6.612900480628014 0.3272140771150589 1.2
      vertex 8.25345215946436 0.1545734405517578 1.2
      vertex 8.224352642893791 0.3295641615986824 1.2
    endloop
  endfacet
  facet normal 0 0 1
    outer loop
      vertex 8.175853438675404 0.48580416291952133 1.2
      vertex 6.9201753586530685 0.8404588773846626 1.2
      vertex 8.224352642893791 0.3295641615986824 1.2
    endloop
  endfacet
  facet normal 0 0 1
    outer loop
      vertex 8.175853438675404 0.48580416291952133 1.2
      vertex 8.107954561710358 0.623293437063694 1.2
      vertex 7.031495042145252 0.9170131236314774 1.2
    endloop
  endfacet
  facet normal 0 0 1
    outer loop
      vertex 8.107954561710358 0.623293437063694 1.2
      vertex 8.020655997097492 0.7420319989323616 1.2
      vertex 7.4201280027627945 1.0154400020837784 1.2
    endloop
  endfacet
  facet normal 0 0 1
    outer loop
      vertex 8.107954561710358 0.623293437063694 1.2
      vertex 7.151927039027214 0.9716947227716446 1.2
      vertex 7.031495042145252 0.9170131236314774 1.2
    endloop
  endfacet
  facet normal 0 0 1
    outer loop
      vertex 8.107954561710358 0.623293437063694 1.2
      vertex 7.281471356749535 1.004503682255745 1.2
      vertex 7.151927039027214 0.9716947227716446 1.2
    endloop
  endfacet
  facet normal 0 0 1
    outer loop
      vertex 8.107954561710358 0.623293437063694 1.2
      vertex 7.4201280027627945 1.0154400020837784 1.2
      vertex 7.281471356749535 1.004503682255745 1.2
    endloop
  endfacet
  facet normal 0 0 1
    outer loop
      vertex 8.020655997097492 0.7420319989323616 1.2
      vertex 7.919036157429218 0.8404588773846626 1.2
      vertex 7.4201280027627945 1.0154400020837784 1.2
    endloop
  endfacet
  facet normal 0 0 1
    outer loop
      vertex 7.808173440396786 0.9170131236314774 1.2
      vertex 7.5587193593382835 1.004503682255745 1.2
      vertex 7.919036157429218 0.8404588773846626 1.2
    endloop
  endfacet
  facet normal 0 0 1
    outer loop
      vertex 7.919036157429218 0.8404588773846626 1.2
      vertex 7.5587193593382835 1.004503682255745 1.2
      vertex 7.4201280027627945 1.0154400020837784 1.2
    endloop
  endfacet
  facet normal 0 0 1
    outer loop
      vertex 7.808173440396786 0.9170131236314774 1.2
      vertex 7.688067838549614 0.9716947227716446 1.2
      vertex 7.5587193593382835 1.004503682255745 1.2
    endloop
  endfacet
  facet normal 0 0 1
    outer loop
      vertex 9.023400962352753 0.8009376004338264 1.2
      vertex 9.881297282874584 0.841814398765564 1.2
      vertex 8.88304703682661 1.036915197968483 1.2
    endloop
  endfacet
  facet normal 0 0 1
    outer loop
      vertex 9.203855998814106 -0.03590399771928787 1.2
      vertex 9.71841599792242 -0.04891200363636017 1.2
      vertex 9.736513920128345 0.27833279967308044 1.2
    endloop
  endfacet
  facet normal 0 0 1
    outer loop
      vertex 9.203855998814106 -0.03590399771928787 1.2
      vertex 9.736513920128345 0.27833279967308044 1.2
      vertex 9.1838054433465 0.2645279988646507 1.2
    endloop
  endfacet
  facet normal 0 0 1
    outer loop
      vertex 9.123653762042522 0.5434752032160759 1.2
      vertex 9.1838054433465 0.2645279988646507 1.2
      vertex 9.736513920128345 0.27833279967308044 1.2
    endloop
  endfacet
  facet normal 0 0 1
    outer loop
      vertex 9.123653762042522 0.5434752032160759 1.2
      vertex 9.736513920128345 0.27833279967308044 1.2
      vertex 9.79080767929554 0.5752416029572487 1.2
    endloop
  endfacet
  facet normal 0 0 1
    outer loop
      vertex 9.123653762042522 0.5434752032160759 1.2
      vertex 9.79080767929554 0.5752416029572487 1.2
      vertex 9.023400962352753 0.8009376004338264 1.2
    endloop
  endfacet
  facet normal 0 0 1
    outer loop
      vertex 9.023400962352753 0.8009376004338264 1.2
      vertex 9.79080767929554 0.5752416029572487 1.2
      vertex 9.881297282874584 0.841814398765564 1.2
    endloop
  endfacet
  facet normal 0 0 1
    outer loop
      vertex 8.88304703682661 1.036915197968483 1.2
      vertex 9.881297282874584 0.841814398765564 1.2
      vertex 10.007982723414898 1.0780512019991875 1.2
    endloop
  endfacet
  facet normal 0 0 1
    outer loop
      vertex 8.702592000365257 1.251408003270626 1.2
      vertex 8.88304703682661 1.036915197968483 1.2
      vertex 10.007982723414898 1.0780512019991875 1.2
    endloop
  endfacet
  facet normal 0 0 1
    outer loop
      vertex 8.702592000365257 1.251408003270626 1.2
      vertex 10.170864000916481 1.283951997756958 1.2
      vertex 8.490758396685123 1.4348006397485733 1.2
    endloop
  endfacet
  facet normal 0 0 1
    outer loop
      vertex 8.490758396685123 1.4348006397485733 1.2
      vertex 10.364603519439697 1.4556287974119186 1.2
      vertex 8.256268799304962 1.577439360320568 1.2
    endloop
  endfacet
  facet normal 0 0 1
    outer loop
      vertex 8.256268799304962 1.577439360320568 1.2
      vertex 10.58386368304491 1.5891551971435547 1.2
      vertex 7.999123200774193 1.6793241575360298 1.2
    endloop
  endfacet
  facet normal 0 0 1
    outer loop
      vertex 7.999123200774193 1.6793241575360298 1.2
      vertex 10.82864447683096 1.6845311969518661 1.2
      vertex 7.719321601092815 1.740455038845539 1.2
    endloop
  endfacet
  facet normal 0 0 1
    outer loop
      vertex 8.702592000365257 1.251408003270626 1.2
      vertex 10.007982723414898 1.0780512019991875 1.2
      vertex 10.170864000916481 1.283951997756958 1.2
    endloop
  endfacet
  facet normal 0 0 1
    outer loop
      vertex 8.490758396685123 1.4348006397485733 1.2
      vertex 10.170864000916481 1.283951997756958 1.2
      vertex 10.364603519439697 1.4556287974119186 1.2
    endloop
  endfacet
  facet normal 0 0 1
    outer loop
      vertex 8.256268799304962 1.577439360320568 1.2
      vertex 10.364603519439697 1.4556287974119186 1.2
      vertex 10.58386368304491 1.5891551971435547 1.2
    endloop
  endfacet
  facet normal 0 0 1
    outer loop
      vertex 7.999123200774193 1.6793241575360298 1.2
      vertex 10.58386368304491 1.5891551971435547 1.2
      vertex 10.82864447683096 1.6845311969518661 1.2
    endloop
  endfacet
  facet normal 0 0 1
    outer loop
      vertex 7.719321601092815 1.740455038845539 1.2
      vertex 10.82864447683096 1.6845311969518661 1.2
      vertex 11.098945923149586 1.741756796836853 1.2
    endloop
  endfacet
  facet normal 0 0 1
    outer loop
      vertex 12.081551998853683 -0.4492800012230873 1.2
      vertex 10.691667839884758 0.40807104110717773 1.2
      vertex 10.667256958782673 0.22481855750083923 1.2
    endloop
  endfacet
  facet normal 0 0 1
    outer loop
      vertex 12.081551998853683 -0.4492800012230873 1.2
      vertex 10.732352636754513 0.5659334436058998 1.2
      vertex 10.691667839884758 0.40807104110717773 1.2
    endloop
  endfacet
  facet normal 0 0 1
    outer loop
      vertex 12.081551998853683 -0.4492800012230873 1.2
      vertex 10.789311356842518 0.6984057575464249 1.2
      vertex 10.732352636754513 0.5659334436058998 1.2
    endloop
  endfacet
  facet normal 0 0 1
    outer loop
      vertex 12.081551998853683 -0.4492800012230873 1.2
      vertex 12.032736003398895 0.4979040026664734 1.2
      vertex 12.009874559938908 0.600641280412674 1.2
    endloop
  endfacet
  facet normal 0 0 1
    outer loop
      vertex 12.081551998853683 -0.4492800012230873 1.2
      vertex 10.862544000148773 0.8054879978299141 1.2
      vertex 10.789311356842518 0.6984057575464249 1.2
    endloop
  endfacet
  facet normal 0 0 1
    outer loop
      vertex 12.081551998853683 -0.4492800012230873 1.2
      vertex 10.949448958039284 0.8904537633061409 1.2
      vertex 10.862544000148773 0.8054879978299141 1.2
    endloop
  endfacet
  facet normal 0 0 1
    outer loop
      vertex 12.081551998853683 -0.4492800012230873 1.2
      vertex 11.047424636781216 0.956538237631321 1.2
      vertex 10.949448958039284 0.8904537633061409 1.2
    endloop
  endfacet
  facet normal 0 0 1
    outer loop
      vertex 12.081551998853683 -0.4492800012230873 1.2
      vertex 11.156471036374569 1.003741443157196 1.2
      vertex 11.047424636781216 0.956538237631321 1.2
    endloop
  endfacet
  facet normal 0 0 1
    outer loop
      vertex 12.081551998853683 -0.4492800012230873 1.2
      vertex 11.276588156819344 1.0320633575320244 1.2
      vertex 11.156471036374569 1.003741443157196 1.2
    endloop
  endfacet
  facet normal 0 0 1
    outer loop
      vertex 12.081551998853683 -0.4492800012230873 1.2
      vertex 11.40777599811554 1.0415040031075478 1.2
      vertex 11.276588156819344 1.0320633575320244 1.2
    endloop
  endfacet
  facet normal 0 0 1
    outer loop
      vertex 12.081551998853683 -0.4492800012230873 1.2
      vertex 12.009874559938908 0.600641280412674 1.2
      vertex 11.977770239114761 0.692699521780014 1.2
    endloop
  endfacet
  facet normal 0 0 1
    outer loop
      vertex 12.081551998853683 -0.4492800012230873 1.2
      vertex 11.977770239114761 0.692699521780014 1.2
      vertex 11.936423040926456 0.774078719317913 1.2
    endloop
  endfacet
  facet normal 0 0 1
    outer loop
      vertex 12.081551998853683 -0.4492800012230873 1.2
      vertex 11.936423040926456 0.774078719317913 1.2
      vertex 11.885832957923412 0.8447788804769516 1.2
    endloop
  endfacet
  facet normal 0 0 1
    outer loop
      vertex 12.081551998853683 -0.4492800012230873 1.2
      vertex 11.506788477301598 1.036035843193531 1.2
      vertex 11.40777599811554 1.0415040031075478 1.2
    endloop
  endfacet
  facet normal 0 0 1
    outer loop
      vertex 12.081551998853683 -0.4492800012230873 1.2
      vertex 11.598117120563984 1.0196313634514809 1.2
      vertex 11.506788477301598 1.036035843193531 1.2
    endloop
  endfacet
  facet normal 0 0 1
    outer loop
      vertex 12.081551998853683 -0.4492800012230873 1.2
      vertex 11.681761920452118 0.9922905564308167 1.2
      vertex 11.598117120563984 1.0196313634514809 1.2
    endloop
  endfacet
  facet normal 0 0 1
    outer loop
      vertex 12.081551998853683 -0.4492800012230873 1.2
      vertex 11.885832957923412 0.8447788804769516 1.2
      vertex 11.82599999755621 0.9047999978065491 1.2
    endloop
  endfacet
  facet normal 0 0 1
    outer loop
      vertex 12.081551998853683 -0.4492800012230873 1.2
      vertex 11.82599999755621 0.9047999978065491 1.2
      vertex 11.757722876966 0.9540134370326996 1.2
    endloop
  endfacet
  facet normal 0 0 1
    outer loop
      vertex 12.081551998853683 -0.4492800012230873 1.2
      vertex 11.757722876966 0.9540134370326996 1.2
      vertex 11.681761920452118 0.9922905564308167 1.2
    endloop
  endfacet
  facet normal 0 0 1
    outer loop
      vertex 12.081551998853683 -0.4492800012230873 1.2
      vertex 12.934367999434471 0.6606720015406609 1.2
      vertex 12.032736003398895 0.4979040026664734 1.2
    endloop
  endfacet
  facet normal 0 0 1
    outer loop
      vertex 13.85 4.35 1.2
      vertex 12.934367999434471 0.6606720015406609 1.2
      vertex 12.979919999837875 -0.6022560000419617 1.2
    endloop
  endfacet
  facet normal 0 0 1
    outer loop
      vertex 14.85 -3.3499999999999996 1.2
      vertex 14.85 3.3499999999999996 1.2
      vertex 14.83078528040323 3.545090322016128 1.2
    endloop
  endfacet
  facet normal 0 0 1
    outer loop
      vertex 14.83078528040323 -3.545090322016128 1.2
      vertex 14.83078528040323 3.545090322016128 1.2
      vertex 14.773879532511286 3.7326834323650893 1.2
    endloop
  endfacet
  facet normal 0 0 1
    outer loop
      vertex 14.681469612302545 -3.905570233019602 1.2
      vertex 14.681469612302545 3.905570233019602 1.2
      vertex 14.557106781186548 4.0571067811865476 1.2
    endloop
  endfacet
  facet normal 0 0 1
    outer loop
      vertex 14.773879532511286 -3.7326834323650893 1.2
      vertex 14.773879532511286 3.7326834323650893 1.2
      vertex 14.681469612302545 3.905570233019602 1.2
    endloop
  endfacet
  facet normal 0 0 1
    outer loop
      vertex 14.045090322016128 -4.33078528040323 1.2
      vertex 14.045090322016128 4.33078528040323 1.2
      vertex 13.85 4.35 1.2
    endloop
  endfacet
  facet normal 0 0 1
    outer loop
      vertex 14.405570233019603 -4.1814696123025445 1.2
      vertex 14.405570233019603 4.1814696123025445 1.2
      vertex 14.23268343236509 4.273879532511287 1.2
    endloop
  endfacet
  facet normal 0 0 1
    outer loop
      vertex 14.23268343236509 -4.273879532511287 1.2
      vertex 14.23268343236509 4.273879532511287 1.2
      vertex 14.045090322016128 4.33078528040323 1.2
    endloop
  endfacet
  facet normal 0 0 1
    outer loop
      vertex 14.557106781186548 -4.0571067811865476 1.2
      vertex 14.557106781186548 4.0571067811865476 1.2
      vertex 14.405570233019603 4.1814696123025445 1.2
    endloop
  endfacet
  facet normal 0 0 1
    outer loop
      vertex 13.85 4.35 1.2
      vertex 12.860862717032433 0.8719219192862511 1.2
      vertex 12.934367999434471 0.6606720015406609 1.2
    endloop
  endfacet
  facet normal 0 0 1
    outer loop
      vertex 13.85 4.35 1.2
      vertex 12.770561277866364 1.0603852793574333 1.2
      vertex 12.860862717032433 0.8719219192862511 1.2
    endloop
  endfacet
  facet normal 0 0 1
    outer loop
      vertex 13.85 4.35 1.2
      vertex 2.6870879977941513 2.9977440014481544 1.2
      vertex 7.41686400026083 1.7608319967985153 1.2
    endloop
  endfacet
  facet normal 0 0 1
    outer loop
      vertex 13.85 4.35 1.2
      vertex 7.41686400026083 1.7608319967985153 1.2
      vertex 7.719321601092815 1.740455038845539 1.2
    endloop
  endfacet
  facet normal 0 0 1
    outer loop
      vertex 13.85 4.35 1.2
      vertex 7.719321601092815 1.740455038845539 1.2
      vertex 11.098945923149586 1.741756796836853 1.2
    endloop
  endfacet
  facet normal 0 0 1
    outer loop
      vertex 13.85 4.35 1.2
      vertex 12.398879997432232 1.4890559986233711 1.2
      vertex 12.539569921791553 1.3689523190259933 1.2
    endloop
  endfacet
  facet normal 0 0 1
    outer loop
      vertex 13.85 4.35 1.2
      vertex 11.098945923149586 1.741756796836853 1.2
      vertex 11.394767999649048 1.7608319967985153 1.2
    endloop
  endfacet
  facet normal 0 0 1
    outer loop
      vertex 13.85 4.35 1.2
      vertex 11.394767999649048 1.7608319967985153 1.2
      vertex 11.636993281543255 1.7499609589576721 1.2
    endloop
  endfacet
  facet normal 0 0 1
    outer loop
      vertex 13.85 4.35 1.2
      vertex 11.636993281543255 1.7499609589576721 1.2
      vertex 11.858517117798328 1.717347837984562 1.2
    endloop
  endfacet
  facet normal 0 0 1
    outer loop
      vertex 13.85 4.35 1.2
      vertex 11.858517117798328 1.717347837984562 1.2
      vertex 12.05933952331543 1.6629926413297653 1.2
    endloop
  endfacet
  facet normal 0 0 1
    outer loop
      vertex 13.85 4.35 1.2
      vertex 12.05933952331543 1.6629926413297653 1.2
      vertex 12.239460483193398 1.5868953615427017 1.2
    endloop
  endfacet
  facet normal 0 0 1
    outer loop
      vertex 13.85 4.35 1.2
      vertex 12.239460483193398 1.5868953615427017 1.2
      vertex 12.398879997432232 1.4890559986233711 1.2
    endloop
  endfacet
  facet normal 0 0 1
    outer loop
      vertex 13.85 4.35 1.2
      vertex 12.663463681936264 1.2260620817542076 1.2
      vertex 12.770561277866364 1.0603852793574333 1.2
    endloop
  endfacet
  facet normal 0 0 1
    outer loop
      vertex 13.85 4.35 1.2
      vertex 12.539569921791553 1.3689523190259933 1.2
      vertex 12.663463681936264 1.2260620817542076 1.2
    endloop
  endfacet
  facet normal 0 -1 0
    outer loop
      vertex -12.661151997745037 -1.7740800008177757 2
      vertex -12.661151997745037 -1.7740800008177757 1.2
      vertex -11.6976960003376 -1.7740800008177757 1.2
    endloop
  endfacet
  facet normal 1 0 0
    outer loop
      vertex -11.6976960003376 -1.7740800008177757 2
      vertex -11.6976960003376 -1.7740800008177757 1.2
      vertex -11.6976960003376 0.3123840019106865 1.2
    endloop
  endfacet
  facet normal 0 -1 0
    outer loop
      vertex -9.809759996831417 -1.7740800008177757 2
      vertex -9.809759996831417 -1.7740800008177757 1.2
      vertex -8.84630399942398 -1.7740800008177757 1.2
    endloop
  endfacet
  facet normal -0.5971334397578422 -0.8021419170713917 0
    outer loop
      vertex -7.499521918594837 -1.4334720000624657 2
      vertex -7.499521918594837 -1.4334720000624657 1.2
      vertex -7.351812481880188 -1.5434304028749466 1.2
    endloop
  endfacet
  facet normal -0.6926570732479117 -0.7212670648793255 0
    outer loop
      vertex -7.630696319043636 -1.3075008019804955 2
      vertex -7.630696319043636 -1.3075008019804955 1.2
      vertex -7.499521918594837 -1.4334720000624657 1.2
    endloop
  endfacet
  facet normal -0.7780483690491563 -0.6282043739261515 0
    outer loop
      vertex -7.745335683226585 -1.1655168011784554 2
      vertex -7.745335683226585 -1.1655168011784554 1.2
      vertex -7.630696319043636 -1.3075008019804955 1.2
    endloop
  endfacet
  facet normal -1 0 0
    outer loop
      vertex -9.809759996831417 0.3123840019106865 2
      vertex -9.809759996831417 0.3123840019106865 1.2
      vertex -9.809759996831417 -1.7740800008177757 1.2
    endloop
  endfacet
  facet normal -0.9061582455118373 -0.4229388065558762 0
    outer loop
      vertex -7.924293123185635 -0.8342899233102798 2
      vertex -7.924293123185635 -0.8342899233102798 1.2
      vertex -7.843440003693104 -1.0075199976563454 1.2
    endloop
  endfacet
  facet normal -0.849550194207567 -0.5275077890627636 0
    outer loop
      vertex -7.843440003693104 -1.0075199976563454 2
      vertex -7.843440003693104 -1.0075199976563454 1.2
      vertex -7.745335683226585 -1.1655168011784554 1.2
    endloop
  endfacet
  facet normal -0.9481903739116422 -0.31770271453246984 0
    outer loop
      vertex -7.98717887699604 -0.6466060802340508 2
      vertex -7.98717887699604 -0.6466060802340508 1.2
      vertex -7.924293123185635 -0.8342899233102798 1.2
    endloop
  endfacet
  facet normal 1 0 0
    outer loop
      vertex -8.84630399942398 -1.7740800008177757 2
      vertex -8.84630399942398 -1.7740800008177757 1.2
      vertex -8.84630399942398 2.9977440014481544 1.2
    endloop
  endfacet
  facet normal -0.9761881472295114 -0.21692556605576452 0
    outer loop
      vertex -8.032097280025482 -0.4444684833288193 2
      vertex -8.032097280025482 -0.4444684833288193 1.2
      vertex -7.98717887699604 -0.6466060802340508 1.2
    endloop
  endfacet
  facet normal -0.9923470153079849 -0.12348036770812623 0
    outer loop
      vertex -8.059048317372799 -0.22787711769342422 2
      vertex -8.059048317372799 -0.22787711769342422 1.2
      vertex -8.032097280025482 -0.4444684833288193 1.2
    endloop
  endfacet
  facet normal -0.9992449203576977 -0.038853431500171696 0
    outer loop
      vertex -8.068031996488571 0.0031680017709732056 2
      vertex -8.068031996488571 0.0031680017709732056 1.2
      vertex -8.059048317372799 -0.22787711769342422 1.2
    endloop
  endfacet
  facet normal 0 -1 0
    outer loop
      vertex -12.661151997745037 -1.7740800008177757 2
      vertex -11.6976960003376 -1.7740800008177757 1.2
      vertex -11.6976960003376 -1.7740800008177757 2
    endloop
  endfacet
  facet normal -1 0 0
    outer loop
      vertex -12.661151997745037 -1.7740800008177757 2
      vertex -12.661151997745037 2.9977440014481544 2
      vertex -12.661151997745037 -1.7740800008177757 1.2
    endloop
  endfacet
  facet normal 1 0 0
    outer loop
      vertex -11.6976960003376 -1.7740800008177757 2
      vertex -11.6976960003376 0.3123840019106865 1.2
      vertex -11.6976960003376 0.3123840019106865 2
    endloop
  endfacet
  facet normal 0 0 1
    outer loop
      vertex -12.661151997745037 -1.7740800008177757 2
      vertex -11.6976960003376 -1.7740800008177757 2
      vertex -11.6976960003376 0.3123840019106865 2
    endloop
  endfacet
  facet normal 0 0 1
    outer loop
      vertex -12.661151997745037 -1.7740800008177757 2
      vertex -11.6976960003376 0.3123840019106865 2
      vertex -11.6976960003376 1.119599997997284 2
    endloop
  endfacet
  facet normal 0 -1 0
    outer loop
      vertex -9.809759996831417 -1.7740800008177757 2
      vertex -8.84630399942398 -1.7740800008177757 1.2
      vertex -8.84630399942398 -1.7740800008177757 2
    endloop
  endfacet
  facet normal -0.6926570732479117 -0.7212670648793255 0
    outer loop
      vertex -7.499521918594837 -1.4334720000624657 2
      vertex -7.630696319043636 -1.3075008019804955 2
      vertex -7.499521918594837 -1.4334720000624657 1.2
    endloop
  endfacet
  facet normal -0.7780483690491563 -0.6282043739261515 0
    outer loop
      vertex -7.630696319043636 -1.3075008019804955 2
      vertex -7.745335683226585 -1.1655168011784554 2
      vertex -7.630696319043636 -1.3075008019804955 1.2
    endloop
  endfacet
  facet normal -0.849550194207567 -0.5275077890627636 0
    outer loop
      vertex -7.745335683226585 -1.1655168011784554 2
      vertex -7.843440003693104 -1.0075199976563454 2
      vertex -7.745335683226585 -1.1655168011784554 1.2
    endloop
  endfacet
  facet normal -1 0 0
    outer loop
      vertex -9.809759996831417 -1.7740800008177757 2
      vertex -9.809759996831417 0.3123840019106865 2
      vertex -9.809759996831417 -1.7740800008177757 1.2
    endloop
  endfacet
  facet normal -0.9061582455118373 -0.4229388065558762 0
    outer loop
      vertex -7.924293123185635 -0.8342899233102798 2
      vertex -7.843440003693104 -1.0075199976563454 1.2
      vertex -7.843440003693104 -1.0075199976563454 2
    endloop
  endfacet
  facet normal -0.9481903739116422 -0.31770271453246984 0
    outer loop
      vertex -7.924293123185635 -0.8342899233102798 2
      vertex -7.98717887699604 -0.6466060802340508 2
      vertex -7.924293123185635 -0.8342899233102798 1.2
    endloop
  endfacet
  facet normal -0.9761881472295114 -0.21692556605576452 0
    outer loop
      vertex -7.98717887699604 -0.6466060802340508 2
      vertex -8.032097280025482 -0.4444684833288193 2
      vertex -7.98717887699604 -0.6466060802340508 1.2
    endloop
  endfacet
  facet normal -0.9923470153079849 -0.12348036770812623 0
    outer loop
      vertex -8.032097280025482 -0.4444684833288193 2
      vertex -8.059048317372799 -0.22787711769342422 2
      vertex -8.032097280025482 -0.4444684833288193 1.2
    endloop
  endfacet
  facet normal -0.9992449203576977 -0.038853431500171696 0
    outer loop
      vertex -8.059048317372799 -0.22787711769342422 2
      vertex -8.068031996488571 0.0031680017709732056 2
      vertex -8.059048317372799 -0.22787711769342422 1.2
    endloop
  endfacet
  facet normal 0 0 1
    outer loop
      vertex -9.809759996831417 -1.7740800008177757 2
      vertex -8.84630399942398 -1.7740800008177757 2
      vertex -9.809759996831417 0.3123840019106865 2
    endloop
  endfacet
  facet normal 0 0 1
    outer loop
      vertex -8.84630399942398 -1.7740800008177757 2
      vertex -9.809759996831417 1.119599997997284 2
      vertex -9.809759996831417 0.3123840019106865 2
    endloop
  endfacet
  facet normal 0 0 1
    outer loop
      vertex -7.630696319043636 -1.3075008019804955 2
      vertex -6.974350079894066 -0.7143782377243042 2
      vertex -7.745335683226585 -1.1655168011784554 2
    endloop
  endfacet
  facet normal 0 0 1
    outer loop
      vertex -7.745335683226585 -1.1655168011784554 2
      vertex -6.974350079894066 -0.7143782377243042 2
      vertex -7.843440003693104 -1.0075199976563454 2
    endloop
  endfacet
  facet normal 0 0 1
    outer loop
      vertex -7.924293123185635 -0.8342899233102798 2
      vertex -7.843440003693104 -1.0075199976563454 2
      vertex -7.042705923318863 -0.5761113613843918 2
    endloop
  endfacet
  facet normal 0 0 1
    outer loop
      vertex -7.924293123185635 -0.8342899233102798 2
      vertex -7.091531522572041 -0.41857536137104034 2
      vertex -7.98717887699604 -0.6466060802340508 2
    endloop
  endfacet
  facet normal 0 0 1
    outer loop
      vertex -7.98717887699604 -0.6466060802340508 2
      vertex -7.091531522572041 -0.41857536137104034 2
      vertex -8.032097280025482 -0.4444684833288193 2
    endloop
  endfacet
  facet normal 0 0 1
    outer loop
      vertex -8.032097280025482 -0.4444684833288193 2
      vertex -7.120826877653599 -0.24177023768424988 2
      vertex -8.059048317372799 -0.22787711769342422 2
    endloop
  endfacet
  facet normal 0 0 1
    outer loop
      vertex -8.059048317372799 -0.22787711769342422 2
      vertex -7.120826877653599 -0.24177023768424988 2
      vertex -7.130592003464699 -0.04569599777460098 2
    endloop
  endfacet
  facet normal 0 0 1
    outer loop
      vertex -8.059048317372799 -0.22787711769342422 2
      vertex -7.130592003464699 -0.04569599777460098 2
      vertex -8.068031996488571 0.0031680017709732056 2
    endloop
  endfacet
  facet normal -0.40566374392636134 -0.9140223886008741 0
    outer loop
      vertex -7.187568001449108 -1.6373760029673576 2
      vertex -7.187568001449108 -1.6373760029673576 1.2
      vertex -7.0132972821593285 -1.7147212773561478 1.2
    endloop
  endfacet
  facet normal -0.23061273184438597 -0.9730456145069816 0
    outer loop
      vertex -6.835509121417999 -1.7748787179589272 2
      vertex -6.835509121417999 -1.7748787179589272 1.2
      vertex -6.6542035192251205 -1.8178483173251152 1.2
    endloop
  endfacet
  facet normal -0.13815663393214253 -0.9904103919590808 0
    outer loop
      vertex -6.6542035192251205 -1.8178483173251152 2
      vertex -6.6542035192251205 -1.8178483173251152 1.2
      vertex -6.469380483031273 -1.8436300829052925 1.2
    endloop
  endfacet
  facet normal -0.32051484174587264 -0.9472434936280208 0
    outer loop
      vertex -7.0132972821593285 -1.7147212773561478 2
      vertex -7.0132972821593285 -1.7147212773561478 1.2
      vertex -6.835509121417999 -1.7748787179589272 1.2
    endloop
  endfacet
  facet normal -0.04558225638447904 -0.9989605887635906 0
    outer loop
      vertex -6.469380483031273 -1.8436300829052925 2
      vertex -6.469380483031273 -1.8436300829052925 1.2
      vertex -6.281039997935295 -1.8522239997982979 1.2
    endloop
  endfacet
  facet normal 0.06936643623502707 -0.9975912477182486 0
    outer loop
      vertex -6.281039997935295 -1.8522239997982979 2
      vertex -6.281039997935295 -1.8522239997982979 1.2
      vertex -5.984261758625507 -1.8315878435969353 1.2
    endloop
  endfacet
  facet normal 0.21900404519709618 -0.9757239508115542 0
    outer loop
      vertex -5.984261758625507 -1.8315878435969353 2
      vertex -5.984261758625507 -1.8315878435969353 1.2
      vertex -5.708442240953445 -1.7696793600916862 1.2
    endloop
  endfacet
  facet normal 0.3752641909209236 -0.9269178965865663 0
    outer loop
      vertex -5.708442240953445 -1.7696793600916862 2
      vertex -5.708442240953445 -1.7696793600916862 1.2
      vertex -5.453581437468529 -1.6664985567331314 1.2
    endloop
  endfacet
  facet normal -0.49650388190294936 -0.8680345011894989 0
    outer loop
      vertex -7.351812481880188 -1.5434304028749466 2
      vertex -7.351812481880188 -1.5434304028749466 1.2
      vertex -7.187568001449108 -1.6373760029673576 1.2
    endloop
  endfacet
  facet normal 0.07862919762972428 0.9969039318209683 0
    outer loop
      vertex -6.422960638999939 -1.0958476811647415 2
      vertex -6.28430400043726 -1.106784000992775 1.2
      vertex -6.422960638999939 -1.0958476811647415 1.2
    endloop
  endfacet
  facet normal -0.07866600172893419 0.9969010282731096 0
    outer loop
      vertex -6.28430400043726 -1.106784000992775 2
      vertex -6.14571263641119 -1.0958476811647415 1.2
      vertex -6.28430400043726 -1.106784000992775 1.2
    endloop
  endfacet
  facet normal 0.5254512449425074 -0.8508237121686072 0
    outer loop
      vertex -5.453581437468529 -1.6664985567331314 2
      vertex -5.453581437468529 -1.6664985567331314 1.2
      vertex -5.2196793630719185 -1.5220454409718513 1.2
    endloop
  endfacet
  facet normal 0.6573011048452 -0.7536280631513662 0
    outer loop
      vertex -5.2196793630719185 -1.5220454409718513 2
      vertex -5.2196793630719185 -1.5220454409718513 1.2
      vertex -5.0067360028624535 -1.3363199979066849 1.2
    endloop
  endfacet
  facet normal 0.7659902079799152 -0.6428522390712242 0
    outer loop
      vertex -5.0067360028624535 -1.3363199979066849 2
      vertex -5.0067360028624535 -1.3363199979066849 1.2
      vertex -4.824518397450447 -1.1191987171769142 1.2
    endloop
  endfacet
  facet normal -0.7405082401981038 -0.6720472797346235 0
    outer loop
      vertex -3.828234240412712 -1.4405337572097778 2
      vertex -3.828234240412712 -1.4405337572097778 1.2
      vertex -3.7175040021538734 -1.5625440031290054 1.2
    endloop
  endfacet
  facet normal -0.8416885052134647 -0.5399633878250668 0
    outer loop
      vertex -3.9143577590584755 -1.3062854409217834 2
      vertex -3.9143577590584755 -1.3062854409217834 1.2
      vertex -3.828234240412712 -1.4405337572097778 1.2
    endloop
  endfacet
  facet normal -0.9219989348584595 -0.3871924122705224 0
    outer loop
      vertex -3.9758745580911636 -1.159799039363861 2
      vertex -3.9758745580911636 -1.159799039363861 1.2
      vertex -3.9143577590584755 -1.3062854409217834 1.2
    endloop
  endfacet
  facet normal 0.5666392372650539 0.8239660034198487 0
    outer loop
      vertex -6.784256637096405 -0.9318028762936592 2
      vertex -6.672936961054802 -1.008357122540474 1.2
      vertex -6.784256637096405 -0.9318028762936592 1.2
    endloop
  endfacet
  facet normal 0.4134255654230411 0.9105379189548555 0
    outer loop
      vertex -6.672936961054802 -1.008357122540474 2
      vertex -6.5525049567222595 -1.0630387216806412 1.2
      vertex -6.672936961054802 -1.008357122540474 1.2
    endloop
  endfacet
  facet normal 0.2455127923293072 0.9693933509172975 0
    outer loop
      vertex -6.5525049567222595 -1.0630387216806412 2
      vertex -6.422960638999939 -1.0958476811647415 1.2
      vertex -6.5525049567222595 -1.0630387216806412 1.2
    endloop
  endfacet
  facet normal 0.6936598738669532 0.7203026998331206 0
    outer loop
      vertex -6.88646399974823 -0.8333759978413582 2
      vertex -6.784256637096405 -0.9318028762936592 1.2
      vertex -6.88646399974823 -0.8333759978413582 1.2
    endloop
  endfacet
  facet normal 0.8964346701600284 0.443175904280773 0
    outer loop
      vertex -7.042705923318863 -0.5761113613843918 2
      vertex -6.974350079894066 -0.7143782377243042 1.2
      vertex -7.042705923318863 -0.5761113613843918 1.2
    endloop
  endfacet
  facet normal 0.804398342561781 0.594090318456596 0
    outer loop
      vertex -6.974350079894066 -0.7143782377243042 2
      vertex -6.88646399974823 -0.8333759978413582 1.2
      vertex -6.974350079894066 -0.7143782377243042 1.2
    endloop
  endfacet
  facet normal -0.24586205445600257 0.9693048283066962 0
    outer loop
      vertex -6.14571263641119 -1.0958476811647415 2
      vertex -6.01636415719986 -1.0630387216806412 1.2
      vertex -6.14571263641119 -1.0958476811647415 1.2
    endloop
  endfacet
  facet normal -0.41435643918526316 0.910114685798284 0
    outer loop
      vertex -6.01636415719986 -1.0630387216806412 2
      vertex -5.896258562803268 -1.008357122540474 1.2
      vertex -6.01636415719986 -1.0630387216806412 1.2
    endloop
  endfacet
  facet normal -0.5682217513279006 0.82287547133078 0
    outer loop
      vertex -5.896258562803268 -1.008357122540474 2
      vertex -5.785395838320255 -0.9318028762936592 1.2
      vertex -5.896258562803268 -1.008357122540474 1.2
    endloop
  endfacet
  facet normal -0.6957319795888587 0.7183014774990847 0
    outer loop
      vertex -5.785395838320255 -0.9318028762936592 2
      vertex -5.683775998651981 -0.8333759978413582 1.2
      vertex -5.785395838320255 -0.9318028762936592 1.2
    endloop
  endfacet
  facet normal -0.8069143542376406 0.5906684560100119 0
    outer loop
      vertex -5.683775998651981 -0.8333759978413582 2
      vertex -5.5964774414896965 -0.7141171172261238 1.2
      vertex -5.683775998651981 -0.8333759978413582 1.2
    endloop
  endfacet
  facet normal -0.8985913950387066 0.43878639992870233 0
    outer loop
      vertex -5.5964774414896965 -0.7141171172261238 2
      vertex -5.52857855707407 -0.5750668793916702 1.2
      vertex -5.5964774414896965 -0.7141171172261238 1.2
    endloop
  endfacet
  facet normal 0.9551754340209417 0.29604035238951076 0
    outer loop
      vertex -7.091531522572041 -0.41857536137104034 2
      vertex -7.042705923318863 -0.5761113613843918 1.2
      vertex -7.091531522572041 -0.41857536137104034 1.2
    endloop
  endfacet
  facet normal 0.9865492638354265 0.16346421634650837 0
    outer loop
      vertex -7.120826877653599 -0.24177023768424988 2
      vertex -7.091531522572041 -0.41857536137104034 1.2
      vertex -7.120826877653599 -0.24177023768424988 1.2
    endloop
  endfacet
  facet normal 0.998762122633605 0.049741555991101374 0
    outer loop
      vertex -7.130592003464699 -0.04569599777460098 2
      vertex -7.120826877653599 -0.24177023768424988 1.2
      vertex -7.130592003464699 -0.04569599777460098 1.2
    endloop
  endfacet
  facet normal 0.8597681774834673 -0.5106845219768824 0
    outer loop
      vertex -4.824518397450447 -1.1191987171769142 2
      vertex -4.824518397450447 -1.1191987171769142 1.2
      vertex -4.682793602347374 -0.8805964812636375 1.2
    endloop
  endfacet
  facet normal 0.9318974725504713 -0.362721795118578 0
    outer loop
      vertex -4.682793602347374 -0.8805964812636375 2
      vertex -4.682793602347374 -0.8805964812636375 1.2
      vertex -4.581561602652073 -0.6205132827162743 1.2
    endloop
  endfacet
  facet normal -0.9740115337193243 -0.22649841540666335 0
    outer loop
      vertex -4.0127846375107765 -1.0010745599865913 2
      vertex -4.0127846375107765 -1.0010745599865913 1.2
      vertex -3.9758745580911636 -1.159799039363861 1.2
    endloop
  endfacet
  facet normal -0.9974205178414223 -0.0717795973027767 0
    outer loop
      vertex -4.025087997317314 -0.8301120027899742 2
      vertex -4.025087997317314 -0.8301120027899742 1.2
      vertex -4.0127846375107765 -1.0010745599865913 1.2
    endloop
  endfacet
  facet normal -0.9988095314802928 0.04878032209936566 0
    outer loop
      vertex -4.0194892808794975 -0.7154745608568192 2
      vertex -4.0194892808794975 -0.7154745608568192 1.2
      vertex -4.025087997317314 -0.8301120027899742 1.2
    endloop
  endfacet
  facet normal -0.9884512610868202 0.15153911856637745 0
    outer loop
      vertex -4.0026931166648865 -0.605917438864708 2
      vertex -4.0026931166648865 -0.605917438864708 1.2
      vertex -4.0194892808794975 -0.7154745608568192 1.2
    endloop
  endfacet
  facet normal -0.9564116859044238 0.292021723619079 0
    outer loop
      vertex -5.52857855707407 -0.5750668793916702 2
      vertex -5.480079360306263 -0.41622527688741684 1.2
      vertex -5.52857855707407 -0.5750668793916702 1.2
    endloop
  endfacet
  facet normal -0.9869899674043624 0.16078185296586134 0
    outer loop
      vertex -5.480079360306263 -0.41622527688741684 2
      vertex -5.450979836285114 -0.23759231716394424 1.2
      vertex -5.480079360306263 -0.41622527688741684 1.2
    endloop
  endfacet
  facet normal -0.9988072991830723 0.04882600842396125 0
    outer loop
      vertex -5.450979836285114 -0.23759231716394424 2
      vertex -5.441279999911785 -0.03916800022125244 1.2
      vertex -5.450979836285114 -0.23759231716394424 1.2
    endloop
  endfacet
  facet normal 0.9775141178249173 -0.21086998234213836 0
    outer loop
      vertex -4.581561602652073 -0.6205132827162743 2
      vertex -4.581561602652073 -0.6205132827162743 1.2
      vertex -4.520822398364544 -0.33894912153482437 1.2
    endloop
  endfacet
  facet normal -0.9659278548049445 0.25881147445953395 0
    outer loop
      vertex -3.974699519574642 -0.5014406368136406 2
      vertex -3.974699519574642 -0.5014406368136406 1.2
      vertex -4.0026931166648865 -0.605917438864708 1.2
    endloop
  endfacet
  facet normal -0.9302971165031578 0.36680686338441126 0
    outer loop
      vertex -3.935508482158184 -0.4020441621541977 2
      vertex -3.935508482158184 -0.4020441621541977 1.2
      vertex -3.974699519574642 -0.5014406368136406 1.2
    endloop
  endfacet
  facet normal -0.8820167071700333 0.47121813236857896 0
    outer loop
      vertex -3.8851199969649315 -0.30772799998521805 2
      vertex -3.8851199969649315 -0.30772799998521805 1.2
      vertex -3.935508482158184 -0.4020441621541977 1.2
    endloop
  endfacet
  facet normal 0.9977756650651951 -0.06666124964105971 0
    outer loop
      vertex -4.520822398364544 -0.33894912153482437 2
      vertex -4.520822398364544 -0.33894912153482437 1.2
      vertex -4.500575996935368 -0.03590399771928787 1.2
    endloop
  endfacet
  facet normal -0.8226215164537988 0.5685893427309838 0
    outer loop
      vertex -3.8246419206261635 -0.22022975981235504 2
      vertex -3.8246419206261635 -0.22022975981235504 1.2
      vertex -3.8851199969649315 -0.30772799998521805 1.2
    endloop
  endfacet
  facet normal -0.7506001081709087 0.6607567461735219 0
    outer loop
      vertex -3.7551820799708366 -0.1413254365324974 2
      vertex -3.7551820799708366 -0.1413254365324974 1.2
      vertex -3.8246419206261635 -0.22022975981235504 1.2
    endloop
  endfacet
  facet normal -0.32551688138836027 -0.9455362287777217 0
    outer loop
      vertex -3.43521024286747 -1.7479391992092133 2
      vertex -3.43521024286747 -1.7479391992092133 1.2
      vertex -3.266922242939472 -1.8058751970529556 1.2
    endloop
  endfacet
  facet normal -0.47517468443965727 -0.8798914815292123 0
    outer loop
      vertex -3.58540415763855 -1.66682880371809 2
      vertex -3.58540415763855 -1.66682880371809 1.2
      vertex -3.43521024286747 -1.7479391992092133 1.2
    endloop
  endfacet
  facet normal -0.18334562269159874 -0.9830485148963045 0
    outer loop
      vertex -3.266922242939472 -1.8058751970529556 2
      vertex -3.266922242939472 -1.8058751970529556 1.2
      vertex -3.080540157854557 -1.8406367972493172 1.2
    endloop
  endfacet
  facet normal -0.05657697648273183 -0.9983982400485653 0
    outer loop
      vertex -3.080540157854557 -1.8406367972493172 2
      vertex -3.080540157854557 -1.8406367972493172 1.2
      vertex -2.8760640025138855 -1.8522239997982979 1.2
    endloop
  endfacet
  facet normal 0.03804823213325524 -0.9992759038581557 0
    outer loop
      vertex -2.8760640025138855 -1.8522239997982979 2
      vertex -2.8760640025138855 -1.8522239997982979 1.2
      vertex -2.7564038410782814 -1.8476678431034088 1.2
    endloop
  endfacet
  facet normal 0.11623969175344342 -0.9932211909041533 0
    outer loop
      vertex -2.7564038410782814 -1.8476678431034088 2
      vertex -2.7564038410782814 -1.8476678431034088 1.2
      vertex -2.6396121606230736 -1.8339993581175804 1.2
    endloop
  endfacet
  facet normal 0.19608434114567516 -0.9805870339533694 0
    outer loop
      vertex -2.6396121606230736 -1.8339993581175804 2
      vertex -2.6396121606230736 -1.8339993581175804 1.2
      vertex -2.525688961148262 -1.8112185597419739 1.2
    endloop
  endfacet
  facet normal 0.2760267253444509 -0.9611499606698318 0
    outer loop
      vertex -2.525688961148262 -1.8112185597419739 2
      vertex -2.525688961148262 -1.8112185597419739 1.2
      vertex -2.4146342426538467 -1.7793254405260086 1.2
    endloop
  endfacet
  facet normal 0.35442208464435776 -0.9350855500521584 0
    outer loop
      vertex -2.4146342426538467 -1.7793254405260086 2
      vertex -2.4146342426538467 -1.7793254405260086 1.2
      vertex -2.306447997689247 -1.7383200004696846 1.2
    endloop
  endfacet
  facet normal 0.42933549057586134 -0.9031450805557126 0
    outer loop
      vertex -2.306447997689247 -1.7383200004696846 2
      vertex -2.306447997689247 -1.7383200004696846 1.2
      vertex -2.2009804770350456 -1.6881830394268036 1.2
    endloop
  endfacet
  facet normal 0.4991337785634434 -0.8665249396855116 0
    outer loop
      vertex -2.2009804770350456 -1.6881830394268036 2
      vertex -2.2009804770350456 -1.6881830394268036 1.2
      vertex -2.09812031686306 -1.6289337575435638 1.2
    endloop
  endfacet
  facet normal -0.6196276327128681 -0.784895914614573 0
    outer loop
      vertex -3.7175040021538734 -1.5625440031290054 2
      vertex -3.7175040021538734 -1.5625440031290054 1.2
      vertex -3.58540415763855 -1.66682880371809 1.2
    endloop
  endfacet
  facet normal 0.3584271224396552 0.9335577099995631 0
    outer loop
      vertex -2.8401350378990173 -1.15733952075243 2
      vertex -2.767223037779331 -1.1853331178426743 1.2
      vertex -2.8401350378990173 -1.15733952075243 1.2
    endloop
  endfacet
  facet normal 0.5067965474349012 0.8620656932670874 0
    outer loop
      vertex -2.9067993611097336 -1.1181484833359718 2
      vertex -2.8401350378990173 -1.15733952075243 1.2
      vertex -2.9067993611097336 -1.1181484833359718 1.2
    endloop
  endfacet
  facet normal 0.5633785320105529 -0.8261989044229207 0
    outer loop
      vertex -2.09812031686306 -1.6289337575435638 2
      vertex -2.09812031686306 -1.6289337575435638 1.2
      vertex -1.9978675171732903 -1.560572162270546 1.2
    endloop
  endfacet
  facet normal 0.6215473158631863 -0.7833766234342638 0
    outer loop
      vertex -1.9978675171732903 -1.560572162270546 2
      vertex -1.9978675171732903 -1.560572162270546 1.2
      vertex -1.9002220779657364 -1.4830982387065887 1.2
    endloop
  endfacet
  facet normal 0.67347294258297 -0.7392118746399003 0
    outer loop
      vertex -1.9002220779657364 -1.4830982387065887 2
      vertex -1.9002220779657364 -1.4830982387065887 1.2
      vertex -1.8051839992403984 -1.3965120017528534 1.2
    endloop
  endfacet
  facet normal 0.20755999562185198 0.9782222897774598 0
    outer loop
      vertex -2.767223037779331 -1.1853331178426743 2
      vertex -2.688063360750675 -1.2021292820572853 1.2
      vertex -2.767223037779331 -1.1853331178426743 1.2
    endloop
  endfacet
  facet normal 0.06541269458508327 0.9978582962460745 0
    outer loop
      vertex -2.688063360750675 -1.2021292820572853 2
      vertex -2.6026559993624687 -1.207727998495102 1.2
      vertex -2.688063360750675 -1.2021292820572853 1.2
    endloop
  endfacet
  facet normal -0.06625962776170806 0.9978024161771106 0
    outer loop
      vertex -2.6026559993624687 -1.207727998495102 2
      vertex -2.504611201584339 -1.2012172788381577 1.2
      vertex -2.6026559993624687 -1.207727998495102 1.2
    endloop
  endfacet
  facet normal -0.19893578833129053 0.9800125265122931 0
    outer loop
      vertex -2.504611201584339 -1.2012172788381577 2
      vertex -2.4083904027938843 -1.1816851198673248 1.2
      vertex -2.504611201584339 -1.2012172788381577 1.2
    endloop
  endfacet
  facet normal -0.32601733481034334 0.945363791036636 0
    outer loop
      vertex -2.4083904027938843 -1.1816851198673248 2
      vertex -2.313993602991104 -1.1491315215826035 1.2
      vertex -2.4083904027938843 -1.1816851198673248 1.2
    endloop
  endfacet
  facet normal -0.44168982198371404 0.8971678221804408 0
    outer loop
      vertex -2.313993602991104 -1.1491315215826035 2
      vertex -2.2214208021759987 -1.103556476533413 1.2
      vertex -2.313993602991104 -1.1491315215826035 1.2
    endloop
  endfacet
  facet normal -0.9364548079050035 -0.35078824488799976 0
    outer loop
      vertex -1.6996780782938004 -1.7341056019067764 2
      vertex -1.6996780782938004 -1.7341056019067764 1.2
      vertex -1.6847039982676506 -1.7740800008177757 1.2
    endloop
  endfacet
  facet normal -0.9449484480931541 -0.32721923911399187 0
    outer loop
      vertex -1.715953916311264 -1.6871040016412735 2
      vertex -1.715953916311264 -1.6871040016412735 1.2
      vertex -1.6996780782938004 -1.7341056019067764 1.2
    endloop
  endfacet
  facet normal -0.9509396405187965 -0.3093764698389034 0
    outer loop
      vertex -1.7335315197706223 -1.633075200021267 2
      vertex -1.7335315197706223 -1.633075200021267 1.2
      vertex -1.715953916311264 -1.6871040016412735 1.2
    endloop
  endfacet
  facet normal 0 -1 0
    outer loop
      vertex -1.6847039982676506 -1.7740800008177757 2
      vertex -1.6847039982676506 -1.7740800008177757 1.2
      vertex -0.7798559963703156 -1.7740800008177757 1.2
    endloop
  endfacet
  facet normal 0.9079118652538625 0.41916112049097815 0
    outer loop
      vertex -0.7798559963703156 -1.7740800008177757 2
      vertex -0.7798559963703156 -1.7740800008177757 1.2
      vertex -0.8249702379107475 -1.6763615980744362 1.2
    endloop
  endfacet
  facet normal 0.9254289273295837 0.37892123252942184 0
    outer loop
      vertex -0.8249702379107475 -1.6763615980744362 2
      vertex -0.8249702379107475 -1.6763615980744362 1.2
      vertex -0.8639673590660095 -1.5811199992895126 1.2
    endloop
  endfacet
  facet normal -0.9553694982227674 -0.29541347610692664 0
    outer loop
      vertex -1.7524108812212944 -1.5720191970467567 2
      vertex -1.7524108812212944 -1.5720191970467567 1.2
      vertex -1.7335315197706223 -1.633075200021267 1.2
    endloop
  endfacet
  facet normal -0.9587661915871948 -0.28419604126269343 0
    outer loop
      vertex -1.7725920006632805 -1.5039360001683235 2
      vertex -1.7725920006632805 -1.5039360001683235 1.2
      vertex -1.7524108812212944 -1.5720191970467567 1.2
    endloop
  endfacet
  facet normal -0.9621166429331719 -0.27263815835462807 0
    outer loop
      vertex -1.7811916768550873 -1.4735884815454483 2
      vertex -1.7811916768550873 -1.4735884815454483 1.2
      vertex -1.7725920006632805 -1.5039360001683235 1.2
    endloop
  endfacet
  facet normal -0.9599983431729364 -0.28000568048740915 0
    outer loop
      vertex -1.7887507230043411 -1.4476723223924637 2
      vertex -1.7887507230043411 -1.4476723223924637 1.2
      vertex -1.7811916768550873 -1.4735884815454483 1.2
    endloop
  endfacet
  facet normal -0.9569273310135815 -0.2903275446099172 0
    outer loop
      vertex -1.7952691167593002 -1.4261875227093697 2
      vertex -1.7952691167593002 -1.4261875227093697 1.2
      vertex -1.7887507230043411 -1.4476723223924637 1.2
    endloop
  endfacet
  facet normal -0.9520887100019326 -0.305821987906128 0
    outer loop
      vertex -1.8007468804717064 -1.4091340824961662 2
      vertex -1.8007468804717064 -1.4091340824961662 1.2
      vertex -1.7952691167593002 -1.4261875227093697 1.2
    endloop
  endfacet
  facet normal -0.9434055774007336 -0.33164124672481304 0
    outer loop
      vertex -1.8051839992403984 -1.3965120017528534 2
      vertex -1.8051839992403984 -1.3965120017528534 1.2
      vertex -1.8007468804717064 -1.4091340824961662 1.2
    endloop
  endfacet
  facet normal 0.9734559563870866 0.22887442184416865 0
    outer loop
      vertex -0.9236102402210236 -1.3980671986937523 2
      vertex -0.9236102402210236 -1.3980671986937523 1.2
      vertex -0.9442560002207756 -1.3102559968829155 1.2
    endloop
  endfacet
  facet normal 0.986750470732455 0.16224521105190826 0
    outer loop
      vertex -0.9442560002207756 -1.3102559968829155 2
      vertex -0.9442560002207756 -1.3102559968829155 1.2
      vertex -0.9600671976804733 -1.2140947207808495 1.2
    endloop
  endfacet
  facet normal 0.9943601550372159 0.1060560327108465 0
    outer loop
      vertex -0.9600671976804733 -1.2140947207808495 2
      vertex -0.9600671976804733 -1.2140947207808495 1.2
      vertex -0.9723647981882095 -1.0987948775291443 1.2
    endloop
  endfacet
  facet normal 0.9425447017927868 0.3340800579536983 0
    outer loop
      vertex -0.8639673590660095 -1.5811199992895126 2
      vertex -0.8639673590660095 -1.5811199992895126 1.2
      vertex -0.8968473598361015 -1.4883551970124245 1.2
    endloop
  endfacet
  facet normal 0.9587666345890467 0.2841945467435883 0
    outer loop
      vertex -0.8968473598361015 -1.4883551970124245 2
      vertex -0.8968473598361015 -1.4883551970124245 1.2
      vertex -0.9236102402210236 -1.3980671986937523 1.2
    endloop
  endfacet
  facet normal 0.8406733559351004 0.5415425270658029 0
    outer loop
      vertex -3.0588537603616714 -0.9474527984857559 2
      vertex -3.0187622383236885 -1.009689599275589 1.2
      vertex -3.0588537603616714 -0.9474527984857559 1.2
    endloop
  endfacet
  facet normal 0.6404940616566446 0.7679631221501293 0
    outer loop
      vertex -2.9672159999608994 -1.0677599981427193 2
      vertex -2.9067993611097336 -1.1181484833359718 1.2
      vertex -2.9672159999608994 -1.0677599981427193 1.2
    endloop
  endfacet
  facet normal 0.7478688959053278 0.6638464540368849 0
    outer loop
      vertex -3.0187622383236885 -1.009689599275589 2
      vertex -2.9672159999608994 -1.0677599981427193 1.2
      vertex -3.0187622383236885 -1.009689599275589 1.2
    endloop
  endfacet
  facet normal 0.9182500214730391 0.39600113391853214 0
    outer loop
      vertex -3.0874905586242676 -0.8810496032238007 2
      vertex -3.0588537603616714 -0.9474527984857559 1.2
      vertex -3.0874905586242676 -0.8810496032238007 1.2
    endloop
  endfacet
  facet normal 0.9716153998655261 0.2365660895905277 0
    outer loop
      vertex -3.1046726405620575 -0.810479998588562 2
      vertex -3.0874905586242676 -0.8810496032238007 1.2
      vertex -3.1046726405620575 -0.810479998588562 1.2
    endloop
  endfacet
  facet normal 0.9970764453266121 0.0764104847180507 0
    outer loop
      vertex -3.1103999987244606 -0.7357439994812012 2
      vertex -3.1046726405620575 -0.810479998588562 1.2
      vertex -3.1103999987244606 -0.7357439994812012 1.2
    endloop
  endfacet
  facet normal 0.9955208467750749 -0.0945422849112396 0
    outer loop
      vertex -3.103240318596363 -0.6603532806038857 2
      vertex -3.1103999987244606 -0.7357439994812012 1.2
      vertex -3.103240318596363 -0.6603532806038857 1.2
    endloop
  endfacet
  facet normal 0.9559156783085773 -0.29364130493486906 0
    outer loop
      vertex -3.0817612782120705 -0.5904307216405869 2
      vertex -3.103240318596363 -0.6603532806038857 1.2
      vertex -3.0817612782120705 -0.5904307216405869 1.2
    endloop
  endfacet
  facet normal 0.8742125404620565 -0.4855434420305532 0
    outer loop
      vertex -3.045962877571583 -0.5259763225913048 2
      vertex -3.0817612782120705 -0.5904307216405869 1.2
      vertex -3.045962877571583 -0.5259763225913048 1.2
    endloop
  endfacet
  facet normal -0.5424462263629681 0.8400905257795588 0
    outer loop
      vertex -2.2214208021759987 -1.103556476533413 2
      vertex -2.130672000348568 -1.0449599996209145 1.2
      vertex -2.2214208021759987 -1.103556476533413 1.2
    endloop
  endfacet
  facet normal -0.6412567491138023 0.7673263853902054 0
    outer loop
      vertex -2.130672000348568 -1.0449599996209145 2
      vertex -2.0688172802329063 -0.9932678416371346 1.2
      vertex -2.130672000348568 -1.0449599996209145 1.2
    endloop
  endfacet
  facet normal -0.7287179783811992 0.6848139221598946 0
    outer loop
      vertex -2.0688172802329063 -0.9932678416371346 2
      vertex -2.016078718006611 -0.9371481612324715 1.2
      vertex -2.0688172802329063 -0.9932678416371346 1.2
    endloop
  endfacet
  facet normal -0.8113537738180825 0.5845554325392552 0
    outer loop
      vertex -2.016078718006611 -0.9371481612324715 2
      vertex -1.9724563211202621 -0.8766009584069252 1.2
      vertex -2.016078718006611 -0.9371481612324715 1.2
    endloop
  endfacet
  facet normal -0.8831809250569327 0.4690324654174597 0
    outer loop
      vertex -1.9724563211202621 -0.8766009584069252 2
      vertex -1.9379500821232796 -0.8116262406110764 1.2
      vertex -1.9724563211202621 -0.8766009584069252 1.2
    endloop
  endfacet
  facet normal -0.9391271413372788 0.34356980717704333 0
    outer loop
      vertex -1.9379500821232796 -0.8116262406110764 2
      vertex -1.9125600010156631 -0.7422240003943443 1.2
      vertex -1.9379500821232796 -0.8116262406110764 1.2
    endloop
  endfacet
  facet normal -0.973917423818192 0.22690273595383548 0
    outer loop
      vertex -1.9125600010156631 -0.7422240003943443 2
      vertex -1.8996691182255745 -0.6868934407830238 1.2
      vertex -1.9125600010156631 -0.7422240003943443 1.2
    endloop
  endfacet
  facet normal -0.9905099994943366 0.13744068139284382 0
    outer loop
      vertex -1.8996691182255745 -0.6868934407830238 2
      vertex -1.8896428793668747 -0.6146361604332924 1.2
      vertex -1.8996691182255745 -0.6868934407830238 1.2
    endloop
  endfacet
  facet normal -0.9967913500551103 0.08004376587411847 0
    outer loop
      vertex -1.8896428793668747 -0.6146361604332924 2
      vertex -1.8824812769889832 -0.52545215934515 1.2
      vertex -1.8896428793668747 -0.6146361604332924 1.2
    endloop
  endfacet
  facet normal 0.7620702669607983 -0.6474943306425915 0
    outer loop
      vertex -2.9958451166749 -0.46699008345603943 2
      vertex -3.045962877571583 -0.5259763225913048 1.2
      vertex -2.9958451166749 -0.46699008345603943 1.2
    endloop
  endfacet
  facet normal 0.6389187906469269 -0.7692741897127893 0
    outer loop
      vertex -2.931408002972603 -0.4134719967842102 2
      vertex -2.9958451166749 -0.46699008345603943 1.2
      vertex -2.931408002972603 -0.4134719967842102 1.2
    endloop
  endfacet
  facet normal 0.4793576850885542 -0.8776196270290122 0
    outer loop
      vertex -2.8739769607782364 -0.3821030408143997 2
      vertex -2.931408002972603 -0.4134719967842102 1.2
      vertex -2.8739769607782364 -0.3821030408143997 1.2
    endloop
  endfacet
  facet normal 0.3736499118164281 -0.9275698051357513 0
    outer loop
      vertex -2.795456640422344 -0.35047295689582825 2
      vertex -2.8739769607782364 -0.3821030408143997 1.2
      vertex -2.795456640422344 -0.35047295689582825 1.2
    endloop
  endfacet
  facet normal -0.6674579092948338 0.7446475269009959 0
    outer loop
      vertex -3.6767404824495316 -0.07101503759622574 2
      vertex -3.6767404824495316 -0.07101503759622574 1.2
      vertex -3.7551820799708366 -0.1413254365324974 1.2
    endloop
  endfacet
  facet normal -0.5767197845643515 0.8169420359438286 0
    outer loop
      vertex -3.5893171206116676 -0.009298563003540039 2
      vertex -3.5893171206116676 -0.009298563003540039 1.2
      vertex -3.6767404824495316 -0.07101503759622574 1.2
    endloop
  endfacet
  facet normal 0.30491557984299644 -0.952379383002913 0
    outer loop
      vertex -2.6958470419049263 -0.318581759929657 2
      vertex -2.795456640422344 -0.35047295689582825 1.2
      vertex -2.6958470419049263 -0.318581759929657 1.2
    endloop
  endfacet
  facet normal 0.2574081265872433 -0.9663027767562533 0
    outer loop
      vertex -2.575148157775402 -0.28642944246530533 2
      vertex -2.6958470419049263 -0.318581759929657 1.2
      vertex -2.575148157775402 -0.28642944246530533 1.2
    endloop
  endfacet
  facet normal -0.9991810827063996 0.0404618828240462 0
    outer loop
      vertex -1.8824812769889832 -0.52545215934515 2
      vertex -1.8781843185424805 -0.41934143751859665 1.2
      vertex -1.8824812769889832 -0.52545215934515 1.2
    endloop
  endfacet
  facet normal -0.9999322463601502 0.011640562234870422 0
    outer loop
      vertex -1.8781843185424805 -0.41934143751859665 2
      vertex -1.876751996576786 -0.29630400240421295 1.2
      vertex -1.8781843185424805 -0.41934143751859665 1.2
    endloop
  endfacet
  facet normal 0.22285567019054267 -0.9748514503573988 0
    outer loop
      vertex -2.4333600029349327 -0.2540159970521927 2
      vertex -2.575148157775402 -0.28642944246530533 1.2
      vertex -2.4333600029349327 -0.2540159970521927 1.2
    endloop
  endfacet
  facet normal 0.21447750508305347 -0.9767289285228267 0
    outer loop
      vertex -2.2892294377088547 -0.22236672043800354 2
      vertex -2.4333600029349327 -0.2540159970521927 1.2
      vertex -2.2892294377088547 -0.22236672043800354 1.2
    endloop
  endfacet
  facet normal 0.22736474526551217 -0.9738096696019961 0
    outer loop
      vertex -2.1615033596754074 -0.19254527986049652 2
      vertex -2.2892294377088547 -0.22236672043800354 1.2
      vertex -2.1615033596754074 -0.19254527986049652 1.2
    endloop
  endfacet
  facet normal -1 0 0
    outer loop
      vertex -1.876751996576786 -0.29630400240421295 2
      vertex -1.876751996576786 -0.11404799669981003 1.2
      vertex -1.876751996576786 -0.29630400240421295 1.2
    endloop
  endfacet
  facet normal 0.2438735003174932 -0.9698070508317073 0
    outer loop
      vertex -2.0501817613840103 -0.16455168277025223 2
      vertex -2.1615033596754074 -0.19254527986049652 1.2
      vertex -2.0501817613840103 -0.16455168277025223 1.2
    endloop
  endfacet
  facet normal 0.26575653888045525 -0.9640401765706038 0
    outer loop
      vertex -1.9552646428346634 -0.13838592171669006 2
      vertex -2.0501817613840103 -0.16455168277025223 1.2
      vertex -1.9552646428346634 -0.13838592171669006 1.2
    endloop
  endfacet
  facet normal 0.2960877239317874 -0.9551607507309405 0
    outer loop
      vertex -1.876751996576786 -0.11404799669981003 2
      vertex -1.9552646428346634 -0.13838592171669006 1.2
      vertex -1.876751996576786 -0.11404799669981003 1.2
    endloop
  endfacet
  facet normal 0.9978722502851457 0.06519947937567934 0
    outer loop
      vertex -0.9723647981882095 -1.0987948775291443 2
      vertex -0.9723647981882095 -1.0987948775291443 1.2
      vertex -0.9811488017439842 -0.9643564820289612 1.2
    endloop
  endfacet
  facet normal 0.9994116693465359 0.03429745142092009 0
    outer loop
      vertex -0.9811488017439842 -0.9643564820289612 2
      vertex -0.9811488017439842 -0.9643564820289612 1.2
      vertex -0.9864192008972168 -0.810779519379139 1.2
    endloop
  endfacet
  facet normal 0.999948272760871 0.010171125923441783 0
    outer loop
      vertex -0.9864192008972168 -0.810779519379139 2
      vertex -0.9864192008972168 -0.810779519379139 1.2
      vertex -0.9881760030984879 -0.6380639970302582 1.2
    endloop
  endfacet
  facet normal 0.9999579413549683 -0.009171451419157534 0
    outer loop
      vertex -0.9881760030984879 -0.6380639970302582 2
      vertex -0.9881760030984879 -0.6380639970302582 1.2
      vertex -0.9783840030431747 0.42955199629068375 1.2
    endloop
  endfacet
  facet normal -0.40566374392636134 -0.9140223886008741 0
    outer loop
      vertex -7.187568001449108 -1.6373760029673576 2
      vertex -7.0132972821593285 -1.7147212773561478 1.2
      vertex -7.0132972821593285 -1.7147212773561478 2
    endloop
  endfacet
  facet normal -0.23061273184438597 -0.9730456145069816 0
    outer loop
      vertex -6.6542035192251205 -1.8178483173251152 2
      vertex -6.835509121417999 -1.7748787179589272 2
      vertex -6.6542035192251205 -1.8178483173251152 1.2
    endloop
  endfacet
  facet normal -0.13815663393214253 -0.9904103919590808 0
    outer loop
      vertex -6.6542035192251205 -1.8178483173251152 2
      vertex -6.469380483031273 -1.8436300829052925 1.2
      vertex -6.469380483031273 -1.8436300829052925 2
    endloop
  endfacet
  facet normal -0.32051484174587264 -0.9472434936280208 0
    outer loop
      vertex -6.835509121417999 -1.7748787179589272 2
      vertex -7.0132972821593285 -1.7147212773561478 2
      vertex -6.835509121417999 -1.7748787179589272 1.2
    endloop
  endfacet
  facet normal -0.04558225638447904 -0.9989605887635906 0
    outer loop
      vertex -6.469380483031273 -1.8436300829052925 2
      vertex -6.281039997935295 -1.8522239997982979 1.2
      vertex -6.281039997935295 -1.8522239997982979 2
    endloop
  endfacet
  facet normal 0.06936643623502707 -0.9975912477182486 0
    outer loop
      vertex -6.281039997935295 -1.8522239997982979 2
      vertex -5.984261758625507 -1.8315878435969353 1.2
      vertex -5.984261758625507 -1.8315878435969353 2
    endloop
  endfacet
  facet normal 0.21900404519709618 -0.9757239508115542 0
    outer loop
      vertex -5.984261758625507 -1.8315878435969353 2
      vertex -5.708442240953445 -1.7696793600916862 1.2
      vertex -5.708442240953445 -1.7696793600916862 2
    endloop
  endfacet
  facet normal -0.49650388190294936 -0.8680345011894989 0
    outer loop
      vertex -7.187568001449108 -1.6373760029673576 2
      vertex -7.351812481880188 -1.5434304028749466 2
      vertex -7.187568001449108 -1.6373760029673576 1.2
    endloop
  endfacet
  facet normal -0.5971334397578422 -0.8021419170713917 0
    outer loop
      vertex -7.351812481880188 -1.5434304028749466 2
      vertex -7.499521918594837 -1.4334720000624657 2
      vertex -7.351812481880188 -1.5434304028749466 1.2
    endloop
  endfacet
  facet normal 0.07862919762972428 0.9969039318209683 0
    outer loop
      vertex -6.28430400043726 -1.106784000992775 2
      vertex -6.28430400043726 -1.106784000992775 1.2
      vertex -6.422960638999939 -1.0958476811647415 2
    endloop
  endfacet
  facet normal -0.07866600172893419 0.9969010282731096 0
    outer loop
      vertex -6.28430400043726 -1.106784000992775 2
      vertex -6.14571263641119 -1.0958476811647415 2
      vertex -6.14571263641119 -1.0958476811647415 1.2
    endloop
  endfacet
  facet normal 0.3752641909209236 -0.9269178965865663 0
    outer loop
      vertex -5.708442240953445 -1.7696793600916862 2
      vertex -5.453581437468529 -1.6664985567331314 1.2
      vertex -5.453581437468529 -1.6664985567331314 2
    endloop
  endfacet
  facet normal 0.5254512449425074 -0.8508237121686072 0
    outer loop
      vertex -5.453581437468529 -1.6664985567331314 2
      vertex -5.2196793630719185 -1.5220454409718513 1.2
      vertex -5.2196793630719185 -1.5220454409718513 2
    endloop
  endfacet
  facet normal 0.6573011048452 -0.7536280631513662 0
    outer loop
      vertex -5.2196793630719185 -1.5220454409718513 2
      vertex -5.0067360028624535 -1.3363199979066849 1.2
      vertex -5.0067360028624535 -1.3363199979066849 2
    endloop
  endfacet
  facet normal 0.7659902079799152 -0.6428522390712242 0
    outer loop
      vertex -5.0067360028624535 -1.3363199979066849 2
      vertex -4.824518397450447 -1.1191987171769142 1.2
      vertex -4.824518397450447 -1.1191987171769142 2
    endloop
  endfacet
  facet normal -0.7405082401981038 -0.6720472797346235 0
    outer loop
      vertex -3.7175040021538734 -1.5625440031290054 2
      vertex -3.828234240412712 -1.4405337572097778 2
      vertex -3.7175040021538734 -1.5625440031290054 1.2
    endloop
  endfacet
  facet normal -0.8416885052134647 -0.5399633878250668 0
    outer loop
      vertex -3.9143577590584755 -1.3062854409217834 2
      vertex -3.828234240412712 -1.4405337572097778 1.2
      vertex -3.828234240412712 -1.4405337572097778 2
    endloop
  endfacet
  facet normal -0.9219989348584595 -0.3871924122705224 0
    outer loop
      vertex -3.9143577590584755 -1.3062854409217834 2
      vertex -3.9758745580911636 -1.159799039363861 2
      vertex -3.9143577590584755 -1.3062854409217834 1.2
    endloop
  endfacet
  facet normal -0.9740115337193243 -0.22649841540666335 0
    outer loop
      vertex -3.9758745580911636 -1.159799039363861 2
      vertex -4.0127846375107765 -1.0010745599865913 2
      vertex -3.9758745580911636 -1.159799039363861 1.2
    endloop
  endfacet
  facet normal 0 0 1
    outer loop
      vertex -7.187568001449108 -1.6373760029673576 2
      vertex -6.784256637096405 -0.9318028762936592 2
      vertex -7.351812481880188 -1.5434304028749466 2
    endloop
  endfacet
  facet normal 0 0 1
    outer loop
      vertex -6.835509121417999 -1.7748787179589272 2
      vertex -6.672936961054802 -1.008357122540474 2
      vertex -7.0132972821593285 -1.7147212773561478 2
    endloop
  endfacet
  facet normal 0 0 1
    outer loop
      vertex -6.6542035192251205 -1.8178483173251152 2
      vertex -6.469380483031273 -1.8436300829052925 2
      vertex -6.422960638999939 -1.0958476811647415 2
    endloop
  endfacet
  facet normal 0 0 1
    outer loop
      vertex -6.6542035192251205 -1.8178483173251152 2
      vertex -6.5525049567222595 -1.0630387216806412 2
      vertex -6.835509121417999 -1.7748787179589272 2
    endloop
  endfacet
  facet normal 0 0 1
    outer loop
      vertex -7.187568001449108 -1.6373760029673576 2
      vertex -7.0132972821593285 -1.7147212773561478 2
      vertex -6.672936961054802 -1.008357122540474 2
    endloop
  endfacet
  facet normal 0 0 1
    outer loop
      vertex -7.351812481880188 -1.5434304028749466 2
      vertex -6.88646399974823 -0.8333759978413582 2
      vertex -7.499521918594837 -1.4334720000624657 2
    endloop
  endfacet
  facet normal 0 0 1
    outer loop
      vertex -7.499521918594837 -1.4334720000624657 2
      vertex -6.88646399974823 -0.8333759978413582 2
      vertex -7.630696319043636 -1.3075008019804955 2
    endloop
  endfacet
  facet normal 0 0 1
    outer loop
      vertex -7.351812481880188 -1.5434304028749466 2
      vertex -6.784256637096405 -0.9318028762936592 2
      vertex -6.88646399974823 -0.8333759978413582 2
    endloop
  endfacet
  facet normal 0 0 1
    outer loop
      vertex -6.6542035192251205 -1.8178483173251152 2
      vertex -6.422960638999939 -1.0958476811647415 2
      vertex -6.5525049567222595 -1.0630387216806412 2
    endloop
  endfacet
  facet normal 0 0 1
    outer loop
      vertex -6.835509121417999 -1.7748787179589272 2
      vertex -6.5525049567222595 -1.0630387216806412 2
      vertex -6.672936961054802 -1.008357122540474 2
    endloop
  endfacet
  facet normal 0 0 1
    outer loop
      vertex -7.187568001449108 -1.6373760029673576 2
      vertex -6.672936961054802 -1.008357122540474 2
      vertex -6.784256637096405 -0.9318028762936592 2
    endloop
  endfacet
  facet normal 0 0 1
    outer loop
      vertex -6.469380483031273 -1.8436300829052925 2
      vertex -6.281039997935295 -1.8522239997982979 2
      vertex -6.28430400043726 -1.106784000992775 2
    endloop
  endfacet
  facet normal 0 0 1
    outer loop
      vertex -6.281039997935295 -1.8522239997982979 2
      vertex -5.984261758625507 -1.8315878435969353 2
      vertex -6.14571263641119 -1.0958476811647415 2
    endloop
  endfacet
  facet normal 0 0 1
    outer loop
      vertex -5.984261758625507 -1.8315878435969353 2
      vertex -5.708442240953445 -1.7696793600916862 2
      vertex -6.01636415719986 -1.0630387216806412 2
    endloop
  endfacet
  facet normal 0 0 1
    outer loop
      vertex -5.708442240953445 -1.7696793600916862 2
      vertex -5.453581437468529 -1.6664985567331314 2
      vertex -5.896258562803268 -1.008357122540474 2
    endloop
  endfacet
  facet normal 0 0 1
    outer loop
      vertex -6.469380483031273 -1.8436300829052925 2
      vertex -6.28430400043726 -1.106784000992775 2
      vertex -6.422960638999939 -1.0958476811647415 2
    endloop
  endfacet
  facet normal 0 0 1
    outer loop
      vertex -6.281039997935295 -1.8522239997982979 2
      vertex -6.14571263641119 -1.0958476811647415 2
      vertex -6.28430400043726 -1.106784000992775 2
    endloop
  endfacet
  facet normal 0 0 1
    outer loop
      vertex -5.984261758625507 -1.8315878435969353 2
      vertex -6.01636415719986 -1.0630387216806412 2
      vertex -6.14571263641119 -1.0958476811647415 2
    endloop
  endfacet
  facet normal 0 0 1
    outer loop
      vertex -5.708442240953445 -1.7696793600916862 2
      vertex -5.896258562803268 -1.008357122540474 2
      vertex -6.01636415719986 -1.0630387216806412 2
    endloop
  endfacet
  facet normal 0 0 1
    outer loop
      vertex -5.453581437468529 -1.6664985567331314 2
      vertex -5.785395838320255 -0.9318028762936592 2
      vertex -5.896258562803268 -1.008357122540474 2
    endloop
  endfacet
  facet normal 0 0 1
    outer loop
      vertex -5.453581437468529 -1.6664985567331314 2
      vertex -5.2196793630719185 -1.5220454409718513 2
      vertex -5.785395838320255 -0.9318028762936592 2
    endloop
  endfacet
  facet normal 0 0 1
    outer loop
      vertex -5.2196793630719185 -1.5220454409718513 2
      vertex -5.0067360028624535 -1.3363199979066849 2
      vertex -5.683775998651981 -0.8333759978413582 2
    endloop
  endfacet
  facet normal 0 0 1
    outer loop
      vertex -5.2196793630719185 -1.5220454409718513 2
      vertex -5.683775998651981 -0.8333759978413582 2
      vertex -5.785395838320255 -0.9318028762936592 2
    endloop
  endfacet
  facet normal 0.4134255654230411 0.9105379189548555 0
    outer loop
      vertex -6.672936961054802 -1.008357122540474 2
      vertex -6.5525049567222595 -1.0630387216806412 2
      vertex -6.5525049567222595 -1.0630387216806412 1.2
    endloop
  endfacet
  facet normal 0.5666392372650539 0.8239660034198487 0
    outer loop
      vertex -6.672936961054802 -1.008357122540474 2
      vertex -6.672936961054802 -1.008357122540474 1.2
      vertex -6.784256637096405 -0.9318028762936592 2
    endloop
  endfacet
  facet normal 0.6936598738669532 0.7203026998331206 0
    outer loop
      vertex -6.784256637096405 -0.9318028762936592 2
      vertex -6.784256637096405 -0.9318028762936592 1.2
      vertex -6.88646399974823 -0.8333759978413582 2
    endloop
  endfacet
  facet normal 0.8964346701600284 0.443175904280773 0
    outer loop
      vertex -6.974350079894066 -0.7143782377243042 2
      vertex -6.974350079894066 -0.7143782377243042 1.2
      vertex -7.042705923318863 -0.5761113613843918 2
    endloop
  endfacet
  facet normal 0.804398342561781 0.594090318456596 0
    outer loop
      vertex -6.88646399974823 -0.8333759978413582 2
      vertex -6.88646399974823 -0.8333759978413582 1.2
      vertex -6.974350079894066 -0.7143782377243042 2
    endloop
  endfacet
  facet normal 0.2455127923293072 0.9693933509172975 0
    outer loop
      vertex -6.5525049567222595 -1.0630387216806412 2
      vertex -6.422960638999939 -1.0958476811647415 2
      vertex -6.422960638999939 -1.0958476811647415 1.2
    endloop
  endfacet
  facet normal -0.24586205445600257 0.9693048283066962 0
    outer loop
      vertex -6.14571263641119 -1.0958476811647415 2
      vertex -6.01636415719986 -1.0630387216806412 2
      vertex -6.01636415719986 -1.0630387216806412 1.2
    endloop
  endfacet
  facet normal -0.41435643918526316 0.910114685798284 0
    outer loop
      vertex -6.01636415719986 -1.0630387216806412 2
      vertex -5.896258562803268 -1.008357122540474 2
      vertex -5.896258562803268 -1.008357122540474 1.2
    endloop
  endfacet
  facet normal -0.5682217513279006 0.82287547133078 0
    outer loop
      vertex -5.896258562803268 -1.008357122540474 2
      vertex -5.785395838320255 -0.9318028762936592 2
      vertex -5.785395838320255 -0.9318028762936592 1.2
    endloop
  endfacet
  facet normal -0.6957319795888587 0.7183014774990847 0
    outer loop
      vertex -5.785395838320255 -0.9318028762936592 2
      vertex -5.683775998651981 -0.8333759978413582 2
      vertex -5.683775998651981 -0.8333759978413582 1.2
    endloop
  endfacet
  facet normal -0.8069143542376406 0.5906684560100119 0
    outer loop
      vertex -5.683775998651981 -0.8333759978413582 2
      vertex -5.5964774414896965 -0.7141171172261238 2
      vertex -5.5964774414896965 -0.7141171172261238 1.2
    endloop
  endfacet
  facet normal 0.9551754340209417 0.29604035238951076 0
    outer loop
      vertex -7.091531522572041 -0.41857536137104034 2
      vertex -7.042705923318863 -0.5761113613843918 2
      vertex -7.042705923318863 -0.5761113613843918 1.2
    endloop
  endfacet
  facet normal 0.9865492638354265 0.16346421634650837 0
    outer loop
      vertex -7.091531522572041 -0.41857536137104034 2
      vertex -7.091531522572041 -0.41857536137104034 1.2
      vertex -7.120826877653599 -0.24177023768424988 2
    endloop
  endfacet
  facet normal 0.998762122633605 0.049741555991101374 0
    outer loop
      vertex -7.120826877653599 -0.24177023768424988 2
      vertex -7.120826877653599 -0.24177023768424988 1.2
      vertex -7.130592003464699 -0.04569599777460098 2
    endloop
  endfacet
  facet normal 0.8597681774834673 -0.5106845219768824 0
    outer loop
      vertex -4.824518397450447 -1.1191987171769142 2
      vertex -4.682793602347374 -0.8805964812636375 1.2
      vertex -4.682793602347374 -0.8805964812636375 2
    endloop
  endfacet
  facet normal -0.8985913950387066 0.43878639992870233 0
    outer loop
      vertex -5.5964774414896965 -0.7141171172261238 2
      vertex -5.52857855707407 -0.5750668793916702 2
      vertex -5.52857855707407 -0.5750668793916702 1.2
    endloop
  endfacet
  facet normal -0.9974205178414223 -0.0717795973027767 0
    outer loop
      vertex -4.0127846375107765 -1.0010745599865913 2
      vertex -4.025087997317314 -0.8301120027899742 2
      vertex -4.0127846375107765 -1.0010745599865913 1.2
    endloop
  endfacet
  facet normal 0.9318974725504713 -0.362721795118578 0
    outer loop
      vertex -4.682793602347374 -0.8805964812636375 2
      vertex -4.581561602652073 -0.6205132827162743 1.2
      vertex -4.581561602652073 -0.6205132827162743 2
    endloop
  endfacet
  facet normal -0.9988095314802928 0.04878032209936566 0
    outer loop
      vertex -4.025087997317314 -0.8301120027899742 2
      vertex -4.0194892808794975 -0.7154745608568192 2
      vertex -4.025087997317314 -0.8301120027899742 1.2
    endloop
  endfacet
  facet normal -0.9884512610868202 0.15153911856637745 0
    outer loop
      vertex -4.0194892808794975 -0.7154745608568192 2
      vertex -4.0026931166648865 -0.605917438864708 2
      vertex -4.0194892808794975 -0.7154745608568192 1.2
    endloop
  endfacet
  facet normal -0.9659278548049445 0.25881147445953395 0
    outer loop
      vertex -4.0026931166648865 -0.605917438864708 2
      vertex -3.974699519574642 -0.5014406368136406 2
      vertex -4.0026931166648865 -0.605917438864708 1.2
    endloop
  endfacet
  facet normal -0.9564116859044238 0.292021723619079 0
    outer loop
      vertex -5.52857855707407 -0.5750668793916702 2
      vertex -5.480079360306263 -0.41622527688741684 2
      vertex -5.480079360306263 -0.41622527688741684 1.2
    endloop
  endfacet
  facet normal -0.9869899674043624 0.16078185296586134 0
    outer loop
      vertex -5.480079360306263 -0.41622527688741684 2
      vertex -5.450979836285114 -0.23759231716394424 2
      vertex -5.450979836285114 -0.23759231716394424 1.2
    endloop
  endfacet
  facet normal -0.9988072991830723 0.04882600842396125 0
    outer loop
      vertex -5.450979836285114 -0.23759231716394424 2
      vertex -5.441279999911785 -0.03916800022125244 2
      vertex -5.441279999911785 -0.03916800022125244 1.2
    endloop
  endfacet
  facet normal 0.9775141178249173 -0.21086998234213836 0
    outer loop
      vertex -4.581561602652073 -0.6205132827162743 2
      vertex -4.520822398364544 -0.33894912153482437 1.2
      vertex -4.520822398364544 -0.33894912153482437 2
    endloop
  endfacet
  facet normal -0.9302971165031578 0.36680686338441126 0
    outer loop
      vertex -3.974699519574642 -0.5014406368136406 2
      vertex -3.935508482158184 -0.4020441621541977 2
      vertex -3.974699519574642 -0.5014406368136406 1.2
    endloop
  endfacet
  facet normal -0.8820167071700333 0.47121813236857896 0
    outer loop
      vertex -3.935508482158184 -0.4020441621541977 2
      vertex -3.8851199969649315 -0.30772799998521805 2
      vertex -3.935508482158184 -0.4020441621541977 1.2
    endloop
  endfacet
  facet normal -0.8226215164537988 0.5685893427309838 0
    outer loop
      vertex -3.8851199969649315 -0.30772799998521805 2
      vertex -3.8246419206261635 -0.22022975981235504 2
      vertex -3.8851199969649315 -0.30772799998521805 1.2
    endloop
  endfacet
  facet normal 0.9977756650651951 -0.06666124964105971 0
    outer loop
      vertex -4.520822398364544 -0.33894912153482437 2
      vertex -4.500575996935368 -0.03590399771928787 1.2
      vertex -4.500575996935368 -0.03590399771928787 2
    endloop
  endfacet
  facet normal -0.7506001081709087 0.6607567461735219 0
    outer loop
      vertex -3.8246419206261635 -0.22022975981235504 2
      vertex -3.7551820799708366 -0.1413254365324974 2
      vertex -3.8246419206261635 -0.22022975981235504 1.2
    endloop
  endfacet
  facet normal -0.6674579092948338 0.7446475269009959 0
    outer loop
      vertex -3.7551820799708366 -0.1413254365324974 2
      vertex -3.6767404824495316 -0.07101503759622574 2
      vertex -3.7551820799708366 -0.1413254365324974 1.2
    endloop
  endfacet
  facet normal 0 0 1
    outer loop
      vertex -7.630696319043636 -1.3075008019804955 2
      vertex -6.88646399974823 -0.8333759978413582 2
      vertex -6.974350079894066 -0.7143782377243042 2
    endloop
  endfacet
  facet normal 0 0 1
    outer loop
      vertex -7.843440003693104 -1.0075199976563454 2
      vertex -6.974350079894066 -0.7143782377243042 2
      vertex -7.042705923318863 -0.5761113613843918 2
    endloop
  endfacet
  facet normal 0 0 1
    outer loop
      vertex -7.924293123185635 -0.8342899233102798 2
      vertex -7.042705923318863 -0.5761113613843918 2
      vertex -7.091531522572041 -0.41857536137104034 2
    endloop
  endfacet
  facet normal 0 0 1
    outer loop
      vertex -8.032097280025482 -0.4444684833288193 2
      vertex -7.091531522572041 -0.41857536137104034 2
      vertex -7.120826877653599 -0.24177023768424988 2
    endloop
  endfacet
  facet normal 0 0 1
    outer loop
      vertex -5.0067360028624535 -1.3363199979066849 2
      vertex -5.5964774414896965 -0.7141171172261238 2
      vertex -5.683775998651981 -0.8333759978413582 2
    endloop
  endfacet
  facet normal 0 0 1
    outer loop
      vertex -5.0067360028624535 -1.3363199979066849 2
      vertex -4.824518397450447 -1.1191987171769142 2
      vertex -5.5964774414896965 -0.7141171172261238 2
    endloop
  endfacet
  facet normal 0 0 1
    outer loop
      vertex -4.824518397450447 -1.1191987171769142 2
      vertex -4.682793602347374 -0.8805964812636375 2
      vertex -5.52857855707407 -0.5750668793916702 2
    endloop
  endfacet
  facet normal 0 0 1
    outer loop
      vertex -4.824518397450447 -1.1191987171769142 2
      vertex -5.52857855707407 -0.5750668793916702 2
      vertex -5.5964774414896965 -0.7141171172261238 2
    endloop
  endfacet
  facet normal 0 0 1
    outer loop
      vertex -4.682793602347374 -0.8805964812636375 2
      vertex -5.480079360306263 -0.41622527688741684 2
      vertex -5.52857855707407 -0.5750668793916702 2
    endloop
  endfacet
  facet normal 0 0 1
    outer loop
      vertex -4.682793602347374 -0.8805964812636375 2
      vertex -4.581561602652073 -0.6205132827162743 2
      vertex -5.480079360306263 -0.41622527688741684 2
    endloop
  endfacet
  facet normal 0 0 1
    outer loop
      vertex -4.0127846375107765 -1.0010745599865913 2
      vertex -3.1046726405620575 -0.810479998588562 2
      vertex -4.025087997317314 -0.8301120027899742 2
    endloop
  endfacet
  facet normal 0 0 1
    outer loop
      vertex -4.025087997317314 -0.8301120027899742 2
      vertex -3.1103999987244606 -0.7357439994812012 2
      vertex -4.0194892808794975 -0.7154745608568192 2
    endloop
  endfacet
  facet normal 0 0 1
    outer loop
      vertex -5.480079360306263 -0.41622527688741684 2
      vertex -4.581561602652073 -0.6205132827162743 2
      vertex -5.450979836285114 -0.23759231716394424 2
    endloop
  endfacet
  facet normal 0 0 1
    outer loop
      vertex -5.450979836285114 -0.23759231716394424 2
      vertex -4.581561602652073 -0.6205132827162743 2
      vertex -4.520822398364544 -0.33894912153482437 2
    endloop
  endfacet
  facet normal 0 0 1
    outer loop
      vertex -5.450979836285114 -0.23759231716394424 2
      vertex -4.520822398364544 -0.33894912153482437 2
      vertex -5.441279999911785 -0.03916800022125244 2
    endloop
  endfacet
  facet normal 0 0 1
    outer loop
      vertex -5.441279999911785 -0.03916800022125244 2
      vertex -4.520822398364544 -0.33894912153482437 2
      vertex -4.500575996935368 -0.03590399771928787 2
    endloop
  endfacet
  facet normal -0.32551688138836027 -0.9455362287777217 0
    outer loop
      vertex -3.266922242939472 -1.8058751970529556 2
      vertex -3.43521024286747 -1.7479391992092133 2
      vertex -3.266922242939472 -1.8058751970529556 1.2
    endloop
  endfacet
  facet normal -0.47517468443965727 -0.8798914815292123 0
    outer loop
      vertex -3.43521024286747 -1.7479391992092133 2
      vertex -3.58540415763855 -1.66682880371809 2
      vertex -3.43521024286747 -1.7479391992092133 1.2
    endloop
  endfacet
  facet normal -0.6196276327128681 -0.784895914614573 0
    outer loop
      vertex -3.58540415763855 -1.66682880371809 2
      vertex -3.7175040021538734 -1.5625440031290054 2
      vertex -3.58540415763855 -1.66682880371809 1.2
    endloop
  endfacet
  facet normal -0.18334562269159874 -0.9830485148963045 0
    outer loop
      vertex -3.080540157854557 -1.8406367972493172 2
      vertex -3.266922242939472 -1.8058751970529556 2
      vertex -3.080540157854557 -1.8406367972493172 1.2
    endloop
  endfacet
  facet normal -0.05657697648273183 -0.9983982400485653 0
    outer loop
      vertex -3.080540157854557 -1.8406367972493172 2
      vertex -2.8760640025138855 -1.8522239997982979 1.2
      vertex -2.8760640025138855 -1.8522239997982979 2
    endloop
  endfacet
  facet normal 0.03804823213325524 -0.9992759038581557 0
    outer loop
      vertex -2.8760640025138855 -1.8522239997982979 2
      vertex -2.7564038410782814 -1.8476678431034088 1.2
      vertex -2.7564038410782814 -1.8476678431034088 2
    endloop
  endfacet
  facet normal 0.11623969175344342 -0.9932211909041533 0
    outer loop
      vertex -2.7564038410782814 -1.8476678431034088 2
      vertex -2.6396121606230736 -1.8339993581175804 1.2
      vertex -2.6396121606230736 -1.8339993581175804 2
    endloop
  endfacet
  facet normal 0.19608434114567516 -0.9805870339533694 0
    outer loop
      vertex -2.6396121606230736 -1.8339993581175804 2
      vertex -2.525688961148262 -1.8112185597419739 1.2
      vertex -2.525688961148262 -1.8112185597419739 2
    endloop
  endfacet
  facet normal 0.2760267253444509 -0.9611499606698318 0
    outer loop
      vertex -2.525688961148262 -1.8112185597419739 2
      vertex -2.4146342426538467 -1.7793254405260086 1.2
      vertex -2.4146342426538467 -1.7793254405260086 2
    endloop
  endfacet
  facet normal 0.35442208464435776 -0.9350855500521584 0
    outer loop
      vertex -2.4146342426538467 -1.7793254405260086 2
      vertex -2.306447997689247 -1.7383200004696846 1.2
      vertex -2.306447997689247 -1.7383200004696846 2
    endloop
  endfacet
  facet normal 0.42933549057586134 -0.9031450805557126 0
    outer loop
      vertex -2.306447997689247 -1.7383200004696846 2
      vertex -2.2009804770350456 -1.6881830394268036 1.2
      vertex -2.2009804770350456 -1.6881830394268036 2
    endloop
  endfacet
  facet normal 0.4991337785634434 -0.8665249396855116 0
    outer loop
      vertex -2.2009804770350456 -1.6881830394268036 2
      vertex -2.09812031686306 -1.6289337575435638 1.2
      vertex -2.09812031686306 -1.6289337575435638 2
    endloop
  endfacet
  facet normal 0.3584271224396552 0.9335577099995631 0
    outer loop
      vertex -2.767223037779331 -1.1853331178426743 2
      vertex -2.767223037779331 -1.1853331178426743 1.2
      vertex -2.8401350378990173 -1.15733952075243 2
    endloop
  endfacet
  facet normal 0.6404940616566446 0.7679631221501293 0
    outer loop
      vertex -2.9067993611097336 -1.1181484833359718 2
      vertex -2.9067993611097336 -1.1181484833359718 1.2
      vertex -2.9672159999608994 -1.0677599981427193 2
    endloop
  endfacet
  facet normal 0.5067965474349012 0.8620656932670874 0
    outer loop
      vertex -2.8401350378990173 -1.15733952075243 2
      vertex -2.8401350378990173 -1.15733952075243 1.2
      vertex -2.9067993611097336 -1.1181484833359718 2
    endloop
  endfacet
  facet normal 0.5633785320105529 -0.8261989044229207 0
    outer loop
      vertex -2.09812031686306 -1.6289337575435638 2
      vertex -1.9978675171732903 -1.560572162270546 1.2
      vertex -1.9978675171732903 -1.560572162270546 2
    endloop
  endfacet
  facet normal 0.6215473158631863 -0.7833766234342638 0
    outer loop
      vertex -1.9978675171732903 -1.560572162270546 2
      vertex -1.9002220779657364 -1.4830982387065887 1.2
      vertex -1.9002220779657364 -1.4830982387065887 2
    endloop
  endfacet
  facet normal 0.20755999562185198 0.9782222897774598 0
    outer loop
      vertex -2.767223037779331 -1.1853331178426743 2
      vertex -2.688063360750675 -1.2021292820572853 2
      vertex -2.688063360750675 -1.2021292820572853 1.2
    endloop
  endfacet
  facet normal 0.06541269458508327 0.9978582962460745 0
    outer loop
      vertex -2.688063360750675 -1.2021292820572853 2
      vertex -2.6026559993624687 -1.207727998495102 2
      vertex -2.6026559993624687 -1.207727998495102 1.2
    endloop
  endfacet
  facet normal -0.06625962776170806 0.9978024161771106 0
    outer loop
      vertex -2.6026559993624687 -1.207727998495102 2
      vertex -2.504611201584339 -1.2012172788381577 2
      vertex -2.504611201584339 -1.2012172788381577 1.2
    endloop
  endfacet
  facet normal -0.19893578833129053 0.9800125265122931 0
    outer loop
      vertex -2.504611201584339 -1.2012172788381577 2
      vertex -2.4083904027938843 -1.1816851198673248 2
      vertex -2.4083904027938843 -1.1816851198673248 1.2
    endloop
  endfacet
  facet normal -0.32601733481034334 0.945363791036636 0
    outer loop
      vertex -2.4083904027938843 -1.1816851198673248 2
      vertex -2.313993602991104 -1.1491315215826035 2
      vertex -2.313993602991104 -1.1491315215826035 1.2
    endloop
  endfacet
  facet normal -0.44168982198371404 0.8971678221804408 0
    outer loop
      vertex -2.313993602991104 -1.1491315215826035 2
      vertex -2.2214208021759987 -1.103556476533413 2
      vertex -2.2214208021759987 -1.103556476533413 1.2
    endloop
  endfacet
  facet normal -0.9364548079050035 -0.35078824488799976 0
    outer loop
      vertex -1.6847039982676506 -1.7740800008177757 2
      vertex -1.6996780782938004 -1.7341056019067764 2
      vertex -1.6847039982676506 -1.7740800008177757 1.2
    endloop
  endfacet
  facet normal -0.9449484480931541 -0.32721923911399187 0
    outer loop
      vertex -1.6996780782938004 -1.7341056019067764 2
      vertex -1.715953916311264 -1.6871040016412735 2
      vertex -1.6996780782938004 -1.7341056019067764 1.2
    endloop
  endfacet
  facet normal -0.9509396405187965 -0.3093764698389034 0
    outer loop
      vertex -1.715953916311264 -1.6871040016412735 2
      vertex -1.7335315197706223 -1.633075200021267 2
      vertex -1.715953916311264 -1.6871040016412735 1.2
    endloop
  endfacet
  facet normal 0 -1 0
    outer loop
      vertex -1.6847039982676506 -1.7740800008177757 2
      vertex -0.7798559963703156 -1.7740800008177757 1.2
      vertex -0.7798559963703156 -1.7740800008177757 2
    endloop
  endfacet
  facet normal 0.9079118652538625 0.41916112049097815 0
    outer loop
      vertex -0.7798559963703156 -1.7740800008177757 2
      vertex -0.8249702379107475 -1.6763615980744362 1.2
      vertex -0.8249702379107475 -1.6763615980744362 2
    endloop
  endfacet
  facet normal -0.9553694982227674 -0.29541347610692664 0
    outer loop
      vertex -1.7335315197706223 -1.633075200021267 2
      vertex -1.7524108812212944 -1.5720191970467567 2
      vertex -1.7335315197706223 -1.633075200021267 1.2
    endloop
  endfacet
  facet normal -0.9587661915871948 -0.28419604126269343 0
    outer loop
      vertex -1.7524108812212944 -1.5720191970467567 2
      vertex -1.7725920006632805 -1.5039360001683235 2
      vertex -1.7524108812212944 -1.5720191970467567 1.2
    endloop
  endfacet
  facet normal -0.9621166429331719 -0.27263815835462807 0
    outer loop
      vertex -1.7725920006632805 -1.5039360001683235 2
      vertex -1.7811916768550873 -1.4735884815454483 2
      vertex -1.7725920006632805 -1.5039360001683235 1.2
    endloop
  endfacet
  facet normal -0.9599983431729364 -0.28000568048740915 0
    outer loop
      vertex -1.7811916768550873 -1.4735884815454483 2
      vertex -1.7887507230043411 -1.4476723223924637 2
      vertex -1.7811916768550873 -1.4735884815454483 1.2
    endloop
  endfacet
  facet normal -0.9569273310135815 -0.2903275446099172 0
    outer loop
      vertex -1.7887507230043411 -1.4476723223924637 2
      vertex -1.7952691167593002 -1.4261875227093697 2
      vertex -1.7887507230043411 -1.4476723223924637 1.2
    endloop
  endfacet
  facet normal 0.67347294258297 -0.7392118746399003 0
    outer loop
      vertex -1.9002220779657364 -1.4830982387065887 2
      vertex -1.8051839992403984 -1.3965120017528534 1.2
      vertex -1.8051839992403984 -1.3965120017528534 2
    endloop
  endfacet
  facet normal -0.9434055774007336 -0.33164124672481304 0
    outer loop
      vertex -1.8007468804717064 -1.4091340824961662 2
      vertex -1.8051839992403984 -1.3965120017528534 2
      vertex -1.8007468804717064 -1.4091340824961662 1.2
    endloop
  endfacet
  facet normal -0.9520887100019326 -0.305821987906128 0
    outer loop
      vertex -1.7952691167593002 -1.4261875227093697 2
      vertex -1.8007468804717064 -1.4091340824961662 2
      vertex -1.7952691167593002 -1.4261875227093697 1.2
    endloop
  endfacet
  facet normal 0.9734559563870866 0.22887442184416865 0
    outer loop
      vertex -0.9236102402210236 -1.3980671986937523 2
      vertex -0.9442560002207756 -1.3102559968829155 1.2
      vertex -0.9442560002207756 -1.3102559968829155 2
    endloop
  endfacet
  facet normal 0.986750470732455 0.16224521105190826 0
    outer loop
      vertex -0.9442560002207756 -1.3102559968829155 2
      vertex -0.9600671976804733 -1.2140947207808495 1.2
      vertex -0.9600671976804733 -1.2140947207808495 2
    endloop
  endfacet
  facet normal 0.9943601550372159 0.1060560327108465 0
    outer loop
      vertex -0.9600671976804733 -1.2140947207808495 2
      vertex -0.9723647981882095 -1.0987948775291443 1.2
      vertex -0.9723647981882095 -1.0987948775291443 2
    endloop
  endfacet
  facet normal 0.9254289273295837 0.37892123252942184 0
    outer loop
      vertex -0.8249702379107475 -1.6763615980744362 2
      vertex -0.8639673590660095 -1.5811199992895126 1.2
      vertex -0.8639673590660095 -1.5811199992895126 2
    endloop
  endfacet
  facet normal 0.9425447017927868 0.3340800579536983 0
    outer loop
      vertex -0.8639673590660095 -1.5811199992895126 2
      vertex -0.8968473598361015 -1.4883551970124245 1.2
      vertex -0.8968473598361015 -1.4883551970124245 2
    endloop
  endfacet
  facet normal 0.9587666345890467 0.2841945467435883 0
    outer loop
      vertex -0.8968473598361015 -1.4883551970124245 2
      vertex -0.9236102402210236 -1.3980671986937523 1.2
      vertex -0.9236102402210236 -1.3980671986937523 2
    endloop
  endfacet
  facet normal 0 0 1
    outer loop
      vertex -3.43521024286747 -1.7479391992092133 2
      vertex -2.9672159999608994 -1.0677599981427193 2
      vertex -3.58540415763855 -1.66682880371809 2
    endloop
  endfacet
  facet normal 0 0 1
    outer loop
      vertex -3.58540415763855 -1.66682880371809 2
      vertex -3.0187622383236885 -1.009689599275589 2
      vertex -3.7175040021538734 -1.5625440031290054 2
    endloop
  endfacet
  facet normal 0 0 1
    outer loop
      vertex -3.080540157854557 -1.8406367972493172 2
      vertex -2.9067993611097336 -1.1181484833359718 2
      vertex -3.266922242939472 -1.8058751970529556 2
    endloop
  endfacet
  facet normal 0 0 1
    outer loop
      vertex -3.266922242939472 -1.8058751970529556 2
      vertex -2.9672159999608994 -1.0677599981427193 2
      vertex -3.43521024286747 -1.7479391992092133 2
    endloop
  endfacet
  facet normal 0 0 1
    outer loop
      vertex -3.080540157854557 -1.8406367972493172 2
      vertex -2.8760640025138855 -1.8522239997982979 2
      vertex -2.8401350378990173 -1.15733952075243 2
    endloop
  endfacet
  facet normal 0 0 1
    outer loop
      vertex -2.8760640025138855 -1.8522239997982979 2
      vertex -2.7564038410782814 -1.8476678431034088 2
      vertex -2.767223037779331 -1.1853331178426743 2
    endloop
  endfacet
  facet normal 0 0 1
    outer loop
      vertex -3.080540157854557 -1.8406367972493172 2
      vertex -2.8401350378990173 -1.15733952075243 2
      vertex -2.9067993611097336 -1.1181484833359718 2
    endloop
  endfacet
  facet normal 0 0 1
    outer loop
      vertex -2.8760640025138855 -1.8522239997982979 2
      vertex -2.767223037779331 -1.1853331178426743 2
      vertex -2.8401350378990173 -1.15733952075243 2
    endloop
  endfacet
  facet normal 0 0 1
    outer loop
      vertex -3.7175040021538734 -1.5625440031290054 2
      vertex -3.0588537603616714 -0.9474527984857559 2
      vertex -3.828234240412712 -1.4405337572097778 2
    endloop
  endfacet
  facet normal 0 0 1
    outer loop
      vertex -3.9143577590584755 -1.3062854409217834 2
      vertex -3.828234240412712 -1.4405337572097778 2
      vertex -3.0588537603616714 -0.9474527984857559 2
    endloop
  endfacet
  facet normal 0 0 1
    outer loop
      vertex -3.9143577590584755 -1.3062854409217834 2
      vertex -3.0874905586242676 -0.8810496032238007 2
      vertex -3.9758745580911636 -1.159799039363861 2
    endloop
  endfacet
  facet normal 0 0 1
    outer loop
      vertex -3.7175040021538734 -1.5625440031290054 2
      vertex -3.0187622383236885 -1.009689599275589 2
      vertex -3.0588537603616714 -0.9474527984857559 2
    endloop
  endfacet
  facet normal 0 0 1
    outer loop
      vertex -3.266922242939472 -1.8058751970529556 2
      vertex -2.9067993611097336 -1.1181484833359718 2
      vertex -2.9672159999608994 -1.0677599981427193 2
    endloop
  endfacet
  facet normal 0 0 1
    outer loop
      vertex -3.58540415763855 -1.66682880371809 2
      vertex -2.9672159999608994 -1.0677599981427193 2
      vertex -3.0187622383236885 -1.009689599275589 2
    endloop
  endfacet
  facet normal 0 0 1
    outer loop
      vertex -2.7564038410782814 -1.8476678431034088 2
      vertex -2.6396121606230736 -1.8339993581175804 2
      vertex -2.688063360750675 -1.2021292820572853 2
    endloop
  endfacet
  facet normal 0 0 1
    outer loop
      vertex -2.6396121606230736 -1.8339993581175804 2
      vertex -2.525688961148262 -1.8112185597419739 2
      vertex -2.6026559993624687 -1.207727998495102 2
    endloop
  endfacet
  facet normal 0 0 1
    outer loop
      vertex -2.525688961148262 -1.8112185597419739 2
      vertex -2.4146342426538467 -1.7793254405260086 2
      vertex -2.6026559993624687 -1.207727998495102 2
    endloop
  endfacet
  facet normal 0 0 1
    outer loop
      vertex -2.4146342426538467 -1.7793254405260086 2
      vertex -2.306447997689247 -1.7383200004696846 2
      vertex -2.504611201584339 -1.2012172788381577 2
    endloop
  endfacet
  facet normal 0 0 1
    outer loop
      vertex -2.7564038410782814 -1.8476678431034088 2
      vertex -2.688063360750675 -1.2021292820572853 2
      vertex -2.767223037779331 -1.1853331178426743 2
    endloop
  endfacet
  facet normal 0 0 1
    outer loop
      vertex -2.6396121606230736 -1.8339993581175804 2
      vertex -2.6026559993624687 -1.207727998495102 2
      vertex -2.688063360750675 -1.2021292820572853 2
    endloop
  endfacet
  facet normal 0 0 1
    outer loop
      vertex -2.4146342426538467 -1.7793254405260086 2
      vertex -2.504611201584339 -1.2012172788381577 2
      vertex -2.6026559993624687 -1.207727998495102 2
    endloop
  endfacet
  facet normal 0 0 1
    outer loop
      vertex -2.306447997689247 -1.7383200004696846 2
      vertex -2.4083904027938843 -1.1816851198673248 2
      vertex -2.504611201584339 -1.2012172788381577 2
    endloop
  endfacet
  facet normal 0 0 1
    outer loop
      vertex -2.306447997689247 -1.7383200004696846 2
      vertex -2.2009804770350456 -1.6881830394268036 2
      vertex -2.4083904027938843 -1.1816851198673248 2
    endloop
  endfacet
  facet normal 0 0 1
    outer loop
      vertex -2.2009804770350456 -1.6881830394268036 2
      vertex -2.09812031686306 -1.6289337575435638 2
      vertex -2.4083904027938843 -1.1816851198673248 2
    endloop
  endfacet
  facet normal 0 0 1
    outer loop
      vertex -2.09812031686306 -1.6289337575435638 2
      vertex -1.9978675171732903 -1.560572162270546 2
      vertex -2.313993602991104 -1.1491315215826035 2
    endloop
  endfacet
  facet normal 0 0 1
    outer loop
      vertex -1.9978675171732903 -1.560572162270546 2
      vertex -1.9002220779657364 -1.4830982387065887 2
      vertex -2.2214208021759987 -1.103556476533413 2
    endloop
  endfacet
  facet normal 0 0 1
    outer loop
      vertex -2.09812031686306 -1.6289337575435638 2
      vertex -2.313993602991104 -1.1491315215826035 2
      vertex -2.4083904027938843 -1.1816851198673248 2
    endloop
  endfacet
  facet normal 0 0 1
    outer loop
      vertex -1.9978675171732903 -1.560572162270546 2
      vertex -2.2214208021759987 -1.103556476533413 2
      vertex -2.313993602991104 -1.1491315215826035 2
    endloop
  endfacet
  facet normal 0 0 1
    outer loop
      vertex -1.9002220779657364 -1.4830982387065887 2
      vertex -1.8051839992403984 -1.3965120017528534 2
      vertex -2.130672000348568 -1.0449599996209145 2
    endloop
  endfacet
  facet normal 0 0 1
    outer loop
      vertex -1.9002220779657364 -1.4830982387065887 2
      vertex -2.130672000348568 -1.0449599996209145 2
      vertex -2.2214208021759987 -1.103556476533413 2
    endloop
  endfacet
  facet normal 0 0 1
    outer loop
      vertex -1.8051839992403984 -1.3965120017528534 2
      vertex -2.0688172802329063 -0.9932678416371346 2
      vertex -2.130672000348568 -1.0449599996209145 2
    endloop
  endfacet
  facet normal 0 0 1
    outer loop
      vertex -1.8051839992403984 -1.3965120017528534 2
      vertex -2.016078718006611 -0.9371481612324715 2
      vertex -2.0688172802329063 -0.9932678416371346 2
    endloop
  endfacet
  facet normal 0 0 1
    outer loop
      vertex -1.6847039982676506 -1.7740800008177757 2
      vertex -0.8968473598361015 -1.4883551970124245 2
      vertex -1.6996780782938004 -1.7341056019067764 2
    endloop
  endfacet
  facet normal 0 0 1
    outer loop
      vertex -1.6847039982676506 -1.7740800008177757 2
      vertex -0.7798559963703156 -1.7740800008177757 2
      vertex -0.8249702379107475 -1.6763615980744362 2
    endloop
  endfacet
  facet normal 0 0 1
    outer loop
      vertex -1.6847039982676506 -1.7740800008177757 2
      vertex -0.8249702379107475 -1.6763615980744362 2
      vertex -0.8639673590660095 -1.5811199992895126 2
    endloop
  endfacet
  facet normal 0 0 1
    outer loop
      vertex -1.6996780782938004 -1.7341056019067764 2
      vertex -0.9236102402210236 -1.3980671986937523 2
      vertex -1.715953916311264 -1.6871040016412735 2
    endloop
  endfacet
  facet normal 0 0 1
    outer loop
      vertex -1.715953916311264 -1.6871040016412735 2
      vertex -0.9236102402210236 -1.3980671986937523 2
      vertex -1.7335315197706223 -1.633075200021267 2
    endloop
  endfacet
  facet normal 0 0 1
    outer loop
      vertex -1.7335315197706223 -1.633075200021267 2
      vertex -0.9236102402210236 -1.3980671986937523 2
      vertex -1.7524108812212944 -1.5720191970467567 2
    endloop
  endfacet
  facet normal 0 0 1
    outer loop
      vertex -1.7524108812212944 -1.5720191970467567 2
      vertex -0.9442560002207756 -1.3102559968829155 2
      vertex -1.7725920006632805 -1.5039360001683235 2
    endloop
  endfacet
  facet normal 0 0 1
    outer loop
      vertex -1.7725920006632805 -1.5039360001683235 2
      vertex -0.9442560002207756 -1.3102559968829155 2
      vertex -1.7811916768550873 -1.4735884815454483 2
    endloop
  endfacet
  facet normal 0 0 1
    outer loop
      vertex -1.7811916768550873 -1.4735884815454483 2
      vertex -0.9600671976804733 -1.2140947207808495 2
      vertex -1.7887507230043411 -1.4476723223924637 2
    endloop
  endfacet
  facet normal 0 0 1
    outer loop
      vertex -1.7887507230043411 -1.4476723223924637 2
      vertex -0.9600671976804733 -1.2140947207808495 2
      vertex -1.7952691167593002 -1.4261875227093697 2
    endloop
  endfacet
  facet normal 0 0 1
    outer loop
      vertex -1.6996780782938004 -1.7341056019067764 2
      vertex -0.8968473598361015 -1.4883551970124245 2
      vertex -0.9236102402210236 -1.3980671986937523 2
    endloop
  endfacet
  facet normal 0 0 1
    outer loop
      vertex -1.6847039982676506 -1.7740800008177757 2
      vertex -0.8639673590660095 -1.5811199992895126 2
      vertex -0.8968473598361015 -1.4883551970124245 2
    endloop
  endfacet
  facet normal 0 0 1
    outer loop
      vertex -1.7524108812212944 -1.5720191970467567 2
      vertex -0.9236102402210236 -1.3980671986937523 2
      vertex -0.9442560002207756 -1.3102559968829155 2
    endloop
  endfacet
  facet normal 0 0 1
    outer loop
      vertex -1.7952691167593002 -1.4261875227093697 2
      vertex -0.9600671976804733 -1.2140947207808495 2
      vertex -1.8007468804717064 -1.4091340824961662 2
    endloop
  endfacet
  facet normal 0 0 1
    outer loop
      vertex -1.8007468804717064 -1.4091340824961662 2
      vertex -0.9600671976804733 -1.2140947207808495 2
      vertex -1.8051839992403984 -1.3965120017528534 2
    endloop
  endfacet
  facet normal 0 0 1
    outer loop
      vertex -1.8051839992403984 -1.3965120017528534 2
      vertex -0.9723647981882095 -1.0987948775291443 2
      vertex -2.016078718006611 -0.9371481612324715 2
    endloop
  endfacet
  facet normal 0 0 1
    outer loop
      vertex -1.7811916768550873 -1.4735884815454483 2
      vertex -0.9442560002207756 -1.3102559968829155 2
      vertex -0.9600671976804733 -1.2140947207808495 2
    endloop
  endfacet
  facet normal 0 0 1
    outer loop
      vertex -1.8051839992403984 -1.3965120017528534 2
      vertex -0.9600671976804733 -1.2140947207808495 2
      vertex -0.9723647981882095 -1.0987948775291443 2
    endloop
  endfacet
  facet normal 0.8406733559351004 0.5415425270658029 0
    outer loop
      vertex -3.0588537603616714 -0.9474527984857559 2
      vertex -3.0187622383236885 -1.009689599275589 2
      vertex -3.0187622383236885 -1.009689599275589 1.2
    endloop
  endfacet
  facet normal 0.7478688959053278 0.6638464540368849 0
    outer loop
      vertex -2.9672159999608994 -1.0677599981427193 2
      vertex -2.9672159999608994 -1.0677599981427193 1.2
      vertex -3.0187622383236885 -1.009689599275589 2
    endloop
  endfacet
  facet normal 0.9182500214730391 0.39600113391853214 0
    outer loop
      vertex -3.0588537603616714 -0.9474527984857559 2
      vertex -3.0588537603616714 -0.9474527984857559 1.2
      vertex -3.0874905586242676 -0.8810496032238007 2
    endloop
  endfacet
  facet normal 0.9716153998655261 0.2365660895905277 0
    outer loop
      vertex -3.0874905586242676 -0.8810496032238007 2
      vertex -3.0874905586242676 -0.8810496032238007 1.2
      vertex -3.1046726405620575 -0.810479998588562 2
    endloop
  endfacet
  facet normal 0.9970764453266121 0.0764104847180507 0
    outer loop
      vertex -3.1046726405620575 -0.810479998588562 2
      vertex -3.1046726405620575 -0.810479998588562 1.2
      vertex -3.1103999987244606 -0.7357439994812012 2
    endloop
  endfacet
  facet normal 0.9955208467750749 -0.0945422849112396 0
    outer loop
      vertex -3.1103999987244606 -0.7357439994812012 2
      vertex -3.1103999987244606 -0.7357439994812012 1.2
      vertex -3.103240318596363 -0.6603532806038857 2
    endloop
  endfacet
  facet normal 0.9559156783085773 -0.29364130493486906 0
    outer loop
      vertex -3.103240318596363 -0.6603532806038857 2
      vertex -3.103240318596363 -0.6603532806038857 1.2
      vertex -3.0817612782120705 -0.5904307216405869 2
    endloop
  endfacet
  facet normal 0.8742125404620565 -0.4855434420305532 0
    outer loop
      vertex -3.0817612782120705 -0.5904307216405869 2
      vertex -3.0817612782120705 -0.5904307216405869 1.2
      vertex -3.045962877571583 -0.5259763225913048 2
    endloop
  endfacet
  facet normal -0.5424462263629681 0.8400905257795588 0
    outer loop
      vertex -2.2214208021759987 -1.103556476533413 2
      vertex -2.130672000348568 -1.0449599996209145 2
      vertex -2.130672000348568 -1.0449599996209145 1.2
    endloop
  endfacet
  facet normal -0.6412567491138023 0.7673263853902054 0
    outer loop
      vertex -2.130672000348568 -1.0449599996209145 2
      vertex -2.0688172802329063 -0.9932678416371346 2
      vertex -2.0688172802329063 -0.9932678416371346 1.2
    endloop
  endfacet
  facet normal -0.7287179783811992 0.6848139221598946 0
    outer loop
      vertex -2.0688172802329063 -0.9932678416371346 2
      vertex -2.016078718006611 -0.9371481612324715 2
      vertex -2.016078718006611 -0.9371481612324715 1.2
    endloop
  endfacet
  facet normal -0.8113537738180825 0.5845554325392552 0
    outer loop
      vertex -2.016078718006611 -0.9371481612324715 2
      vertex -1.9724563211202621 -0.8766009584069252 2
      vertex -1.9724563211202621 -0.8766009584069252 1.2
    endloop
  endfacet
  facet normal -0.8831809250569327 0.4690324654174597 0
    outer loop
      vertex -1.9724563211202621 -0.8766009584069252 2
      vertex -1.9379500821232796 -0.8116262406110764 2
      vertex -1.9379500821232796 -0.8116262406110764 1.2
    endloop
  endfacet
  facet normal -0.9391271413372788 0.34356980717704333 0
    outer loop
      vertex -1.9379500821232796 -0.8116262406110764 2
      vertex -1.9125600010156631 -0.7422240003943443 2
      vertex -1.9125600010156631 -0.7422240003943443 1.2
    endloop
  endfacet
  facet normal -0.973917423818192 0.22690273595383548 0
    outer loop
      vertex -1.9125600010156631 -0.7422240003943443 2
      vertex -1.8996691182255745 -0.6868934407830238 2
      vertex -1.8996691182255745 -0.6868934407830238 1.2
    endloop
  endfacet
  facet normal -0.9905099994943366 0.13744068139284382 0
    outer loop
      vertex -1.8996691182255745 -0.6868934407830238 2
      vertex -1.8896428793668747 -0.6146361604332924 2
      vertex -1.8896428793668747 -0.6146361604332924 1.2
    endloop
  endfacet
  facet normal -0.9967913500551103 0.08004376587411847 0
    outer loop
      vertex -1.8896428793668747 -0.6146361604332924 2
      vertex -1.8824812769889832 -0.52545215934515 2
      vertex -1.8824812769889832 -0.52545215934515 1.2
    endloop
  endfacet
  facet normal 0.7620702669607983 -0.6474943306425915 0
    outer loop
      vertex -3.045962877571583 -0.5259763225913048 2
      vertex -3.045962877571583 -0.5259763225913048 1.2
      vertex -2.9958451166749 -0.46699008345603943 2
    endloop
  endfacet
  facet normal 0.6389187906469269 -0.7692741897127893 0
    outer loop
      vertex -2.9958451166749 -0.46699008345603943 2
      vertex -2.9958451166749 -0.46699008345603943 1.2
      vertex -2.931408002972603 -0.4134719967842102 2
    endloop
  endfacet
  facet normal 0.4793576850885542 -0.8776196270290122 0
    outer loop
      vertex -2.931408002972603 -0.4134719967842102 2
      vertex -2.931408002972603 -0.4134719967842102 1.2
      vertex -2.8739769607782364 -0.3821030408143997 2
    endloop
  endfacet
  facet normal 0.3736499118164281 -0.9275698051357513 0
    outer loop
      vertex -2.8739769607782364 -0.3821030408143997 2
      vertex -2.8739769607782364 -0.3821030408143997 1.2
      vertex -2.795456640422344 -0.35047295689582825 2
    endloop
  endfacet
  facet normal -0.5767197845643515 0.8169420359438286 0
    outer loop
      vertex -3.6767404824495316 -0.07101503759622574 2
      vertex -3.5893171206116676 -0.009298563003540039 2
      vertex -3.6767404824495316 -0.07101503759622574 1.2
    endloop
  endfacet
  facet normal 0.30491557984299644 -0.952379383002913 0
    outer loop
      vertex -2.795456640422344 -0.35047295689582825 2
      vertex -2.795456640422344 -0.35047295689582825 1.2
      vertex -2.6958470419049263 -0.318581759929657 2
    endloop
  endfacet
  facet normal 0.2574081265872433 -0.9663027767562533 0
    outer loop
      vertex -2.6958470419049263 -0.318581759929657 2
      vertex -2.6958470419049263 -0.318581759929657 1.2
      vertex -2.575148157775402 -0.28642944246530533 2
    endloop
  endfacet
  facet normal 0.22285567019054267 -0.9748514503573988 0
    outer loop
      vertex -2.575148157775402 -0.28642944246530533 2
      vertex -2.575148157775402 -0.28642944246530533 1.2
      vertex -2.4333600029349327 -0.2540159970521927 2
    endloop
  endfacet
  facet normal -0.9991810827063996 0.0404618828240462 0
    outer loop
      vertex -1.8824812769889832 -0.52545215934515 2
      vertex -1.8781843185424805 -0.41934143751859665 2
      vertex -1.8781843185424805 -0.41934143751859665 1.2
    endloop
  endfacet
  facet normal -0.9999322463601502 0.011640562234870422 0
    outer loop
      vertex -1.8781843185424805 -0.41934143751859665 2
      vertex -1.876751996576786 -0.29630400240421295 2
      vertex -1.876751996576786 -0.29630400240421295 1.2
    endloop
  endfacet
  facet normal 0.21447750508305347 -0.9767289285228267 0
    outer loop
      vertex -2.4333600029349327 -0.2540159970521927 2
      vertex -2.4333600029349327 -0.2540159970521927 1.2
      vertex -2.2892294377088547 -0.22236672043800354 2
    endloop
  endfacet
  facet normal 0.22736474526551217 -0.9738096696019961 0
    outer loop
      vertex -2.2892294377088547 -0.22236672043800354 2
      vertex -2.2892294377088547 -0.22236672043800354 1.2
      vertex -2.1615033596754074 -0.19254527986049652 2
    endloop
  endfacet
  facet normal 0.2438735003174932 -0.9698070508317073 0
    outer loop
      vertex -2.1615033596754074 -0.19254527986049652 2
      vertex -2.1615033596754074 -0.19254527986049652 1.2
      vertex -2.0501817613840103 -0.16455168277025223 2
    endloop
  endfacet
  facet normal 0.26575653888045525 -0.9640401765706038 0
    outer loop
      vertex -2.0501817613840103 -0.16455168277025223 2
      vertex -2.0501817613840103 -0.16455168277025223 1.2
      vertex -1.9552646428346634 -0.13838592171669006 2
    endloop
  endfacet
  facet normal -1 0 0
    outer loop
      vertex -1.876751996576786 -0.29630400240421295 2
      vertex -1.876751996576786 -0.11404799669981003 2
      vertex -1.876751996576786 -0.11404799669981003 1.2
    endloop
  endfacet
  facet normal 0.2960877239317874 -0.9551607507309405 0
    outer loop
      vertex -1.9552646428346634 -0.13838592171669006 2
      vertex -1.9552646428346634 -0.13838592171669006 1.2
      vertex -1.876751996576786 -0.11404799669981003 2
    endloop
  endfacet
  facet normal 0.9978722502851457 0.06519947937567934 0
    outer loop
      vertex -0.9723647981882095 -1.0987948775291443 2
      vertex -0.9811488017439842 -0.9643564820289612 1.2
      vertex -0.9811488017439842 -0.9643564820289612 2
    endloop
  endfacet
  facet normal 0.9994116693465359 0.03429745142092009 0
    outer loop
      vertex -0.9811488017439842 -0.9643564820289612 2
      vertex -0.9864192008972168 -0.810779519379139 1.2
      vertex -0.9864192008972168 -0.810779519379139 2
    endloop
  endfacet
  facet normal 0.999948272760871 0.010171125923441783 0
    outer loop
      vertex -0.9864192008972168 -0.810779519379139 2
      vertex -0.9881760030984879 -0.6380639970302582 1.2
      vertex -0.9881760030984879 -0.6380639970302582 2
    endloop
  endfacet
  facet normal 0 0 1
    outer loop
      vertex -3.9758745580911636 -1.159799039363861 2
      vertex -3.1046726405620575 -0.810479998588562 2
      vertex -4.0127846375107765 -1.0010745599865913 2
    endloop
  endfacet
  facet normal 0 0 1
    outer loop
      vertex -3.9143577590584755 -1.3062854409217834 2
      vertex -3.0588537603616714 -0.9474527984857559 2
      vertex -3.0874905586242676 -0.8810496032238007 2
    endloop
  endfacet
  facet normal 0 0 1
    outer loop
      vertex -3.9758745580911636 -1.159799039363861 2
      vertex -3.0874905586242676 -0.8810496032238007 2
      vertex -3.1046726405620575 -0.810479998588562 2
    endloop
  endfacet
  facet normal 0 0 1
    outer loop
      vertex -4.0194892808794975 -0.7154745608568192 2
      vertex -3.1103999987244606 -0.7357439994812012 2
      vertex -4.0026931166648865 -0.605917438864708 2
    endloop
  endfacet
  facet normal 0 0 1
    outer loop
      vertex -4.025087997317314 -0.8301120027899742 2
      vertex -3.1046726405620575 -0.810479998588562 2
      vertex -3.1103999987244606 -0.7357439994812012 2
    endloop
  endfacet
  facet normal 0 0 1
    outer loop
      vertex -4.0026931166648865 -0.605917438864708 2
      vertex -3.103240318596363 -0.6603532806038857 2
      vertex -3.974699519574642 -0.5014406368136406 2
    endloop
  endfacet
  facet normal 0 0 1
    outer loop
      vertex -4.0026931166648865 -0.605917438864708 2
      vertex -3.1103999987244606 -0.7357439994812012 2
      vertex -3.103240318596363 -0.6603532806038857 2
    endloop
  endfacet
  facet normal 0 0 1
    outer loop
      vertex -3.974699519574642 -0.5014406368136406 2
      vertex -3.103240318596363 -0.6603532806038857 2
      vertex -3.935508482158184 -0.4020441621541977 2
    endloop
  endfacet
  facet normal 0 0 1
    outer loop
      vertex -3.935508482158184 -0.4020441621541977 2
      vertex -3.103240318596363 -0.6603532806038857 2
      vertex -3.8851199969649315 -0.30772799998521805 2
    endloop
  endfacet
  facet normal 0 0 1
    outer loop
      vertex -3.103240318596363 -0.6603532806038857 2
      vertex -3.0817612782120705 -0.5904307216405869 2
      vertex -3.8851199969649315 -0.30772799998521805 2
    endloop
  endfacet
  facet normal 0 0 1
    outer loop
      vertex -3.0817612782120705 -0.5904307216405869 2
      vertex -3.8246419206261635 -0.22022975981235504 2
      vertex -3.8851199969649315 -0.30772799998521805 2
    endloop
  endfacet
  facet normal 0 0 1
    outer loop
      vertex -3.0817612782120705 -0.5904307216405869 2
      vertex -3.7551820799708366 -0.1413254365324974 2
      vertex -3.8246419206261635 -0.22022975981235504 2
    endloop
  endfacet
  facet normal 0 0 1
    outer loop
      vertex -3.0817612782120705 -0.5904307216405869 2
      vertex -3.045962877571583 -0.5259763225913048 2
      vertex -3.6767404824495316 -0.07101503759622574 2
    endloop
  endfacet
  facet normal 0 0 1
    outer loop
      vertex -3.045962877571583 -0.5259763225913048 2
      vertex -2.9958451166749 -0.46699008345603943 2
      vertex -3.4929120019078255 0.043824002146720886 2
    endloop
  endfacet
  facet normal 0 0 1
    outer loop
      vertex -3.0817612782120705 -0.5904307216405869 2
      vertex -3.6767404824495316 -0.07101503759622574 2
      vertex -3.7551820799708366 -0.1413254365324974 2
    endloop
  endfacet
  facet normal 0 0 1
    outer loop
      vertex -3.045962877571583 -0.5259763225913048 2
      vertex -3.5893171206116676 -0.009298563003540039 2
      vertex -3.6767404824495316 -0.07101503759622574 2
    endloop
  endfacet
  facet normal 0 0 1
    outer loop
      vertex -3.045962877571583 -0.5259763225913048 2
      vertex -3.4929120019078255 0.043824002146720886 2
      vertex -3.5893171206116676 -0.009298563003540039 2
    endloop
  endfacet
  facet normal 0 0 1
    outer loop
      vertex -2.9958451166749 -0.46699008345603943 2
      vertex -3.383078396320343 0.09141311794519424 2
      vertex -3.4929120019078255 0.043824002146720886 2
    endloop
  endfacet
  facet normal 0 0 1
    outer loop
      vertex -2.9958451166749 -0.46699008345603943 2
      vertex -2.931408002972603 -0.4134719967842102 2
      vertex -3.2554079964756966 0.13652928173542023 2
    endloop
  endfacet
  facet normal 0 0 1
    outer loop
      vertex -2.931408002972603 -0.4134719967842102 2
      vertex -2.8739769607782364 -0.3821030408143997 2
      vertex -3.109900802373886 0.17917247861623764 2
    endloop
  endfacet
  facet normal 0 0 1
    outer loop
      vertex -2.8739769607782364 -0.3821030408143997 2
      vertex -2.795456640422344 -0.35047295689582825 2
      vertex -3.109900802373886 0.17917247861623764 2
    endloop
  endfacet
  facet normal 0 0 1
    outer loop
      vertex -2.795456640422344 -0.35047295689582825 2
      vertex -2.6958470419049263 -0.318581759929657 2
      vertex -2.9465567991137505 0.21934272348880768 2
    endloop
  endfacet
  facet normal 0 0 1
    outer loop
      vertex -2.9958451166749 -0.46699008345603943 2
      vertex -3.2554079964756966 0.13652928173542023 2
      vertex -3.383078396320343 0.09141311794519424 2
    endloop
  endfacet
  facet normal 0 0 1
    outer loop
      vertex -2.931408002972603 -0.4134719967842102 2
      vertex -3.109900802373886 0.17917247861623764 2
      vertex -3.2554079964756966 0.13652928173542023 2
    endloop
  endfacet
  facet normal 0 0 1
    outer loop
      vertex -2.6958470419049263 -0.318581759929657 2
      vertex -2.575148157775402 -0.28642944246530533 2
      vertex -2.765376001596451 0.25704000145196915 2
    endloop
  endfacet
  facet normal 0 0 1
    outer loop
      vertex -2.575148157775402 -0.28642944246530533 2
      vertex -2.4333600029349327 -0.2540159970521927 2
      vertex -2.524636797606945 0.30456192046403885 2
    endloop
  endfacet
  facet normal 0 0 1
    outer loop
      vertex -2.4333600029349327 -0.2540159970521927 2
      vertex -2.2892294377088547 -0.22236672043800354 2
      vertex -2.524636797606945 0.30456192046403885 2
    endloop
  endfacet
  facet normal 0 0 1
    outer loop
      vertex -2.2892294377088547 -0.22236672043800354 2
      vertex -2.1615033596754074 -0.19254527986049652 2
      vertex -2.3154048025608063 0.3507820814847946 2
    endloop
  endfacet
  facet normal 0 0 1
    outer loop
      vertex -2.1615033596754074 -0.19254527986049652 2
      vertex -2.0501817613840103 -0.16455168277025223 2
      vertex -2.3154048025608063 0.3507820814847946 2
    endloop
  endfacet
  facet normal 0 0 1
    outer loop
      vertex -2.016078718006611 -0.9371481612324715 2
      vertex -0.9723647981882095 -1.0987948775291443 2
      vertex -1.9724563211202621 -0.8766009584069252 2
    endloop
  endfacet
  facet normal 0 0 1
    outer loop
      vertex -1.9724563211202621 -0.8766009584069252 2
      vertex -0.9723647981882095 -1.0987948775291443 2
      vertex -1.9379500821232796 -0.8116262406110764 2
    endloop
  endfacet
  facet normal 0 0 1
    outer loop
      vertex -1.9379500821232796 -0.8116262406110764 2
      vertex -0.9811488017439842 -0.9643564820289612 2
      vertex -1.9125600010156631 -0.7422240003943443 2
    endloop
  endfacet
  facet normal 0 0 1
    outer loop
      vertex -1.9379500821232796 -0.8116262406110764 2
      vertex -0.9723647981882095 -1.0987948775291443 2
      vertex -0.9811488017439842 -0.9643564820289612 2
    endloop
  endfacet
  facet normal 0 0 1
    outer loop
      vertex -0.9811488017439842 -0.9643564820289612 2
      vertex -0.9864192008972168 -0.810779519379139 2
      vertex -1.9125600010156631 -0.7422240003943443 2
    endloop
  endfacet
  facet normal 0 0 1
    outer loop
      vertex -0.9864192008972168 -0.810779519379139 2
      vertex -1.8996691182255745 -0.6868934407830238 2
      vertex -1.9125600010156631 -0.7422240003943443 2
    endloop
  endfacet
  facet normal 0 0 1
    outer loop
      vertex -0.9864192008972168 -0.810779519379139 2
      vertex -1.8896428793668747 -0.6146361604332924 2
      vertex -1.8996691182255745 -0.6868934407830238 2
    endloop
  endfacet
  facet normal 0 0 1
    outer loop
      vertex -1.8896428793668747 -0.6146361604332924 2
      vertex -0.9881760030984879 -0.6380639970302582 2
      vertex -1.8824812769889832 -0.52545215934515 2
    endloop
  endfacet
  facet normal 0 0 1
    outer loop
      vertex -0.9864192008972168 -0.810779519379139 2
      vertex -0.9881760030984879 -0.6380639970302582 2
      vertex -1.8896428793668747 -0.6146361604332924 2
    endloop
  endfacet
  facet normal 0 0 1
    outer loop
      vertex -1.8824812769889832 -0.52545215934515 2
      vertex -0.9881760030984879 -0.6380639970302582 2
      vertex -1.8781843185424805 -0.41934143751859665 2
    endloop
  endfacet
  facet normal 0 0 1
    outer loop
      vertex -1.8781843185424805 -0.41934143751859665 2
      vertex -0.9881760030984879 -0.6380639970302582 2
      vertex -1.876751996576786 -0.29630400240421295 2
    endloop
  endfacet
  facet normal 0 0 1
    outer loop
      vertex -1.876751996576786 -0.29630400240421295 2
      vertex -0.9881760030984879 -0.6380639970302582 2
      vertex -1.876751996576786 -0.11404799669981003 2
    endloop
  endfacet
  facet normal 0 0 1
    outer loop
      vertex -1.876751996576786 -0.11404799669981003 2
      vertex -0.9881760030984879 -0.6380639970302582 2
      vertex -0.9783840030431747 0.42955199629068375 2
    endloop
  endfacet
  facet normal -1 0 0
    outer loop
      vertex -12.661151997745037 2.9977440014481544 2
      vertex -12.661151997745037 2.9977440014481544 1.2
      vertex -12.661151997745037 -1.7740800008177757 1.2
    endloop
  endfacet
  facet normal 1 0 0
    outer loop
      vertex -11.6976960003376 1.119599997997284 2
      vertex -11.6976960003376 1.119599997997284 1.2
      vertex -11.6976960003376 2.9977440014481544 1.2
    endloop
  endfacet
  facet normal 0 -1 0
    outer loop
      vertex -11.6976960003376 0.3123840019106865 2
      vertex -11.6976960003376 0.3123840019106865 1.2
      vertex -9.809759996831417 0.3123840019106865 1.2
    endloop
  endfacet
  facet normal -0.9987718037974179 0.04954678535740006 0
    outer loop
      vertex -8.059048317372799 0.18426240235567093 2
      vertex -8.059048317372799 0.18426240235567093 1.2
      vertex -8.068031996488571 0.0031680017709732056 1.2
    endloop
  endfacet
  facet normal -0.9888238882567978 0.14908828932115248 0
    outer loop
      vertex -8.032097280025482 0.3630144000053406 2
      vertex -8.032097280025482 0.3630144000053406 1.2
      vertex -8.059048317372799 0.18426240235567093 1.2
    endloop
  endfacet
  facet normal -0.9690786014094976 0.24675223259417983 0
    outer loop
      vertex -7.98717887699604 0.5394240021705627 2
      vertex -7.98717887699604 0.5394240021705627 1.2
      vertex -8.032097280025482 0.3630144000053406 1.2
    endloop
  endfacet
  facet normal -0.9405052947944295 0.3397790318186854 0
    outer loop
      vertex -7.924293123185635 0.7134912014007568 2
      vertex -7.924293123185635 0.7134912014007568 1.2
      vertex -7.98717887699604 0.5394240021705627 1.2
    endloop
  endfacet
  facet normal -0.9047345481825835 0.42597581777004245 0
    outer loop
      vertex -7.843440003693104 0.8852159976959229 2
      vertex -7.843440003693104 0.8852159976959229 1.2
      vertex -7.924293123185635 0.7134912014007568 1.2
    endloop
  endfacet
  facet normal -0.8579040779822362 0.5138098801905713 0
    outer loop
      vertex -7.7461171224713326 1.047715201973915 2
      vertex -7.7461171224713326 1.047715201973915 1.2
      vertex -7.843440003693104 0.8852159976959229 1.2
    endloop
  endfacet
  facet normal 0 1 0
    outer loop
      vertex -9.809759996831417 1.119599997997284 2
      vertex -9.809759996831417 1.119599997997284 1.2
      vertex -11.6976960003376 1.119599997997284 1.2
    endloop
  endfacet
  facet normal -0.7933659090534717 0.6087450487287421 0
    outer loop
      vertex -7.633822083473206 1.1940672025084496 2
      vertex -7.633822083473206 1.1940672025084496 1.2
      vertex -7.7461171224713326 1.047715201973915 1.2
    endloop
  endfacet
  facet normal -0.7151278781095134 0.6989936465738333 0
    outer loop
      vertex -7.506554879248142 1.3242719992995262 2
      vertex -7.506554879248142 1.3242719992995262 1.2
      vertex -7.633822083473206 1.1940672025084496 1.2
    endloop
  endfacet
  facet normal 0 0 1
    outer loop
      vertex -12.661151997745037 -1.7740800008177757 2
      vertex -11.6976960003376 1.119599997997284 2
      vertex -12.661151997745037 2.9977440014481544 2
    endloop
  endfacet
  facet normal 0 -1 0
    outer loop
      vertex -11.6976960003376 0.3123840019106865 2
      vertex -9.809759996831417 0.3123840019106865 1.2
      vertex -9.809759996831417 0.3123840019106865 2
    endloop
  endfacet
  facet normal -0.9987718037974179 0.04954678535740006 0
    outer loop
      vertex -8.068031996488571 0.0031680017709732056 2
      vertex -8.059048317372799 0.18426240235567093 2
      vertex -8.068031996488571 0.0031680017709732056 1.2
    endloop
  endfacet
  facet normal -0.9888238882567978 0.14908828932115248 0
    outer loop
      vertex -8.059048317372799 0.18426240235567093 2
      vertex -8.032097280025482 0.3630144000053406 2
      vertex -8.059048317372799 0.18426240235567093 1.2
    endloop
  endfacet
  facet normal -0.9690786014094976 0.24675223259417983 0
    outer loop
      vertex -8.032097280025482 0.3630144000053406 2
      vertex -7.98717887699604 0.5394240021705627 2
      vertex -8.032097280025482 0.3630144000053406 1.2
    endloop
  endfacet
  facet normal -0.9405052947944295 0.3397790318186854 0
    outer loop
      vertex -7.98717887699604 0.5394240021705627 2
      vertex -7.924293123185635 0.7134912014007568 2
      vertex -7.98717887699604 0.5394240021705627 1.2
    endloop
  endfacet
  facet normal -0.9047345481825835 0.42597581777004245 0
    outer loop
      vertex -7.924293123185635 0.7134912014007568 2
      vertex -7.843440003693104 0.8852159976959229 2
      vertex -7.924293123185635 0.7134912014007568 1.2
    endloop
  endfacet
  facet normal -0.8579040779822362 0.5138098801905713 0
    outer loop
      vertex -7.843440003693104 0.8852159976959229 2
      vertex -7.7461171224713326 1.047715201973915 2
      vertex -7.843440003693104 0.8852159976959229 1.2
    endloop
  endfacet
  facet normal 0 0 1
    outer loop
      vertex -11.6976960003376 0.3123840019106865 2
      vertex -9.809759996831417 0.3123840019106865 2
      vertex -9.809759996831417 1.119599997997284 2
    endloop
  endfacet
  facet normal 0 0 1
    outer loop
      vertex -11.6976960003376 0.3123840019106865 2
      vertex -9.809759996831417 1.119599997997284 2
      vertex -11.6976960003376 1.119599997997284 2
    endloop
  endfacet
  facet normal 0 0 1
    outer loop
      vertex -7.130592003464699 -0.04569599777460098 2
      vertex -8.059048317372799 0.18426240235567093 2
      vertex -8.068031996488571 0.0031680017709732056 2
    endloop
  endfacet
  facet normal 0 0 1
    outer loop
      vertex -7.130592003464699 -0.04569599777460098 2
      vertex -7.120826877653599 0.15039552003145218 2
      vertex -8.059048317372799 0.18426240235567093 2
    endloop
  endfacet
  facet normal 0 0 1
    outer loop
      vertex -8.059048317372799 0.18426240235567093 2
      vertex -7.120826877653599 0.15039552003145218 2
      vertex -8.032097280025482 0.3630144000053406 2
    endloop
  endfacet
  facet normal 0 0 1
    outer loop
      vertex -8.032097280025482 0.3630144000053406 2
      vertex -7.091531522572041 0.3272140771150589 2
      vertex -7.98717887699604 0.5394240021705627 2
    endloop
  endfacet
  facet normal 0 0 1
    outer loop
      vertex -7.98717887699604 0.5394240021705627 2
      vertex -7.091531522572041 0.3272140771150589 2
      vertex -7.924293123185635 0.7134912014007568 2
    endloop
  endfacet
  facet normal 0 0 1
    outer loop
      vertex -8.84630399942398 -1.7740800008177757 2
      vertex -8.84630399942398 2.9977440014481544 2
      vertex -9.809759996831417 1.119599997997284 2
    endloop
  endfacet
  facet normal 0 0 1
    outer loop
      vertex -7.924293123185635 0.7134912014007568 2
      vertex -7.042705923318863 0.4847596809267998 2
      vertex -7.843440003693104 0.8852159976959229 2
    endloop
  endfacet
  facet normal 0 0 1
    outer loop
      vertex -7.042705923318863 0.4847596809267998 2
      vertex -7.7461171224713326 1.047715201973915 2
      vertex -7.843440003693104 0.8852159976959229 2
    endloop
  endfacet
  facet normal 0 0 1
    outer loop
      vertex -6.974350079894066 0.6230323165655136 2
      vertex -7.633822083473206 1.1940672025084496 2
      vertex -7.7461171224713326 1.047715201973915 2
    endloop
  endfacet
  facet normal 0 1 0
    outer loop
      vertex -11.6976960003376 1.119599997997284 2
      vertex -9.809759996831417 1.119599997997284 2
      vertex -11.6976960003376 1.119599997997284 1.2
    endloop
  endfacet
  facet normal -1 0 0
    outer loop
      vertex -9.809759996831417 1.119599997997284 2
      vertex -9.809759996831417 2.9977440014481544 2
      vertex -9.809759996831417 1.119599997997284 1.2
    endloop
  endfacet
  facet normal 1 0 0
    outer loop
      vertex -8.84630399942398 -1.7740800008177757 2
      vertex -8.84630399942398 2.9977440014481544 1.2
      vertex -8.84630399942398 2.9977440014481544 2
    endloop
  endfacet
  facet normal -0.7933659090534717 0.6087450487287421 0
    outer loop
      vertex -7.7461171224713326 1.047715201973915 2
      vertex -7.633822083473206 1.1940672025084496 2
      vertex -7.7461171224713326 1.047715201973915 1.2
    endloop
  endfacet
  facet normal -0.7151278781095134 0.6989936465738333 0
    outer loop
      vertex -7.633822083473206 1.1940672025084496 2
      vertex -7.506554879248142 1.3242719992995262 2
      vertex -7.633822083473206 1.1940672025084496 1.2
    endloop
  endfacet
  facet normal -0.6255846226339902 0.7801563176209548 0
    outer loop
      vertex -7.506554879248142 1.3242719992995262 2
      vertex -7.364315517246723 1.4383295997977257 2
      vertex -7.506554879248142 1.3242719992995262 1.2
    endloop
  endfacet
  facet normal 0 1 0
    outer loop
      vertex -11.6976960003376 2.9977440014481544 2
      vertex -11.6976960003376 2.9977440014481544 1.2
      vertex -12.661151997745037 2.9977440014481544 1.2
    endloop
  endfacet
  facet normal -1 0 0
    outer loop
      vertex -9.809759996831417 2.9977440014481544 2
      vertex -9.809759996831417 2.9977440014481544 1.2
      vertex -9.809759996831417 1.119599997997284 1.2
    endloop
  endfacet
  facet normal 0 1 0
    outer loop
      vertex -8.84630399942398 2.9977440014481544 2
      vertex -8.84630399942398 2.9977440014481544 1.2
      vertex -9.809759996831417 2.9977440014481544 1.2
    endloop
  endfacet
  facet normal 1 0 0
    outer loop
      vertex -11.6976960003376 1.119599997997284 2
      vertex -11.6976960003376 2.9977440014481544 1.2
      vertex -11.6976960003376 2.9977440014481544 2
    endloop
  endfacet
  facet normal 0 1 0
    outer loop
      vertex -12.661151997745037 2.9977440014481544 2
      vertex -11.6976960003376 2.9977440014481544 2
      vertex -12.661151997745037 2.9977440014481544 1.2
    endloop
  endfacet
  facet normal 0 0 1
    outer loop
      vertex -11.6976960003376 1.119599997997284 2
      vertex -11.6976960003376 2.9977440014481544 2
      vertex -12.661151997745037 2.9977440014481544 2
    endloop
  endfacet
  facet normal 0 1 0
    outer loop
      vertex -9.809759996831417 2.9977440014481544 2
      vertex -8.84630399942398 2.9977440014481544 2
      vertex -9.809759996831417 2.9977440014481544 1.2
    endloop
  endfacet
  facet normal 0 0 1
    outer loop
      vertex -9.809759996831417 1.119599997997284 2
      vertex -8.84630399942398 2.9977440014481544 2
      vertex -9.809759996831417 2.9977440014481544 2
    endloop
  endfacet
  facet normal 0.9987623403613941 -0.04973718403599725 0
    outer loop
      vertex -7.120826877653599 0.15039552003145218 2
      vertex -7.130592003464699 -0.04569599777460098 1.2
      vertex -7.120826877653599 0.15039552003145218 1.2
    endloop
  endfacet
  facet normal 0.9865512664943809 -0.16345212931721964 0
    outer loop
      vertex -7.091531522572041 0.3272140771150589 2
      vertex -7.120826877653599 0.15039552003145218 1.2
      vertex -7.091531522572041 0.3272140771150589 1.2
    endloop
  endfacet
  facet normal 0.9551805368610182 -0.2960238875528406 0
    outer loop
      vertex -7.042705923318863 0.4847596809267998 2
      vertex -7.091531522572041 0.3272140771150589 1.2
      vertex -7.042705923318863 0.4847596809267998 1.2
    endloop
  endfacet
  facet normal 0.8964420034790448 -0.4431610704907147 0
    outer loop
      vertex -6.974350079894066 0.6230323165655136 2
      vertex -7.042705923318863 0.4847596809267998 1.2
      vertex -6.974350079894066 0.6230323165655136 1.2
    endloop
  endfacet
  facet normal 0.8044029286282424 -0.5940841088720576 0
    outer loop
      vertex -6.88646399974823 0.7420319989323616 2
      vertex -6.974350079894066 0.6230323165655136 1.2
      vertex -6.88646399974823 0.7420319989323616 1.2
    endloop
  endfacet
  facet normal 0.6936598738669532 -0.7203026998331206 0
    outer loop
      vertex -6.784256637096405 0.8404588773846626 2
      vertex -6.88646399974823 0.7420319989323616 1.2
      vertex -6.784256637096405 0.8404588773846626 1.2
    endloop
  endfacet
  facet normal 0.5666392372650539 -0.8239660034198487 0
    outer loop
      vertex -6.672936961054802 0.9170131236314774 2
      vertex -6.784256637096405 0.8404588773846626 1.2
      vertex -6.672936961054802 0.9170131236314774 1.2
    endloop
  endfacet
  facet normal 0.4134255654230411 -0.9105379189548555 0
    outer loop
      vertex -6.5525049567222595 0.9716947227716446 2
      vertex -6.672936961054802 0.9170131236314774 1.2
      vertex -6.5525049567222595 0.9716947227716446 1.2
    endloop
  endfacet
  facet normal -0.8056808334964307 -0.5923498919865663 0
    outer loop
      vertex -5.5964774414896965 0.623293437063694 2
      vertex -5.683775998651981 0.7420319989323616 1.2
      vertex -5.5964774414896965 0.623293437063694 1.2
    endloop
  endfacet
  facet normal -0.6957319795888587 -0.7183014774990847 0
    outer loop
      vertex -5.683775998651981 0.7420319989323616 2
      vertex -5.785395838320255 0.8404588773846626 1.2
      vertex -5.683775998651981 0.7420319989323616 1.2
    endloop
  endfacet
  facet normal 0.2455127923293072 -0.9693933509172975 0
    outer loop
      vertex -6.422960638999939 1.004503682255745 2
      vertex -6.5525049567222595 0.9716947227716446 1.2
      vertex -6.422960638999939 1.004503682255745 1.2
    endloop
  endfacet
  facet normal 0.07862919762972428 -0.9969039318209683 0
    outer loop
      vertex -6.28430400043726 1.0154400020837784 2
      vertex -6.422960638999939 1.004503682255745 1.2
      vertex -6.28430400043726 1.0154400020837784 1.2
    endloop
  endfacet
  facet normal -0.07866600172893419 -0.9969010282731096 0
    outer loop
      vertex -6.14571263641119 1.004503682255745 2
      vertex -6.28430400043726 1.0154400020837784 1.2
      vertex -6.14571263641119 1.004503682255745 1.2
    endloop
  endfacet
  facet normal -0.24586205445600257 -0.9693048283066962 0
    outer loop
      vertex -6.01636415719986 0.9716947227716446 2
      vertex -6.14571263641119 1.004503682255745 1.2
      vertex -6.01636415719986 0.9716947227716446 1.2
    endloop
  endfacet
  facet normal -0.5682217513279006 -0.82287547133078 0
    outer loop
      vertex -5.785395838320255 0.8404588773846626 2
      vertex -5.896258562803268 0.9170131236314774 1.2
      vertex -5.785395838320255 0.8404588773846626 1.2
    endloop
  endfacet
  facet normal -0.41435643918526316 -0.910114685798284 0
    outer loop
      vertex -5.896258562803268 0.9170131236314774 2
      vertex -6.01636415719986 0.9716947227716446 1.2
      vertex -5.896258562803268 0.9170131236314774 1.2
    endloop
  endfacet
  facet normal -0.998749054879106 -0.050003253675060165 0
    outer loop
      vertex -5.441279999911785 -0.03916800022125244 2
      vertex -5.450979836285114 0.1545734405517578 1.2
      vertex -5.441279999911785 -0.03916800022125244 1.2
    endloop
  endfacet
  facet normal -0.9864538220851915 -0.16403919316284482 0
    outer loop
      vertex -5.450979836285114 0.1545734405517578 2
      vertex -5.480079360306263 0.3295641615986824 1.2
      vertex -5.450979836285114 0.1545734405517578 1.2
    endloop
  endfacet
  facet normal -0.9550452382710254 -0.2964601033121323 0
    outer loop
      vertex -5.480079360306263 0.3295641615986824 2
      vertex -5.52857855707407 0.48580416291952133 1.2
      vertex -5.480079360306263 0.3295641615986824 1.2
    endloop
  endfacet
  facet normal -0.8966225037438266 -0.44279576079740374 0
    outer loop
      vertex -5.52857855707407 0.48580416291952133 2
      vertex -5.5964774414896965 0.623293437063694 1.2
      vertex -5.52857855707407 0.48580416291952133 1.2
    endloop
  endfacet
  facet normal 0.9977803580017822 0.06659096925135777 0
    outer loop
      vertex -4.500575996935368 -0.03590399771928787 2
      vertex -4.500575996935368 -0.03590399771928787 1.2
      vertex -4.520626559853554 0.2645279988646507 1.2
    endloop
  endfacet
  facet normal 0.9775307225394081 0.21079299440821722 0
    outer loop
      vertex -4.520626559853554 0.2645279988646507 2
      vertex -4.520626559853554 0.2645279988646507 1.2
      vertex -4.580778241157532 0.5434752032160759 1.2
    endloop
  endfacet
  facet normal 0.8594672196154095 0.5111908629920505 0
    outer loop
      vertex -4.6810310408473015 0.8009376004338264 2
      vertex -4.6810310408473015 0.8009376004338264 1.2
      vertex -4.821384958922863 1.036915197968483 1.2
    endloop
  endfacet
  facet normal 0.9318474351273626 0.3628503240270785 0
    outer loop
      vertex -4.580778241157532 0.5434752032160759 2
      vertex -4.580778241157532 0.5434752032160759 1.2
      vertex -4.6810310408473015 0.8009376004338264 1.2
    endloop
  endfacet
  facet normal -0.9476377315989927 0.31934734952699306 0
    outer loop
      vertex -3.866613119840622 0.9679296016693115 2
      vertex -3.866613119840622 0.9679296016693115 1.2
      vertex -3.9306719973683357 0.7778400033712387 1.2
    endloop
  endfacet
  facet normal -0.9036808500246573 0.4282066338798516 0
    outer loop
      vertex -3.7864108830690384 1.137187197804451 2
      vertex -3.7864108830690384 1.137187197804451 1.2
      vertex -3.866613119840622 0.9679296016693115 1.2
    endloop
  endfacet
  facet normal -0.6255846226339902 0.7801563176209548 0
    outer loop
      vertex -7.364315517246723 1.4383295997977257 2
      vertex -7.364315517246723 1.4383295997977257 1.2
      vertex -7.506554879248142 1.3242719992995262 1.2
    endloop
  endfacet
  facet normal -0.5286517487373293 0.8488388118818341 0
    outer loop
      vertex -7.207103997468948 1.5362399965524673 2
      vertex -7.207103997468948 1.5362399965524673 1.2
      vertex -7.364315517246723 1.4383295997977257 1.2
    endloop
  endfacet
  facet normal -0.43253174691667345 0.9016187042809231 0
    outer loop
      vertex -7.03856448084116 1.6170931234955788 2
      vertex -7.03856448084116 1.6170931234955788 1.2
      vertex -7.207103997468948 1.5362399965524673 1.2
    endloop
  endfacet
  facet normal -0.336093888652957 0.941828486514468 0
    outer loop
      vertex -6.862341120839119 1.6799788773059845 2
      vertex -6.862341120839119 1.6799788773059845 1.2
      vertex -7.03856448084116 1.6170931234955788 1.2
    endloop
  endfacet
  facet normal -0.23727020245018196 0.9714436942145692 0
    outer loop
      vertex -6.678433917462826 1.7248972803354263 2
      vertex -6.678433917462826 1.7248972803354263 1.2
      vertex -6.862341120839119 1.6799788773059845 1.2
    endloop
  endfacet
  facet normal -0.1392981525874345 0.9902504858295843 0
    outer loop
      vertex -6.486842878162861 1.751848317682743 2
      vertex -6.486842878162861 1.751848317682743 1.2
      vertex -6.678433917462826 1.7248972803354263 1.2
    endloop
  endfacet
  facet normal 0 -1 0
    outer loop
      vertex -6.746495999395847 2.105903998017311 2
      vertex -6.746495999395847 2.105903998017311 1.2
      vertex -6.167088001966476 2.105903998017311 1.2
    endloop
  endfacet
  facet normal -0.04503610354790556 0.9989853599413869 0
    outer loop
      vertex -6.287568002939224 1.7608319967985153 2
      vertex -6.287568002939224 1.7608319967985153 1.2
      vertex -6.486842878162861 1.751848317682743 1.2
    endloop
  endfacet
  facet normal 0.06721891048051107 0.9977382512832778 0
    outer loop
      vertex -5.985110402107239 1.740455038845539 2
      vertex -5.985110402107239 1.740455038845539 1.2
      vertex -6.287568002939224 1.7608319967985153 1.2
    endloop
  endfacet
  facet normal 0.21344456579648888 0.9769551767261118 0
    outer loop
      vertex -5.705308802425861 1.6793241575360298 2
      vertex -5.705308802425861 1.6793241575360298 1.2
      vertex -5.985110402107239 1.740455038845539 1.2
    endloop
  endfacet
  facet normal 0.7652107699027202 0.6437798362987817 0
    outer loop
      vertex -4.821384958922863 1.036915197968483 2
      vertex -4.821384958922863 1.036915197968483 1.2
      vertex -5.001840002834797 1.251408003270626 1.2
    endloop
  endfacet
  facet normal 0.6545299922490798 0.7560360370024828 0
    outer loop
      vertex -5.001840002834797 1.251408003270626 2
      vertex -5.001840002834797 1.251408003270626 1.2
      vertex -5.21367359906435 1.4348006397485733 1.2
    endloop
  endfacet
  facet normal 0.5196968223589533 0.8543507551527103 0
    outer loop
      vertex -5.21367359906435 1.4348006397485733 2
      vertex -5.21367359906435 1.4348006397485733 1.2
      vertex -5.448163196444511 1.577439360320568 1.2
    endloop
  endfacet
  facet normal 0.36835472988972146 0.9296853193247006 0
    outer loop
      vertex -5.448163196444511 1.577439360320568 2
      vertex -5.448163196444511 1.577439360320568 1.2
      vertex -5.705308802425861 1.6793241575360298 1.2
    endloop
  endfacet
  facet normal -0.8387818285012113 0.5444676704600232 0
    outer loop
      vertex -3.6900652796030045 1.2856127992272377 2
      vertex -3.6900652796030045 1.2856127992272377 1.2
      vertex -3.7864108830690384 1.137187197804451 1.2
    endloop
  endfacet
  facet normal -0.4826143519413811 0.8758329676942977 0
    outer loop
      vertex -3.4929120019078255 0.043824002146720886 2
      vertex -3.4929120019078255 0.043824002146720886 1.2
      vertex -3.5893171206116676 -0.009298563003540039 1.2
    endloop
  endfacet
  facet normal -0.397569128613768 0.9175722249356119 0
    outer loop
      vertex -3.383078396320343 0.09141311794519424 2
      vertex -3.383078396320343 0.09141311794519424 1.2
      vertex -3.4929120019078255 0.043824002146720886 1.2
    endloop
  endfacet
  facet normal -0.33318799720781245 0.9428604130605159 0
    outer loop
      vertex -3.2554079964756966 0.13652928173542023 2
      vertex -3.2554079964756966 0.13652928173542023 1.2
      vertex -3.383078396320343 0.09141311794519424 1.2
    endloop
  endfacet
  facet normal -0.2812372535237253 0.9596382689484781 0
    outer loop
      vertex -3.109900802373886 0.17917247861623764 2
      vertex -3.109900802373886 0.17917247861623764 1.2
      vertex -3.2554079964756966 0.13652928173542023 1.2
    endloop
  endfacet
  facet normal -0.2388087885840497 0.9710666107404882 0
    outer loop
      vertex -2.9465567991137505 0.21934272348880768 2
      vertex -2.9465567991137505 0.21934272348880768 1.2
      vertex -3.109900802373886 0.17917247861623764 1.2
    endloop
  endfacet
  facet normal -0.20370192599903672 0.9790329541666526 0
    outer loop
      vertex -2.765376001596451 0.25704000145196915 2
      vertex -2.765376001596451 0.25704000145196915 1.2
      vertex -2.9465567991137505 0.21934272348880768 1.2
    endloop
  endfacet
  facet normal -0.19366285187577625 0.9810681422833691 0
    outer loop
      vertex -2.524636797606945 0.30456192046403885 2
      vertex -2.524636797606945 0.30456192046403885 1.2
      vertex -2.765376001596451 0.25704000145196915 1.2
    endloop
  endfacet
  facet normal -0.2157035653471532 0.9764588941151218 0
    outer loop
      vertex -2.3154048025608063 0.3507820814847946 2
      vertex -2.3154048025608063 0.3507820814847946 1.2
      vertex -2.524636797606945 0.30456192046403885 1.2
    endloop
  endfacet
  facet normal -0.2450362018427394 0.9695139296505668 0
    outer loop
      vertex -2.1376800015568733 0.39570047706365585 2
      vertex -2.1376800015568733 0.39570047706365585 1.2
      vertex -2.3154048025608063 0.3507820814847946 1.2
    endloop
  endfacet
  facet normal -0.28585259022221315 0.9582736021947238 0
    outer loop
      vertex -1.9914624020457268 0.43931712210178375 2
      vertex -1.9914624020457268 0.43931712210178375 1.2
      vertex -2.1376800015568733 0.39570047706365585 1.2
    endloop
  endfacet
  facet normal -0.34608809355424763 0.9382020206224171 0
    outer loop
      vertex -1.876751996576786 0.4816320016980171 2
      vertex -1.876751996576786 0.4816320016980171 1.2
      vertex -1.9914624020457268 0.43931712210178375 1.2
    endloop
  endfacet
  facet normal -1 0 0
    outer loop
      vertex -1.876751996576786 0.572783999145031 2
      vertex -1.876751996576786 0.572783999145031 1.2
      vertex -1.876751996576786 0.4816320016980171 1.2
    endloop
  endfacet
  facet normal -0.17750800209636208 -0.9841193571878148 0
    outer loop
      vertex -3.9306719973683357 0.7778400033712387 2
      vertex -3.9306719973683357 0.7778400033712387 1.2
      vertex -3.1006560027599335 0.6281279996037483 1.2
    endloop
  endfacet
  facet normal 0.9294912430586895 -0.3688441799421705 0
    outer loop
      vertex -3.1006560027599335 0.6281279996037483 2
      vertex -3.1006560027599335 0.6281279996037483 1.2
      vertex -3.064723201096058 0.7186790406703949 1.2
    endloop
  endfacet
  facet normal 0.8916173283150933 -0.4527897302813471 0
    outer loop
      vertex -3.064723201096058 0.7186790406703949 2
      vertex -3.064723201096058 0.7186790406703949 1.2
      vertex -3.0246239975094795 0.7976409569382668 1.2
    endloop
  endfacet
  facet normal 0.8357507972899209 -0.5491089189125063 0
    outer loop
      vertex -3.0246239975094795 0.7976409569382668 2
      vertex -3.0246239975094795 0.7976409569382668 1.2
      vertex -2.980358399450779 0.8650137633085251 1.2
    endloop
  endfacet
  facet normal 0.7551116335593173 -0.6555962331064596 0
    outer loop
      vertex -2.980358399450779 0.8650137633085251 2
      vertex -2.980358399450779 0.8650137633085251 1.2
      vertex -2.9319263994693756 0.9207974374294281 1.2
    endloop
  endfacet
  facet normal 0.6432936943705855 -0.7656195026140883 0
    outer loop
      vertex -2.9319263994693756 0.9207974374294281 2
      vertex -2.9319263994693756 0.9207974374294281 1.2
      vertex -2.8793279975652695 0.9649920016527176 1.2
    endloop
  endfacet
  facet normal 0.5057591579103186 -0.8626747209637277 0
    outer loop
      vertex -2.8793279975652695 0.9649920016527176 2
      vertex -2.8793279975652695 0.9649920016527176 1.2
      vertex -2.8203494399785995 0.9995692819356918 1.2
    endloop
  endfacet
  facet normal 0.3697833220391981 -0.9291180198132284 0
    outer loop
      vertex -2.8203494399785995 0.9995692819356918 2
      vertex -2.8203494399785995 0.9995692819356918 1.2
      vertex -2.7527769580483437 1.0264627188444138 1.2
    endloop
  endfacet
  facet normal -0.9986300028448473 -0.05232702378408636 0
    outer loop
      vertex -1.8819609582424164 0.6721939221024513 2
      vertex -1.8819609582424164 0.6721939221024513 1.2
      vertex -1.876751996576786 0.572783999145031 1.2
    endloop
  endfacet
  facet normal -0.9843536184378429 -0.1762042958282395 0
    outer loop
      vertex -1.8975878432393074 0.7594924792647362 2
      vertex -1.8975878432393074 0.7594924792647362 1.2
      vertex -1.8819609582424164 0.6721939221024513 1.2
    endloop
  endfacet
  facet normal -0.9449143553265246 -0.32731767611581664 0
    outer loop
      vertex -1.923632636666298 0.8346796780824661 2
      vertex -1.923632636666298 0.8346796780824661 1.2
      vertex -1.8975878432393074 0.7594924792647362 1.2
    endloop
  endfacet
  facet normal 0.24454803673335118 -0.9696371783970865 0
    outer loop
      vertex -2.7527769580483437 1.0264627188444138 2
      vertex -2.7527769580483437 1.0264627188444138 1.2
      vertex -2.6766105592250824 1.045672319829464 1.2
    endloop
  endfacet
  facet normal 0.13474056933527714 -0.9908809105917853 0
    outer loop
      vertex -2.6766105592250824 1.045672319829464 2
      vertex -2.6766105592250824 1.045672319829464 1.2
      vertex -2.5918502435088158 1.0571980774402618 1.2
    endloop
  endfacet
  facet normal 0.04111942143052343 -0.9991542389347197 0
    outer loop
      vertex -2.5918502435088158 1.0571980774402618 2
      vertex -2.5918502435088158 1.0571980774402618 1.2
      vertex -2.498496003448963 1.061039999127388 1.2
    endloop
  endfacet
  facet normal -0.03319012753984201 -0.99944905594727 0
    outer loop
      vertex -2.498496003448963 1.061039999127388 2
      vertex -2.498496003448963 1.061039999127388 1.2
      vertex -2.3632051199674606 1.0565472021698952 1.2
    endloop
  endfacet
  facet normal -0.11463903277719993 -0.993407213666132 0
    outer loop
      vertex -2.3632051199674606 1.0565472021698952 2
      vertex -2.3632051199674606 1.0565472021698952 1.2
      vertex -2.2464076802134514 1.0430687963962555 1.2
    endloop
  endfacet
  facet normal -0.8657526491624948 -0.5004721275636856 0
    outer loop
      vertex -1.9600953608751297 0.8977555185556412 2
      vertex -1.9600953608751297 0.8977555185556412 1.2
      vertex -1.923632636666298 0.8346796780824661 1.2
    endloop
  endfacet
  facet normal -0.7359791006862191 -0.6770042565251005 0
    outer loop
      vertex -2.0069760009646416 0.9487200006842613 2
      vertex -2.0069760009646416 0.9487200006842613 1.2
      vertex -1.9600953608751297 0.8977555185556412 1.2
    endloop
  endfacet
  facet normal -0.36661604463801606 -0.9303723318188133 0
    outer loop
      vertex -2.148103676736355 1.0206047967076302 2
      vertex -2.148103676736355 1.0206047967076302 1.2
      vertex -2.0682931169867516 0.9891552031040192 1.2
    endloop
  endfacet
  facet normal -0.22277309059025271 -0.9748703247657439 0
    outer loop
      vertex -2.2464076802134514 1.0430687963962555 2
      vertex -2.2464076802134514 1.0430687963962555 1.2
      vertex -2.148103676736355 1.0206047967076302 1.2
    endloop
  endfacet
  facet normal -0.5505188272906033 -0.8348227481319486 0
    outer loop
      vertex -2.0682931169867516 0.9891552031040192 2
      vertex -2.0682931169867516 0.9891552031040192 1.2
      vertex -2.0069760009646416 0.9487200006842613 1.2
    endloop
  endfacet
  facet normal 0.9997611714931491 0.02185406082736414 0
    outer loop
      vertex -0.9783840030431747 0.42955199629068375 2
      vertex -0.9783840030431747 0.42955199629068375 1.2
      vertex -0.9832665622234344 0.6529152020812035 1.2
    endloop
  endfacet
  facet normal 0.997148454853117 0.07546495202437599 0
    outer loop
      vertex -0.9832665622234344 0.6529152020812035 2
      vertex -0.9832665622234344 0.6529152020812035 1.2
      vertex -0.9979142397642136 0.846460796892643 1.2
    endloop
  endfacet
  facet normal 0.9890657116905293 0.14747548256610943 0
    outer loop
      vertex -0.9979142397642136 0.846460796892643 2
      vertex -0.9979142397642136 0.846460796892643 1.2
      vertex -1.0223270431160927 1.010188803076744 1.2
    endloop
  endfacet
  facet normal 0.968938474213627 0.24730190696508636 0
    outer loop
      vertex -1.0223270431160927 1.010188803076744 2
      vertex -1.0223270431160927 1.010188803076744 1.2
      vertex -1.0565049573779106 1.144099198281765 1.2
    endloop
  endfacet
  facet normal -0.7501108557628413 0.6613121079087678 0
    outer loop
      vertex -3.5775763168931007 1.413206398487091 2
      vertex -3.5775763168931007 1.413206398487091 1.2
      vertex -3.6900652796030045 1.2856127992272377 1.2
    endloop
  endfacet
  facet normal -0.6386580303913024 0.7694906888434079 0
    outer loop
      vertex -3.448944002389908 1.5199680030345917 2
      vertex -3.448944002389908 1.5199680030345917 1.2
      vertex -3.5775763168931007 1.413206398487091 1.2
    endloop
  endfacet
  facet normal -0.5005031708354474 0.8657347030029829 0
    outer loop
      vertex -3.29895743727684 1.6066790372133255 2
      vertex -3.29895743727684 1.6066790372133255 1.2
      vertex -3.448944002389908 1.5199680030345917 1.2
    endloop
  endfacet
  facet normal -0.35684603338030885 0.9341632129669523 0
    outer loop
      vertex -3.1224057599902153 1.6741209626197815 2
      vertex -3.1224057599902153 1.6741209626197815 1.2
      vertex -3.29895743727684 1.6066790372133255 1.2
    endloop
  endfacet
  facet normal -0.23076658255673135 0.9730091388959753 0
    outer loop
      vertex -2.9192889630794525 1.7222937569022179 2
      vertex -2.9192889630794525 1.7222937569022179 1.2
      vertex -3.1224057599902153 1.6741209626197815 1.2
    endloop
  endfacet
  facet normal -0.12485747526916546 0.9921746876782382 0
    outer loop
      vertex -2.6896070390939713 1.7511974424123764 2
      vertex -2.6896070390939713 1.7511974424123764 1.2
      vertex -2.9192889630794525 1.7222937569022179 1.2
    endloop
  endfacet
  facet normal -0.03757214811475879 0.9992939175668202 0
    outer loop
      vertex -2.4333600029349327 1.7608319967985153 2
      vertex -2.4333600029349327 1.7608319967985153 1.2
      vertex -2.6896070390939713 1.7511974424123764 1.2
    endloop
  endfacet
  facet normal 0.024940345448938618 0.999688941205657 0
    outer loop
      vertex -2.2010956779122353 1.7550374418497086 2
      vertex -2.2010956779122353 1.7550374418497086 1.2
      vertex -2.4333600029349327 1.7608319967985153 1.2
    endloop
  endfacet
  facet normal 0.08357640251976654 0.9965013722729408 0
    outer loop
      vertex -1.9938259199261665 1.737653762102127 2
      vertex -1.9938259199261665 1.737653762102127 1.2
      vertex -2.2010956779122353 1.7550374418497086 1.2
    endloop
  endfacet
  facet normal 0.1569801752543402 0.9876017540370797 0
    outer loop
      vertex -1.811550721526146 1.7086809575557709 2
      vertex -1.811550721526146 1.7086809575557709 1.2
      vertex -1.9938259199261665 1.737653762102127 1.2
    endloop
  endfacet
  facet normal 0.9212725622628082 0.3889175568442751 0
    outer loop
      vertex -1.0565049573779106 1.144099198281765 2
      vertex -1.0565049573779106 1.144099198281765 1.2
      vertex -1.1004479974508286 1.2481919974088669 1.2
    endloop
  endfacet
  facet normal 0.8385145736724944 0.5448791698522113 0
    outer loop
      vertex -1.1004479974508286 1.2481919974088669 2
      vertex -1.1004479974508286 1.2481919974088669 1.2
      vertex -1.1563699170947075 1.3342502415180206 1.2
    endloop
  endfacet
  facet normal 0.47634586567254933 0.8792579918639748 0
    outer loop
      vertex -1.4092915207147598 1.554915837943554 2
      vertex -1.4092915207147598 1.554915837943554 1.2
      vertex -1.5219840034842491 1.615967996418476 1.2
    endloop
  endfacet
  facet normal 0.7512517741152323 0.660015736091736 0
    outer loop
      vertex -1.1563699170947075 1.3342502415180206 2
      vertex -1.1563699170947075 1.3342502415180206 1.2
      vertex -1.226484477519989 1.4140569567680359 1.2
    endloop
  endfacet
  facet normal 0.6574226596336701 0.7535220279462249 0
    outer loop
      vertex -1.226484477519989 1.4140569567680359 2
      vertex -1.226484477519989 1.4140569567680359 1.2
      vertex -1.3107916787266731 1.4876121580600739 1.2
    endloop
  endfacet
  facet normal 0.5641645311205719 0.8256623897365711 0
    outer loop
      vertex -1.3107916787266731 1.4876121580600739 2
      vertex -1.3107916787266731 1.4876121580600739 1.2
      vertex -1.4092915207147598 1.554915837943554 1.2
    endloop
  endfacet
  facet normal 0.2497242586918523 0.9683169907735817 0
    outer loop
      vertex -1.6542700827121735 1.6681190431118011 2
      vertex -1.6542700827121735 1.6681190431118011 1.2
      vertex -1.811550721526146 1.7086809575557709 1.2
    endloop
  endfacet
  facet normal 0.3667579685869449 0.9303163937489103 0
    outer loop
      vertex -1.5219840034842491 1.615967996418476 2
      vertex -1.5219840034842491 1.615967996418476 1.2
      vertex -1.6542700827121735 1.6681190431118011 1.2
    endloop
  endfacet
  facet normal 0.9987623403613941 -0.04973718403599725 0
    outer loop
      vertex -7.130592003464699 -0.04569599777460098 2
      vertex -7.130592003464699 -0.04569599777460098 1.2
      vertex -7.120826877653599 0.15039552003145218 2
    endloop
  endfacet
  facet normal 0.9865512664943809 -0.16345212931721964 0
    outer loop
      vertex -7.120826877653599 0.15039552003145218 2
      vertex -7.120826877653599 0.15039552003145218 1.2
      vertex -7.091531522572041 0.3272140771150589 2
    endloop
  endfacet
  facet normal 0.9551805368610182 -0.2960238875528406 0
    outer loop
      vertex -7.091531522572041 0.3272140771150589 2
      vertex -7.091531522572041 0.3272140771150589 1.2
      vertex -7.042705923318863 0.4847596809267998 2
    endloop
  endfacet
  facet normal 0.8964420034790448 -0.4431610704907147 0
    outer loop
      vertex -7.042705923318863 0.4847596809267998 2
      vertex -7.042705923318863 0.4847596809267998 1.2
      vertex -6.974350079894066 0.6230323165655136 2
    endloop
  endfacet
  facet normal 0.8044029286282424 -0.5940841088720576 0
    outer loop
      vertex -6.974350079894066 0.6230323165655136 2
      vertex -6.974350079894066 0.6230323165655136 1.2
      vertex -6.88646399974823 0.7420319989323616 2
    endloop
  endfacet
  facet normal 0.6936598738669532 -0.7203026998331206 0
    outer loop
      vertex -6.88646399974823 0.7420319989323616 2
      vertex -6.88646399974823 0.7420319989323616 1.2
      vertex -6.784256637096405 0.8404588773846626 2
    endloop
  endfacet
  facet normal 0.5666392372650539 -0.8239660034198487 0
    outer loop
      vertex -6.784256637096405 0.8404588773846626 2
      vertex -6.784256637096405 0.8404588773846626 1.2
      vertex -6.672936961054802 0.9170131236314774 2
    endloop
  endfacet
  facet normal 0.4134255654230411 -0.9105379189548555 0
    outer loop
      vertex -6.672936961054802 0.9170131236314774 2
      vertex -6.672936961054802 0.9170131236314774 1.2
      vertex -6.5525049567222595 0.9716947227716446 2
    endloop
  endfacet
  facet normal 0.2455127923293072 -0.9693933509172975 0
    outer loop
      vertex -6.5525049567222595 0.9716947227716446 2
      vertex -6.5525049567222595 0.9716947227716446 1.2
      vertex -6.422960638999939 1.004503682255745 2
    endloop
  endfacet
  facet normal -0.8966225037438266 -0.44279576079740374 0
    outer loop
      vertex -5.52857855707407 0.48580416291952133 2
      vertex -5.5964774414896965 0.623293437063694 2
      vertex -5.5964774414896965 0.623293437063694 1.2
    endloop
  endfacet
  facet normal -0.8056808334964307 -0.5923498919865663 0
    outer loop
      vertex -5.5964774414896965 0.623293437063694 2
      vertex -5.683775998651981 0.7420319989323616 2
      vertex -5.683775998651981 0.7420319989323616 1.2
    endloop
  endfacet
  facet normal -0.6957319795888587 -0.7183014774990847 0
    outer loop
      vertex -5.683775998651981 0.7420319989323616 2
      vertex -5.785395838320255 0.8404588773846626 2
      vertex -5.785395838320255 0.8404588773846626 1.2
    endloop
  endfacet
  facet normal 0.07862919762972428 -0.9969039318209683 0
    outer loop
      vertex -6.422960638999939 1.004503682255745 2
      vertex -6.422960638999939 1.004503682255745 1.2
      vertex -6.28430400043726 1.0154400020837784 2
    endloop
  endfacet
  facet normal -0.07866600172893419 -0.9969010282731096 0
    outer loop
      vertex -6.28430400043726 1.0154400020837784 2
      vertex -6.28430400043726 1.0154400020837784 1.2
      vertex -6.14571263641119 1.004503682255745 2
    endloop
  endfacet
  facet normal -0.24586205445600257 -0.9693048283066962 0
    outer loop
      vertex -6.14571263641119 1.004503682255745 2
      vertex -6.14571263641119 1.004503682255745 1.2
      vertex -6.01636415719986 0.9716947227716446 2
    endloop
  endfacet
  facet normal -0.5682217513279006 -0.82287547133078 0
    outer loop
      vertex -5.896258562803268 0.9170131236314774 2
      vertex -5.896258562803268 0.9170131236314774 1.2
      vertex -5.785395838320255 0.8404588773846626 2
    endloop
  endfacet
  facet normal -0.41435643918526316 -0.910114685798284 0
    outer loop
      vertex -5.896258562803268 0.9170131236314774 2
      vertex -6.01636415719986 0.9716947227716446 2
      vertex -6.01636415719986 0.9716947227716446 1.2
    endloop
  endfacet
  facet normal -0.998749054879106 -0.050003253675060165 0
    outer loop
      vertex -5.441279999911785 -0.03916800022125244 2
      vertex -5.450979836285114 0.1545734405517578 2
      vertex -5.450979836285114 0.1545734405517578 1.2
    endloop
  endfacet
  facet normal -0.9864538220851915 -0.16403919316284482 0
    outer loop
      vertex -5.450979836285114 0.1545734405517578 2
      vertex -5.480079360306263 0.3295641615986824 2
      vertex -5.480079360306263 0.3295641615986824 1.2
    endloop
  endfacet
  facet normal -0.9550452382710254 -0.2964601033121323 0
    outer loop
      vertex -5.480079360306263 0.3295641615986824 2
      vertex -5.52857855707407 0.48580416291952133 2
      vertex -5.52857855707407 0.48580416291952133 1.2
    endloop
  endfacet
  facet normal 0.9977803580017822 0.06659096925135777 0
    outer loop
      vertex -4.500575996935368 -0.03590399771928787 2
      vertex -4.520626559853554 0.2645279988646507 1.2
      vertex -4.520626559853554 0.2645279988646507 2
    endloop
  endfacet
  facet normal 0.9775307225394081 0.21079299440821722 0
    outer loop
      vertex -4.520626559853554 0.2645279988646507 2
      vertex -4.580778241157532 0.5434752032160759 1.2
      vertex -4.580778241157532 0.5434752032160759 2
    endloop
  endfacet
  facet normal 0.9318474351273626 0.3628503240270785 0
    outer loop
      vertex -4.580778241157532 0.5434752032160759 2
      vertex -4.6810310408473015 0.8009376004338264 1.2
      vertex -4.6810310408473015 0.8009376004338264 2
    endloop
  endfacet
  facet normal 0.8594672196154095 0.5111908629920505 0
    outer loop
      vertex -4.6810310408473015 0.8009376004338264 2
      vertex -4.821384958922863 1.036915197968483 1.2
      vertex -4.821384958922863 1.036915197968483 2
    endloop
  endfacet
  facet normal -0.9476377315989927 0.31934734952699306 0
    outer loop
      vertex -3.9306719973683357 0.7778400033712387 2
      vertex -3.866613119840622 0.9679296016693115 2
      vertex -3.9306719973683357 0.7778400033712387 1.2
    endloop
  endfacet
  facet normal -0.9036808500246573 0.4282066338798516 0
    outer loop
      vertex -3.866613119840622 0.9679296016693115 2
      vertex -3.7864108830690384 1.137187197804451 2
      vertex -3.866613119840622 0.9679296016693115 1.2
    endloop
  endfacet
  facet normal 0 0 1
    outer loop
      vertex -8.032097280025482 0.3630144000053406 2
      vertex -7.120826877653599 0.15039552003145218 2
      vertex -7.091531522572041 0.3272140771150589 2
    endloop
  endfacet
  facet normal 0 0 1
    outer loop
      vertex -7.924293123185635 0.7134912014007568 2
      vertex -7.091531522572041 0.3272140771150589 2
      vertex -7.042705923318863 0.4847596809267998 2
    endloop
  endfacet
  facet normal 0 0 1
    outer loop
      vertex -7.042705923318863 0.4847596809267998 2
      vertex -6.974350079894066 0.6230323165655136 2
      vertex -7.7461171224713326 1.047715201973915 2
    endloop
  endfacet
  facet normal 0 0 1
    outer loop
      vertex -6.974350079894066 0.6230323165655136 2
      vertex -6.88646399974823 0.7420319989323616 2
      vertex -7.633822083473206 1.1940672025084496 2
    endloop
  endfacet
  facet normal 0 0 1
    outer loop
      vertex -6.88646399974823 0.7420319989323616 2
      vertex -7.506554879248142 1.3242719992995262 2
      vertex -7.633822083473206 1.1940672025084496 2
    endloop
  endfacet
  facet normal 0 0 1
    outer loop
      vertex -6.88646399974823 0.7420319989323616 2
      vertex -6.784256637096405 0.8404588773846626 2
      vertex -7.364315517246723 1.4383295997977257 2
    endloop
  endfacet
  facet normal 0 0 1
    outer loop
      vertex -5.441279999911785 -0.03916800022125244 2
      vertex -4.500575996935368 -0.03590399771928787 2
      vertex -5.450979836285114 0.1545734405517578 2
    endloop
  endfacet
  facet normal 0 0 1
    outer loop
      vertex -5.450979836285114 0.1545734405517578 2
      vertex -4.520626559853554 0.2645279988646507 2
      vertex -5.480079360306263 0.3295641615986824 2
    endloop
  endfacet
  facet normal 0 0 1
    outer loop
      vertex -4.500575996935368 -0.03590399771928787 2
      vertex -4.520626559853554 0.2645279988646507 2
      vertex -5.450979836285114 0.1545734405517578 2
    endloop
  endfacet
  facet normal 0 0 1
    outer loop
      vertex -5.480079360306263 0.3295641615986824 2
      vertex -4.6810310408473015 0.8009376004338264 2
      vertex -5.52857855707407 0.48580416291952133 2
    endloop
  endfacet
  facet normal 0 0 1
    outer loop
      vertex -5.480079360306263 0.3295641615986824 2
      vertex -4.520626559853554 0.2645279988646507 2
      vertex -4.580778241157532 0.5434752032160759 2
    endloop
  endfacet
  facet normal 0 0 1
    outer loop
      vertex -5.52857855707407 0.48580416291952133 2
      vertex -4.821384958922863 1.036915197968483 2
      vertex -5.5964774414896965 0.623293437063694 2
    endloop
  endfacet
  facet normal 0 0 1
    outer loop
      vertex -5.480079360306263 0.3295641615986824 2
      vertex -4.580778241157532 0.5434752032160759 2
      vertex -4.6810310408473015 0.8009376004338264 2
    endloop
  endfacet
  facet normal 0 0 1
    outer loop
      vertex -5.52857855707407 0.48580416291952133 2
      vertex -4.6810310408473015 0.8009376004338264 2
      vertex -4.821384958922863 1.036915197968483 2
    endloop
  endfacet
  facet normal 0 0 1
    outer loop
      vertex -5.5964774414896965 0.623293437063694 2
      vertex -5.001840002834797 1.251408003270626 2
      vertex -5.683775998651981 0.7420319989323616 2
    endloop
  endfacet
  facet normal 0 0 1
    outer loop
      vertex -5.683775998651981 0.7420319989323616 2
      vertex -5.21367359906435 1.4348006397485733 2
      vertex -5.785395838320255 0.8404588773846626 2
    endloop
  endfacet
  facet normal 0 0 1
    outer loop
      vertex -5.5964774414896965 0.623293437063694 2
      vertex -4.821384958922863 1.036915197968483 2
      vertex -5.001840002834797 1.251408003270626 2
    endloop
  endfacet
  facet normal -0.5286517487373293 0.8488388118818341 0
    outer loop
      vertex -7.364315517246723 1.4383295997977257 2
      vertex -7.207103997468948 1.5362399965524673 2
      vertex -7.364315517246723 1.4383295997977257 1.2
    endloop
  endfacet
  facet normal -0.43253174691667345 0.9016187042809231 0
    outer loop
      vertex -7.207103997468948 1.5362399965524673 2
      vertex -7.03856448084116 1.6170931234955788 2
      vertex -7.207103997468948 1.5362399965524673 1.2
    endloop
  endfacet
  facet normal -0.336093888652957 0.941828486514468 0
    outer loop
      vertex -7.03856448084116 1.6170931234955788 2
      vertex -6.862341120839119 1.6799788773059845 2
      vertex -7.03856448084116 1.6170931234955788 1.2
    endloop
  endfacet
  facet normal -0.23727020245018196 0.9714436942145692 0
    outer loop
      vertex -6.862341120839119 1.6799788773059845 2
      vertex -6.678433917462826 1.7248972803354263 2
      vertex -6.862341120839119 1.6799788773059845 1.2
    endloop
  endfacet
  facet normal -0.1392981525874345 0.9902504858295843 0
    outer loop
      vertex -6.678433917462826 1.7248972803354263 2
      vertex -6.486842878162861 1.751848317682743 2
      vertex -6.678433917462826 1.7248972803354263 1.2
    endloop
  endfacet
  facet normal -0.04503610354790556 0.9989853599413869 0
    outer loop
      vertex -6.486842878162861 1.751848317682743 2
      vertex -6.287568002939224 1.7608319967985153 2
      vertex -6.486842878162861 1.751848317682743 1.2
    endloop
  endfacet
  facet normal 0.06721891048051107 0.9977382512832778 0
    outer loop
      vertex -6.287568002939224 1.7608319967985153 2
      vertex -5.985110402107239 1.740455038845539 2
      vertex -6.287568002939224 1.7608319967985153 1.2
    endloop
  endfacet
  facet normal 0.21344456579648888 0.9769551767261118 0
    outer loop
      vertex -5.705308802425861 1.6793241575360298 2
      vertex -5.985110402107239 1.740455038845539 1.2
      vertex -5.985110402107239 1.740455038845539 2
    endloop
  endfacet
  facet normal 0.36835472988972146 0.9296853193247006 0
    outer loop
      vertex -5.705308802425861 1.6793241575360298 2
      vertex -5.448163196444511 1.577439360320568 2
      vertex -5.705308802425861 1.6793241575360298 1.2
    endloop
  endfacet
  facet normal 0 -1 0
    outer loop
      vertex -6.746495999395847 2.105903998017311 2
      vertex -6.167088001966476 2.105903998017311 1.2
      vertex -6.167088001966476 2.105903998017311 2
    endloop
  endfacet
  facet normal 0.7652107699027202 0.6437798362987817 0
    outer loop
      vertex -4.821384958922863 1.036915197968483 2
      vertex -5.001840002834797 1.251408003270626 1.2
      vertex -5.001840002834797 1.251408003270626 2
    endloop
  endfacet
  facet normal 0.6545299922490798 0.7560360370024828 0
    outer loop
      vertex -5.001840002834797 1.251408003270626 2
      vertex -5.21367359906435 1.4348006397485733 1.2
      vertex -5.21367359906435 1.4348006397485733 2
    endloop
  endfacet
  facet normal 0.5196968223589533 0.8543507551527103 0
    outer loop
      vertex -5.21367359906435 1.4348006397485733 2
      vertex -5.448163196444511 1.577439360320568 1.2
      vertex -5.448163196444511 1.577439360320568 2
    endloop
  endfacet
  facet normal -0.8387818285012113 0.5444676704600232 0
    outer loop
      vertex -3.7864108830690384 1.137187197804451 2
      vertex -3.6900652796030045 1.2856127992272377 2
      vertex -3.7864108830690384 1.137187197804451 1.2
    endloop
  endfacet
  facet normal 0 0 1
    outer loop
      vertex -6.88646399974823 0.7420319989323616 2
      vertex -7.364315517246723 1.4383295997977257 2
      vertex -7.506554879248142 1.3242719992995262 2
    endloop
  endfacet
  facet normal 0 0 1
    outer loop
      vertex -6.784256637096405 0.8404588773846626 2
      vertex -7.207103997468948 1.5362399965524673 2
      vertex -7.364315517246723 1.4383295997977257 2
    endloop
  endfacet
  facet normal 0 0 1
    outer loop
      vertex -6.672936961054802 0.9170131236314774 2
      vertex -7.03856448084116 1.6170931234955788 2
      vertex -7.207103997468948 1.5362399965524673 2
    endloop
  endfacet
  facet normal 0 0 1
    outer loop
      vertex -6.784256637096405 0.8404588773846626 2
      vertex -6.672936961054802 0.9170131236314774 2
      vertex -7.207103997468948 1.5362399965524673 2
    endloop
  endfacet
  facet normal 0 0 1
    outer loop
      vertex -6.672936961054802 0.9170131236314774 2
      vertex -6.5525049567222595 0.9716947227716446 2
      vertex -6.862341120839119 1.6799788773059845 2
    endloop
  endfacet
  facet normal 0 0 1
    outer loop
      vertex -6.5525049567222595 0.9716947227716446 2
      vertex -6.422960638999939 1.004503682255745 2
      vertex -6.678433917462826 1.7248972803354263 2
    endloop
  endfacet
  facet normal 0 0 1
    outer loop
      vertex -6.672936961054802 0.9170131236314774 2
      vertex -6.862341120839119 1.6799788773059845 2
      vertex -7.03856448084116 1.6170931234955788 2
    endloop
  endfacet
  facet normal 0 0 1
    outer loop
      vertex -6.5525049567222595 0.9716947227716446 2
      vertex -6.678433917462826 1.7248972803354263 2
      vertex -6.862341120839119 1.6799788773059845 2
    endloop
  endfacet
  facet normal 0 0 1
    outer loop
      vertex -6.422960638999939 1.004503682255745 2
      vertex -6.486842878162861 1.751848317682743 2
      vertex -6.678433917462826 1.7248972803354263 2
    endloop
  endfacet
  facet normal 0 0 1
    outer loop
      vertex -6.422960638999939 1.004503682255745 2
      vertex -6.28430400043726 1.0154400020837784 2
      vertex -6.486842878162861 1.751848317682743 2
    endloop
  endfacet
  facet normal 0 0 1
    outer loop
      vertex -6.28430400043726 1.0154400020837784 2
      vertex -6.14571263641119 1.004503682255745 2
      vertex -6.287568002939224 1.7608319967985153 2
    endloop
  endfacet
  facet normal 0 0 1
    outer loop
      vertex -6.14571263641119 1.004503682255745 2
      vertex -6.01636415719986 0.9716947227716446 2
      vertex -5.985110402107239 1.740455038845539 2
    endloop
  endfacet
  facet normal 0 0 1
    outer loop
      vertex -5.896258562803268 0.9170131236314774 2
      vertex -5.705308802425861 1.6793241575360298 2
      vertex -6.01636415719986 0.9716947227716446 2
    endloop
  endfacet
  facet normal 0 0 1
    outer loop
      vertex -5.896258562803268 0.9170131236314774 2
      vertex -5.785395838320255 0.8404588773846626 2
      vertex -5.448163196444511 1.577439360320568 2
    endloop
  endfacet
  facet normal 0 0 1
    outer loop
      vertex -6.28430400043726 1.0154400020837784 2
      vertex -6.287568002939224 1.7608319967985153 2
      vertex -6.486842878162861 1.751848317682743 2
    endloop
  endfacet
  facet normal 0 0 1
    outer loop
      vertex -6.287568002939224 1.7608319967985153 2
      vertex -6.14571263641119 1.004503682255745 2
      vertex -5.985110402107239 1.740455038845539 2
    endloop
  endfacet
  facet normal 0 0 1
    outer loop
      vertex -6.01636415719986 0.9716947227716446 2
      vertex -5.705308802425861 1.6793241575360298 2
      vertex -5.985110402107239 1.740455038845539 2
    endloop
  endfacet
  facet normal 0 0 1
    outer loop
      vertex -5.896258562803268 0.9170131236314774 2
      vertex -5.448163196444511 1.577439360320568 2
      vertex -5.705308802425861 1.6793241575360298 2
    endloop
  endfacet
  facet normal 0 0 1
    outer loop
      vertex -5.683775998651981 0.7420319989323616 2
      vertex -5.001840002834797 1.251408003270626 2
      vertex -5.21367359906435 1.4348006397485733 2
    endloop
  endfacet
  facet normal 0 0 1
    outer loop
      vertex -5.785395838320255 0.8404588773846626 2
      vertex -5.21367359906435 1.4348006397485733 2
      vertex -5.448163196444511 1.577439360320568 2
    endloop
  endfacet
  facet normal -0.4826143519413811 0.8758329676942977 0
    outer loop
      vertex -3.5893171206116676 -0.009298563003540039 2
      vertex -3.4929120019078255 0.043824002146720886 2
      vertex -3.5893171206116676 -0.009298563003540039 1.2
    endloop
  endfacet
  facet normal -0.397569128613768 0.9175722249356119 0
    outer loop
      vertex -3.4929120019078255 0.043824002146720886 2
      vertex -3.383078396320343 0.09141311794519424 2
      vertex -3.4929120019078255 0.043824002146720886 1.2
    endloop
  endfacet
  facet normal -0.33318799720781245 0.9428604130605159 0
    outer loop
      vertex -3.383078396320343 0.09141311794519424 2
      vertex -3.2554079964756966 0.13652928173542023 2
      vertex -3.383078396320343 0.09141311794519424 1.2
    endloop
  endfacet
  facet normal -0.2812372535237253 0.9596382689484781 0
    outer loop
      vertex -3.2554079964756966 0.13652928173542023 2
      vertex -3.109900802373886 0.17917247861623764 2
      vertex -3.2554079964756966 0.13652928173542023 1.2
    endloop
  endfacet
  facet normal -0.2388087885840497 0.9710666107404882 0
    outer loop
      vertex -3.109900802373886 0.17917247861623764 2
      vertex -2.9465567991137505 0.21934272348880768 2
      vertex -3.109900802373886 0.17917247861623764 1.2
    endloop
  endfacet
  facet normal -0.20370192599903672 0.9790329541666526 0
    outer loop
      vertex -2.9465567991137505 0.21934272348880768 2
      vertex -2.765376001596451 0.25704000145196915 2
      vertex -2.9465567991137505 0.21934272348880768 1.2
    endloop
  endfacet
  facet normal -0.19366285187577625 0.9810681422833691 0
    outer loop
      vertex -2.765376001596451 0.25704000145196915 2
      vertex -2.524636797606945 0.30456192046403885 2
      vertex -2.765376001596451 0.25704000145196915 1.2
    endloop
  endfacet
  facet normal -0.2157035653471532 0.9764588941151218 0
    outer loop
      vertex -2.524636797606945 0.30456192046403885 2
      vertex -2.3154048025608063 0.3507820814847946 2
      vertex -2.524636797606945 0.30456192046403885 1.2
    endloop
  endfacet
  facet normal -0.2450362018427394 0.9695139296505668 0
    outer loop
      vertex -2.3154048025608063 0.3507820814847946 2
      vertex -2.1376800015568733 0.39570047706365585 2
      vertex -2.3154048025608063 0.3507820814847946 1.2
    endloop
  endfacet
  facet normal -0.28585259022221315 0.9582736021947238 0
    outer loop
      vertex -2.1376800015568733 0.39570047706365585 2
      vertex -1.9914624020457268 0.43931712210178375 2
      vertex -2.1376800015568733 0.39570047706365585 1.2
    endloop
  endfacet
  facet normal -0.34608809355424763 0.9382020206224171 0
    outer loop
      vertex -1.9914624020457268 0.43931712210178375 2
      vertex -1.876751996576786 0.4816320016980171 2
      vertex -1.9914624020457268 0.43931712210178375 1.2
    endloop
  endfacet
  facet normal -1 0 0
    outer loop
      vertex -1.876751996576786 0.4816320016980171 2
      vertex -1.876751996576786 0.572783999145031 2
      vertex -1.876751996576786 0.4816320016980171 1.2
    endloop
  endfacet
  facet normal -0.17750800209636208 -0.9841193571878148 0
    outer loop
      vertex -3.1006560027599335 0.6281279996037483 2
      vertex -3.9306719973683357 0.7778400033712387 2
      vertex -3.1006560027599335 0.6281279996037483 1.2
    endloop
  endfacet
  facet normal 0.9294912430586895 -0.3688441799421705 0
    outer loop
      vertex -3.1006560027599335 0.6281279996037483 2
      vertex -3.064723201096058 0.7186790406703949 1.2
      vertex -3.064723201096058 0.7186790406703949 2
    endloop
  endfacet
  facet normal 0.8916173283150933 -0.4527897302813471 0
    outer loop
      vertex -3.064723201096058 0.7186790406703949 2
      vertex -3.0246239975094795 0.7976409569382668 1.2
      vertex -3.0246239975094795 0.7976409569382668 2
    endloop
  endfacet
  facet normal 0.8357507972899209 -0.5491089189125063 0
    outer loop
      vertex -3.0246239975094795 0.7976409569382668 2
      vertex -2.980358399450779 0.8650137633085251 1.2
      vertex -2.980358399450779 0.8650137633085251 2
    endloop
  endfacet
  facet normal 0.7551116335593173 -0.6555962331064596 0
    outer loop
      vertex -2.980358399450779 0.8650137633085251 2
      vertex -2.9319263994693756 0.9207974374294281 1.2
      vertex -2.9319263994693756 0.9207974374294281 2
    endloop
  endfacet
  facet normal 0.6432936943705855 -0.7656195026140883 0
    outer loop
      vertex -2.9319263994693756 0.9207974374294281 2
      vertex -2.8793279975652695 0.9649920016527176 1.2
      vertex -2.8793279975652695 0.9649920016527176 2
    endloop
  endfacet
  facet normal 0.5057591579103186 -0.8626747209637277 0
    outer loop
      vertex -2.8793279975652695 0.9649920016527176 2
      vertex -2.8203494399785995 0.9995692819356918 1.2
      vertex -2.8203494399785995 0.9995692819356918 2
    endloop
  endfacet
  facet normal -0.9986300028448473 -0.05232702378408636 0
    outer loop
      vertex -1.876751996576786 0.572783999145031 2
      vertex -1.8819609582424164 0.6721939221024513 2
      vertex -1.876751996576786 0.572783999145031 1.2
    endloop
  endfacet
  facet normal -0.9843536184378429 -0.1762042958282395 0
    outer loop
      vertex -1.8819609582424164 0.6721939221024513 2
      vertex -1.8975878432393074 0.7594924792647362 2
      vertex -1.8819609582424164 0.6721939221024513 1.2
    endloop
  endfacet
  facet normal -0.9449143553265246 -0.32731767611581664 0
    outer loop
      vertex -1.8975878432393074 0.7594924792647362 2
      vertex -1.923632636666298 0.8346796780824661 2
      vertex -1.8975878432393074 0.7594924792647362 1.2
    endloop
  endfacet
  facet normal 0.3697833220391981 -0.9291180198132284 0
    outer loop
      vertex -2.8203494399785995 0.9995692819356918 2
      vertex -2.7527769580483437 1.0264627188444138 1.2
      vertex -2.7527769580483437 1.0264627188444138 2
    endloop
  endfacet
  facet normal 0.24454803673335118 -0.9696371783970865 0
    outer loop
      vertex -2.7527769580483437 1.0264627188444138 2
      vertex -2.6766105592250824 1.045672319829464 1.2
      vertex -2.6766105592250824 1.045672319829464 2
    endloop
  endfacet
  facet normal 0.13474056933527714 -0.9908809105917853 0
    outer loop
      vertex -2.6766105592250824 1.045672319829464 2
      vertex -2.5918502435088158 1.0571980774402618 1.2
      vertex -2.5918502435088158 1.0571980774402618 2
    endloop
  endfacet
  facet normal 0.04111942143052343 -0.9991542389347197 0
    outer loop
      vertex -2.5918502435088158 1.0571980774402618 2
      vertex -2.498496003448963 1.061039999127388 1.2
      vertex -2.498496003448963 1.061039999127388 2
    endloop
  endfacet
  facet normal -0.03319012753984201 -0.99944905594727 0
    outer loop
      vertex -2.3632051199674606 1.0565472021698952 2
      vertex -2.498496003448963 1.061039999127388 2
      vertex -2.3632051199674606 1.0565472021698952 1.2
    endloop
  endfacet
  facet normal -0.8657526491624948 -0.5004721275636856 0
    outer loop
      vertex -1.923632636666298 0.8346796780824661 2
      vertex -1.9600953608751297 0.8977555185556412 2
      vertex -1.923632636666298 0.8346796780824661 1.2
    endloop
  endfacet
  facet normal -0.7359791006862191 -0.6770042565251005 0
    outer loop
      vertex -1.9600953608751297 0.8977555185556412 2
      vertex -2.0069760009646416 0.9487200006842613 2
      vertex -1.9600953608751297 0.8977555185556412 1.2
    endloop
  endfacet
  facet normal -0.36661604463801606 -0.9303723318188133 0
    outer loop
      vertex -2.0682931169867516 0.9891552031040192 2
      vertex -2.148103676736355 1.0206047967076302 2
      vertex -2.0682931169867516 0.9891552031040192 1.2
    endloop
  endfacet
  facet normal -0.11463903277719993 -0.993407213666132 0
    outer loop
      vertex -2.3632051199674606 1.0565472021698952 2
      vertex -2.2464076802134514 1.0430687963962555 1.2
      vertex -2.2464076802134514 1.0430687963962555 2
    endloop
  endfacet
  facet normal -0.22277309059025271 -0.9748703247657439 0
    outer loop
      vertex -2.2464076802134514 1.0430687963962555 2
      vertex -2.148103676736355 1.0206047967076302 1.2
      vertex -2.148103676736355 1.0206047967076302 2
    endloop
  endfacet
  facet normal -0.5505188272906033 -0.8348227481319486 0
    outer loop
      vertex -2.0069760009646416 0.9487200006842613 2
      vertex -2.0682931169867516 0.9891552031040192 2
      vertex -2.0069760009646416 0.9487200006842613 1.2
    endloop
  endfacet
  facet normal 0.9999579413549683 -0.009171451419157534 0
    outer loop
      vertex -0.9881760030984879 -0.6380639970302582 2
      vertex -0.9783840030431747 0.42955199629068375 1.2
      vertex -0.9783840030431747 0.42955199629068375 2
    endloop
  endfacet
  facet normal 0.9997611714931491 0.02185406082736414 0
    outer loop
      vertex -0.9783840030431747 0.42955199629068375 2
      vertex -0.9832665622234344 0.6529152020812035 1.2
      vertex -0.9832665622234344 0.6529152020812035 2
    endloop
  endfacet
  facet normal 0.997148454853117 0.07546495202437599 0
    outer loop
      vertex -0.9832665622234344 0.6529152020812035 2
      vertex -0.9979142397642136 0.846460796892643 1.2
      vertex -0.9979142397642136 0.846460796892643 2
    endloop
  endfacet
  facet normal 0.9890657116905293 0.14747548256610943 0
    outer loop
      vertex -0.9979142397642136 0.846460796892643 2
      vertex -1.0223270431160927 1.010188803076744 1.2
      vertex -1.0223270431160927 1.010188803076744 2
    endloop
  endfacet
  facet normal 0 0 1
    outer loop
      vertex -2.795456640422344 -0.35047295689582825 2
      vertex -2.9465567991137505 0.21934272348880768 2
      vertex -3.109900802373886 0.17917247861623764 2
    endloop
  endfacet
  facet normal 0 0 1
    outer loop
      vertex -2.6958470419049263 -0.318581759929657 2
      vertex -2.765376001596451 0.25704000145196915 2
      vertex -2.9465567991137505 0.21934272348880768 2
    endloop
  endfacet
  facet normal 0 0 1
    outer loop
      vertex -2.575148157775402 -0.28642944246530533 2
      vertex -2.524636797606945 0.30456192046403885 2
      vertex -2.765376001596451 0.25704000145196915 2
    endloop
  endfacet
  facet normal 0 0 1
    outer loop
      vertex -2.2892294377088547 -0.22236672043800354 2
      vertex -2.3154048025608063 0.3507820814847946 2
      vertex -2.524636797606945 0.30456192046403885 2
    endloop
  endfacet
  facet normal 0 0 1
    outer loop
      vertex -2.0501817613840103 -0.16455168277025223 2
      vertex -1.9552646428346634 -0.13838592171669006 2
      vertex -2.1376800015568733 0.39570047706365585 2
    endloop
  endfacet
  facet normal 0 0 1
    outer loop
      vertex -1.9552646428346634 -0.13838592171669006 2
      vertex -1.876751996576786 -0.11404799669981003 2
      vertex -2.1376800015568733 0.39570047706365585 2
    endloop
  endfacet
  facet normal 0 0 1
    outer loop
      vertex -2.0501817613840103 -0.16455168277025223 2
      vertex -2.1376800015568733 0.39570047706365585 2
      vertex -2.3154048025608063 0.3507820814847946 2
    endloop
  endfacet
  facet normal 0 0 1
    outer loop
      vertex -1.876751996576786 -0.11404799669981003 2
      vertex -1.9914624020457268 0.43931712210178375 2
      vertex -2.1376800015568733 0.39570047706365585 2
    endloop
  endfacet
  facet normal 0 0 1
    outer loop
      vertex -1.876751996576786 -0.11404799669981003 2
      vertex -1.876751996576786 0.4816320016980171 2
      vertex -1.9914624020457268 0.43931712210178375 2
    endloop
  endfacet
  facet normal 0 0 1
    outer loop
      vertex -3.1006560027599335 0.6281279996037483 2
      vertex -3.866613119840622 0.9679296016693115 2
      vertex -3.9306719973683357 0.7778400033712387 2
    endloop
  endfacet
  facet normal 0 0 1
    outer loop
      vertex -3.1006560027599335 0.6281279996037483 2
      vertex -3.064723201096058 0.7186790406703949 2
      vertex -3.866613119840622 0.9679296016693115 2
    endloop
  endfacet
  facet normal 0 0 1
    outer loop
      vertex -3.064723201096058 0.7186790406703949 2
      vertex -3.7864108830690384 1.137187197804451 2
      vertex -3.866613119840622 0.9679296016693115 2
    endloop
  endfacet
  facet normal 0 0 1
    outer loop
      vertex -3.064723201096058 0.7186790406703949 2
      vertex -3.0246239975094795 0.7976409569382668 2
      vertex -3.7864108830690384 1.137187197804451 2
    endloop
  endfacet
  facet normal 0 0 1
    outer loop
      vertex -3.7864108830690384 1.137187197804451 2
      vertex -3.0246239975094795 0.7976409569382668 2
      vertex -3.6900652796030045 1.2856127992272377 2
    endloop
  endfacet
  facet normal 0 0 1
    outer loop
      vertex -3.6900652796030045 1.2856127992272377 2
      vertex -3.0246239975094795 0.7976409569382668 2
      vertex -2.980358399450779 0.8650137633085251 2
    endloop
  endfacet
  facet normal 0 0 1
    outer loop
      vertex -3.5775763168931007 1.413206398487091 2
      vertex -2.980358399450779 0.8650137633085251 2
      vertex -2.9319263994693756 0.9207974374294281 2
    endloop
  endfacet
  facet normal 0 0 1
    outer loop
      vertex -1.876751996576786 -0.11404799669981003 2
      vertex -0.9783840030431747 0.42955199629068375 2
      vertex -1.876751996576786 0.4816320016980171 2
    endloop
  endfacet
  facet normal 0 0 1
    outer loop
      vertex -1.876751996576786 0.4816320016980171 2
      vertex -0.9783840030431747 0.42955199629068375 2
      vertex -1.876751996576786 0.572783999145031 2
    endloop
  endfacet
  facet normal 0 0 1
    outer loop
      vertex -1.876751996576786 0.572783999145031 2
      vertex -0.9832665622234344 0.6529152020812035 2
      vertex -1.8819609582424164 0.6721939221024513 2
    endloop
  endfacet
  facet normal 0 0 1
    outer loop
      vertex -1.8819609582424164 0.6721939221024513 2
      vertex -0.9979142397642136 0.846460796892643 2
      vertex -1.8975878432393074 0.7594924792647362 2
    endloop
  endfacet
  facet normal 0 0 1
    outer loop
      vertex -1.876751996576786 0.572783999145031 2
      vertex -0.9783840030431747 0.42955199629068375 2
      vertex -0.9832665622234344 0.6529152020812035 2
    endloop
  endfacet
  facet normal 0 0 1
    outer loop
      vertex -1.8819609582424164 0.6721939221024513 2
      vertex -0.9832665622234344 0.6529152020812035 2
      vertex -0.9979142397642136 0.846460796892643 2
    endloop
  endfacet
  facet normal 0 0 1
    outer loop
      vertex -1.8975878432393074 0.7594924792647362 2
      vertex -1.0565049573779106 1.144099198281765 2
      vertex -1.923632636666298 0.8346796780824661 2
    endloop
  endfacet
  facet normal 0 0 1
    outer loop
      vertex -1.923632636666298 0.8346796780824661 2
      vertex -1.226484477519989 1.4140569567680359 2
      vertex -1.9600953608751297 0.8977555185556412 2
    endloop
  endfacet
  facet normal 0 0 1
    outer loop
      vertex -1.8975878432393074 0.7594924792647362 2
      vertex -0.9979142397642136 0.846460796892643 2
      vertex -1.0223270431160927 1.010188803076744 2
    endloop
  endfacet
  facet normal 0 0 1
    outer loop
      vertex -1.8975878432393074 0.7594924792647362 2
      vertex -1.0223270431160927 1.010188803076744 2
      vertex -1.0565049573779106 1.144099198281765 2
    endloop
  endfacet
  facet normal 0 0 1
    outer loop
      vertex -1.923632636666298 0.8346796780824661 2
      vertex -1.0565049573779106 1.144099198281765 2
      vertex -1.1004479974508286 1.2481919974088669 2
    endloop
  endfacet
  facet normal -0.7501108557628413 0.6613121079087678 0
    outer loop
      vertex -3.6900652796030045 1.2856127992272377 2
      vertex -3.5775763168931007 1.413206398487091 2
      vertex -3.6900652796030045 1.2856127992272377 1.2
    endloop
  endfacet
  facet normal -0.6386580303913024 0.7694906888434079 0
    outer loop
      vertex -3.5775763168931007 1.413206398487091 2
      vertex -3.448944002389908 1.5199680030345917 2
      vertex -3.5775763168931007 1.413206398487091 1.2
    endloop
  endfacet
  facet normal -0.5005031708354474 0.8657347030029829 0
    outer loop
      vertex -3.448944002389908 1.5199680030345917 2
      vertex -3.29895743727684 1.6066790372133255 2
      vertex -3.448944002389908 1.5199680030345917 1.2
    endloop
  endfacet
  facet normal -0.35684603338030885 0.9341632129669523 0
    outer loop
      vertex -3.29895743727684 1.6066790372133255 2
      vertex -3.1224057599902153 1.6741209626197815 2
      vertex -3.29895743727684 1.6066790372133255 1.2
    endloop
  endfacet
  facet normal -0.23076658255673135 0.9730091388959753 0
    outer loop
      vertex -3.1224057599902153 1.6741209626197815 2
      vertex -2.9192889630794525 1.7222937569022179 2
      vertex -3.1224057599902153 1.6741209626197815 1.2
    endloop
  endfacet
  facet normal -0.12485747526916546 0.9921746876782382 0
    outer loop
      vertex -2.9192889630794525 1.7222937569022179 2
      vertex -2.6896070390939713 1.7511974424123764 2
      vertex -2.9192889630794525 1.7222937569022179 1.2
    endloop
  endfacet
  facet normal -0.03757214811475879 0.9992939175668202 0
    outer loop
      vertex -2.6896070390939713 1.7511974424123764 2
      vertex -2.4333600029349327 1.7608319967985153 2
      vertex -2.6896070390939713 1.7511974424123764 1.2
    endloop
  endfacet
  facet normal 0.024940345448938618 0.999688941205657 0
    outer loop
      vertex -2.4333600029349327 1.7608319967985153 2
      vertex -2.2010956779122353 1.7550374418497086 2
      vertex -2.4333600029349327 1.7608319967985153 1.2
    endloop
  endfacet
  facet normal 0.08357640251976654 0.9965013722729408 0
    outer loop
      vertex -2.2010956779122353 1.7550374418497086 2
      vertex -1.9938259199261665 1.737653762102127 2
      vertex -2.2010956779122353 1.7550374418497086 1.2
    endloop
  endfacet
  facet normal 0.1569801752543402 0.9876017540370797 0
    outer loop
      vertex -1.811550721526146 1.7086809575557709 2
      vertex -1.9938259199261665 1.737653762102127 1.2
      vertex -1.9938259199261665 1.737653762102127 2
    endloop
  endfacet
  facet normal 0.968938474213627 0.24730190696508636 0
    outer loop
      vertex -1.0565049573779106 1.144099198281765 2
      vertex -1.0223270431160927 1.010188803076744 2
      vertex -1.0565049573779106 1.144099198281765 1.2
    endloop
  endfacet
  facet normal 0.9212725622628082 0.3889175568442751 0
    outer loop
      vertex -1.0565049573779106 1.144099198281765 2
      vertex -1.1004479974508286 1.2481919974088669 1.2
      vertex -1.1004479974508286 1.2481919974088669 2
    endloop
  endfacet
  facet normal 0.8385145736724944 0.5448791698522113 0
    outer loop
      vertex -1.1004479974508286 1.2481919974088669 2
      vertex -1.1563699170947075 1.3342502415180206 1.2
      vertex -1.1563699170947075 1.3342502415180206 2
    endloop
  endfacet
  facet normal 0.47634586567254933 0.8792579918639748 0
    outer loop
      vertex -1.5219840034842491 1.615967996418476 2
      vertex -1.4092915207147598 1.554915837943554 2
      vertex -1.5219840034842491 1.615967996418476 1.2
    endloop
  endfacet
  facet normal 0.7512517741152323 0.660015736091736 0
    outer loop
      vertex -1.1563699170947075 1.3342502415180206 2
      vertex -1.226484477519989 1.4140569567680359 1.2
      vertex -1.226484477519989 1.4140569567680359 2
    endloop
  endfacet
  facet normal 0.6574226596336701 0.7535220279462249 0
    outer loop
      vertex -1.226484477519989 1.4140569567680359 2
      vertex -1.3107916787266731 1.4876121580600739 1.2
      vertex -1.3107916787266731 1.4876121580600739 2
    endloop
  endfacet
  facet normal 0.5641645311205719 0.8256623897365711 0
    outer loop
      vertex -1.3107916787266731 1.4876121580600739 2
      vertex -1.4092915207147598 1.554915837943554 1.2
      vertex -1.4092915207147598 1.554915837943554 2
    endloop
  endfacet
  facet normal 0.2497242586918523 0.9683169907735817 0
    outer loop
      vertex -1.6542700827121735 1.6681190431118011 2
      vertex -1.811550721526146 1.7086809575557709 1.2
      vertex -1.811550721526146 1.7086809575557709 2
    endloop
  endfacet
  facet normal 0.3667579685869449 0.9303163937489103 0
    outer loop
      vertex -1.5219840034842491 1.615967996418476 2
      vertex -1.6542700827121735 1.6681190431118011 1.2
      vertex -1.6542700827121735 1.6681190431118011 2
    endloop
  endfacet
  facet normal 0 0 1
    outer loop
      vertex -3.6900652796030045 1.2856127992272377 2
      vertex -2.980358399450779 0.8650137633085251 2
      vertex -3.5775763168931007 1.413206398487091 2
    endloop
  endfacet
  facet normal 0 0 1
    outer loop
      vertex -3.5775763168931007 1.413206398487091 2
      vertex -2.9319263994693756 0.9207974374294281 2
      vertex -3.448944002389908 1.5199680030345917 2
    endloop
  endfacet
  facet normal 0 0 1
    outer loop
      vertex -2.9319263994693756 0.9207974374294281 2
      vertex -2.8793279975652695 0.9649920016527176 2
      vertex -3.29895743727684 1.6066790372133255 2
    endloop
  endfacet
  facet normal 0 0 1
    outer loop
      vertex -2.8793279975652695 0.9649920016527176 2
      vertex -2.8203494399785995 0.9995692819356918 2
      vertex -3.1224057599902153 1.6741209626197815 2
    endloop
  endfacet
  facet normal 0 0 1
    outer loop
      vertex -3.448944002389908 1.5199680030345917 2
      vertex -2.9319263994693756 0.9207974374294281 2
      vertex -3.29895743727684 1.6066790372133255 2
    endloop
  endfacet
  facet normal 0 0 1
    outer loop
      vertex -2.8203494399785995 0.9995692819356918 2
      vertex -2.7527769580483437 1.0264627188444138 2
      vertex -3.1224057599902153 1.6741209626197815 2
    endloop
  endfacet
  facet normal 0 0 1
    outer loop
      vertex -2.8793279975652695 0.9649920016527176 2
      vertex -3.1224057599902153 1.6741209626197815 2
      vertex -3.29895743727684 1.6066790372133255 2
    endloop
  endfacet
  facet normal 0 0 1
    outer loop
      vertex -2.7527769580483437 1.0264627188444138 2
      vertex -2.9192889630794525 1.7222937569022179 2
      vertex -3.1224057599902153 1.6741209626197815 2
    endloop
  endfacet
  facet normal 0 0 1
    outer loop
      vertex -2.7527769580483437 1.0264627188444138 2
      vertex -2.6766105592250824 1.045672319829464 2
      vertex -2.9192889630794525 1.7222937569022179 2
    endloop
  endfacet
  facet normal 0 0 1
    outer loop
      vertex -2.6766105592250824 1.045672319829464 2
      vertex -2.5918502435088158 1.0571980774402618 2
      vertex -2.6896070390939713 1.7511974424123764 2
    endloop
  endfacet
  facet normal 0 0 1
    outer loop
      vertex -2.5918502435088158 1.0571980774402618 2
      vertex -2.498496003448963 1.061039999127388 2
      vertex -2.4333600029349327 1.7608319967985153 2
    endloop
  endfacet
  facet normal 0 0 1
    outer loop
      vertex -2.3632051199674606 1.0565472021698952 2
      vertex -2.4333600029349327 1.7608319967985153 2
      vertex -2.498496003448963 1.061039999127388 2
    endloop
  endfacet
  facet normal 0 0 1
    outer loop
      vertex -2.0069760009646416 0.9487200006842613 2
      vertex -1.6542700827121735 1.6681190431118011 2
      vertex -2.0682931169867516 0.9891552031040192 2
    endloop
  endfacet
  facet normal 0 0 1
    outer loop
      vertex -2.3632051199674606 1.0565472021698952 2
      vertex -2.2464076802134514 1.0430687963962555 2
      vertex -2.2010956779122353 1.7550374418497086 2
    endloop
  endfacet
  facet normal 0 0 1
    outer loop
      vertex -2.2464076802134514 1.0430687963962555 2
      vertex -2.148103676736355 1.0206047967076302 2
      vertex -1.9938259199261665 1.737653762102127 2
    endloop
  endfacet
  facet normal 0 0 1
    outer loop
      vertex -2.0682931169867516 0.9891552031040192 2
      vertex -1.811550721526146 1.7086809575557709 2
      vertex -2.148103676736355 1.0206047967076302 2
    endloop
  endfacet
  facet normal 0 0 1
    outer loop
      vertex -2.6766105592250824 1.045672319829464 2
      vertex -2.6896070390939713 1.7511974424123764 2
      vertex -2.9192889630794525 1.7222937569022179 2
    endloop
  endfacet
  facet normal 0 0 1
    outer loop
      vertex -2.5918502435088158 1.0571980774402618 2
      vertex -2.4333600029349327 1.7608319967985153 2
      vertex -2.6896070390939713 1.7511974424123764 2
    endloop
  endfacet
  facet normal 0 0 1
    outer loop
      vertex -2.3632051199674606 1.0565472021698952 2
      vertex -2.2010956779122353 1.7550374418497086 2
      vertex -2.4333600029349327 1.7608319967985153 2
    endloop
  endfacet
  facet normal 0 0 1
    outer loop
      vertex -2.148103676736355 1.0206047967076302 2
      vertex -1.811550721526146 1.7086809575557709 2
      vertex -1.9938259199261665 1.737653762102127 2
    endloop
  endfacet
  facet normal 0 0 1
    outer loop
      vertex -2.2464076802134514 1.0430687963962555 2
      vertex -1.9938259199261665 1.737653762102127 2
      vertex -2.2010956779122353 1.7550374418497086 2
    endloop
  endfacet
  facet normal 0 0 1
    outer loop
      vertex -1.9600953608751297 0.8977555185556412 2
      vertex -1.4092915207147598 1.554915837943554 2
      vertex -2.0069760009646416 0.9487200006842613 2
    endloop
  endfacet
  facet normal 0 0 1
    outer loop
      vertex -1.923632636666298 0.8346796780824661 2
      vertex -1.1004479974508286 1.2481919974088669 2
      vertex -1.1563699170947075 1.3342502415180206 2
    endloop
  endfacet
  facet normal 0 0 1
    outer loop
      vertex -1.923632636666298 0.8346796780824661 2
      vertex -1.1563699170947075 1.3342502415180206 2
      vertex -1.226484477519989 1.4140569567680359 2
    endloop
  endfacet
  facet normal 0 0 1
    outer loop
      vertex -1.9600953608751297 0.8977555185556412 2
      vertex -1.226484477519989 1.4140569567680359 2
      vertex -1.3107916787266731 1.4876121580600739 2
    endloop
  endfacet
  facet normal 0 0 1
    outer loop
      vertex -1.9600953608751297 0.8977555185556412 2
      vertex -1.3107916787266731 1.4876121580600739 2
      vertex -1.4092915207147598 1.554915837943554 2
    endloop
  endfacet
  facet normal 0 0 1
    outer loop
      vertex -2.0069760009646416 0.9487200006842613 2
      vertex -1.4092915207147598 1.554915837943554 2
      vertex -1.5219840034842491 1.615967996418476 2
    endloop
  endfacet
  facet normal 0 0 1
    outer loop
      vertex -2.0069760009646416 0.9487200006842613 2
      vertex -1.5219840034842491 1.615967996418476 2
      vertex -1.6542700827121735 1.6681190431118011 2
    endloop
  endfacet
  facet normal 0 0 1
    outer loop
      vertex -2.0682931169867516 0.9891552031040192 2
      vertex -1.6542700827121735 1.6681190431118011 2
      vertex -1.811550721526146 1.7086809575557709 2
    endloop
  endfacet
  facet normal 0.7360214462806005 -0.676958219253606 0
    outer loop
      vertex -6.167088001966476 2.105903998017311 2
      vertex -6.167088001966476 2.105903998017311 1.2
      vertex -5.271984003484249 3.079103998839855 1.2
    endloop
  endfacet
  facet normal -0.9079541416239902 0.41906953684065745 0
    outer loop
      vertex -6.297311998903751 3.079103998839855 2
      vertex -6.297311998903751 3.079103998839855 1.2
      vertex -6.746495999395847 2.105903998017311 1.2
    endloop
  endfacet
  facet normal 0 1 0
    outer loop
      vertex -5.271984003484249 3.079103998839855 2
      vertex -5.271984003484249 3.079103998839855 1.2
      vertex -6.297311998903751 3.079103998839855 1.2
    endloop
  endfacet
  facet normal -0.9079541416239902 0.41906953684065745 0
    outer loop
      vertex -6.746495999395847 2.105903998017311 2
      vertex -6.297311998903751 3.079103998839855 2
      vertex -6.746495999395847 2.105903998017311 1.2
    endloop
  endfacet
  facet normal 0.7360214462806005 -0.676958219253606 5.247816196490834e-17
    outer loop
      vertex -6.167088001966476 2.105903998017311 2
      vertex -5.271984003484249 3.079103998839855 1.2
      vertex -5.271984003484249 3.079103998839855 2
    endloop
  endfacet
  facet normal 0 1 0
    outer loop
      vertex -6.297311998903751 3.079103998839855 2
      vertex -5.271984003484249 3.079103998839855 2
      vertex -6.297311998903751 3.079103998839855 1.2
    endloop
  endfacet
  facet normal 0 0 1
    outer loop
      vertex -6.746495999395847 2.105903998017311 2
      vertex -6.167088001966476 2.105903998017311 2
      vertex -6.297311998903751 3.079103998839855 2
    endloop
  endfacet
  facet normal 0 0 1
    outer loop
      vertex -6.297311998903751 3.079103998839855 2
      vertex -6.167088001966476 2.105903998017311 2
      vertex -5.271984003484249 3.079103998839855 2
    endloop
  endfacet
  facet normal 0 -1 0
    outer loop
      vertex 6.925343997776508 -3.0793439969420433 2
      vertex 6.925343997776508 -3.0793439969420433 1.2
      vertex 7.8399839997291565 -3.0793439969420433 1.2
    endloop
  endfacet
  facet normal -1 0 0
    outer loop
      vertex 6.925343997776508 -2.1647040024399757 2
      vertex 6.925343997776508 -2.1647040024399757 1.2
      vertex 6.925343997776508 -3.0793439969420433 1.2
    endloop
  endfacet
  facet normal -1 0 0
    outer loop
      vertex 6.925343997776508 -3.0793439969420433 2
      vertex 6.925343997776508 -2.1647040024399757 2
      vertex 6.925343997776508 -3.0793439969420433 1.2
    endloop
  endfacet
  facet normal 0 0 1
    outer loop
      vertex 6.925343997776508 -3.0793439969420433 2
      vertex 7.8399839997291565 -2.1647040024399757 2
      vertex 6.925343997776508 -2.1647040024399757 2
    endloop
  endfacet
  facet normal 0 -1 0
    outer loop
      vertex 1.7724480032920837 -1.7740800008177757 2
      vertex 1.7724480032920837 -1.7740800008177757 1.2
      vertex 2.6870879977941513 -1.7740800008177757 1.2
    endloop
  endfacet
  facet normal 1 0 0
    outer loop
      vertex 2.6870879977941513 -1.7740800008177757 2
      vertex 2.6870879977941513 -1.7740800008177757 1.2
      vertex 2.6870879977941513 -0.04243200272321701 1.2
    endloop
  endfacet
  facet normal 0 -1 0
    outer loop
      vertex 4.005359999835491 -1.7740800008177757 2
      vertex 4.005359999835491 -1.7740800008177757 1.2
      vertex 4.920000001788139 -1.7740800008177757 1.2
    endloop
  endfacet
  facet normal 1 0 0
    outer loop
      vertex 4.920000001788139 -1.7740800008177757 2
      vertex 4.920000001788139 -1.7740800008177757 1.2
      vertex 4.920000001788139 0.2537759989500046 1.2
    endloop
  endfacet
  facet normal -0.2306127408171984 -0.9730456123804163 0
    outer loop
      vertex 6.868922881782055 -1.7748787179589272 2
      vertex 6.868922881782055 -1.7748787179589272 1.2
      vertex 7.050228476524353 -1.8178483173251152 1.2
    endloop
  endfacet
  facet normal -0.40566374392636134 -0.9140223886008741 0
    outer loop
      vertex 6.516864001750946 -1.6373760029673576 2
      vertex 6.516864001750946 -1.6373760029673576 1.2
      vertex 6.691134721040726 -1.7147212773561478 1.2
    endloop
  endfacet
  facet normal -0.32051484174587264 -0.9472434936280208 0
    outer loop
      vertex 6.691134721040726 -1.7147212773561478 2
      vertex 6.691134721040726 -1.7147212773561478 1.2
      vertex 6.868922881782055 -1.7748787179589272 1.2
    endloop
  endfacet
  facet normal -0.13815662846908067 -0.9904103927211468 0
    outer loop
      vertex 7.050228476524353 -1.8178483173251152 2
      vertex 7.050228476524353 -1.8178483173251152 1.2
      vertex 7.235051520168781 -1.8436300829052925 1.2
    endloop
  endfacet
  facet normal -0.0455822581839257 -0.9989605886814824 0
    outer loop
      vertex 7.235051520168781 -1.8436300829052925 2
      vertex 7.235051520168781 -1.8436300829052925 1.2
      vertex 7.4233919978141785 -1.8522239997982979 1.2
    endloop
  endfacet
  facet normal -0.49650388190294936 -0.8680345011894989 0
    outer loop
      vertex 6.352619521319866 -1.5434304028749466 2
      vertex 6.352619521319866 -1.5434304028749466 1.2
      vertex 6.516864001750946 -1.6373760029673576 1.2
    endloop
  endfacet
  facet normal -0.597133420377757 -0.8021419314983858 0
    outer loop
      vertex 6.204910077154636 -1.4334720000624657 2
      vertex 6.204910077154636 -1.4334720000624657 1.2
      vertex 6.352619521319866 -1.5434304028749466 1.2
    endloop
  endfacet
  facet normal -0.7780483890047595 -0.6282043492105881 0
    outer loop
      vertex 5.959096319973469 -1.1655168011784554 2
      vertex 5.959096319973469 -1.1655168011784554 1.2
      vertex 6.073735676705837 -1.3075008019804955 1.2
    endloop
  endfacet
  facet normal -0.6926570732479117 -0.7212670648793255 0
    outer loop
      vertex 6.073735676705837 -1.3075008019804955 2
      vertex 6.073735676705837 -1.3075008019804955 1.2
      vertex 6.204910077154636 -1.4334720000624657 1.2
    endloop
  endfacet
  facet normal 0.07862919343078217 0.996903932152153 0
    outer loop
      vertex 7.281471356749535 -1.0958476811647415 2
      vertex 7.4201280027627945 -1.106784000992775 1.2
      vertex 7.281471356749535 -1.0958476811647415 1.2
    endloop
  endfacet
  facet normal -1 0 0
    outer loop
      vertex 4.005359999835491 0.051983997225761414 2
      vertex 4.005359999835491 0.051983997225761414 1.2
      vertex 4.005359999835491 -1.7740800008177757 1.2
    endloop
  endfacet
  facet normal -0.849550194207567 -0.5275077890627636 0
    outer loop
      vertex 5.86099199950695 -1.0075199976563454 2
      vertex 5.86099199950695 -1.0075199976563454 1.2
      vertex 5.959096319973469 -1.1655168011784554 1.2
    endloop
  endfacet
  facet normal -0.9061582455118373 -0.4229388065558762 0
    outer loop
      vertex 5.7801388800144196 -0.8342899233102798 2
      vertex 5.7801388800144196 -0.8342899233102798 1.2
      vertex 5.86099199950695 -1.0075199976563454 1.2
    endloop
  endfacet
  facet normal -0.9481903625726291 -0.3177027483739888 0
    outer loop
      vertex 5.717253118753433 -0.6466060802340508 2
      vertex 5.717253118753433 -0.6466060802340508 1.2
      vertex 5.7801388800144196 -0.8342899233102798 1.2
    endloop
  endfacet
  facet normal 0.56663921151706 0.8239660211266752 0
    outer loop
      vertex 6.9201753586530685 -0.9318028762936592 2
      vertex 7.031495042145252 -1.008357122540474 1.2
      vertex 6.9201753586530685 -0.9318028762936592 1.2
    endloop
  endfacet
  facet normal 0.6936599001021666 0.7203026745683041 0
    outer loop
      vertex 6.817968003451824 -0.8333759978413582 2
      vertex 6.9201753586530685 -0.9318028762936592 1.2
      vertex 6.817968003451824 -0.8333759978413582 1.2
    endloop
  endfacet
  facet normal 0.4134255866282045 0.9105379093267478 0
    outer loop
      vertex 7.031495042145252 -1.008357122540474 2
      vertex 7.151927039027214 -1.0630387216806412 1.2
      vertex 7.031495042145252 -1.008357122540474 1.2
    endloop
  endfacet
  facet normal 0.2455127923293072 0.9693933509172975 0
    outer loop
      vertex 7.151927039027214 -1.0630387216806412 2
      vertex 7.281471356749535 -1.0958476811647415 1.2
      vertex 7.151927039027214 -1.0630387216806412 1.2
    endloop
  endfacet
  facet normal 0.804398342561781 0.594090318456596 0
    outer loop
      vertex 6.730081923305988 -0.7143782377243042 2
      vertex 6.817968003451824 -0.8333759978413582 1.2
      vertex 6.730081923305988 -0.7143782377243042 1.2
    endloop
  endfacet
  facet normal 0.8964346701600284 0.443175904280773 0
    outer loop
      vertex 6.661726079881191 -0.5761113613843918 2
      vertex 6.730081923305988 -0.7143782377243042 1.2
      vertex 6.661726079881191 -0.5761113613843918 1.2
    endloop
  endfacet
  facet normal -0.9761881548489117 -0.2169255317676492 0
    outer loop
      vertex 5.672334723174572 -0.4444684833288193 2
      vertex 5.672334723174572 -0.4444684833288193 1.2
      vertex 5.717253118753433 -0.6466060802340508 1.2
    endloop
  endfacet
  facet normal -0.9923470111251177 -0.12348040132363422 0
    outer loop
      vertex 5.645383678376675 -0.22787711769342422 2
      vertex 5.645383678376675 -0.22787711769342422 1.2
      vertex 5.672334723174572 -0.4444684833288193 1.2
    endloop
  endfacet
  facet normal -0.9992449203576977 -0.038853431500171696 0
    outer loop
      vertex 5.636399999260902 0.0031680017709732056 2
      vertex 5.636399999260902 0.0031680017709732056 1.2
      vertex 5.645383678376675 -0.22787711769342422 1.2
    endloop
  endfacet
  facet normal 0.9551754340209417 0.29604035238951076 0
    outer loop
      vertex 6.612900480628014 -0.41857536137104034 2
      vertex 6.661726079881191 -0.5761113613843918 1.2
      vertex 6.612900480628014 -0.41857536137104034 1.2
    endloop
  endfacet
  facet normal 0.9865492571310934 0.16346425680890442 0
    outer loop
      vertex 6.583605118095875 -0.24177023768424988 2
      vertex 6.612900480628014 -0.41857536137104034 1.2
      vertex 6.583605118095875 -0.24177023768424988 1.2
    endloop
  endfacet
  facet normal 0.9987621245190458 0.049741518133266806 0
    outer loop
      vertex 6.573839999735355 -0.04569599777460098 2
      vertex 6.583605118095875 -0.24177023768424988 1.2
      vertex 6.573839999735355 -0.04569599777460098 1.2
    endloop
  endfacet
  facet normal 0 -1 0
    outer loop
      vertex 1.7724480032920837 -1.7740800008177757 2
      vertex 2.6870879977941513 -1.7740800008177757 1.2
      vertex 2.6870879977941513 -1.7740800008177757 2
    endloop
  endfacet
  facet normal 0 0 1
    outer loop
      vertex 1.7724480032920837 -1.7740800008177757 2
      vertex 2.6870879977941513 -1.7740800008177757 2
      vertex 2.6870879977941513 -0.04243200272321701 2
    endloop
  endfacet
  facet normal -1 0 0
    outer loop
      vertex 1.7724480032920837 -1.7740800008177757 2
      vertex 1.7724480032920837 2.9977440014481544 2
      vertex 1.7724480032920837 -1.7740800008177757 1.2
    endloop
  endfacet
  facet normal 1 0 0
    outer loop
      vertex 2.6870879977941513 -1.7740800008177757 2
      vertex 2.6870879977941513 -0.04243200272321701 1.2
      vertex 2.6870879977941513 -0.04243200272321701 2
    endloop
  endfacet
  facet normal 0 0 1
    outer loop
      vertex 1.7724480032920837 -1.7740800008177757 2
      vertex 2.6870879977941513 -0.04243200272321701 2
      vertex 2.6904076784849167 0.12350975722074509 2
    endloop
  endfacet
  facet normal 0 -1 0
    outer loop
      vertex 4.005359999835491 -1.7740800008177757 2
      vertex 4.920000001788139 -1.7740800008177757 1.2
      vertex 4.920000001788139 -1.7740800008177757 2
    endloop
  endfacet
  facet normal -1 0 0
    outer loop
      vertex 4.005359999835491 -1.7740800008177757 2
      vertex 4.005359999835491 0.051983997225761414 2
      vertex 4.005359999835491 -1.7740800008177757 1.2
    endloop
  endfacet
  facet normal 0 1 0
    outer loop
      vertex 6.925343997776508 -2.1647040024399757 2
      vertex 7.8399839997291565 -2.1647040024399757 2
      vertex 6.925343997776508 -2.1647040024399757 1.2
    endloop
  endfacet
  facet normal -0.40566374392636134 -0.9140223886008741 0
    outer loop
      vertex 6.516864001750946 -1.6373760029673576 2
      vertex 6.691134721040726 -1.7147212773561478 1.2
      vertex 6.691134721040726 -1.7147212773561478 2
    endloop
  endfacet
  facet normal -0.32051484174587264 -0.9472434936280208 0
    outer loop
      vertex 6.868922881782055 -1.7748787179589272 2
      vertex 6.691134721040726 -1.7147212773561478 2
      vertex 6.868922881782055 -1.7748787179589272 1.2
    endloop
  endfacet
  facet normal -0.2306127408171984 -0.9730456123804163 0
    outer loop
      vertex 6.868922881782055 -1.7748787179589272 2
      vertex 7.050228476524353 -1.8178483173251152 1.2
      vertex 7.050228476524353 -1.8178483173251152 2
    endloop
  endfacet
  facet normal -0.13815662846908067 -0.9904103927211468 0
    outer loop
      vertex 7.235051520168781 -1.8436300829052925 2
      vertex 7.050228476524353 -1.8178483173251152 2
      vertex 7.235051520168781 -1.8436300829052925 1.2
    endloop
  endfacet
  facet normal -0.0455822581839257 -0.9989605886814824 0
    outer loop
      vertex 7.235051520168781 -1.8436300829052925 2
      vertex 7.4233919978141785 -1.8522239997982979 1.2
      vertex 7.4233919978141785 -1.8522239997982979 2
    endloop
  endfacet
  facet normal -0.49650388190294936 -0.8680345011894989 0
    outer loop
      vertex 6.516864001750946 -1.6373760029673576 2
      vertex 6.352619521319866 -1.5434304028749466 2
      vertex 6.516864001750946 -1.6373760029673576 1.2
    endloop
  endfacet
  facet normal -0.597133420377757 -0.8021419314983858 0
    outer loop
      vertex 6.352619521319866 -1.5434304028749466 2
      vertex 6.204910077154636 -1.4334720000624657 2
      vertex 6.352619521319866 -1.5434304028749466 1.2
    endloop
  endfacet
  facet normal -0.6926570732479117 -0.7212670648793255 0
    outer loop
      vertex 6.204910077154636 -1.4334720000624657 2
      vertex 6.073735676705837 -1.3075008019804955 2
      vertex 6.204910077154636 -1.4334720000624657 1.2
    endloop
  endfacet
  facet normal -0.849550194207567 -0.5275077890627636 0
    outer loop
      vertex 5.959096319973469 -1.1655168011784554 2
      vertex 5.86099199950695 -1.0075199976563454 2
      vertex 5.959096319973469 -1.1655168011784554 1.2
    endloop
  endfacet
  facet normal -0.7780483890047595 -0.6282043492105881 0
    outer loop
      vertex 6.073735676705837 -1.3075008019804955 2
      vertex 5.959096319973469 -1.1655168011784554 2
      vertex 6.073735676705837 -1.3075008019804955 1.2
    endloop
  endfacet
  facet normal 0.07862919343078217 0.996903932152153 0
    outer loop
      vertex 7.281471356749535 -1.0958476811647415 2
      vertex 7.4201280027627945 -1.106784000992775 2
      vertex 7.4201280027627945 -1.106784000992775 1.2
    endloop
  endfacet
  facet normal 0 0 1
    outer loop
      vertex 4.005359999835491 -1.7740800008177757 2
      vertex 4.920000001788139 -1.7740800008177757 2
      vertex 4.005359999835491 0.051983997225761414 2
    endloop
  endfacet
  facet normal 0 0 1
    outer loop
      vertex 6.352619521319866 -1.5434304028749466 2
      vertex 6.817968003451824 -0.8333759978413582 2
      vertex 6.204910077154636 -1.4334720000624657 2
    endloop
  endfacet
  facet normal 0 0 1
    outer loop
      vertex 6.204910077154636 -1.4334720000624657 2
      vertex 6.817968003451824 -0.8333759978413582 2
      vertex 6.073735676705837 -1.3075008019804955 2
    endloop
  endfacet
  facet normal 0 0 1
    outer loop
      vertex 6.868922881782055 -1.7748787179589272 2
      vertex 7.031495042145252 -1.008357122540474 2
      vertex 6.691134721040726 -1.7147212773561478 2
    endloop
  endfacet
  facet normal 0 0 1
    outer loop
      vertex 6.516864001750946 -1.6373760029673576 2
      vertex 6.9201753586530685 -0.9318028762936592 2
      vertex 6.352619521319866 -1.5434304028749466 2
    endloop
  endfacet
  facet normal 0 0 1
    outer loop
      vertex 6.516864001750946 -1.6373760029673576 2
      vertex 6.691134721040726 -1.7147212773561478 2
      vertex 7.031495042145252 -1.008357122540474 2
    endloop
  endfacet
  facet normal 0 0 1
    outer loop
      vertex 7.235051520168781 -1.8436300829052925 2
      vertex 7.281471356749535 -1.0958476811647415 2
      vertex 7.050228476524353 -1.8178483173251152 2
    endloop
  endfacet
  facet normal 0 0 1
    outer loop
      vertex 6.868922881782055 -1.7748787179589272 2
      vertex 7.050228476524353 -1.8178483173251152 2
      vertex 7.151927039027214 -1.0630387216806412 2
    endloop
  endfacet
  facet normal 0 0 1
    outer loop
      vertex 7.235051520168781 -1.8436300829052925 2
      vertex 7.4233919978141785 -1.8522239997982979 2
      vertex 7.4201280027627945 -1.106784000992775 2
    endloop
  endfacet
  facet normal 0 0 1
    outer loop
      vertex 6.352619521319866 -1.5434304028749466 2
      vertex 6.9201753586530685 -0.9318028762936592 2
      vertex 6.817968003451824 -0.8333759978413582 2
    endloop
  endfacet
  facet normal 0 0 1
    outer loop
      vertex 6.516864001750946 -1.6373760029673576 2
      vertex 7.031495042145252 -1.008357122540474 2
      vertex 6.9201753586530685 -0.9318028762936592 2
    endloop
  endfacet
  facet normal 0 0 1
    outer loop
      vertex 7.050228476524353 -1.8178483173251152 2
      vertex 7.281471356749535 -1.0958476811647415 2
      vertex 7.151927039027214 -1.0630387216806412 2
    endloop
  endfacet
  facet normal 0 0 1
    outer loop
      vertex 6.868922881782055 -1.7748787179589272 2
      vertex 7.151927039027214 -1.0630387216806412 2
      vertex 7.031495042145252 -1.008357122540474 2
    endloop
  endfacet
  facet normal 0 0 1
    outer loop
      vertex 7.235051520168781 -1.8436300829052925 2
      vertex 7.4201280027627945 -1.106784000992775 2
      vertex 7.281471356749535 -1.0958476811647415 2
    endloop
  endfacet
  facet normal 1 0 0
    outer loop
      vertex 4.920000001788139 -1.7740800008177757 2
      vertex 4.920000001788139 0.2537759989500046 1.2
      vertex 4.920000001788139 0.2537759989500046 2
    endloop
  endfacet
  facet normal -0.9061582455118373 -0.4229388065558762 0
    outer loop
      vertex 5.86099199950695 -1.0075199976563454 2
      vertex 5.7801388800144196 -0.8342899233102798 2
      vertex 5.86099199950695 -1.0075199976563454 1.2
    endloop
  endfacet
  facet normal -0.9481903625726291 -0.3177027483739888 0
    outer loop
      vertex 5.7801388800144196 -0.8342899233102798 2
      vertex 5.717253118753433 -0.6466060802340508 2
      vertex 5.7801388800144196 -0.8342899233102798 1.2
    endloop
  endfacet
  facet normal -0.9761881548489117 -0.2169255317676492 0
    outer loop
      vertex 5.717253118753433 -0.6466060802340508 2
      vertex 5.672334723174572 -0.4444684833288193 2
      vertex 5.717253118753433 -0.6466060802340508 1.2
    endloop
  endfacet
  facet normal 0.6936599001021666 0.7203026745683041 0
    outer loop
      vertex 6.9201753586530685 -0.9318028762936592 2
      vertex 6.9201753586530685 -0.9318028762936592 1.2
      vertex 6.817968003451824 -0.8333759978413582 2
    endloop
  endfacet
  facet normal 0.4134255866282045 0.9105379093267478 0
    outer loop
      vertex 7.151927039027214 -1.0630387216806412 2
      vertex 7.151927039027214 -1.0630387216806412 1.2
      vertex 7.031495042145252 -1.008357122540474 2
    endloop
  endfacet
  facet normal 0.56663921151706 0.8239660211266752 0
    outer loop
      vertex 7.031495042145252 -1.008357122540474 2
      vertex 7.031495042145252 -1.008357122540474 1.2
      vertex 6.9201753586530685 -0.9318028762936592 2
    endloop
  endfacet
  facet normal 0.2455127923293072 0.9693933509172975 0
    outer loop
      vertex 7.151927039027214 -1.0630387216806412 2
      vertex 7.281471356749535 -1.0958476811647415 2
      vertex 7.281471356749535 -1.0958476811647415 1.2
    endloop
  endfacet
  facet normal 0.804398342561781 0.594090318456596 0
    outer loop
      vertex 6.817968003451824 -0.8333759978413582 2
      vertex 6.817968003451824 -0.8333759978413582 1.2
      vertex 6.730081923305988 -0.7143782377243042 2
    endloop
  endfacet
  facet normal 0.8964346701600284 0.443175904280773 0
    outer loop
      vertex 6.730081923305988 -0.7143782377243042 2
      vertex 6.730081923305988 -0.7143782377243042 1.2
      vertex 6.661726079881191 -0.5761113613843918 2
    endloop
  endfacet
  facet normal -0.9923470111251177 -0.12348040132363422 0
    outer loop
      vertex 5.672334723174572 -0.4444684833288193 2
      vertex 5.645383678376675 -0.22787711769342422 2
      vertex 5.672334723174572 -0.4444684833288193 1.2
    endloop
  endfacet
  facet normal -0.9992449203576977 -0.038853431500171696 0
    outer loop
      vertex 5.645383678376675 -0.22787711769342422 2
      vertex 5.636399999260902 0.0031680017709732056 2
      vertex 5.645383678376675 -0.22787711769342422 1.2
    endloop
  endfacet
  facet normal 0.9551754340209417 0.29604035238951076 0
    outer loop
      vertex 6.661726079881191 -0.5761113613843918 2
      vertex 6.661726079881191 -0.5761113613843918 1.2
      vertex 6.612900480628014 -0.41857536137104034 2
    endloop
  endfacet
  facet normal 0.9865492571310934 0.16346425680890442 0
    outer loop
      vertex 6.612900480628014 -0.41857536137104034 2
      vertex 6.612900480628014 -0.41857536137104034 1.2
      vertex 6.583605118095875 -0.24177023768424988 2
    endloop
  endfacet
  facet normal 0.9987621245190458 0.049741518133266806 0
    outer loop
      vertex 6.583605118095875 -0.24177023768424988 2
      vertex 6.583605118095875 -0.24177023768424988 1.2
      vertex 6.573839999735355 -0.04569599777460098 2
    endloop
  endfacet
  facet normal 0 0 1
    outer loop
      vertex 4.920000001788139 -1.7740800008177757 2
      vertex 4.920000001788139 0.2537759989500046 2
      vertex 4.005359999835491 0.051983997225761414 2
    endloop
  endfacet
  facet normal 0 0 1
    outer loop
      vertex 6.073735676705837 -1.3075008019804955 2
      vertex 6.730081923305988 -0.7143782377243042 2
      vertex 5.959096319973469 -1.1655168011784554 2
    endloop
  endfacet
  facet normal 0 0 1
    outer loop
      vertex 5.959096319973469 -1.1655168011784554 2
      vertex 6.730081923305988 -0.7143782377243042 2
      vertex 5.86099199950695 -1.0075199976563454 2
    endloop
  endfacet
  facet normal 0 0 1
    outer loop
      vertex 5.86099199950695 -1.0075199976563454 2
      vertex 6.661726079881191 -0.5761113613843918 2
      vertex 5.7801388800144196 -0.8342899233102798 2
    endloop
  endfacet
  facet normal 0 0 1
    outer loop
      vertex 5.86099199950695 -1.0075199976563454 2
      vertex 6.730081923305988 -0.7143782377243042 2
      vertex 6.661726079881191 -0.5761113613843918 2
    endloop
  endfacet
  facet normal 0 0 1
    outer loop
      vertex 5.7801388800144196 -0.8342899233102798 2
      vertex 6.612900480628014 -0.41857536137104034 2
      vertex 5.717253118753433 -0.6466060802340508 2
    endloop
  endfacet
  facet normal 0 0 1
    outer loop
      vertex 5.7801388800144196 -0.8342899233102798 2
      vertex 6.661726079881191 -0.5761113613843918 2
      vertex 6.612900480628014 -0.41857536137104034 2
    endloop
  endfacet
  facet normal 0 0 1
    outer loop
      vertex 6.073735676705837 -1.3075008019804955 2
      vertex 6.817968003451824 -0.8333759978413582 2
      vertex 6.730081923305988 -0.7143782377243042 2
    endloop
  endfacet
  facet normal 0 0 1
    outer loop
      vertex 5.717253118753433 -0.6466060802340508 2
      vertex 6.612900480628014 -0.41857536137104034 2
      vertex 5.672334723174572 -0.4444684833288193 2
    endloop
  endfacet
  facet normal 0 0 1
    outer loop
      vertex 5.672334723174572 -0.4444684833288193 2
      vertex 6.583605118095875 -0.24177023768424988 2
      vertex 5.645383678376675 -0.22787711769342422 2
    endloop
  endfacet
  facet normal 0 0 1
    outer loop
      vertex 5.672334723174572 -0.4444684833288193 2
      vertex 6.612900480628014 -0.41857536137104034 2
      vertex 6.583605118095875 -0.24177023768424988 2
    endloop
  endfacet
  facet normal 0 0 1
    outer loop
      vertex 5.645383678376675 -0.22787711769342422 2
      vertex 6.573839999735355 -0.04569599777460098 2
      vertex 5.636399999260902 0.0031680017709732056 2
    endloop
  endfacet
  facet normal 0 0 1
    outer loop
      vertex 5.645383678376675 -0.22787711769342422 2
      vertex 6.583605118095875 -0.24177023768424988 2
      vertex 6.573839999735355 -0.04569599777460098 2
    endloop
  endfacet
  facet normal 1 0 0
    outer loop
      vertex 7.8399839997291565 -3.0793439969420433 2
      vertex 7.8399839997291565 -3.0793439969420433 1.2
      vertex 7.8399839997291565 -2.1647040024399757 1.2
    endloop
  endfacet
  facet normal 0 -1 0
    outer loop
      vertex 6.925343997776508 -3.0793439969420433 2
      vertex 7.8399839997291565 -3.0793439969420433 1.2
      vertex 7.8399839997291565 -3.0793439969420433 2
    endloop
  endfacet
  facet normal 1 0 0
    outer loop
      vertex 7.8399839997291565 -3.0793439969420433 2
      vertex 7.8399839997291565 -2.1647040024399757 1.2
      vertex 7.8399839997291565 -2.1647040024399757 2
    endloop
  endfacet
  facet normal 0 0 1
    outer loop
      vertex 6.925343997776508 -3.0793439969420433 2
      vertex 7.8399839997291565 -3.0793439969420433 2
      vertex 7.8399839997291565 -2.1647040024399757 2
    endloop
  endfacet
  facet normal 0 1 0
    outer loop
      vertex 7.8399839997291565 -2.1647040024399757 2
      vertex 7.8399839997291565 -2.1647040024399757 1.2
      vertex 6.925343997776508 -2.1647040024399757 1.2
    endloop
  endfacet
  facet normal 0.06936643623502707 -0.9975912477182486 0
    outer loop
      vertex 7.4233919978141785 -1.8522239997982979 2
      vertex 7.4233919978141785 -1.8522239997982979 1.2
      vertex 7.720170237123966 -1.8315878435969353 1.2
    endloop
  endfacet
  facet normal 0.21900403956498554 -0.9757239520756976 0
    outer loop
      vertex 7.720170237123966 -1.8315878435969353 2
      vertex 7.720170237123966 -1.8315878435969353 1.2
      vertex 7.995989762246609 -1.7696793600916862 1.2
    endloop
  endfacet
  facet normal 0.37526420034647445 -0.9269178927706171 0
    outer loop
      vertex 7.995989762246609 -1.7696793600916862 2
      vertex 7.995989762246609 -1.7696793600916862 1.2
      vertex 8.250850558280945 -1.6664985567331314 1.2
    endloop
  endfacet
  facet normal 0.525451232826274 -0.850823719651344 0
    outer loop
      vertex 8.250850558280945 -1.6664985567331314 2
      vertex 8.250850558280945 -1.6664985567331314 1.2
      vertex 8.484752640128136 -1.5220454409718513 1.2
    endloop
  endfacet
  facet normal -0.07866600593179625 0.9969010279414595 0
    outer loop
      vertex 7.4201280027627945 -1.106784000992775 2
      vertex 7.5587193593382835 -1.0958476811647415 1.2
      vertex 7.4201280027627945 -1.106784000992775 1.2
    endloop
  endfacet
  facet normal 0.6573011048452 -0.7536280631513662 0
    outer loop
      vertex 8.484752640128136 -1.5220454409718513 2
      vertex 8.484752640128136 -1.5220454409718513 1.2
      vertex 8.6976960003376 -1.3363199979066849 1.2
    endloop
  endfacet
  facet normal 0.7659902209232243 -0.6428522236486314 0
    outer loop
      vertex 8.6976960003376 -1.3363199979066849 2
      vertex 8.6976960003376 -1.3363199979066849 1.2
      vertex 8.879913598299026 -1.1191987171769142 1.2
    endloop
  endfacet
  facet normal -0.3679261164356617 -0.9298550278643288 0
    outer loop
      vertex 10.579098239541054 -1.679976962506771 2
      vertex 10.579098239541054 -1.679976962506771 1.2
      vertex 10.82094144076109 -1.7756697610020638 1.2
    endloop
  endfacet
  facet normal -0.2106488675110224 -0.977561790689634 0
    outer loop
      vertex 10.82094144076109 -1.7756697610020638 2
      vertex 10.82094144076109 -1.7756697610020638 1.2
      vertex 11.0873913615942 -1.8330854400992393 1.2
    endloop
  endfacet
  facet normal -0.7856807264445315 -0.6186321977504834 0
    outer loop
      vertex 10.006938241422176 -1.167642243206501 2
      vertex 10.006938241422176 -1.167642243206501 1.2
      vertex 10.169232003390789 -1.373759999871254 1.2
    endloop
  endfacet
  facet normal -0.524909789281788 -0.851157866154187 0
    outer loop
      vertex 10.361861757934093 -1.5460070371627808 2
      vertex 10.361861757934093 -1.5460070371627808 1.2
      vertex 10.579098239541054 -1.679976962506771 1.2
    endloop
  endfacet
  facet normal -0.6665672211516881 -0.7454449273327416 0
    outer loop
      vertex 10.169232003390789 -1.373759999871254 2
      vertex 10.169232003390789 -1.373759999871254 1.2
      vertex 10.361861757934093 -1.5460070371627808 1.2
    endloop
  endfacet
  facet normal -0.24586205445600257 0.9693048283066962 0
    outer loop
      vertex 7.5587193593382835 -1.0958476811647415 2
      vertex 7.688067838549614 -1.0630387216806412 1.2
      vertex 7.5587193593382835 -1.0958476811647415 1.2
    endloop
  endfacet
  facet normal -0.41435641789440353 0.9101146954915729 0
    outer loop
      vertex 7.688067838549614 -1.0630387216806412 2
      vertex 7.808173440396786 -1.008357122540474 1.2
      vertex 7.688067838549614 -1.0630387216806412 1.2
    endloop
  endfacet
  facet normal -0.568221777185647 0.8228754534751809 0
    outer loop
      vertex 7.808173440396786 -1.008357122540474 2
      vertex 7.919036157429218 -0.9318028762936592 1.2
      vertex 7.808173440396786 -1.008357122540474 1.2
    endloop
  endfacet
  facet normal -0.6957319795888587 0.7183014774990847 0
    outer loop
      vertex 7.919036157429218 -0.9318028762936592 2
      vertex 8.020655997097492 -0.8333759978413582 1.2
      vertex 7.919036157429218 -0.9318028762936592 1.2
    endloop
  endfacet
  facet normal -0.8069143302107237 0.5906684888332705 0
    outer loop
      vertex 8.020655997097492 -0.8333759978413582 2
      vertex 8.107954561710358 -0.7141171172261238 1.2
      vertex 8.020655997097492 -0.8333759978413582 1.2
    endloop
  endfacet
  facet normal -0.8985914140230701 0.4387863610505909 0
    outer loop
      vertex 8.107954561710358 -0.7141171172261238 2
      vertex 8.175853438675404 -0.5750668793916702 1.2
      vertex 8.107954561710358 -0.7141171172261238 1.2
    endloop
  endfacet
  facet normal 0.859768165695714 -0.5106845418222752 0
    outer loop
      vertex 8.879913598299026 -1.1191987171769142 2
      vertex 8.879913598299026 -1.1191987171769142 1.2
      vertex 9.02163840085268 -0.8805964812636375 1.2
    endloop
  endfacet
  facet normal 0.9318974725504713 -0.362721795118578 0
    outer loop
      vertex 9.02163840085268 -0.8805964812636375 2
      vertex 9.02163840085268 -0.8805964812636375 1.2
      vertex 9.122870400547981 -0.6205132827162743 1.2
    endloop
  endfacet
  facet normal -0.956411673375009 0.292021764654649 0
    outer loop
      vertex 8.175853438675404 -0.5750668793916702 2
      vertex 8.224352642893791 -0.41622527688741684 1.2
      vertex 8.175853438675404 -0.5750668793916702 1.2
    endloop
  endfacet
  facet normal -0.9869899739370361 0.16078181286379584 0
    outer loop
      vertex 8.224352642893791 -0.41622527688741684 2
      vertex 8.25345215946436 -0.23759231716394424 1.2
      vertex 8.224352642893791 -0.41622527688741684 1.2
    endloop
  endfacet
  facet normal -0.9988072973540877 0.04882604583849559 0
    outer loop
      vertex 8.25345215946436 -0.23759231716394424 2
      vertex 8.263152003288269 -0.03916800022125244 1.2
      vertex 8.25345215946436 -0.23759231716394424 1.2
    endloop
  endfacet
  facet normal 0.9775141231567136 -0.21086995762592922 0
    outer loop
      vertex 9.122870400547981 -0.6205132827162743 2
      vertex 9.122870400547981 -0.6205132827162743 1.2
      vertex 9.18360959738493 -0.33894912153482437 1.2
    endloop
  endfacet
  facet normal 0.9977756650651951 -0.06666124964105971 0
    outer loop
      vertex 9.18360959738493 -0.33894912153482437 2
      vertex 9.18360959738493 -0.33894912153482437 1.2
      vertex 9.203855998814106 -0.03590399771928787 1.2
    endloop
  endfacet
  facet normal -0.8814108553638136 -0.4723504038813035 0
    outer loop
      vertex 9.880709759891033 -0.9320985600352287 2
      vertex 9.880709759891033 -0.9320985600352287 1.2
      vertex 10.006938241422176 -1.167642243206501 1.2
    endloop
  endfacet
  facet normal -0.9466926426669516 -0.32213823169605843 0
    outer loop
      vertex 9.79054655879736 -0.6671289578080177 2
      vertex 9.79054655879736 -0.6671289578080177 1.2
      vertex 9.880709759891033 -0.9320985600352287 1.2
    endloop
  endfacet
  facet normal 0.41598835546498486 0.909369940188006 0
    outer loop
      vertex 11.164809599518776 -1.0661644786596298 2
      vertex 11.164809599518776 -1.0661644786596298 1.2
      vertex 11.05381440371275 -1.015390083193779 1.2
    endloop
  endfacet
  facet normal 0.5806609238513797 0.8141454977533575 0
    outer loop
      vertex 11.05381440371275 -1.015390083193779 2
      vertex 11.05381440371275 -1.015390083193779 1.2
      vertex 10.954147197306156 -0.944305919110775 1.2
    endloop
  endfacet
  facet normal 0.7190208453581949 0.6949885063368939 0
    outer loop
      vertex 10.954147197306156 -0.944305919110775 2
      vertex 10.954147197306156 -0.944305919110775 1.2
      vertex 10.865808002650738 -0.852912001311779 1.2
    endloop
  endfacet
  facet normal 0.8417239403905376 0.5399081479042771 0
    outer loop
      vertex 10.865808002650738 -0.852912001311779 2
      vertex 10.865808002650738 -0.852912001311779 1.2
      vertex 10.791400320827961 -0.7369094416499138 1.2
    endloop
  endfacet
  facet normal 0.928678525141276 0.3708856925542215 0
    outer loop
      vertex 10.791400320827961 -0.7369094416499138 2
      vertex 10.791400320827961 -0.7369094416499138 1.2
      vertex 10.733527682721615 -0.5919993594288826 1.2
    endloop
  endfacet
  facet normal -0.9835321602493998 -0.18073320047835445 0
    outer loop
      vertex 9.736448638141155 -0.372733436524868 2
      vertex 9.736448638141155 -0.372733436524868 1.2
      vertex 9.79054655879736 -0.6671289578080177 1.2
    endloop
  endfacet
  facet normal -0.9984530765646782 -0.055600844404819584 0
    outer loop
      vertex 9.71841599792242 -0.04891200363636017 2
      vertex 9.71841599792242 -0.04891200363636017 1.2
      vertex 9.736448638141155 -0.372733436524868 1.2
    endloop
  endfacet
  facet normal 0.9728661370914266 0.23136870856018044 0
    outer loop
      vertex 10.733527682721615 -0.5919993594288826 2
      vertex 10.733527682721615 -0.5919993594288826 1.2
      vertex 10.692190080881119 -0.41818176209926605 1.2
    endloop
  endfacet
  facet normal 0.9925987442608666 0.12144024411928209 0
    outer loop
      vertex 10.692190080881119 -0.41818176209926605 2
      vertex 10.692190080881119 -0.41818176209926605 1.2
      vertex 10.667387522757053 -0.21545664221048355 1.2
    endloop
  endfacet
  facet normal 0.999363634721007 0.03566967335451483 0
    outer loop
      vertex 10.667387522757053 -0.21545664221048355 2
      vertex 10.667387522757053 -0.21545664221048355 1.2
      vertex 10.659120000898838 0.016176000237464905 1.2
    endloop
  endfacet
  facet normal -0.06561375102645346 -0.9978450960325649 0
    outer loop
      vertex 11.0873913615942 -1.8330854400992393 2
      vertex 11.0873913615942 -1.8330854400992393 1.2
      vertex 11.378448002040386 -1.8522239997982979 1.2
    endloop
  endfacet
  facet normal 0.04925382839374804 -0.998786293652731 0
    outer loop
      vertex 11.378448002040386 -1.8522239997982979 2
      vertex 11.378448002040386 -1.8522239997982979 1.2
      vertex 11.634558722376823 -1.8395942375063896 1.2
    endloop
  endfacet
  facet normal 0.15950917959920716 -0.9871964453053849 0
    outer loop
      vertex 11.634558722376823 -1.8395942375063896 2
      vertex 11.634558722376823 -1.8395942375063896 1.2
      vertex 11.869054079055786 -1.8017049580812454 1.2
    endloop
  endfacet
  facet normal 0.28439153655970567 -0.9587082214799295 0
    outer loop
      vertex 11.869054079055786 -1.8017049580812454 2
      vertex 11.869054079055786 -1.8017049580812454 1.2
      vertex 12.081934079527855 -1.7385561615228653 1.2
    endloop
  endfacet
  facet normal 0.4195758647529224 -0.9077202728356557 0
    outer loop
      vertex 12.081934079527855 -1.7385561615228653 2
      vertex 12.081934079527855 -1.7385561615228653 1.2
      vertex 12.27319871634245 -1.6501478403806686 1.2
    endloop
  endfacet
  facet normal 0.07576209490299206 0.997125922326719 0
    outer loop
      vertex 11.420783996582031 -1.106784000992775 2
      vertex 11.420783996582031 -1.106784000992775 1.2
      vertex 11.287132799625397 -1.0966291204094887 1.2
    endloop
  endfacet
  facet normal -0.05890338179770719 0.9982636884174408 0
    outer loop
      vertex 11.521167360246181 -1.1008607968688011 2
      vertex 11.521167360246181 -1.1008607968688011 1.2
      vertex 11.420783996582031 -1.106784000992775 1.2
    endloop
  endfacet
  facet normal -0.18800721010220753 0.9821676480874252 0
    outer loop
      vertex 11.61399743705988 -1.0830911993980408 2
      vertex 11.61399743705988 -1.0830911993980408 1.2
      vertex 11.521167360246181 -1.1008607968688011 1.2
    endloop
  endfacet
  facet normal 0.5566254170592418 -0.8307635915732133 0
    outer loop
      vertex 12.27319871634245 -1.6501478403806686 2
      vertex 12.27319871634245 -1.6501478403806686 1.2
      vertex 12.44284799695015 -1.536480002105236 1.2
    endloop
  endfacet
  facet normal 0.6816721046125994 -0.7316578037532502 0
    outer loop
      vertex 12.44284799695015 -1.536480002105236 2
      vertex 12.44284799695015 -1.536480002105236 1.2
      vertex 12.591404162347317 -1.3980729579925537 1.2
    endloop
  endfacet
  facet normal 0.7858303579998148 -0.6184421140623293 0
    outer loop
      vertex 12.591404162347317 -1.3980729579925537 2
      vertex 12.591404162347317 -1.3980729579925537 1.2
      vertex 12.71938943862915 -1.2354470416903496 1.2
    endloop
  endfacet
  facet normal 0.8669491274472733 -0.49839663965401243 0
    outer loop
      vertex 12.71938943862915 -1.2354470416903496 2
      vertex 12.71938943862915 -1.2354470416903496 1.2
      vertex 12.826803840696812 -1.0486022382974625 1.2
    endloop
  endfacet
  facet normal 0.24166827716068198 0.9703589252509546 0
    outer loop
      vertex 11.287132799625397 -1.0966291204094887 2
      vertex 11.287132799625397 -1.0966291204094887 1.2
      vertex 11.164809599518776 -1.0661644786596298 1.2
    endloop
  endfacet
  facet normal -0.32807096838089905 0.9446530790219334 0
    outer loop
      vertex 11.699274241924286 -1.0534752011299133 2
      vertex 11.699274241924286 -1.0534752011299133 1.2
      vertex 11.61399743705988 -1.0830911993980408 1.2
    endloop
  endfacet
  facet normal -0.470675340969205 0.882306479293631 0
    outer loop
      vertex 11.77699775993824 -1.0120128020644188 2
      vertex 11.77699775993824 -1.0120128020644188 1.2
      vertex 11.699274241924286 -1.0534752011299133 1.2
    endloop
  endfacet
  facet normal -0.6049352134361259 0.7962746935229003 0
    outer loop
      vertex 11.847167998552322 -0.9587040022015572 2
      vertex 11.847167998552322 -0.9587040022015572 1.2
      vertex 11.77699775993824 -1.0120128020644188 1.2
    endloop
  endfacet
  facet normal -0.7351203260975189 0.6779366534996301 0
    outer loop
      vertex 11.909673601388931 -0.8909260779619217 2
      vertex 11.909673601388931 -0.8909260779619217 1.2
      vertex 11.847167998552322 -0.9587040022015572 1.2
    endloop
  endfacet
  facet normal -0.8404713269587425 0.5418560219838942 0
    outer loop
      vertex 11.964364796876907 -0.8060947209596634 2
      vertex 11.964364796876907 -0.8060947209596634 1.2
      vertex 11.909673601388931 -0.8909260779619217 1.2
    endloop
  endfacet
  facet normal -0.9084572982022067 0.41797767565163924 0
    outer loop
      vertex 12.011241599917412 -0.7042099162936211 2
      vertex 12.011241599917412 -0.7042099162936211 1.2
      vertex 11.964364796876907 -0.8060947209596634 1.2
    endloop
  endfacet
  facet normal -0.9500727304678844 0.31202853526768776 0
    outer loop
      vertex 12.050304003059864 -0.5852716788649559 2
      vertex 12.050304003059864 -0.5852716788649559 1.2
      vertex 12.011241599917412 -0.7042099162936211 1.2
    endloop
  endfacet
  facet normal 0.9247784156731518 -0.3805060865545455 0
    outer loop
      vertex 12.826803840696812 -1.0486022382974625 2
      vertex 12.826803840696812 -1.0486022382974625 1.2
      vertex 12.91364736109972 -0.8375385627150536 1.2
    endloop
  endfacet
  facet normal 0.9625448613541332 -0.27112246288486086 0
    outer loop
      vertex 12.91364736109972 -0.8375385627150536 2
      vertex 12.91364736109972 -0.8375385627150536 1.2
      vertex 12.979919999837875 -0.6022560000419617 1.2
    endloop
  endfacet
  facet normal 0.16786578297883928 0.9858098594074322 0
    outer loop
      vertex 12.979919999837875 -0.6022560000419617 2
      vertex 12.979919999837875 -0.6022560000419617 1.2
      vertex 12.081551998853683 -0.4492800012230873 1.2
    endloop
  endfacet
  facet normal -0.974602271384328 0.2239428780124716 0
    outer loop
      vertex 12.081551998853683 -0.4492800012230873 2
      vertex 12.081551998853683 -0.4492800012230873 1.2
      vertex 12.050304003059864 -0.5852716788649559 1.2
    endloop
  endfacet
  facet normal 0.06936643623502707 -0.9975912477182486 0
    outer loop
      vertex 7.4233919978141785 -1.8522239997982979 2
      vertex 7.720170237123966 -1.8315878435969353 1.2
      vertex 7.720170237123966 -1.8315878435969353 2
    endloop
  endfacet
  facet normal 0.21900403956498554 -0.9757239520756976 0
    outer loop
      vertex 7.720170237123966 -1.8315878435969353 2
      vertex 7.995989762246609 -1.7696793600916862 1.2
      vertex 7.995989762246609 -1.7696793600916862 2
    endloop
  endfacet
  facet normal 0.37526420034647445 -0.9269178927706171 0
    outer loop
      vertex 7.995989762246609 -1.7696793600916862 2
      vertex 8.250850558280945 -1.6664985567331314 1.2
      vertex 8.250850558280945 -1.6664985567331314 2
    endloop
  endfacet
  facet normal -0.07866600593179625 0.9969010279414595 0
    outer loop
      vertex 7.4201280027627945 -1.106784000992775 2
      vertex 7.5587193593382835 -1.0958476811647415 2
      vertex 7.5587193593382835 -1.0958476811647415 1.2
    endloop
  endfacet
  facet normal 0.525451232826274 -0.850823719651344 0
    outer loop
      vertex 8.250850558280945 -1.6664985567331314 2
      vertex 8.484752640128136 -1.5220454409718513 1.2
      vertex 8.484752640128136 -1.5220454409718513 2
    endloop
  endfacet
  facet normal 0.6573011048452 -0.7536280631513662 0
    outer loop
      vertex 8.484752640128136 -1.5220454409718513 2
      vertex 8.6976960003376 -1.3363199979066849 1.2
      vertex 8.6976960003376 -1.3363199979066849 2
    endloop
  endfacet
  facet normal 0.7659902209232243 -0.6428522236486314 0
    outer loop
      vertex 8.6976960003376 -1.3363199979066849 2
      vertex 8.879913598299026 -1.1191987171769142 1.2
      vertex 8.879913598299026 -1.1191987171769142 2
    endloop
  endfacet
  facet normal -0.524909789281788 -0.851157866154187 0
    outer loop
      vertex 10.361861757934093 -1.5460070371627808 2
      vertex 10.579098239541054 -1.679976962506771 1.2
      vertex 10.579098239541054 -1.679976962506771 2
    endloop
  endfacet
  facet normal -0.2106488675110224 -0.977561790689634 0
    outer loop
      vertex 10.82094144076109 -1.7756697610020638 2
      vertex 11.0873913615942 -1.8330854400992393 1.2
      vertex 11.0873913615942 -1.8330854400992393 2
    endloop
  endfacet
  facet normal -0.3679261164356617 -0.9298550278643288 0
    outer loop
      vertex 10.82094144076109 -1.7756697610020638 2
      vertex 10.579098239541054 -1.679976962506771 2
      vertex 10.82094144076109 -1.7756697610020638 1.2
    endloop
  endfacet
  facet normal -0.7856807264445315 -0.6186321977504834 0
    outer loop
      vertex 10.169232003390789 -1.373759999871254 2
      vertex 10.006938241422176 -1.167642243206501 2
      vertex 10.169232003390789 -1.373759999871254 1.2
    endloop
  endfacet
  facet normal -0.8814108553638136 -0.4723504038813035 0
    outer loop
      vertex 10.006938241422176 -1.167642243206501 2
      vertex 9.880709759891033 -0.9320985600352287 2
      vertex 10.006938241422176 -1.167642243206501 1.2
    endloop
  endfacet
  facet normal -0.6665672211516881 -0.7454449273327416 0
    outer loop
      vertex 10.361861757934093 -1.5460070371627808 2
      vertex 10.169232003390789 -1.373759999871254 2
      vertex 10.361861757934093 -1.5460070371627808 1.2
    endloop
  endfacet
  facet normal 0 0 1
    outer loop
      vertex 7.4233919978141785 -1.8522239997982979 2
      vertex 7.720170237123966 -1.8315878435969353 2
      vertex 7.5587193593382835 -1.0958476811647415 2
    endloop
  endfacet
  facet normal 0 0 1
    outer loop
      vertex 7.720170237123966 -1.8315878435969353 2
      vertex 7.995989762246609 -1.7696793600916862 2
      vertex 7.688067838549614 -1.0630387216806412 2
    endloop
  endfacet
  facet normal 0 0 1
    outer loop
      vertex 7.995989762246609 -1.7696793600916862 2
      vertex 8.250850558280945 -1.6664985567331314 2
      vertex 7.808173440396786 -1.008357122540474 2
    endloop
  endfacet
  facet normal 0 0 1
    outer loop
      vertex 8.250850558280945 -1.6664985567331314 2
      vertex 8.484752640128136 -1.5220454409718513 2
      vertex 7.919036157429218 -0.9318028762936592 2
    endloop
  endfacet
  facet normal 0 0 1
    outer loop
      vertex 7.4233919978141785 -1.8522239997982979 2
      vertex 7.5587193593382835 -1.0958476811647415 2
      vertex 7.4201280027627945 -1.106784000992775 2
    endloop
  endfacet
  facet normal 0 0 1
    outer loop
      vertex 7.720170237123966 -1.8315878435969353 2
      vertex 7.688067838549614 -1.0630387216806412 2
      vertex 7.5587193593382835 -1.0958476811647415 2
    endloop
  endfacet
  facet normal 0 0 1
    outer loop
      vertex 7.995989762246609 -1.7696793600916862 2
      vertex 7.808173440396786 -1.008357122540474 2
      vertex 7.688067838549614 -1.0630387216806412 2
    endloop
  endfacet
  facet normal 0 0 1
    outer loop
      vertex 8.250850558280945 -1.6664985567331314 2
      vertex 7.919036157429218 -0.9318028762936592 2
      vertex 7.808173440396786 -1.008357122540474 2
    endloop
  endfacet
  facet normal 0 0 1
    outer loop
      vertex 7.919036157429218 -0.9318028762936592 2
      vertex 8.484752640128136 -1.5220454409718513 2
      vertex 8.020655997097492 -0.8333759978413582 2
    endloop
  endfacet
  facet normal 0 0 1
    outer loop
      vertex 8.020655997097492 -0.8333759978413582 2
      vertex 8.484752640128136 -1.5220454409718513 2
      vertex 8.6976960003376 -1.3363199979066849 2
    endloop
  endfacet
  facet normal 0 0 1
    outer loop
      vertex 10.361861757934093 -1.5460070371627808 2
      vertex 10.579098239541054 -1.679976962506771 2
      vertex 10.954147197306156 -0.944305919110775 2
    endloop
  endfacet
  facet normal 0 0 1
    outer loop
      vertex 10.82094144076109 -1.7756697610020638 2
      vertex 11.0873913615942 -1.8330854400992393 2
      vertex 11.164809599518776 -1.0661644786596298 2
    endloop
  endfacet
  facet normal 0 0 1
    outer loop
      vertex 10.82094144076109 -1.7756697610020638 2
      vertex 11.05381440371275 -1.015390083193779 2
      vertex 10.579098239541054 -1.679976962506771 2
    endloop
  endfacet
  facet normal 0 0 1
    outer loop
      vertex 10.361861757934093 -1.5460070371627808 2
      vertex 10.865808002650738 -0.852912001311779 2
      vertex 10.169232003390789 -1.373759999871254 2
    endloop
  endfacet
  facet normal 0 0 1
    outer loop
      vertex 10.169232003390789 -1.373759999871254 2
      vertex 10.791400320827961 -0.7369094416499138 2
      vertex 10.006938241422176 -1.167642243206501 2
    endloop
  endfacet
  facet normal 0 0 1
    outer loop
      vertex 10.82094144076109 -1.7756697610020638 2
      vertex 11.164809599518776 -1.0661644786596298 2
      vertex 11.05381440371275 -1.015390083193779 2
    endloop
  endfacet
  facet normal 0 0 1
    outer loop
      vertex 10.579098239541054 -1.679976962506771 2
      vertex 11.05381440371275 -1.015390083193779 2
      vertex 10.954147197306156 -0.944305919110775 2
    endloop
  endfacet
  facet normal 0 0 1
    outer loop
      vertex 10.361861757934093 -1.5460070371627808 2
      vertex 10.954147197306156 -0.944305919110775 2
      vertex 10.865808002650738 -0.852912001311779 2
    endloop
  endfacet
  facet normal -0.24586205445600257 0.9693048283066962 0
    outer loop
      vertex 7.5587193593382835 -1.0958476811647415 2
      vertex 7.688067838549614 -1.0630387216806412 2
      vertex 7.688067838549614 -1.0630387216806412 1.2
    endloop
  endfacet
  facet normal -0.41435641789440353 0.9101146954915729 0
    outer loop
      vertex 7.688067838549614 -1.0630387216806412 2
      vertex 7.808173440396786 -1.008357122540474 2
      vertex 7.808173440396786 -1.008357122540474 1.2
    endloop
  endfacet
  facet normal -0.568221777185647 0.8228754534751809 0
    outer loop
      vertex 7.808173440396786 -1.008357122540474 2
      vertex 7.919036157429218 -0.9318028762936592 2
      vertex 7.919036157429218 -0.9318028762936592 1.2
    endloop
  endfacet
  facet normal -0.6957319795888587 0.7183014774990847 0
    outer loop
      vertex 7.919036157429218 -0.9318028762936592 2
      vertex 8.020655997097492 -0.8333759978413582 2
      vertex 8.020655997097492 -0.8333759978413582 1.2
    endloop
  endfacet
  facet normal -0.8069143302107237 0.5906684888332705 0
    outer loop
      vertex 8.020655997097492 -0.8333759978413582 2
      vertex 8.107954561710358 -0.7141171172261238 2
      vertex 8.107954561710358 -0.7141171172261238 1.2
    endloop
  endfacet
  facet normal -0.8985914140230701 0.4387863610505909 0
    outer loop
      vertex 8.107954561710358 -0.7141171172261238 2
      vertex 8.175853438675404 -0.5750668793916702 2
      vertex 8.175853438675404 -0.5750668793916702 1.2
    endloop
  endfacet
  facet normal 0.859768165695714 -0.5106845418222752 0
    outer loop
      vertex 8.879913598299026 -1.1191987171769142 2
      vertex 9.02163840085268 -0.8805964812636375 1.2
      vertex 9.02163840085268 -0.8805964812636375 2
    endloop
  endfacet
  facet normal 0.9318974725504713 -0.362721795118578 0
    outer loop
      vertex 9.02163840085268 -0.8805964812636375 2
      vertex 9.122870400547981 -0.6205132827162743 1.2
      vertex 9.122870400547981 -0.6205132827162743 2
    endloop
  endfacet
  facet normal -0.956411673375009 0.292021764654649 0
    outer loop
      vertex 8.175853438675404 -0.5750668793916702 2
      vertex 8.224352642893791 -0.41622527688741684 2
      vertex 8.224352642893791 -0.41622527688741684 1.2
    endloop
  endfacet
  facet normal -0.9869899739370361 0.16078181286379584 0
    outer loop
      vertex 8.224352642893791 -0.41622527688741684 2
      vertex 8.25345215946436 -0.23759231716394424 2
      vertex 8.25345215946436 -0.23759231716394424 1.2
    endloop
  endfacet
  facet normal -0.9988072973540877 0.04882604583849559 0
    outer loop
      vertex 8.25345215946436 -0.23759231716394424 2
      vertex 8.263152003288269 -0.03916800022125244 2
      vertex 8.263152003288269 -0.03916800022125244 1.2
    endloop
  endfacet
  facet normal 0.9775141231567136 -0.21086995762592922 0
    outer loop
      vertex 9.122870400547981 -0.6205132827162743 2
      vertex 9.18360959738493 -0.33894912153482437 1.2
      vertex 9.18360959738493 -0.33894912153482437 2
    endloop
  endfacet
  facet normal 0.9977756650651951 -0.06666124964105971 0
    outer loop
      vertex 9.18360959738493 -0.33894912153482437 2
      vertex 9.203855998814106 -0.03590399771928787 1.2
      vertex 9.203855998814106 -0.03590399771928787 2
    endloop
  endfacet
  facet normal -0.9466926426669516 -0.32213823169605843 0
    outer loop
      vertex 9.880709759891033 -0.9320985600352287 2
      vertex 9.79054655879736 -0.6671289578080177 2
      vertex 9.880709759891033 -0.9320985600352287 1.2
    endloop
  endfacet
  facet normal -0.9835321602493998 -0.18073320047835445 0
    outer loop
      vertex 9.736448638141155 -0.372733436524868 2
      vertex 9.79054655879736 -0.6671289578080177 1.2
      vertex 9.79054655879736 -0.6671289578080177 2
    endloop
  endfacet
  facet normal 0.41598835546498486 0.909369940188006 0
    outer loop
      vertex 11.164809599518776 -1.0661644786596298 2
      vertex 11.05381440371275 -1.015390083193779 1.2
      vertex 11.05381440371275 -1.015390083193779 2
    endloop
  endfacet
  facet normal 0.5806609238513797 0.8141454977533575 0
    outer loop
      vertex 11.05381440371275 -1.015390083193779 2
      vertex 10.954147197306156 -0.944305919110775 1.2
      vertex 10.954147197306156 -0.944305919110775 2
    endloop
  endfacet
  facet normal 0.7190208453581949 0.6949885063368939 0
    outer loop
      vertex 10.954147197306156 -0.944305919110775 2
      vertex 10.865808002650738 -0.852912001311779 1.2
      vertex 10.865808002650738 -0.852912001311779 2
    endloop
  endfacet
  facet normal 0.8417239403905376 0.5399081479042771 0
    outer loop
      vertex 10.865808002650738 -0.852912001311779 2
      vertex 10.791400320827961 -0.7369094416499138 1.2
      vertex 10.791400320827961 -0.7369094416499138 2
    endloop
  endfacet
  facet normal 0.928678525141276 0.3708856925542215 0
    outer loop
      vertex 10.791400320827961 -0.7369094416499138 2
      vertex 10.733527682721615 -0.5919993594288826 1.2
      vertex 10.733527682721615 -0.5919993594288826 2
    endloop
  endfacet
  facet normal -0.9984530765646782 -0.055600844404819584 0
    outer loop
      vertex 9.736448638141155 -0.372733436524868 2
      vertex 9.71841599792242 -0.04891200363636017 2
      vertex 9.736448638141155 -0.372733436524868 1.2
    endloop
  endfacet
  facet normal 0.9728661370914266 0.23136870856018044 0
    outer loop
      vertex 10.733527682721615 -0.5919993594288826 2
      vertex 10.692190080881119 -0.41818176209926605 1.2
      vertex 10.692190080881119 -0.41818176209926605 2
    endloop
  endfacet
  facet normal 0.9925987442608666 0.12144024411928209 0
    outer loop
      vertex 10.692190080881119 -0.41818176209926605 2
      vertex 10.667387522757053 -0.21545664221048355 1.2
      vertex 10.667387522757053 -0.21545664221048355 2
    endloop
  endfacet
  facet normal 0.999363634721007 0.03566967335451483 0
    outer loop
      vertex 10.667387522757053 -0.21545664221048355 2
      vertex 10.659120000898838 0.016176000237464905 1.2
      vertex 10.659120000898838 0.016176000237464905 2
    endloop
  endfacet
  facet normal 0 0 1
    outer loop
      vertex 8.020655997097492 -0.8333759978413582 2
      vertex 8.6976960003376 -1.3363199979066849 2
      vertex 8.107954561710358 -0.7141171172261238 2
    endloop
  endfacet
  facet normal 0 0 1
    outer loop
      vertex 8.6976960003376 -1.3363199979066849 2
      vertex 8.879913598299026 -1.1191987171769142 2
      vertex 8.107954561710358 -0.7141171172261238 2
    endloop
  endfacet
  facet normal 0 0 1
    outer loop
      vertex 8.879913598299026 -1.1191987171769142 2
      vertex 9.02163840085268 -0.8805964812636375 2
      vertex 8.175853438675404 -0.5750668793916702 2
    endloop
  endfacet
  facet normal 0 0 1
    outer loop
      vertex 8.879913598299026 -1.1191987171769142 2
      vertex 8.175853438675404 -0.5750668793916702 2
      vertex 8.107954561710358 -0.7141171172261238 2
    endloop
  endfacet
  facet normal 0 0 1
    outer loop
      vertex 9.02163840085268 -0.8805964812636375 2
      vertex 8.224352642893791 -0.41622527688741684 2
      vertex 8.175853438675404 -0.5750668793916702 2
    endloop
  endfacet
  facet normal 0 0 1
    outer loop
      vertex 9.02163840085268 -0.8805964812636375 2
      vertex 9.122870400547981 -0.6205132827162743 2
      vertex 8.224352642893791 -0.41622527688741684 2
    endloop
  endfacet
  facet normal 0 0 1
    outer loop
      vertex 8.224352642893791 -0.41622527688741684 2
      vertex 9.122870400547981 -0.6205132827162743 2
      vertex 8.25345215946436 -0.23759231716394424 2
    endloop
  endfacet
  facet normal 0 0 1
    outer loop
      vertex 9.122870400547981 -0.6205132827162743 2
      vertex 9.18360959738493 -0.33894912153482437 2
      vertex 8.25345215946436 -0.23759231716394424 2
    endloop
  endfacet
  facet normal 0 0 1
    outer loop
      vertex 8.25345215946436 -0.23759231716394424 2
      vertex 9.18360959738493 -0.33894912153482437 2
      vertex 8.263152003288269 -0.03916800022125244 2
    endloop
  endfacet
  facet normal 0 0 1
    outer loop
      vertex 8.263152003288269 -0.03916800022125244 2
      vertex 9.18360959738493 -0.33894912153482437 2
      vertex 9.203855998814106 -0.03590399771928787 2
    endloop
  endfacet
  facet normal 0 0 1
    outer loop
      vertex 9.880709759891033 -0.9320985600352287 2
      vertex 10.733527682721615 -0.5919993594288826 2
      vertex 9.79054655879736 -0.6671289578080177 2
    endloop
  endfacet
  facet normal 0 0 1
    outer loop
      vertex 10.169232003390789 -1.373759999871254 2
      vertex 10.865808002650738 -0.852912001311779 2
      vertex 10.791400320827961 -0.7369094416499138 2
    endloop
  endfacet
  facet normal 0 0 1
    outer loop
      vertex 10.006938241422176 -1.167642243206501 2
      vertex 10.791400320827961 -0.7369094416499138 2
      vertex 9.880709759891033 -0.9320985600352287 2
    endloop
  endfacet
  facet normal 0 0 1
    outer loop
      vertex 9.880709759891033 -0.9320985600352287 2
      vertex 10.791400320827961 -0.7369094416499138 2
      vertex 10.733527682721615 -0.5919993594288826 2
    endloop
  endfacet
  facet normal 0 0 1
    outer loop
      vertex 9.79054655879736 -0.6671289578080177 2
      vertex 10.733527682721615 -0.5919993594288826 2
      vertex 10.692190080881119 -0.41818176209926605 2
    endloop
  endfacet
  facet normal 0 0 1
    outer loop
      vertex 9.736448638141155 -0.372733436524868 2
      vertex 9.79054655879736 -0.6671289578080177 2
      vertex 10.692190080881119 -0.41818176209926605 2
    endloop
  endfacet
  facet normal 0 0 1
    outer loop
      vertex 9.736448638141155 -0.372733436524868 2
      vertex 10.667387522757053 -0.21545664221048355 2
      vertex 9.71841599792242 -0.04891200363636017 2
    endloop
  endfacet
  facet normal 0 0 1
    outer loop
      vertex 9.736448638141155 -0.372733436524868 2
      vertex 10.692190080881119 -0.41818176209926605 2
      vertex 10.667387522757053 -0.21545664221048355 2
    endloop
  endfacet
  facet normal 0 0 1
    outer loop
      vertex 9.71841599792242 -0.04891200363636017 2
      vertex 10.667387522757053 -0.21545664221048355 2
      vertex 10.659120000898838 0.016176000237464905 2
    endloop
  endfacet
  facet normal -0.06561375102645346 -0.9978450960325649 0
    outer loop
      vertex 11.0873913615942 -1.8330854400992393 2
      vertex 11.378448002040386 -1.8522239997982979 1.2
      vertex 11.378448002040386 -1.8522239997982979 2
    endloop
  endfacet
  facet normal 0.04925382839374804 -0.998786293652731 0
    outer loop
      vertex 11.378448002040386 -1.8522239997982979 2
      vertex 11.634558722376823 -1.8395942375063896 1.2
      vertex 11.634558722376823 -1.8395942375063896 2
    endloop
  endfacet
  facet normal 0.15950917959920716 -0.9871964453053849 0
    outer loop
      vertex 11.634558722376823 -1.8395942375063896 2
      vertex 11.869054079055786 -1.8017049580812454 1.2
      vertex 11.869054079055786 -1.8017049580812454 2
    endloop
  endfacet
  facet normal 0.28439153655970567 -0.9587082214799295 0
    outer loop
      vertex 11.869054079055786 -1.8017049580812454 2
      vertex 12.081934079527855 -1.7385561615228653 1.2
      vertex 12.081934079527855 -1.7385561615228653 2
    endloop
  endfacet
  facet normal 0.4195758647529224 -0.9077202728356557 0
    outer loop
      vertex 12.081934079527855 -1.7385561615228653 2
      vertex 12.27319871634245 -1.6501478403806686 1.2
      vertex 12.27319871634245 -1.6501478403806686 2
    endloop
  endfacet
  facet normal 0.07576209490299206 0.997125922326719 0
    outer loop
      vertex 11.287132799625397 -1.0966291204094887 2
      vertex 11.420783996582031 -1.106784000992775 2
      vertex 11.287132799625397 -1.0966291204094887 1.2
    endloop
  endfacet
  facet normal -0.05890338179770719 0.9982636884174408 0
    outer loop
      vertex 11.420783996582031 -1.106784000992775 2
      vertex 11.521167360246181 -1.1008607968688011 2
      vertex 11.420783996582031 -1.106784000992775 1.2
    endloop
  endfacet
  facet normal -0.18800721010220753 0.9821676480874252 0
    outer loop
      vertex 11.521167360246181 -1.1008607968688011 2
      vertex 11.61399743705988 -1.0830911993980408 2
      vertex 11.521167360246181 -1.1008607968688011 1.2
    endloop
  endfacet
  facet normal 0.5566254170592418 -0.8307635915732133 0
    outer loop
      vertex 12.27319871634245 -1.6501478403806686 2
      vertex 12.44284799695015 -1.536480002105236 1.2
      vertex 12.44284799695015 -1.536480002105236 2
    endloop
  endfacet
  facet normal 0.6816721046125994 -0.7316578037532502 0
    outer loop
      vertex 12.44284799695015 -1.536480002105236 2
      vertex 12.591404162347317 -1.3980729579925537 1.2
      vertex 12.591404162347317 -1.3980729579925537 2
    endloop
  endfacet
  facet normal 0.7858303579998148 -0.6184421140623293 0
    outer loop
      vertex 12.591404162347317 -1.3980729579925537 2
      vertex 12.71938943862915 -1.2354470416903496 1.2
      vertex 12.71938943862915 -1.2354470416903496 2
    endloop
  endfacet
  facet normal 0.8669491274472733 -0.49839663965401243 0
    outer loop
      vertex 12.71938943862915 -1.2354470416903496 2
      vertex 12.826803840696812 -1.0486022382974625 1.2
      vertex 12.826803840696812 -1.0486022382974625 2
    endloop
  endfacet
  facet normal 0 0 1
    outer loop
      vertex 11.0873913615942 -1.8330854400992393 2
      vertex 11.378448002040386 -1.8522239997982979 2
      vertex 11.287132799625397 -1.0966291204094887 2
    endloop
  endfacet
  facet normal 0 0 1
    outer loop
      vertex 11.378448002040386 -1.8522239997982979 2
      vertex 11.634558722376823 -1.8395942375063896 2
      vertex 11.420783996582031 -1.106784000992775 2
    endloop
  endfacet
  facet normal 0 0 1
    outer loop
      vertex 11.634558722376823 -1.8395942375063896 2
      vertex 11.869054079055786 -1.8017049580812454 2
      vertex 11.61399743705988 -1.0830911993980408 2
    endloop
  endfacet
  facet normal 0 0 1
    outer loop
      vertex 11.869054079055786 -1.8017049580812454 2
      vertex 12.081934079527855 -1.7385561615228653 2
      vertex 11.699274241924286 -1.0534752011299133 2
    endloop
  endfacet
  facet normal 0 0 1
    outer loop
      vertex 12.081934079527855 -1.7385561615228653 2
      vertex 12.27319871634245 -1.6501478403806686 2
      vertex 11.77699775993824 -1.0120128020644188 2
    endloop
  endfacet
  facet normal 0 0 1
    outer loop
      vertex 11.0873913615942 -1.8330854400992393 2
      vertex 11.287132799625397 -1.0966291204094887 2
      vertex 11.164809599518776 -1.0661644786596298 2
    endloop
  endfacet
  facet normal 0 0 1
    outer loop
      vertex 11.378448002040386 -1.8522239997982979 2
      vertex 11.420783996582031 -1.106784000992775 2
      vertex 11.287132799625397 -1.0966291204094887 2
    endloop
  endfacet
  facet normal 0 0 1
    outer loop
      vertex 11.634558722376823 -1.8395942375063896 2
      vertex 11.521167360246181 -1.1008607968688011 2
      vertex 11.420783996582031 -1.106784000992775 2
    endloop
  endfacet
  facet normal 0 0 1
    outer loop
      vertex 11.634558722376823 -1.8395942375063896 2
      vertex 11.61399743705988 -1.0830911993980408 2
      vertex 11.521167360246181 -1.1008607968688011 2
    endloop
  endfacet
  facet normal 0 0 1
    outer loop
      vertex 11.869054079055786 -1.8017049580812454 2
      vertex 11.699274241924286 -1.0534752011299133 2
      vertex 11.61399743705988 -1.0830911993980408 2
    endloop
  endfacet
  facet normal 0 0 1
    outer loop
      vertex 12.081934079527855 -1.7385561615228653 2
      vertex 11.77699775993824 -1.0120128020644188 2
      vertex 11.699274241924286 -1.0534752011299133 2
    endloop
  endfacet
  facet normal 0 0 1
    outer loop
      vertex 12.27319871634245 -1.6501478403806686 2
      vertex 11.847167998552322 -0.9587040022015572 2
      vertex 11.77699775993824 -1.0120128020644188 2
    endloop
  endfacet
  facet normal 0 0 1
    outer loop
      vertex 12.27319871634245 -1.6501478403806686 2
      vertex 12.44284799695015 -1.536480002105236 2
      vertex 11.847167998552322 -0.9587040022015572 2
    endloop
  endfacet
  facet normal 0 0 1
    outer loop
      vertex 12.44284799695015 -1.536480002105236 2
      vertex 12.591404162347317 -1.3980729579925537 2
      vertex 11.909673601388931 -0.8909260779619217 2
    endloop
  endfacet
  facet normal 0 0 1
    outer loop
      vertex 12.44284799695015 -1.536480002105236 2
      vertex 11.909673601388931 -0.8909260779619217 2
      vertex 11.847167998552322 -0.9587040022015572 2
    endloop
  endfacet
  facet normal 0 0 1
    outer loop
      vertex 12.591404162347317 -1.3980729579925537 2
      vertex 12.71938943862915 -1.2354470416903496 2
      vertex 11.964364796876907 -0.8060947209596634 2
    endloop
  endfacet
  facet normal 0.24166827716068198 0.9703589252509546 0
    outer loop
      vertex 11.164809599518776 -1.0661644786596298 2
      vertex 11.287132799625397 -1.0966291204094887 2
      vertex 11.164809599518776 -1.0661644786596298 1.2
    endloop
  endfacet
  facet normal -0.32807096838089905 0.9446530790219334 0
    outer loop
      vertex 11.61399743705988 -1.0830911993980408 2
      vertex 11.699274241924286 -1.0534752011299133 2
      vertex 11.61399743705988 -1.0830911993980408 1.2
    endloop
  endfacet
  facet normal -0.470675340969205 0.882306479293631 0
    outer loop
      vertex 11.699274241924286 -1.0534752011299133 2
      vertex 11.77699775993824 -1.0120128020644188 2
      vertex 11.699274241924286 -1.0534752011299133 1.2
    endloop
  endfacet
  facet normal -0.6049352134361259 0.7962746935229003 0
    outer loop
      vertex 11.77699775993824 -1.0120128020644188 2
      vertex 11.847167998552322 -0.9587040022015572 2
      vertex 11.77699775993824 -1.0120128020644188 1.2
    endloop
  endfacet
  facet normal -0.7351203260975189 0.6779366534996301 0
    outer loop
      vertex 11.847167998552322 -0.9587040022015572 2
      vertex 11.909673601388931 -0.8909260779619217 2
      vertex 11.847167998552322 -0.9587040022015572 1.2
    endloop
  endfacet
  facet normal -0.8404713269587425 0.5418560219838942 0
    outer loop
      vertex 11.909673601388931 -0.8909260779619217 2
      vertex 11.964364796876907 -0.8060947209596634 2
      vertex 11.909673601388931 -0.8909260779619217 1.2
    endloop
  endfacet
  facet normal -0.9084572982022067 0.41797767565163924 0
    outer loop
      vertex 11.964364796876907 -0.8060947209596634 2
      vertex 12.011241599917412 -0.7042099162936211 2
      vertex 11.964364796876907 -0.8060947209596634 1.2
    endloop
  endfacet
  facet normal -0.9500727304678844 0.31202853526768776 0
    outer loop
      vertex 12.011241599917412 -0.7042099162936211 2
      vertex 12.050304003059864 -0.5852716788649559 2
      vertex 12.011241599917412 -0.7042099162936211 1.2
    endloop
  endfacet
  facet normal 0.9247784156731518 -0.3805060865545455 0
    outer loop
      vertex 12.826803840696812 -1.0486022382974625 2
      vertex 12.91364736109972 -0.8375385627150536 1.2
      vertex 12.91364736109972 -0.8375385627150536 2
    endloop
  endfacet
  facet normal 0.9625448613541332 -0.27112246288486086 0
    outer loop
      vertex 12.91364736109972 -0.8375385627150536 2
      vertex 12.979919999837875 -0.6022560000419617 1.2
      vertex 12.979919999837875 -0.6022560000419617 2
    endloop
  endfacet
  facet normal -0.974602271384328 0.2239428780124716 0
    outer loop
      vertex 12.050304003059864 -0.5852716788649559 2
      vertex 12.081551998853683 -0.4492800012230873 2
      vertex 12.050304003059864 -0.5852716788649559 1.2
    endloop
  endfacet
  facet normal 0.16786578297883928 0.9858098594074322 0
    outer loop
      vertex 12.081551998853683 -0.4492800012230873 2
      vertex 12.979919999837875 -0.6022560000419617 2
      vertex 12.081551998853683 -0.4492800012230873 1.2
    endloop
  endfacet
  facet normal 0 0 1
    outer loop
      vertex 12.591404162347317 -1.3980729579925537 2
      vertex 11.964364796876907 -0.8060947209596634 2
      vertex 11.909673601388931 -0.8909260779619217 2
    endloop
  endfacet
  facet normal 0 0 1
    outer loop
      vertex 12.71938943862915 -1.2354470416903496 2
      vertex 12.826803840696812 -1.0486022382974625 2
      vertex 11.964364796876907 -0.8060947209596634 2
    endloop
  endfacet
  facet normal 0 0 1
    outer loop
      vertex 11.964364796876907 -0.8060947209596634 2
      vertex 12.826803840696812 -1.0486022382974625 2
      vertex 12.011241599917412 -0.7042099162936211 2
    endloop
  endfacet
  facet normal 0 0 1
    outer loop
      vertex 12.826803840696812 -1.0486022382974625 2
      vertex 12.91364736109972 -0.8375385627150536 2
      vertex 12.011241599917412 -0.7042099162936211 2
    endloop
  endfacet
  facet normal 0 0 1
    outer loop
      vertex 12.91364736109972 -0.8375385627150536 2
      vertex 12.050304003059864 -0.5852716788649559 2
      vertex 12.011241599917412 -0.7042099162936211 2
    endloop
  endfacet
  facet normal 0 0 1
    outer loop
      vertex 12.91364736109972 -0.8375385627150536 2
      vertex 12.081551998853683 -0.4492800012230873 2
      vertex 12.050304003059864 -0.5852716788649559 2
    endloop
  endfacet
  facet normal 0 0 1
    outer loop
      vertex 12.91364736109972 -0.8375385627150536 2
      vertex 12.979919999837875 -0.6022560000419617 2
      vertex 12.081551998853683 -0.4492800012230873 2
    endloop
  endfacet
  facet normal 0.9997999581259169 -0.020001093255485915 0
    outer loop
      vertex 2.6870879977941513 -0.04243200272321701 2
      vertex 2.6870879977941513 -0.04243200272321701 1.2
      vertex 2.6904076784849167 0.12350975722074509 1.2
    endloop
  endfacet
  facet normal 0.9977702722648636 -0.06674191924495372 0
    outer loop
      vertex 2.6904076784849167 0.12350975722074509 2
      vertex 2.6904076784849167 0.12350975722074509 1.2
      vertex 2.700366720557213 0.27239423990249634 1.2
    endloop
  endfacet
  facet normal 0.9921663246061925 -0.12492391411350992 0
    outer loop
      vertex 2.700366720557213 0.27239423990249634 2
      vertex 2.700366720557213 0.27239423990249634 1.2
      vertex 2.716965116560459 0.40422143787145615 1.2
    endloop
  endfacet
  facet normal 0.9801118627991443 -0.19844580217377067 0
    outer loop
      vertex 2.716965116560459 0.40422143787145615 2
      vertex 2.716965116560459 0.40422143787145615 1.2
      vertex 2.740202881395817 0.5189913585782051 1.2
    endloop
  endfacet
  facet normal 0.9562955457291864 -0.292401828343322 0
    outer loop
      vertex 2.740202881395817 0.5189913585782051 2
      vertex 2.740202881395817 0.5189913585782051 1.2
      vertex 2.7700800001621246 0.6167040020227432 1.2
    endloop
  endfacet
  facet normal 0.9162150001837212 -0.4006870018335305 0
    outer loop
      vertex 2.7700800001621246 0.6167040020227432 2
      vertex 2.7700800001621246 0.6167040020227432 1.2
      vertex 2.807118721306324 0.7013971209526062 1.2
    endloop
  endfacet
  facet normal 0.861006086067109 -0.5085946517172572 0
    outer loop
      vertex 2.807118721306324 0.7013971209526062 2
      vertex 2.807118721306324 0.7013971209526062 1.2
      vertex 2.851841278374195 0.7771084830164909 1.2
    endloop
  endfacet
  facet normal 0.7864557199164478 -0.617646663239349 0
    outer loop
      vertex 2.851841278374195 0.7771084830164909 2
      vertex 2.851841278374195 0.7771084830164909 1.2
      vertex 2.9042476788163185 0.8438380807638168 1.2
    endloop
  endfacet
  facet normal 0.692913921899881 -0.7210203165218892 0
    outer loop
      vertex 2.9042476788163185 0.8438380807638168 2
      vertex 2.9042476788163185 0.8438380807638168 1.2
      vertex 2.9643379226326942 0.9015859216451645 1.2
    endloop
  endfacet
  facet normal 0.5840581217334604 -0.8117118395324675 0
    outer loop
      vertex 2.9643379226326942 0.9015859216451645 2
      vertex 2.9643379226326942 0.9015859216451645 1.2
      vertex 3.0321120023727417 0.9503519982099533 1.2
    endloop
  endfacet
  facet normal 0.4762646881259911 -0.8793019656774642 0
    outer loop
      vertex 3.0321120023727417 0.9503519982099533 2
      vertex 3.0321120023727417 0.9503519982099533 1.2
      vertex 3.105680637061596 0.9901996776461601 1.2
    endloop
  endfacet
  facet normal 0.37142242003829556 -0.928463992782109 0
    outer loop
      vertex 3.105680637061596 0.9901996776461601 2
      vertex 3.105680637061596 0.9901996776461601 1.2
      vertex 3.183154560625553 1.0211923196911812 1.2
    endloop
  endfacet
  facet normal 0.2624912635618636 -0.9649343690395199 0
    outer loop
      vertex 3.183154560625553 1.0211923196911812 2
      vertex 3.183154560625553 1.0211923196911812 1.2
      vertex 3.264533758163452 1.0433299168944359 1.2
    endloop
  endfacet
  facet normal 0.15388896174241404 -0.9880881476132793 0
    outer loop
      vertex 3.264533758163452 1.0433299168944359 2
      vertex 3.264533758163452 1.0433299168944359 1.2
      vertex 3.3498182371258736 1.0566124767065048 1.2
    endloop
  endfacet
  facet normal 0.0495805473350919 -0.9987701283708643 0
    outer loop
      vertex 3.3498182371258736 1.0566124767065048 2
      vertex 3.3498182371258736 1.0566124767065048 1.2
      vertex 3.4390079975128174 1.061039999127388 1.2
    endloop
  endfacet
  facet normal -0.04491331252009089 -0.9989908880257481 0
    outer loop
      vertex 3.4390079975128174 1.061039999127388 2
      vertex 3.4390079975128174 1.061039999127388 1.2
      vertex 3.515750400722027 1.0575897619128227 1.2
    endloop
  endfacet
  facet normal -0.1434589009984556 -0.9896562755443504 0
    outer loop
      vertex 3.515750400722027 1.0575897619128227 2
      vertex 3.515750400722027 1.0575897619128227 1.2
      vertex 3.5871552005410194 1.0472390428185463 1.2
    endloop
  endfacet
  facet normal -0.25264512304645403 -0.967559012050863 0
    outer loop
      vertex 3.5871552005410194 1.0472390428185463 2
      vertex 3.5871552005410194 1.0472390428185463 1.2
      vertex 3.6532223969697952 1.0299878418445587 1.2
    endloop
  endfacet
  facet normal -0.3695412107542265 -0.9292143420946 0
    outer loop
      vertex 3.6532223969697952 1.0299878418445587 2
      vertex 3.6532223969697952 1.0299878418445587 1.2
      vertex 3.713951997458935 1.00583615899086 1.2
    endloop
  endfacet
  facet normal -1 0 0
    outer loop
      vertex 1.7724480032920837 2.9977440014481544 2
      vertex 1.7724480032920837 2.9977440014481544 1.2
      vertex 1.7724480032920837 -1.7740800008177757 1.2
    endloop
  endfacet
  facet normal -0.711576677911146 0.7026084481793092 0
    outer loop
      vertex 2.8710528016090393 1.4296089634299278 2
      vertex 2.8710528016090393 1.4296089634299278 1.2
      vertex 2.6870879977941513 1.2432959973812103 1.2
    endloop
  endfacet
  facet normal -0.591042783206842 0.8066402100187605 0
    outer loop
      vertex 3.0688223987817764 1.5745190382003784 2
      vertex 3.0688223987817764 1.5745190382003784 1.2
      vertex 2.8710528016090393 1.4296089634299278 1.2
    endloop
  endfacet
  facet normal 1 0 0
    outer loop
      vertex 2.6870879977941513 1.2432959973812103 2
      vertex 2.6870879977941513 1.2432959973812103 1.2
      vertex 2.6870879977941513 2.9977440014481544 1.2
    endloop
  endfacet
  facet normal -0.4394528099907805 0.898265677731932 0
    outer loop
      vertex 3.2803967967629433 1.6780262365937233 2
      vertex 3.2803967967629433 1.6780262365937233 1.2
      vertex 3.0688223987817764 1.5745190382003784 1.2
    endloop
  endfacet
  facet normal -0.2656537073594217 0.9640685181905874 0
    outer loop
      vertex 3.5057760030031204 1.7401305586099625 2
      vertex 3.5057760030031204 1.7401305586099625 1.2
      vertex 3.2803967967629433 1.6780262365937233 1.2
    endloop
  endfacet
  facet normal -0.08622790169700516 0.9962754383045541 0
    outer loop
      vertex 3.7449600026011467 1.7608319967985153 2
      vertex 3.7449600026011467 1.7608319967985153 1.2
      vertex 3.5057760030031204 1.7401305586099625 1.2
    endloop
  endfacet
  facet normal -0.9999465911203059 -0.010335129746641566 0
    outer loop
      vertex 4.00327680259943 0.2535379230976105 2
      vertex 4.00327680259943 0.2535379230976105 1.2
      vertex 4.005359999835491 0.051983997225761414 1.2
    endloop
  endfacet
  facet normal -0.9993232142425992 -0.03678469078081573 0
    outer loop
      vertex 3.997027203440666 0.4233196824789047 2
      vertex 3.997027203440666 0.4233196824789047 1.2
      vertex 4.00327680259943 0.2535379230976105 1.2
    endloop
  endfacet
  facet normal -0.9971640217000818 -0.07525897838078158 0
    outer loop
      vertex 3.9866112023591995 0.5613292828202248 2
      vertex 3.9866112023591995 0.5613292828202248 1.2
      vertex 3.997027203440666 0.4233196824789047 1.2
    endloop
  endfacet
  facet normal 0.9999427784825048 0.010697652111014965 0
    outer loop
      vertex 4.920000001788139 0.2537759989500046 2
      vertex 4.920000001788139 0.2537759989500046 1.2
      vertex 4.918112643063068 0.4301932826638222 1.2
    endloop
  endfacet
  facet normal 0.9993493844661384 0.03606671273002473 0
    outer loop
      vertex 4.918112643063068 0.4301932826638222 2
      vertex 4.918112643063068 0.4301932826638222 1.2
      vertex 4.912450559437275 0.5870803222060204 1.2
    endloop
  endfacet
  facet normal -0.9907105815313619 -0.1359872922069959 0
    outer loop
      vertex 3.97202879935503 0.66756671667099 2
      vertex 3.97202879935503 0.66756671667099 1.2
      vertex 3.9866112023591995 0.5613292828202248 1.2
    endloop
  endfacet
  facet normal -0.9194875780798272 -0.3931190579924788 0
    outer loop
      vertex 3.929256960749626 0.7982207983732224 2
      vertex 3.929256960749626 0.7982207983732224 1.2
      vertex 3.9532800018787384 0.7420319989323616 1.2
    endloop
  endfacet
  facet normal -0.9697352118680207 -0.244159003240276 0
    outer loop
      vertex 3.9532800018787384 0.7420319989323616 2
      vertex 3.9532800018787384 0.7420319989323616 1.2
      vertex 3.97202879935503 0.66756671667099 1.2
    endloop
  endfacet
  facet normal -0.8605568368515069 -0.5093544252758869 0
    outer loop
      vertex 3.898851841688156 0.8495903983712196 2
      vertex 3.898851841688156 0.8495903983712196 1.2
      vertex 3.929256960749626 0.7982207983732224 1.2
    endloop
  endfacet
  facet normal -0.7845802949950397 -0.6200272257776239 0
    outer loop
      vertex 3.8620646372437477 0.8961407989263535 2
      vertex 3.8620646372437477 0.8961407989263535 1.2
      vertex 3.898851841688156 0.8495903983712196 1.2
    endloop
  endfacet
  facet normal -0.6950298628719235 -0.7189808688110104 0
    outer loop
      vertex 3.818895362317562 0.9378720000386238 2
      vertex 3.818895362317562 0.9378720000386238 1.2
      vertex 3.8620646372437477 0.8961407989263535 1.2
    endloop
  endfacet
  facet normal -0.5973916157103897 -0.8019496601900458 0
    outer loop
      vertex 3.769344002008438 0.9747840017080307 2
      vertex 3.769344002008438 0.9747840017080307 1.2
      vertex 3.818895362317562 0.9378720000386238 1.2
    endloop
  endfacet
  facet normal -0.48899454714792084 -0.8722868409299774 0
    outer loop
      vertex 3.713951997458935 1.00583615899086 2
      vertex 3.713951997458935 1.00583615899086 1.2
      vertex 3.769344002008438 0.9747840017080307 1.2
    endloop
  endfacet
  facet normal 0.9976482822715855 0.06854126407176017 0
    outer loop
      vertex 4.912450559437275 0.5870803222060204 2
      vertex 4.912450559437275 0.5870803222060204 1.2
      vertex 4.90301375836134 0.7244371175765991 1.2
    endloop
  endfacet
  facet normal 0.9937724482072148 0.11142854743843163 0
    outer loop
      vertex 4.90301375836134 0.7244371175765991 2
      vertex 4.90301375836134 0.7244371175765991 1.2
      vertex 4.889802239835262 0.8422636836767197 1.2
    endloop
  endfacet
  facet normal 0.9853952486522722 0.17028271765956332 0
    outer loop
      vertex 4.889802239835262 0.8422636836767197 2
      vertex 4.889802239835262 0.8422636836767197 1.2
      vertex 4.8728159964084625 0.9405599981546402 1.2
    endloop
  endfacet
  facet normal 0.9691287915197474 0.2465550353318177 0
    outer loop
      vertex 4.8728159964084625 0.9405599981546402 2
      vertex 4.8728159964084625 0.9405599981546402 1.2
      vertex 4.850686080753803 1.0275456011295319 1.2
    endloop
  endfacet
  facet normal 0.9463194793594826 0.32323279998291904 0
    outer loop
      vertex 4.850686080753803 1.0275456011295319 2
      vertex 4.850686080753803 1.0275456011295319 1.2
      vertex 4.822043523192406 1.1114016026258469 1.2
    endloop
  endfacet
  facet normal -0.9987718037974179 0.04954678535740006 0
    outer loop
      vertex 5.645383678376675 0.18426240235567093 2
      vertex 5.645383678376675 0.18426240235567093 1.2
      vertex 5.636399999260902 0.0031680017709732056 1.2
    endloop
  endfacet
  facet normal -0.9888238821807569 0.14908832962031848 0
    outer loop
      vertex 5.672334723174572 0.3630144000053406 2
      vertex 5.672334723174572 0.3630144000053406 1.2
      vertex 5.645383678376675 0.18426240235567093 1.2
    endloop
  endfacet
  facet normal -0.9690786111964385 0.2467521941575842 0
    outer loop
      vertex 5.717253118753433 0.5394240021705627 2
      vertex 5.717253118753433 0.5394240021705627 1.2
      vertex 5.672334723174572 0.3630144000053406 1.2
    endloop
  endfacet
  facet normal 0.998762342246504 -0.04973714618147363 0
    outer loop
      vertex 6.583605118095875 0.15039552003145218 2
      vertex 6.573839999735355 -0.04569599777460098 1.2
      vertex 6.583605118095875 0.15039552003145218 1.2
    endloop
  endfacet
  facet normal 0.9865512597910256 -0.16345216977678803 0
    outer loop
      vertex 6.612900480628014 0.3272140771150589 2
      vertex 6.583605118095875 0.15039552003145218 1.2
      vertex 6.612900480628014 0.3272140771150589 1.2
    endloop
  endfacet
  facet normal 0.9551805368610182 -0.2960238875528406 0
    outer loop
      vertex 6.661726079881191 0.4847596809267998 2
      vertex 6.612900480628014 0.3272140771150589 1.2
      vertex 6.661726079881191 0.4847596809267998 1.2
    endloop
  endfacet
  facet normal -0.940505281929949 0.33977906742744957 0
    outer loop
      vertex 5.7801388800144196 0.7134912014007568 2
      vertex 5.7801388800144196 0.7134912014007568 1.2
      vertex 5.717253118753433 0.5394240021705627 1.2
    endloop
  endfacet
  facet normal -0.9047345481825835 0.42597581777004245 0
    outer loop
      vertex 5.86099199950695 0.8852159976959229 2
      vertex 5.86099199950695 0.8852159976959229 1.2
      vertex 5.7801388800144196 0.7134912014007568 1.2
    endloop
  endfacet
  facet normal -0.8579040779822362 0.5138098801905713 0
    outer loop
      vertex 5.958314880728722 1.047715201973915 2
      vertex 5.958314880728722 1.047715201973915 1.2
      vertex 5.86099199950695 0.8852159976959229 1.2
    endloop
  endfacet
  facet normal 0.8964420034790448 -0.4431610704907147 0
    outer loop
      vertex 6.730081923305988 0.6230323165655136 2
      vertex 6.661726079881191 0.4847596809267998 1.2
      vertex 6.730081923305988 0.6230323165655136 1.2
    endloop
  endfacet
  facet normal 0.8044029286282424 -0.5940841088720576 0
    outer loop
      vertex 6.817968003451824 0.7420319989323616 2
      vertex 6.730081923305988 0.6230323165655136 1.2
      vertex 6.817968003451824 0.7420319989323616 1.2
    endloop
  endfacet
  facet normal 0.6936599001021666 -0.7203026745683041 0
    outer loop
      vertex 6.9201753586530685 0.8404588773846626 2
      vertex 6.817968003451824 0.7420319989323616 1.2
      vertex 6.9201753586530685 0.8404588773846626 1.2
    endloop
  endfacet
  facet normal 0.56663921151706 -0.8239660211266752 0
    outer loop
      vertex 7.031495042145252 0.9170131236314774 2
      vertex 6.9201753586530685 0.8404588773846626 1.2
      vertex 7.031495042145252 0.9170131236314774 1.2
    endloop
  endfacet
  facet normal 0.4134255866282045 -0.9105379093267478 0
    outer loop
      vertex 7.151927039027214 0.9716947227716446 2
      vertex 7.031495042145252 0.9170131236314774 1.2
      vertex 7.151927039027214 0.9716947227716446 1.2
    endloop
  endfacet
  facet normal 0.2455127923293072 -0.9693933509172975 0
    outer loop
      vertex 7.281471356749535 1.004503682255745 2
      vertex 7.151927039027214 0.9716947227716446 1.2
      vertex 7.281471356749535 1.004503682255745 1.2
    endloop
  endfacet
  facet normal 0.07862919343078217 -0.996903932152153 0
    outer loop
      vertex 7.4201280027627945 1.0154400020837784 2
      vertex 7.281471356749535 1.004503682255745 1.2
      vertex 7.4201280027627945 1.0154400020837784 1.2
    endloop
  endfacet
  facet normal 0.6997740526431497 0.7143642454990187 0
    outer loop
      vertex 4.6406073570251465 1.414508156478405 2
      vertex 4.6406073570251465 1.414508156478405 1.2
      vertex 4.574144639074802 1.4796134382486343 1.2
    endloop
  endfacet
  facet normal 0.45601233271540814 0.8899734560150948 0
    outer loop
      vertex 4.411128960549831 1.5941913574934006 2
      vertex 4.411128960549831 1.5941913574934006 1.2
      vertex 4.3145759999752045 1.643664002418518 1.2
    endloop
  endfacet
  facet normal 0.53425477173772 0.8453235113703371 0
    outer loop
      vertex 4.4976518377661705 1.53950784355402 2
      vertex 4.4976518377661705 1.53950784355402 1.2
      vertex 4.411128960549831 1.5941913574934006 1.2
    endloop
  endfacet
  facet normal 0.6165027711104735 0.7873527374773692 0
    outer loop
      vertex 4.574144639074802 1.4796134382486343 2
      vertex 4.574144639074802 1.4796134382486343 1.2
      vertex 4.4976518377661705 1.53950784355402 1.2
    endloop
  endfacet
  facet normal 0.9168341574435287 0.39926824034077013 0
    outer loop
      vertex 4.822043523192406 1.1114016026258469 2
      vertex 4.822043523192406 1.1114016026258469 1.2
      vertex 4.78688832372427 1.1921280026435852 1.2
    endloop
  endfacet
  facet normal 0.881015788039931 0.4730868643540839 0
    outer loop
      vertex 4.78688832372427 1.1921280026435852 2
      vertex 4.78688832372427 1.1921280026435852 1.2
      vertex 4.745220482349396 1.2697248011827469 1.2
    endloop
  endfacet
  facet normal 0.8395916187750017 0.5432181087581418 0
    outer loop
      vertex 4.745220482349396 1.2697248011827469 2
      vertex 4.745220482349396 1.2697248011827469 1.2
      vertex 4.697039999067783 1.344191998243332 1.2
    endloop
  endfacet
  facet normal 0.7798955353980533 0.6259097010481496 0
    outer loop
      vertex 4.697039999067783 1.344191998243332 2
      vertex 4.697039999067783 1.344191998243332 1.2
      vertex 4.6406073570251465 1.414508156478405 1.2
    endloop
  endfacet
  facet normal 0.03782310456408433 0.9992844503749342 0
    outer loop
      vertex 3.8687827214598656 1.7561452835798264 2
      vertex 3.8687827214598656 1.7561452835798264 1.2
      vertex 3.7449600026011467 1.7608319967985153 1.2
    endloop
  endfacet
  facet normal 0.28827485160148936 0.9575477063489523 0
    outer loop
      vertex 4.2105523198843 1.6858444809913635 2
      vertex 4.2105523198843 1.6858444809913635 1.2
      vertex 4.101578876376152 1.7186515182256699 1.2
    endloop
  endfacet
  facet normal 0.11746012278403854 0.9930775999666686 0
    outer loop
      vertex 3.9876556769013405 1.7420851215720177 2
      vertex 3.9876556769013405 1.7420851215720177 1.2
      vertex 3.8687827214598656 1.7561452835798264 1.2
    endloop
  endfacet
  facet normal 0.2014782778880107 0.9794929828943552 0
    outer loop
      vertex 4.101578876376152 1.7186515182256699 2
      vertex 4.101578876376152 1.7186515182256699 1.2
      vertex 3.9876556769013405 1.7420851215720177 1.2
    endloop
  endfacet
  facet normal 0.3757717982181733 0.9267122291541643 0
    outer loop
      vertex 4.3145759999752045 1.643664002418518 2
      vertex 4.3145759999752045 1.643664002418518 1.2
      vertex 4.2105523198843 1.6858444809913635 1.2
    endloop
  endfacet
  facet normal -0.7933659090534717 0.6087450487287421 0
    outer loop
      vertex 6.070609919726849 1.1940672025084496 2
      vertex 6.070609919726849 1.1940672025084496 1.2
      vertex 5.958314880728722 1.047715201973915 1.2
    endloop
  endfacet
  facet normal -0.7151278985647159 0.6989936256464814 0
    outer loop
      vertex 6.197877116501331 1.3242719992995262 2
      vertex 6.197877116501331 1.3242719992995262 1.2
      vertex 6.070609919726849 1.1940672025084496 1.2
    endloop
  endfacet
  facet normal -0.6255846226339902 0.7801563176209548 0
    outer loop
      vertex 6.34011647850275 1.4383295997977257 2
      vertex 6.34011647850275 1.4383295997977257 1.2
      vertex 6.197877116501331 1.3242719992995262 1.2
    endloop
  endfacet
  facet normal -0.5286517487373293 0.8488388118818341 0
    outer loop
      vertex 6.497327998280525 1.5362399965524673 2
      vertex 6.497327998280525 1.5362399965524673 1.2
      vertex 6.34011647850275 1.4383295997977257 1.2
    endloop
  endfacet
  facet normal -0.43253173137305334 0.901618711737633 0
    outer loop
      vertex 6.665867522358894 1.6170931234955788 2
      vertex 6.665867522358894 1.6170931234955788 1.2
      vertex 6.497327998280525 1.5362399965524673 1.2
    endloop
  endfacet
  facet normal -0.336093888652957 0.941828486514468 0
    outer loop
      vertex 6.842090882360935 1.6799788773059845 2
      vertex 6.842090882360935 1.6799788773059845 1.2
      vertex 6.665867522358894 1.6170931234955788 1.2
    endloop
  endfacet
  facet normal -0.2372702115214889 0.9714436919989485 0
    outer loop
      vertex 7.025998078286648 1.7248972803354263 2
      vertex 7.025998078286648 1.7248972803354263 1.2
      vertex 6.842090882360935 1.6799788773059845 1.2
    endloop
  endfacet
  facet normal -0.1392981525874345 0.9902504858295843 0
    outer loop
      vertex 7.217589117586613 1.751848317682743 2
      vertex 7.217589117586613 1.751848317682743 1.2
      vertex 7.025998078286648 1.7248972803354263 1.2
    endloop
  endfacet
  facet normal -0.04503610186749032 0.9989853600171431 0
    outer loop
      vertex 7.41686400026083 1.7608319967985153 2
      vertex 7.41686400026083 1.7608319967985153 1.2
      vertex 7.217589117586613 1.751848317682743 1.2
    endloop
  endfacet
  facet normal 0.9997999581259169 -0.020001093255485915 0
    outer loop
      vertex 2.6870879977941513 -0.04243200272321701 2
      vertex 2.6904076784849167 0.12350975722074509 1.2
      vertex 2.6904076784849167 0.12350975722074509 2
    endloop
  endfacet
  facet normal 0.9977702722648636 -0.06674191924495372 0
    outer loop
      vertex 2.6904076784849167 0.12350975722074509 2
      vertex 2.700366720557213 0.27239423990249634 1.2
      vertex 2.700366720557213 0.27239423990249634 2
    endloop
  endfacet
  facet normal 0.9921663246061925 -0.12492391411350992 0
    outer loop
      vertex 2.700366720557213 0.27239423990249634 2
      vertex 2.716965116560459 0.40422143787145615 1.2
      vertex 2.716965116560459 0.40422143787145615 2
    endloop
  endfacet
  facet normal 0.9801118627991443 -0.19844580217377067 0
    outer loop
      vertex 2.716965116560459 0.40422143787145615 2
      vertex 2.740202881395817 0.5189913585782051 1.2
      vertex 2.740202881395817 0.5189913585782051 2
    endloop
  endfacet
  facet normal 0.9562955457291864 -0.292401828343322 0
    outer loop
      vertex 2.740202881395817 0.5189913585782051 2
      vertex 2.7700800001621246 0.6167040020227432 1.2
      vertex 2.7700800001621246 0.6167040020227432 2
    endloop
  endfacet
  facet normal 0.9162150001837212 -0.4006870018335305 0
    outer loop
      vertex 2.7700800001621246 0.6167040020227432 2
      vertex 2.807118721306324 0.7013971209526062 1.2
      vertex 2.807118721306324 0.7013971209526062 2
    endloop
  endfacet
  facet normal 0.861006086067109 -0.5085946517172572 0
    outer loop
      vertex 2.807118721306324 0.7013971209526062 2
      vertex 2.851841278374195 0.7771084830164909 1.2
      vertex 2.851841278374195 0.7771084830164909 2
    endloop
  endfacet
  facet normal 0.7864557199164478 -0.617646663239349 0
    outer loop
      vertex 2.851841278374195 0.7771084830164909 2
      vertex 2.9042476788163185 0.8438380807638168 1.2
      vertex 2.9042476788163185 0.8438380807638168 2
    endloop
  endfacet
  facet normal 0.692913921899881 -0.7210203165218892 0
    outer loop
      vertex 2.9042476788163185 0.8438380807638168 2
      vertex 2.9643379226326942 0.9015859216451645 1.2
      vertex 2.9643379226326942 0.9015859216451645 2
    endloop
  endfacet
  facet normal 0.5840581217334604 -0.8117118395324675 0
    outer loop
      vertex 2.9643379226326942 0.9015859216451645 2
      vertex 3.0321120023727417 0.9503519982099533 1.2
      vertex 3.0321120023727417 0.9503519982099533 2
    endloop
  endfacet
  facet normal 0.4762646881259911 -0.8793019656774642 0
    outer loop
      vertex 3.0321120023727417 0.9503519982099533 2
      vertex 3.105680637061596 0.9901996776461601 1.2
      vertex 3.105680637061596 0.9901996776461601 2
    endloop
  endfacet
  facet normal 0.37142242003829556 -0.928463992782109 0
    outer loop
      vertex 3.105680637061596 0.9901996776461601 2
      vertex 3.183154560625553 1.0211923196911812 1.2
      vertex 3.183154560625553 1.0211923196911812 2
    endloop
  endfacet
  facet normal 0.2624912635618636 -0.9649343690395199 0
    outer loop
      vertex 3.183154560625553 1.0211923196911812 2
      vertex 3.264533758163452 1.0433299168944359 1.2
      vertex 3.264533758163452 1.0433299168944359 2
    endloop
  endfacet
  facet normal 0.15388896174241404 -0.9880881476132793 0
    outer loop
      vertex 3.264533758163452 1.0433299168944359 2
      vertex 3.3498182371258736 1.0566124767065048 1.2
      vertex 3.3498182371258736 1.0566124767065048 2
    endloop
  endfacet
  facet normal 0.0495805473350919 -0.9987701283708643 0
    outer loop
      vertex 3.3498182371258736 1.0566124767065048 2
      vertex 3.4390079975128174 1.061039999127388 1.2
      vertex 3.4390079975128174 1.061039999127388 2
    endloop
  endfacet
  facet normal -0.3695412107542265 -0.9292143420946 0
    outer loop
      vertex 3.713951997458935 1.00583615899086 2
      vertex 3.6532223969697952 1.0299878418445587 2
      vertex 3.713951997458935 1.00583615899086 1.2
    endloop
  endfacet
  facet normal -0.1434589009984556 -0.9896562755443504 0
    outer loop
      vertex 3.515750400722027 1.0575897619128227 2
      vertex 3.5871552005410194 1.0472390428185463 1.2
      vertex 3.5871552005410194 1.0472390428185463 2
    endloop
  endfacet
  facet normal -0.04491331252009089 -0.9989908880257481 0
    outer loop
      vertex 3.515750400722027 1.0575897619128227 2
      vertex 3.4390079975128174 1.061039999127388 2
      vertex 3.515750400722027 1.0575897619128227 1.2
    endloop
  endfacet
  facet normal -0.25264512304645403 -0.967559012050863 0
    outer loop
      vertex 3.6532223969697952 1.0299878418445587 2
      vertex 3.5871552005410194 1.0472390428185463 2
      vertex 3.6532223969697952 1.0299878418445587 1.2
    endloop
  endfacet
  facet normal 0 0 1
    outer loop
      vertex 1.7724480032920837 -1.7740800008177757 2
      vertex 2.6904076784849167 0.12350975722074509 2
      vertex 1.7724480032920837 2.9977440014481544 2
    endloop
  endfacet
  facet normal 0 0 1
    outer loop
      vertex 2.716965116560459 0.40422143787145615 2
      vertex 2.740202881395817 0.5189913585782051 2
      vertex 2.6870879977941513 1.2432959973812103 2
    endloop
  endfacet
  facet normal 0 0 1
    outer loop
      vertex 2.740202881395817 0.5189913585782051 2
      vertex 2.7700800001621246 0.6167040020227432 2
      vertex 2.6870879977941513 1.2432959973812103 2
    endloop
  endfacet
  facet normal 0 0 1
    outer loop
      vertex 2.7700800001621246 0.6167040020227432 2
      vertex 2.807118721306324 0.7013971209526062 2
      vertex 2.6870879977941513 1.2432959973812103 2
    endloop
  endfacet
  facet normal 0 0 1
    outer loop
      vertex 2.807118721306324 0.7013971209526062 2
      vertex 2.851841278374195 0.7771084830164909 2
      vertex 2.6870879977941513 1.2432959973812103 2
    endloop
  endfacet
  facet normal 0 0 1
    outer loop
      vertex 2.851841278374195 0.7771084830164909 2
      vertex 2.9042476788163185 0.8438380807638168 2
      vertex 2.6870879977941513 1.2432959973812103 2
    endloop
  endfacet
  facet normal 0 0 1
    outer loop
      vertex 2.9042476788163185 0.8438380807638168 2
      vertex 2.9643379226326942 0.9015859216451645 2
      vertex 2.6870879977941513 1.2432959973812103 2
    endloop
  endfacet
  facet normal 0 0 1
    outer loop
      vertex 2.9643379226326942 0.9015859216451645 2
      vertex 3.0321120023727417 0.9503519982099533 2
      vertex 2.6870879977941513 1.2432959973812103 2
    endloop
  endfacet
  facet normal -0.711576677911146 0.7026084481793092 0
    outer loop
      vertex 2.6870879977941513 1.2432959973812103 2
      vertex 2.8710528016090393 1.4296089634299278 2
      vertex 2.6870879977941513 1.2432959973812103 1.2
    endloop
  endfacet
  facet normal -0.591042783206842 0.8066402100187605 0
    outer loop
      vertex 2.8710528016090393 1.4296089634299278 2
      vertex 3.0688223987817764 1.5745190382003784 2
      vertex 2.8710528016090393 1.4296089634299278 1.2
    endloop
  endfacet
  facet normal -0.4394528099907805 0.898265677731932 0
    outer loop
      vertex 3.0688223987817764 1.5745190382003784 2
      vertex 3.2803967967629433 1.6780262365937233 2
      vertex 3.0688223987817764 1.5745190382003784 1.2
    endloop
  endfacet
  facet normal -0.2656537073594217 0.9640685181905874 0
    outer loop
      vertex 3.2803967967629433 1.6780262365937233 2
      vertex 3.5057760030031204 1.7401305586099625 2
      vertex 3.2803967967629433 1.6780262365937233 1.2
    endloop
  endfacet
  facet normal -0.08622790169700516 0.9962754383045541 0
    outer loop
      vertex 3.5057760030031204 1.7401305586099625 2
      vertex 3.7449600026011467 1.7608319967985153 2
      vertex 3.5057760030031204 1.7401305586099625 1.2
    endloop
  endfacet
  facet normal 0 0 1
    outer loop
      vertex 2.6904076784849167 0.12350975722074509 2
      vertex 2.700366720557213 0.27239423990249634 2
      vertex 1.7724480032920837 2.9977440014481544 2
    endloop
  endfacet
  facet normal 0 0 1
    outer loop
      vertex 2.700366720557213 0.27239423990249634 2
      vertex 2.716965116560459 0.40422143787145615 2
      vertex 1.7724480032920837 2.9977440014481544 2
    endloop
  endfacet
  facet normal 0 0 1
    outer loop
      vertex 2.716965116560459 0.40422143787145615 2
      vertex 2.6870879977941513 1.2432959973812103 2
      vertex 1.7724480032920837 2.9977440014481544 2
    endloop
  endfacet
  facet normal 0 0 1
    outer loop
      vertex 3.0321120023727417 0.9503519982099533 2
      vertex 3.105680637061596 0.9901996776461601 2
      vertex 2.8710528016090393 1.4296089634299278 2
    endloop
  endfacet
  facet normal 0 0 1
    outer loop
      vertex 3.0321120023727417 0.9503519982099533 2
      vertex 2.8710528016090393 1.4296089634299278 2
      vertex 2.6870879977941513 1.2432959973812103 2
    endloop
  endfacet
  facet normal 0 0 1
    outer loop
      vertex 3.105680637061596 0.9901996776461601 2
      vertex 3.183154560625553 1.0211923196911812 2
      vertex 2.8710528016090393 1.4296089634299278 2
    endloop
  endfacet
  facet normal 0 0 1
    outer loop
      vertex 3.183154560625553 1.0211923196911812 2
      vertex 3.264533758163452 1.0433299168944359 2
      vertex 3.0688223987817764 1.5745190382003784 2
    endloop
  endfacet
  facet normal 0 0 1
    outer loop
      vertex 3.264533758163452 1.0433299168944359 2
      vertex 3.3498182371258736 1.0566124767065048 2
      vertex 3.0688223987817764 1.5745190382003784 2
    endloop
  endfacet
  facet normal 0 0 1
    outer loop
      vertex 3.183154560625553 1.0211923196911812 2
      vertex 3.0688223987817764 1.5745190382003784 2
      vertex 2.8710528016090393 1.4296089634299278 2
    endloop
  endfacet
  facet normal 0 0 1
    outer loop
      vertex 3.3498182371258736 1.0566124767065048 2
      vertex 3.4390079975128174 1.061039999127388 2
      vertex 3.2803967967629433 1.6780262365937233 2
    endloop
  endfacet
  facet normal 0 0 1
    outer loop
      vertex 3.515750400722027 1.0575897619128227 2
      vertex 3.5057760030031204 1.7401305586099625 2
      vertex 3.4390079975128174 1.061039999127388 2
    endloop
  endfacet
  facet normal 0 0 1
    outer loop
      vertex 3.515750400722027 1.0575897619128227 2
      vertex 3.5871552005410194 1.0472390428185463 2
      vertex 3.5057760030031204 1.7401305586099625 2
    endloop
  endfacet
  facet normal 0 0 1
    outer loop
      vertex 3.6532223969697952 1.0299878418445587 2
      vertex 3.7449600026011467 1.7608319967985153 2
      vertex 3.5871552005410194 1.0472390428185463 2
    endloop
  endfacet
  facet normal 0 0 1
    outer loop
      vertex 3.3498182371258736 1.0566124767065048 2
      vertex 3.2803967967629433 1.6780262365937233 2
      vertex 3.0688223987817764 1.5745190382003784 2
    endloop
  endfacet
  facet normal 0 0 1
    outer loop
      vertex 3.4390079975128174 1.061039999127388 2
      vertex 3.5057760030031204 1.7401305586099625 2
      vertex 3.2803967967629433 1.6780262365937233 2
    endloop
  endfacet
  facet normal 0 0 1
    outer loop
      vertex 3.5871552005410194 1.0472390428185463 2
      vertex 3.7449600026011467 1.7608319967985153 2
      vertex 3.5057760030031204 1.7401305586099625 2
    endloop
  endfacet
  facet normal -0.9999465911203059 -0.010335129746641566 0
    outer loop
      vertex 4.005359999835491 0.051983997225761414 2
      vertex 4.00327680259943 0.2535379230976105 2
      vertex 4.005359999835491 0.051983997225761414 1.2
    endloop
  endfacet
  facet normal -0.9993232142425992 -0.03678469078081573 0
    outer loop
      vertex 4.00327680259943 0.2535379230976105 2
      vertex 3.997027203440666 0.4233196824789047 2
      vertex 4.00327680259943 0.2535379230976105 1.2
    endloop
  endfacet
  facet normal -0.9971640217000818 -0.07525897838078158 0
    outer loop
      vertex 3.997027203440666 0.4233196824789047 2
      vertex 3.9866112023591995 0.5613292828202248 2
      vertex 3.997027203440666 0.4233196824789047 1.2
    endloop
  endfacet
  facet normal 0.9999427784825048 0.010697652111014965 0
    outer loop
      vertex 4.920000001788139 0.2537759989500046 2
      vertex 4.918112643063068 0.4301932826638222 1.2
      vertex 4.918112643063068 0.4301932826638222 2
    endloop
  endfacet
  facet normal 0.9993493844661384 0.03606671273002473 0
    outer loop
      vertex 4.918112643063068 0.4301932826638222 2
      vertex 4.912450559437275 0.5870803222060204 1.2
      vertex 4.912450559437275 0.5870803222060204 2
    endloop
  endfacet
  facet normal -0.9907105815313619 -0.1359872922069959 0
    outer loop
      vertex 3.9866112023591995 0.5613292828202248 2
      vertex 3.97202879935503 0.66756671667099 2
      vertex 3.9866112023591995 0.5613292828202248 1.2
    endloop
  endfacet
  facet normal -0.8605568368515069 -0.5093544252758869 0
    outer loop
      vertex 3.929256960749626 0.7982207983732224 2
      vertex 3.898851841688156 0.8495903983712196 2
      vertex 3.929256960749626 0.7982207983732224 1.2
    endloop
  endfacet
  facet normal -0.9697352118680207 -0.244159003240276 0
    outer loop
      vertex 3.97202879935503 0.66756671667099 2
      vertex 3.9532800018787384 0.7420319989323616 2
      vertex 3.97202879935503 0.66756671667099 1.2
    endloop
  endfacet
  facet normal -0.9194875780798272 -0.3931190579924788 0
    outer loop
      vertex 3.9532800018787384 0.7420319989323616 2
      vertex 3.929256960749626 0.7982207983732224 2
      vertex 3.9532800018787384 0.7420319989323616 1.2
    endloop
  endfacet
  facet normal -0.7845802949950397 -0.6200272257776239 0
    outer loop
      vertex 3.898851841688156 0.8495903983712196 2
      vertex 3.8620646372437477 0.8961407989263535 2
      vertex 3.898851841688156 0.8495903983712196 1.2
    endloop
  endfacet
  facet normal -0.5973916157103897 -0.8019496601900458 0
    outer loop
      vertex 3.818895362317562 0.9378720000386238 2
      vertex 3.769344002008438 0.9747840017080307 2
      vertex 3.818895362317562 0.9378720000386238 1.2
    endloop
  endfacet
  facet normal -0.6950298628719235 -0.7189808688110104 0
    outer loop
      vertex 3.8620646372437477 0.8961407989263535 2
      vertex 3.818895362317562 0.9378720000386238 2
      vertex 3.8620646372437477 0.8961407989263535 1.2
    endloop
  endfacet
  facet normal -0.48899454714792084 -0.8722868409299774 0
    outer loop
      vertex 3.713951997458935 1.00583615899086 2
      vertex 3.769344002008438 0.9747840017080307 1.2
      vertex 3.769344002008438 0.9747840017080307 2
    endloop
  endfacet
  facet normal 0.9976482822715855 0.06854126407176017 0
    outer loop
      vertex 4.912450559437275 0.5870803222060204 2
      vertex 4.90301375836134 0.7244371175765991 1.2
      vertex 4.90301375836134 0.7244371175765991 2
    endloop
  endfacet
  facet normal 0.9937724482072148 0.11142854743843163 0
    outer loop
      vertex 4.90301375836134 0.7244371175765991 2
      vertex 4.889802239835262 0.8422636836767197 1.2
      vertex 4.889802239835262 0.8422636836767197 2
    endloop
  endfacet
  facet normal 0.9853952486522722 0.17028271765956332 0
    outer loop
      vertex 4.889802239835262 0.8422636836767197 2
      vertex 4.8728159964084625 0.9405599981546402 1.2
      vertex 4.8728159964084625 0.9405599981546402 2
    endloop
  endfacet
  facet normal 0.9691287915197474 0.2465550353318177 0
    outer loop
      vertex 4.8728159964084625 0.9405599981546402 2
      vertex 4.850686080753803 1.0275456011295319 1.2
      vertex 4.850686080753803 1.0275456011295319 2
    endloop
  endfacet
  facet normal 0.9463194793594826 0.32323279998291904 0
    outer loop
      vertex 4.850686080753803 1.0275456011295319 2
      vertex 4.822043523192406 1.1114016026258469 1.2
      vertex 4.822043523192406 1.1114016026258469 2
    endloop
  endfacet
  facet normal -0.9987718037974179 0.04954678535740006 0
    outer loop
      vertex 5.636399999260902 0.0031680017709732056 2
      vertex 5.645383678376675 0.18426240235567093 2
      vertex 5.636399999260902 0.0031680017709732056 1.2
    endloop
  endfacet
  facet normal -0.9888238821807569 0.14908832962031848 0
    outer loop
      vertex 5.645383678376675 0.18426240235567093 2
      vertex 5.672334723174572 0.3630144000053406 2
      vertex 5.645383678376675 0.18426240235567093 1.2
    endloop
  endfacet
  facet normal -0.9690786111964385 0.2467521941575842 0
    outer loop
      vertex 5.672334723174572 0.3630144000053406 2
      vertex 5.717253118753433 0.5394240021705627 2
      vertex 5.672334723174572 0.3630144000053406 1.2
    endloop
  endfacet
  facet normal 0.998762342246504 -0.04973714618147363 0
    outer loop
      vertex 6.573839999735355 -0.04569599777460098 2
      vertex 6.573839999735355 -0.04569599777460098 1.2
      vertex 6.583605118095875 0.15039552003145218 2
    endloop
  endfacet
  facet normal 0.9865512597910256 -0.16345216977678803 0
    outer loop
      vertex 6.583605118095875 0.15039552003145218 2
      vertex 6.583605118095875 0.15039552003145218 1.2
      vertex 6.612900480628014 0.3272140771150589 2
    endloop
  endfacet
  facet normal 0.9551805368610182 -0.2960238875528406 0
    outer loop
      vertex 6.612900480628014 0.3272140771150589 2
      vertex 6.612900480628014 0.3272140771150589 1.2
      vertex 6.661726079881191 0.4847596809267998 2
    endloop
  endfacet
  facet normal 0.8964420034790448 -0.4431610704907147 0
    outer loop
      vertex 6.661726079881191 0.4847596809267998 2
      vertex 6.661726079881191 0.4847596809267998 1.2
      vertex 6.730081923305988 0.6230323165655136 2
    endloop
  endfacet
  facet normal -0.940505281929949 0.33977906742744957 0
    outer loop
      vertex 5.717253118753433 0.5394240021705627 2
      vertex 5.7801388800144196 0.7134912014007568 2
      vertex 5.717253118753433 0.5394240021705627 1.2
    endloop
  endfacet
  facet normal -0.9047345481825835 0.42597581777004245 0
    outer loop
      vertex 5.7801388800144196 0.7134912014007568 2
      vertex 5.86099199950695 0.8852159976959229 2
      vertex 5.7801388800144196 0.7134912014007568 1.2
    endloop
  endfacet
  facet normal -0.8579040779822362 0.5138098801905713 0
    outer loop
      vertex 5.86099199950695 0.8852159976959229 2
      vertex 5.958314880728722 1.047715201973915 2
      vertex 5.86099199950695 0.8852159976959229 1.2
    endloop
  endfacet
  facet normal 0.8044029286282424 -0.5940841088720576 0
    outer loop
      vertex 6.730081923305988 0.6230323165655136 2
      vertex 6.730081923305988 0.6230323165655136 1.2
      vertex 6.817968003451824 0.7420319989323616 2
    endloop
  endfacet
  facet normal 0.6936599001021666 -0.7203026745683041 0
    outer loop
      vertex 6.817968003451824 0.7420319989323616 2
      vertex 6.817968003451824 0.7420319989323616 1.2
      vertex 6.9201753586530685 0.8404588773846626 2
    endloop
  endfacet
  facet normal 0.56663921151706 -0.8239660211266752 0
    outer loop
      vertex 6.9201753586530685 0.8404588773846626 2
      vertex 6.9201753586530685 0.8404588773846626 1.2
      vertex 7.031495042145252 0.9170131236314774 2
    endloop
  endfacet
  facet normal 0.4134255866282045 -0.9105379093267478 0
    outer loop
      vertex 7.031495042145252 0.9170131236314774 2
      vertex 7.031495042145252 0.9170131236314774 1.2
      vertex 7.151927039027214 0.9716947227716446 2
    endloop
  endfacet
  facet normal 0.2455127923293072 -0.9693933509172975 0
    outer loop
      vertex 7.151927039027214 0.9716947227716446 2
      vertex 7.151927039027214 0.9716947227716446 1.2
      vertex 7.281471356749535 1.004503682255745 2
    endloop
  endfacet
  facet normal 0.07862919343078217 -0.996903932152153 0
    outer loop
      vertex 7.281471356749535 1.004503682255745 2
      vertex 7.281471356749535 1.004503682255745 1.2
      vertex 7.4201280027627945 1.0154400020837784 2
    endloop
  endfacet
  facet normal 0 0 1
    outer loop
      vertex 4.005359999835491 0.051983997225761414 2
      vertex 4.920000001788139 0.2537759989500046 2
      vertex 4.00327680259943 0.2535379230976105 2
    endloop
  endfacet
  facet normal 0 0 1
    outer loop
      vertex 4.00327680259943 0.2535379230976105 2
      vertex 4.918112643063068 0.4301932826638222 2
      vertex 3.997027203440666 0.4233196824789047 2
    endloop
  endfacet
  facet normal 0 0 1
    outer loop
      vertex 4.00327680259943 0.2535379230976105 2
      vertex 4.920000001788139 0.2537759989500046 2
      vertex 4.918112643063068 0.4301932826638222 2
    endloop
  endfacet
  facet normal 0 0 1
    outer loop
      vertex 3.997027203440666 0.4233196824789047 2
      vertex 4.912450559437275 0.5870803222060204 2
      vertex 3.9866112023591995 0.5613292828202248 2
    endloop
  endfacet
  facet normal 0 0 1
    outer loop
      vertex 3.997027203440666 0.4233196824789047 2
      vertex 4.918112643063068 0.4301932826638222 2
      vertex 4.912450559437275 0.5870803222060204 2
    endloop
  endfacet
  facet normal 0 0 1
    outer loop
      vertex 3.9866112023591995 0.5613292828202248 2
      vertex 4.90301375836134 0.7244371175765991 2
      vertex 3.97202879935503 0.66756671667099 2
    endloop
  endfacet
  facet normal 0 0 1
    outer loop
      vertex 3.9866112023591995 0.5613292828202248 2
      vertex 4.912450559437275 0.5870803222060204 2
      vertex 4.90301375836134 0.7244371175765991 2
    endloop
  endfacet
  facet normal 0 0 1
    outer loop
      vertex 3.97202879935503 0.66756671667099 2
      vertex 4.8728159964084625 0.9405599981546402 2
      vertex 3.9532800018787384 0.7420319989323616 2
    endloop
  endfacet
  facet normal 0 0 1
    outer loop
      vertex 3.97202879935503 0.66756671667099 2
      vertex 4.90301375836134 0.7244371175765991 2
      vertex 4.889802239835262 0.8422636836767197 2
    endloop
  endfacet
  facet normal 0 0 1
    outer loop
      vertex 3.929256960749626 0.7982207983732224 2
      vertex 4.697039999067783 1.344191998243332 2
      vertex 3.898851841688156 0.8495903983712196 2
    endloop
  endfacet
  facet normal 0 0 1
    outer loop
      vertex 3.9532800018787384 0.7420319989323616 2
      vertex 4.822043523192406 1.1114016026258469 2
      vertex 3.929256960749626 0.7982207983732224 2
    endloop
  endfacet
  facet normal 0 0 1
    outer loop
      vertex 3.97202879935503 0.66756671667099 2
      vertex 4.889802239835262 0.8422636836767197 2
      vertex 4.8728159964084625 0.9405599981546402 2
    endloop
  endfacet
  facet normal 0 0 1
    outer loop
      vertex 3.9532800018787384 0.7420319989323616 2
      vertex 4.8728159964084625 0.9405599981546402 2
      vertex 4.850686080753803 1.0275456011295319 2
    endloop
  endfacet
  facet normal 0 0 1
    outer loop
      vertex 3.9532800018787384 0.7420319989323616 2
      vertex 4.850686080753803 1.0275456011295319 2
      vertex 4.822043523192406 1.1114016026258469 2
    endloop
  endfacet
  facet normal 0 0 1
    outer loop
      vertex 3.929256960749626 0.7982207983732224 2
      vertex 4.822043523192406 1.1114016026258469 2
      vertex 4.78688832372427 1.1921280026435852 2
    endloop
  endfacet
  facet normal 0 0 1
    outer loop
      vertex 3.929256960749626 0.7982207983732224 2
      vertex 4.78688832372427 1.1921280026435852 2
      vertex 4.745220482349396 1.2697248011827469 2
    endloop
  endfacet
  facet normal 0 0 1
    outer loop
      vertex 6.573839999735355 -0.04569599777460098 2
      vertex 5.645383678376675 0.18426240235567093 2
      vertex 5.636399999260902 0.0031680017709732056 2
    endloop
  endfacet
  facet normal 0 0 1
    outer loop
      vertex 5.645383678376675 0.18426240235567093 2
      vertex 6.583605118095875 0.15039552003145218 2
      vertex 5.672334723174572 0.3630144000053406 2
    endloop
  endfacet
  facet normal 0 0 1
    outer loop
      vertex 6.573839999735355 -0.04569599777460098 2
      vertex 6.583605118095875 0.15039552003145218 2
      vertex 5.645383678376675 0.18426240235567093 2
    endloop
  endfacet
  facet normal 0 0 1
    outer loop
      vertex 5.672334723174572 0.3630144000053406 2
      vertex 6.612900480628014 0.3272140771150589 2
      vertex 5.717253118753433 0.5394240021705627 2
    endloop
  endfacet
  facet normal 0 0 1
    outer loop
      vertex 5.672334723174572 0.3630144000053406 2
      vertex 6.583605118095875 0.15039552003145218 2
      vertex 6.612900480628014 0.3272140771150589 2
    endloop
  endfacet
  facet normal 0 0 1
    outer loop
      vertex 5.717253118753433 0.5394240021705627 2
      vertex 6.612900480628014 0.3272140771150589 2
      vertex 5.7801388800144196 0.7134912014007568 2
    endloop
  endfacet
  facet normal 0 0 1
    outer loop
      vertex 5.7801388800144196 0.7134912014007568 2
      vertex 6.612900480628014 0.3272140771150589 2
      vertex 6.661726079881191 0.4847596809267998 2
    endloop
  endfacet
  facet normal 0 0 1
    outer loop
      vertex 5.7801388800144196 0.7134912014007568 2
      vertex 6.661726079881191 0.4847596809267998 2
      vertex 5.86099199950695 0.8852159976959229 2
    endloop
  endfacet
  facet normal 0 0 1
    outer loop
      vertex 5.86099199950695 0.8852159976959229 2
      vertex 6.661726079881191 0.4847596809267998 2
      vertex 5.958314880728722 1.047715201973915 2
    endloop
  endfacet
  facet normal 0 0 1
    outer loop
      vertex 5.958314880728722 1.047715201973915 2
      vertex 6.661726079881191 0.4847596809267998 2
      vertex 6.730081923305988 0.6230323165655136 2
    endloop
  endfacet
  facet normal 0 0 1
    outer loop
      vertex 5.958314880728722 1.047715201973915 2
      vertex 6.730081923305988 0.6230323165655136 2
      vertex 6.070609919726849 1.1940672025084496 2
    endloop
  endfacet
  facet normal 0 0 1
    outer loop
      vertex 6.070609919726849 1.1940672025084496 2
      vertex 6.817968003451824 0.7420319989323616 2
      vertex 6.197877116501331 1.3242719992995262 2
    endloop
  endfacet
  facet normal 0 0 1
    outer loop
      vertex 6.070609919726849 1.1940672025084496 2
      vertex 6.730081923305988 0.6230323165655136 2
      vertex 6.817968003451824 0.7420319989323616 2
    endloop
  endfacet
  facet normal 0 0 1
    outer loop
      vertex 6.34011647850275 1.4383295997977257 2
      vertex 6.817968003451824 0.7420319989323616 2
      vertex 6.9201753586530685 0.8404588773846626 2
    endloop
  endfacet
  facet normal 0.6997740526431497 0.7143642454990187 0
    outer loop
      vertex 4.6406073570251465 1.414508156478405 2
      vertex 4.574144639074802 1.4796134382486343 1.2
      vertex 4.574144639074802 1.4796134382486343 2
    endloop
  endfacet
  facet normal 0.45601233271540814 0.8899734560150948 0
    outer loop
      vertex 4.411128960549831 1.5941913574934006 2
      vertex 4.3145759999752045 1.643664002418518 1.2
      vertex 4.3145759999752045 1.643664002418518 2
    endloop
  endfacet
  facet normal 0.6165027711104735 0.7873527374773692 0
    outer loop
      vertex 4.574144639074802 1.4796134382486343 2
      vertex 4.4976518377661705 1.53950784355402 1.2
      vertex 4.4976518377661705 1.53950784355402 2
    endloop
  endfacet
  facet normal 0.53425477173772 0.8453235113703371 0
    outer loop
      vertex 4.4976518377661705 1.53950784355402 2
      vertex 4.411128960549831 1.5941913574934006 1.2
      vertex 4.411128960549831 1.5941913574934006 2
    endloop
  endfacet
  facet normal 0.9168341574435287 0.39926824034077013 0
    outer loop
      vertex 4.822043523192406 1.1114016026258469 2
      vertex 4.78688832372427 1.1921280026435852 1.2
      vertex 4.78688832372427 1.1921280026435852 2
    endloop
  endfacet
  facet normal 0.881015788039931 0.4730868643540839 0
    outer loop
      vertex 4.78688832372427 1.1921280026435852 2
      vertex 4.745220482349396 1.2697248011827469 1.2
      vertex 4.745220482349396 1.2697248011827469 2
    endloop
  endfacet
  facet normal 0.8395916187750017 0.5432181087581418 0
    outer loop
      vertex 4.745220482349396 1.2697248011827469 2
      vertex 4.697039999067783 1.344191998243332 1.2
      vertex 4.697039999067783 1.344191998243332 2
    endloop
  endfacet
  facet normal 0.7798955353980533 0.6259097010481496 0
    outer loop
      vertex 4.697039999067783 1.344191998243332 2
      vertex 4.6406073570251465 1.414508156478405 1.2
      vertex 4.6406073570251465 1.414508156478405 2
    endloop
  endfacet
  facet normal 0.03782310456408433 0.9992844503749342 0
    outer loop
      vertex 3.7449600026011467 1.7608319967985153 2
      vertex 3.8687827214598656 1.7561452835798264 2
      vertex 3.7449600026011467 1.7608319967985153 1.2
    endloop
  endfacet
  facet normal 0.11746012278403854 0.9930775999666686 0
    outer loop
      vertex 3.8687827214598656 1.7561452835798264 2
      vertex 3.9876556769013405 1.7420851215720177 2
      vertex 3.8687827214598656 1.7561452835798264 1.2
    endloop
  endfacet
  facet normal 0.2014782778880107 0.9794929828943552 0
    outer loop
      vertex 4.101578876376152 1.7186515182256699 2
      vertex 3.9876556769013405 1.7420851215720177 1.2
      vertex 3.9876556769013405 1.7420851215720177 2
    endloop
  endfacet
  facet normal 0.28827485160148936 0.9575477063489523 0
    outer loop
      vertex 4.101578876376152 1.7186515182256699 2
      vertex 4.2105523198843 1.6858444809913635 2
      vertex 4.101578876376152 1.7186515182256699 1.2
    endloop
  endfacet
  facet normal 0.3757717982181733 0.9267122291541643 0
    outer loop
      vertex 4.3145759999752045 1.643664002418518 2
      vertex 4.2105523198843 1.6858444809913635 1.2
      vertex 4.2105523198843 1.6858444809913635 2
    endloop
  endfacet
  facet normal -0.7933659090534717 0.6087450487287421 0
    outer loop
      vertex 5.958314880728722 1.047715201973915 2
      vertex 6.070609919726849 1.1940672025084496 2
      vertex 5.958314880728722 1.047715201973915 1.2
    endloop
  endfacet
  facet normal -0.7151278985647159 0.6989936256464814 0
    outer loop
      vertex 6.070609919726849 1.1940672025084496 2
      vertex 6.197877116501331 1.3242719992995262 2
      vertex 6.070609919726849 1.1940672025084496 1.2
    endloop
  endfacet
  facet normal -0.6255846226339902 0.7801563176209548 0
    outer loop
      vertex 6.197877116501331 1.3242719992995262 2
      vertex 6.34011647850275 1.4383295997977257 2
      vertex 6.197877116501331 1.3242719992995262 1.2
    endloop
  endfacet
  facet normal -0.5286517487373293 0.8488388118818341 0
    outer loop
      vertex 6.34011647850275 1.4383295997977257 2
      vertex 6.497327998280525 1.5362399965524673 2
      vertex 6.34011647850275 1.4383295997977257 1.2
    endloop
  endfacet
  facet normal -0.43253173137305334 0.901618711737633 0
    outer loop
      vertex 6.497327998280525 1.5362399965524673 2
      vertex 6.665867522358894 1.6170931234955788 2
      vertex 6.497327998280525 1.5362399965524673 1.2
    endloop
  endfacet
  facet normal -0.336093888652957 0.941828486514468 0
    outer loop
      vertex 6.665867522358894 1.6170931234955788 2
      vertex 6.842090882360935 1.6799788773059845 2
      vertex 6.665867522358894 1.6170931234955788 1.2
    endloop
  endfacet
  facet normal -0.2372702115214889 0.9714436919989485 0
    outer loop
      vertex 6.842090882360935 1.6799788773059845 2
      vertex 7.025998078286648 1.7248972803354263 2
      vertex 6.842090882360935 1.6799788773059845 1.2
    endloop
  endfacet
  facet normal -0.1392981525874345 0.9902504858295843 0
    outer loop
      vertex 7.025998078286648 1.7248972803354263 2
      vertex 7.217589117586613 1.751848317682743 2
      vertex 7.025998078286648 1.7248972803354263 1.2
    endloop
  endfacet
  facet normal -0.04503610186749032 0.9989853600171431 0
    outer loop
      vertex 7.217589117586613 1.751848317682743 2
      vertex 7.41686400026083 1.7608319967985153 2
      vertex 7.217589117586613 1.751848317682743 1.2
    endloop
  endfacet
  facet normal 0 0 1
    outer loop
      vertex 3.818895362317562 0.9378720000386238 2
      vertex 4.101578876376152 1.7186515182256699 2
      vertex 3.769344002008438 0.9747840017080307 2
    endloop
  endfacet
  facet normal 0 0 1
    outer loop
      vertex 3.898851841688156 0.8495903983712196 2
      vertex 4.4976518377661705 1.53950784355402 2
      vertex 3.8620646372437477 0.8961407989263535 2
    endloop
  endfacet
  facet normal 0 0 1
    outer loop
      vertex 3.8620646372437477 0.8961407989263535 2
      vertex 4.3145759999752045 1.643664002418518 2
      vertex 3.818895362317562 0.9378720000386238 2
    endloop
  endfacet
  facet normal 0 0 1
    outer loop
      vertex 3.713951997458935 1.00583615899086 2
      vertex 3.769344002008438 0.9747840017080307 2
      vertex 3.9876556769013405 1.7420851215720177 2
    endloop
  endfacet
  facet normal 0 0 1
    outer loop
      vertex 3.713951997458935 1.00583615899086 2
      vertex 3.8687827214598656 1.7561452835798264 2
      vertex 3.6532223969697952 1.0299878418445587 2
    endloop
  endfacet
  facet normal 0 0 1
    outer loop
      vertex 3.929256960749626 0.7982207983732224 2
      vertex 4.745220482349396 1.2697248011827469 2
      vertex 4.697039999067783 1.344191998243332 2
    endloop
  endfacet
  facet normal 0 0 1
    outer loop
      vertex 3.898851841688156 0.8495903983712196 2
      vertex 4.697039999067783 1.344191998243332 2
      vertex 4.6406073570251465 1.414508156478405 2
    endloop
  endfacet
  facet normal 0 0 1
    outer loop
      vertex 3.898851841688156 0.8495903983712196 2
      vertex 4.6406073570251465 1.414508156478405 2
      vertex 4.574144639074802 1.4796134382486343 2
    endloop
  endfacet
  facet normal 0 0 1
    outer loop
      vertex 3.898851841688156 0.8495903983712196 2
      vertex 4.574144639074802 1.4796134382486343 2
      vertex 4.4976518377661705 1.53950784355402 2
    endloop
  endfacet
  facet normal 0 0 1
    outer loop
      vertex 3.8620646372437477 0.8961407989263535 2
      vertex 4.4976518377661705 1.53950784355402 2
      vertex 4.411128960549831 1.5941913574934006 2
    endloop
  endfacet
  facet normal 0 0 1
    outer loop
      vertex 3.818895362317562 0.9378720000386238 2
      vertex 4.3145759999752045 1.643664002418518 2
      vertex 4.2105523198843 1.6858444809913635 2
    endloop
  endfacet
  facet normal 0 0 1
    outer loop
      vertex 3.818895362317562 0.9378720000386238 2
      vertex 4.2105523198843 1.6858444809913635 2
      vertex 4.101578876376152 1.7186515182256699 2
    endloop
  endfacet
  facet normal 0 0 1
    outer loop
      vertex 3.769344002008438 0.9747840017080307 2
      vertex 4.101578876376152 1.7186515182256699 2
      vertex 3.9876556769013405 1.7420851215720177 2
    endloop
  endfacet
  facet normal 0 0 1
    outer loop
      vertex 3.6532223969697952 1.0299878418445587 2
      vertex 3.8687827214598656 1.7561452835798264 2
      vertex 3.7449600026011467 1.7608319967985153 2
    endloop
  endfacet
  facet normal 0 0 1
    outer loop
      vertex 3.713951997458935 1.00583615899086 2
      vertex 3.9876556769013405 1.7420851215720177 2
      vertex 3.8687827214598656 1.7561452835798264 2
    endloop
  endfacet
  facet normal 0 0 1
    outer loop
      vertex 3.8620646372437477 0.8961407989263535 2
      vertex 4.411128960549831 1.5941913574934006 2
      vertex 4.3145759999752045 1.643664002418518 2
    endloop
  endfacet
  facet normal 0 0 1
    outer loop
      vertex 6.197877116501331 1.3242719992995262 2
      vertex 6.817968003451824 0.7420319989323616 2
      vertex 6.34011647850275 1.4383295997977257 2
    endloop
  endfacet
  facet normal 0 0 1
    outer loop
      vertex 6.497327998280525 1.5362399965524673 2
      vertex 6.9201753586530685 0.8404588773846626 2
      vertex 7.031495042145252 0.9170131236314774 2
    endloop
  endfacet
  facet normal 0 0 1
    outer loop
      vertex 6.34011647850275 1.4383295997977257 2
      vertex 6.9201753586530685 0.8404588773846626 2
      vertex 6.497327998280525 1.5362399965524673 2
    endloop
  endfacet
  facet normal 0 0 1
    outer loop
      vertex 6.497327998280525 1.5362399965524673 2
      vertex 7.031495042145252 0.9170131236314774 2
      vertex 6.665867522358894 1.6170931234955788 2
    endloop
  endfacet
  facet normal 0 0 1
    outer loop
      vertex 7.031495042145252 0.9170131236314774 2
      vertex 7.151927039027214 0.9716947227716446 2
      vertex 6.842090882360935 1.6799788773059845 2
    endloop
  endfacet
  facet normal 0 0 1
    outer loop
      vertex 7.151927039027214 0.9716947227716446 2
      vertex 7.281471356749535 1.004503682255745 2
      vertex 7.025998078286648 1.7248972803354263 2
    endloop
  endfacet
  facet normal 0 0 1
    outer loop
      vertex 7.281471356749535 1.004503682255745 2
      vertex 7.4201280027627945 1.0154400020837784 2
      vertex 7.217589117586613 1.751848317682743 2
    endloop
  endfacet
  facet normal 0 0 1
    outer loop
      vertex 7.031495042145252 0.9170131236314774 2
      vertex 6.842090882360935 1.6799788773059845 2
      vertex 6.665867522358894 1.6170931234955788 2
    endloop
  endfacet
  facet normal 0 0 1
    outer loop
      vertex 7.151927039027214 0.9716947227716446 2
      vertex 7.025998078286648 1.7248972803354263 2
      vertex 6.842090882360935 1.6799788773059845 2
    endloop
  endfacet
  facet normal 0 0 1
    outer loop
      vertex 7.281471356749535 1.004503682255745 2
      vertex 7.217589117586613 1.751848317682743 2
      vertex 7.025998078286648 1.7248972803354263 2
    endloop
  endfacet
  facet normal 0 0 1
    outer loop
      vertex 7.4201280027627945 1.0154400020837784 2
      vertex 7.41686400026083 1.7608319967985153 2
      vertex 7.217589117586613 1.751848317682743 2
    endloop
  endfacet
  facet normal 0 1 0
    outer loop
      vertex 2.6870879977941513 2.9977440014481544 2
      vertex 2.6870879977941513 2.9977440014481544 1.2
      vertex 1.7724480032920837 2.9977440014481544 1.2
    endloop
  endfacet
  facet normal 1 0 0
    outer loop
      vertex 2.6870879977941513 1.2432959973812103 2
      vertex 2.6870879977941513 2.9977440014481544 1.2
      vertex 2.6870879977941513 2.9977440014481544 2
    endloop
  endfacet
  facet normal 0 1 0
    outer loop
      vertex 1.7724480032920837 2.9977440014481544 2
      vertex 2.6870879977941513 2.9977440014481544 2
      vertex 1.7724480032920837 2.9977440014481544 1.2
    endloop
  endfacet
  facet normal 0 0 1
    outer loop
      vertex 2.6870879977941513 1.2432959973812103 2
      vertex 2.6870879977941513 2.9977440014481544 2
      vertex 1.7724480032920837 2.9977440014481544 2
    endloop
  endfacet
  facet normal -0.9987490529609727 -0.05000329198722873 0
    outer loop
      vertex 8.263152003288269 -0.03916800022125244 2
      vertex 8.25345215946436 0.1545734405517578 1.2
      vertex 8.263152003288269 -0.03916800022125244 1.2
    endloop
  endfacet
  facet normal -0.9864538288815486 -0.16403915229277494 0
    outer loop
      vertex 8.25345215946436 0.1545734405517578 2
      vertex 8.224352642893791 0.3295641615986824 1.2
      vertex 8.25345215946436 0.1545734405517578 1.2
    endloop
  endfacet
  facet normal -0.9550452253763014 -0.2964601448524396 0
    outer loop
      vertex 8.224352642893791 0.3295641615986824 2
      vertex 8.175853438675404 0.48580416291952133 1.2
      vertex 8.224352642893791 0.3295641615986824 1.2
    endloop
  endfacet
  facet normal -0.8966225230343501 -0.44279572173578685 0
    outer loop
      vertex 8.175853438675404 0.48580416291952133 2
      vertex 8.107954561710358 0.623293437063694 1.2
      vertex 8.175853438675404 0.48580416291952133 1.2
    endloop
  endfacet
  facet normal 0.9977803596458854 0.06659094461657226 0
    outer loop
      vertex 9.203855998814106 -0.03590399771928787 2
      vertex 9.203855998814106 -0.03590399771928787 1.2
      vertex 9.1838054433465 0.2645279988646507 1.2
    endloop
  endfacet
  facet normal 0.9775307225394081 0.21079299440821722 0
    outer loop
      vertex 9.1838054433465 0.2645279988646507 2
      vertex 9.1838054433465 0.2645279988646507 1.2
      vertex 9.123653762042522 0.5434752032160759 1.2
    endloop
  endfacet
  facet normal -0.805680809369465 -0.5923499248026998 0
    outer loop
      vertex 8.107954561710358 0.623293437063694 2
      vertex 8.020655997097492 0.7420319989323616 1.2
      vertex 8.107954561710358 0.623293437063694 1.2
    endloop
  endfacet
  facet normal -0.6957319795888587 -0.7183014774990847 0
    outer loop
      vertex 8.020655997097492 0.7420319989323616 2
      vertex 7.919036157429218 0.8404588773846626 1.2
      vertex 8.020655997097492 0.7420319989323616 1.2
    endloop
  endfacet
  facet normal -0.568221777185647 -0.8228754534751809 0
    outer loop
      vertex 7.919036157429218 0.8404588773846626 2
      vertex 7.808173440396786 0.9170131236314774 1.2
      vertex 7.919036157429218 0.8404588773846626 1.2
    endloop
  endfacet
  facet normal -0.41435641789440353 -0.9101146954915729 0
    outer loop
      vertex 7.808173440396786 0.9170131236314774 2
      vertex 7.688067838549614 0.9716947227716446 1.2
      vertex 7.808173440396786 0.9170131236314774 1.2
    endloop
  endfacet
  facet normal -0.07866600593179625 -0.9969010279414595 0
    outer loop
      vertex 7.5587193593382835 1.004503682255745 2
      vertex 7.4201280027627945 1.0154400020837784 1.2
      vertex 7.5587193593382835 1.004503682255745 1.2
    endloop
  endfacet
  facet normal -0.24586205445600257 -0.9693048283066962 0
    outer loop
      vertex 7.688067838549614 0.9716947227716446 2
      vertex 7.5587193593382835 1.004503682255745 1.2
      vertex 7.688067838549614 0.9716947227716446 1.2
    endloop
  endfacet
  facet normal 0.9318474351273626 0.3628503240270785 0
    outer loop
      vertex 9.123653762042522 0.5434752032160759 2
      vertex 9.123653762042522 0.5434752032160759 1.2
      vertex 9.023400962352753 0.8009376004338264 1.2
    endloop
  endfacet
  facet normal 0.8594672076930817 0.5111908830371069 0
    outer loop
      vertex 9.023400962352753 0.8009376004338264 2
      vertex 9.023400962352753 0.8009376004338264 1.2
      vertex 8.88304703682661 1.036915197968483 1.2
    endloop
  endfacet
  facet normal -0.9984742369616004 0.055219544764059054 0
    outer loop
      vertex 9.736513920128345 0.27833279967308044 2
      vertex 9.736513920128345 0.27833279967308044 1.2
      vertex 9.71841599792242 -0.04891200363636017 1.2
    endloop
  endfacet
  facet normal -0.9836884454839693 0.17988063325809195 0
    outer loop
      vertex 9.79080767929554 0.5752416029572487 2
      vertex 9.79080767929554 0.5752416029572487 1.2
      vertex 9.736513920128345 0.27833279967308044 1.2
    endloop
  endfacet
  facet normal 0.999240385436715 -0.038969887250096216 0
    outer loop
      vertex 10.659120000898838 0.016176000237464905 2
      vertex 10.659120000898838 0.016176000237464905 1.2
      vertex 10.667256958782673 0.22481855750083923 1.2
    endloop
  endfacet
  facet normal 0.9912440381593488 -0.1320426325606516 0
    outer loop
      vertex 10.667256958782673 0.22481855750083923 2
      vertex 10.667256958782673 0.22481855750083923 1.2
      vertex 10.691667839884758 0.40807104110717773 1.2
    endloop
  endfacet
  facet normal 0.9683572527360154 -0.2495680890529809 0
    outer loop
      vertex 10.691667839884758 0.40807104110717773 2
      vertex 10.691667839884758 0.40807104110717773 1.2
      vertex 10.732352636754513 0.5659334436058998 1.2
    endloop
  endfacet
  facet normal -0.9469297697200394 0.3214405251643809 0
    outer loop
      vertex 9.881297282874584 0.841814398765564 2
      vertex 9.881297282874584 0.841814398765564 1.2
      vertex 9.79080767929554 0.5752416029572487 1.2
    endloop
  endfacet
  facet normal -0.8812780058705381 0.47259821875335933 0
    outer loop
      vertex 10.007982723414898 1.0780512019991875 2
      vertex 10.007982723414898 1.0780512019991875 1.2
      vertex 9.881297282874584 0.841814398765564 1.2
    endloop
  endfacet
  facet normal 0.9186801974117627 -0.39500214541630607 0
    outer loop
      vertex 10.732352636754513 0.5659334436058998 2
      vertex 10.732352636754513 0.5659334436058998 1.2
      vertex 10.789311356842518 0.6984057575464249 1.2
    endloop
  endfacet
  facet normal 0.8254299316100596 -0.5645045863429385 0
    outer loop
      vertex 10.789311356842518 0.6984057575464249 2
      vertex 10.789311356842518 0.6984057575464249 1.2
      vertex 10.862544000148773 0.8054879978299141 1.2
    endloop
  endfacet
  facet normal 0.6990841017838904 -0.7150394525010567 0
    outer loop
      vertex 10.862544000148773 0.8054879978299141 2
      vertex 10.862544000148773 0.8054879978299141 1.2
      vertex 10.949448958039284 0.8904537633061409 1.2
    endloop
  endfacet
  facet normal 0.5591873469104837 -0.8290413204751705 0
    outer loop
      vertex 10.949448958039284 0.8904537633061409 2
      vertex 10.949448958039284 0.8904537633061409 1.2
      vertex 11.047424636781216 0.956538237631321 1.2
    endloop
  endfacet
  facet normal 0.3972514821615981 -0.917709790685712 0
    outer loop
      vertex 11.047424636781216 0.956538237631321 2
      vertex 11.047424636781216 0.956538237631321 1.2
      vertex 11.156471036374569 1.003741443157196 1.2
    endloop
  endfacet
  facet normal 0.368354739114357 0.9296853156697669 0
    outer loop
      vertex 8.256268799304962 1.577439360320568 2
      vertex 8.256268799304962 1.577439360320568 1.2
      vertex 7.999123200774193 1.6793241575360298 1.2
    endloop
  endfacet
  facet normal 0.6545299790904758 0.7560360483944011 0
    outer loop
      vertex 8.702592000365257 1.251408003270626 2
      vertex 8.702592000365257 1.251408003270626 1.2
      vertex 8.490758396685123 1.4348006397485733 1.2
    endloop
  endfacet
  facet normal 0.7652107829968581 0.6437798207348032 0
    outer loop
      vertex 8.88304703682661 1.036915197968483 2
      vertex 8.88304703682661 1.036915197968483 1.2
      vertex 8.702592000365257 1.251408003270626 1.2
    endloop
  endfacet
  facet normal 0.5196968223589533 0.8543507551527103 0
    outer loop
      vertex 8.490758396685123 1.4348006397485733 2
      vertex 8.490758396685123 1.4348006397485733 1.2
      vertex 8.256268799304962 1.577439360320568 1.2
    endloop
  endfacet
  facet normal 0.06721891048051107 0.9977382512832778 0
    outer loop
      vertex 7.719321601092815 1.740455038845539 2
      vertex 7.719321601092815 1.740455038845539 1.2
      vertex 7.41686400026083 1.7608319967985153 1.2
    endloop
  endfacet
  facet normal 0.21344456579648888 0.9769551767261118 0
    outer loop
      vertex 7.999123200774193 1.6793241575360298 2
      vertex 7.999123200774193 1.6793241575360298 1.2
      vertex 7.719321601092815 1.740455038845539 1.2
    endloop
  endfacet
  facet normal -0.7842747364401571 0.6204136827808701 0
    outer loop
      vertex 10.170864000916481 1.283951997756958 2
      vertex 10.170864000916481 1.283951997756958 1.2
      vertex 10.007982723414898 1.0780512019991875 1.2
    endloop
  endfacet
  facet normal -0.6632061201733509 0.7484367990449232 0
    outer loop
      vertex 10.364603519439697 1.4556287974119186 2
      vertex 10.364603519439697 1.4556287974119186 1.2
      vertex 10.170864000916481 1.283951997756958 1.2
    endloop
  endfacet
  facet normal -0.5201279615990902 0.8540883464623407 0
    outer loop
      vertex 10.58386368304491 1.5891551971435547 2
      vertex 10.58386368304491 1.5891551971435547 1.2
      vertex 10.364603519439697 1.4556287974119186 1.2
    endloop
  endfacet
  facet normal -0.3630528219824537 0.9317685594881256 0
    outer loop
      vertex 10.82864447683096 1.6845311969518661 2
      vertex 10.82864447683096 1.6845311969518661 1.2
      vertex 10.58386368304491 1.5891551971435547 1.2
    endloop
  endfacet
  facet normal -0.20711949853622771 0.9783156511709815 0
    outer loop
      vertex 11.098945923149586 1.741756796836853 2
      vertex 11.098945923149586 1.741756796836853 1.2
      vertex 10.82864447683096 1.6845311969518661 1.2
    endloop
  endfacet
  facet normal -0.9761247737474457 -0.21721055700977765 0
    outer loop
      vertex 12.009874559938908 0.600641280412674 2
      vertex 12.009874559938908 0.600641280412674 1.2
      vertex 12.032736003398895 0.4979040026664734 1.2
    endloop
  endfacet
  facet normal -0.9442289473910128 -0.32928968236016704 0
    outer loop
      vertex 11.977770239114761 0.692699521780014 2
      vertex 11.977770239114761 0.692699521780014 1.2
      vertex 12.009874559938908 0.600641280412674 1.2
    endloop
  endfacet
  facet normal -0.8915269642309152 -0.45296762803671586 0
    outer loop
      vertex 11.936423040926456 0.774078719317913 2
      vertex 11.936423040926456 0.774078719317913 1.2
      vertex 11.977770239114761 0.692699521780014 1.2
    endloop
  endfacet
  facet normal 0.22949278695674083 -0.973310361978556 0
    outer loop
      vertex 11.156471036374569 1.003741443157196 2
      vertex 11.156471036374569 1.003741443157196 1.2
      vertex 11.276588156819344 1.0320633575320244 1.2
    endloop
  endfacet
  facet normal 0.07177719473035418 -0.9974206907401916 0
    outer loop
      vertex 11.276588156819344 1.0320633575320244 2
      vertex 11.276588156819344 1.0320633575320244 1.2
      vertex 11.40777599811554 1.0415040031075478 1.2
    endloop
  endfacet
  facet normal -0.05514294753874839 -0.9984784701418147 0
    outer loop
      vertex 11.40777599811554 1.0415040031075478 2
      vertex 11.40777599811554 1.0415040031075478 1.2
      vertex 11.506788477301598 1.036035843193531 1.2
    endloop
  endfacet
  facet normal -0.17679101074605624 -0.9842484130133956 0
    outer loop
      vertex 11.506788477301598 1.036035843193531 2
      vertex 11.506788477301598 1.036035843193531 1.2
      vertex 11.598117120563984 1.0196313634514809 1.2
    endloop
  endfacet
  facet normal -0.5847265100055792 -0.8112304903642955 0
    outer loop
      vertex 11.757722876966 0.9540134370326996 2
      vertex 11.757722876966 0.9540134370326996 1.2
      vertex 11.82599999755621 0.9047999978065491 1.2
    endloop
  endfacet
  facet normal -0.8132437148283221 -0.5819232426121427 0
    outer loop
      vertex 11.885832957923412 0.8447788804769516 2
      vertex 11.885832957923412 0.8447788804769516 1.2
      vertex 11.936423040926456 0.774078719317913 1.2
    endloop
  endfacet
  facet normal -0.7082159838822505 -0.7059958358047845 0
    outer loop
      vertex 11.82599999755621 0.9047999978065491 2
      vertex 11.82599999755621 0.9047999978065491 1.2
      vertex 11.885832957923412 0.8447788804769516 1.2
    endloop
  endfacet
  facet normal -0.45000136687524517 -0.8930278662003841 0
    outer loop
      vertex 11.681761920452118 0.9922905564308167 2
      vertex 11.681761920452118 0.9922905564308167 1.2
      vertex 11.757722876966 0.9540134370326996 1.2
    endloop
  endfacet
  facet normal -0.3106915450017806 -0.9505107910299633 0
    outer loop
      vertex 11.598117120563984 1.0196313634514809 2
      vertex 11.598117120563984 1.0196313634514809 1.2
      vertex 11.681761920452118 0.9922905564308167 1.2
    endloop
  endfacet
  facet normal 0.17765434333143187 -0.9840929500283384 0
    outer loop
      vertex 12.032736003398895 0.4979040026664734 2
      vertex 12.032736003398895 0.4979040026664734 1.2
      vertex 12.934367999434471 0.6606720015406609 1.2
    endloop
  endfacet
  facet normal 0.9444592656594046 0.32862850684336276 0
    outer loop
      vertex 12.934367999434471 0.6606720015406609 2
      vertex 12.934367999434471 0.6606720015406609 1.2
      vertex 12.860862717032433 0.8719219192862511 1.2
    endloop
  endfacet
  facet normal 0.9018233399740251 0.4321049218397009 0
    outer loop
      vertex 12.860862717032433 0.8719219192862511 2
      vertex 12.860862717032433 0.8719219192862511 1.2
      vertex 12.770561277866364 1.0603852793574333 1.2
    endloop
  endfacet
  facet normal 0.8398129226976118 0.5428759111160626 0
    outer loop
      vertex 12.770561277866364 1.0603852793574333 2
      vertex 12.770561277866364 1.0603852793574333 1.2
      vertex 12.663463681936264 1.2260620817542076 1.2
    endloop
  endfacet
  facet normal 0.7555436808033527 0.655098272321124 0
    outer loop
      vertex 12.663463681936264 1.2260620817542076 2
      vertex 12.663463681936264 1.2260620817542076 1.2
      vertex 12.539569921791553 1.3689523190259933 1.2
    endloop
  endfacet
  facet normal 0.6492702747384577 0.760557762659121 0
    outer loop
      vertex 12.539569921791553 1.3689523190259933 2
      vertex 12.539569921791553 1.3689523190259933 1.2
      vertex 12.398879997432232 1.4890559986233711 1.2
    endloop
  endfacet
  facet normal 0.38917258737520294 0.9211648588801518 0
    outer loop
      vertex 12.239460483193398 1.5868953615427017 2
      vertex 12.239460483193398 1.5868953615427017 1.2
      vertex 12.05933952331543 1.6629926413297653 1.2
    endloop
  endfacet
  facet normal 0.5230696281423635 0.852289953076422 0
    outer loop
      vertex 12.398879997432232 1.4890559986233711 2
      vertex 12.398879997432232 1.4890559986233711 1.2
      vertex 12.239460483193398 1.5868953615427017 1.2
    endloop
  endfacet
  facet normal -0.0643483636062995 0.997927496415041 0
    outer loop
      vertex 11.394767999649048 1.7608319967985153 2
      vertex 11.394767999649048 1.7608319967985153 1.2
      vertex 11.098945923149586 1.741756796836853 1.2
    endloop
  endfacet
  facet normal 0.04483473414822767 0.9989944177090568 0
    outer loop
      vertex 11.636993281543255 1.7499609589576721 2
      vertex 11.636993281543255 1.7499609589576721 1.2
      vertex 11.394767999649048 1.7608319967985153 1.2
    endloop
  endfacet
  facet normal 0.14565173987794006 0.9893359240776253 0
    outer loop
      vertex 11.858517117798328 1.717347837984562 2
      vertex 11.858517117798328 1.717347837984562 1.2
      vertex 11.636993281543255 1.7499609589576721 1.2
    endloop
  endfacet
  facet normal 0.2612622996590047 0.9652678440603356 0
    outer loop
      vertex 12.05933952331543 1.6629926413297653 2
      vertex 12.05933952331543 1.6629926413297653 1.2
      vertex 11.858517117798328 1.717347837984562 1.2
    endloop
  endfacet
  facet normal -0.9987490529609727 -0.05000329198722873 0
    outer loop
      vertex 8.263152003288269 -0.03916800022125244 2
      vertex 8.25345215946436 0.1545734405517578 2
      vertex 8.25345215946436 0.1545734405517578 1.2
    endloop
  endfacet
  facet normal -0.9864538288815486 -0.16403915229277494 0
    outer loop
      vertex 8.25345215946436 0.1545734405517578 2
      vertex 8.224352642893791 0.3295641615986824 2
      vertex 8.224352642893791 0.3295641615986824 1.2
    endloop
  endfacet
  facet normal -0.9550452253763014 -0.2964601448524396 0
    outer loop
      vertex 8.224352642893791 0.3295641615986824 2
      vertex 8.175853438675404 0.48580416291952133 2
      vertex 8.175853438675404 0.48580416291952133 1.2
    endloop
  endfacet
  facet normal 0.9977803596458854 0.06659094461657226 0
    outer loop
      vertex 9.203855998814106 -0.03590399771928787 2
      vertex 9.1838054433465 0.2645279988646507 1.2
      vertex 9.1838054433465 0.2645279988646507 2
    endloop
  endfacet
  facet normal 0.9775307225394081 0.21079299440821722 0
    outer loop
      vertex 9.1838054433465 0.2645279988646507 2
      vertex 9.123653762042522 0.5434752032160759 1.2
      vertex 9.123653762042522 0.5434752032160759 2
    endloop
  endfacet
  facet normal -0.8966225230343501 -0.44279572173578685 0
    outer loop
      vertex 8.107954561710358 0.623293437063694 2
      vertex 8.107954561710358 0.623293437063694 1.2
      vertex 8.175853438675404 0.48580416291952133 2
    endloop
  endfacet
  facet normal -0.805680809369465 -0.5923499248026998 0
    outer loop
      vertex 8.107954561710358 0.623293437063694 2
      vertex 8.020655997097492 0.7420319989323616 2
      vertex 8.020655997097492 0.7420319989323616 1.2
    endloop
  endfacet
  facet normal -0.6957319795888587 -0.7183014774990847 0
    outer loop
      vertex 8.020655997097492 0.7420319989323616 2
      vertex 7.919036157429218 0.8404588773846626 2
      vertex 7.919036157429218 0.8404588773846626 1.2
    endloop
  endfacet
  facet normal -0.568221777185647 -0.8228754534751809 0
    outer loop
      vertex 7.919036157429218 0.8404588773846626 2
      vertex 7.808173440396786 0.9170131236314774 2
      vertex 7.808173440396786 0.9170131236314774 1.2
    endloop
  endfacet
  facet normal -0.07866600593179625 -0.9969010279414595 0
    outer loop
      vertex 7.5587193593382835 1.004503682255745 2
      vertex 7.4201280027627945 1.0154400020837784 2
      vertex 7.4201280027627945 1.0154400020837784 1.2
    endloop
  endfacet
  facet normal -0.24586205445600257 -0.9693048283066962 0
    outer loop
      vertex 7.5587193593382835 1.004503682255745 2
      vertex 7.5587193593382835 1.004503682255745 1.2
      vertex 7.688067838549614 0.9716947227716446 2
    endloop
  endfacet
  facet normal -0.41435641789440353 -0.9101146954915729 0
    outer loop
      vertex 7.808173440396786 0.9170131236314774 2
      vertex 7.688067838549614 0.9716947227716446 2
      vertex 7.688067838549614 0.9716947227716446 1.2
    endloop
  endfacet
  facet normal 0.9318474351273626 0.3628503240270785 0
    outer loop
      vertex 9.123653762042522 0.5434752032160759 2
      vertex 9.023400962352753 0.8009376004338264 1.2
      vertex 9.023400962352753 0.8009376004338264 2
    endloop
  endfacet
  facet normal 0.8594672076930817 0.5111908830371069 0
    outer loop
      vertex 8.88304703682661 1.036915197968483 2
      vertex 9.023400962352753 0.8009376004338264 2
      vertex 8.88304703682661 1.036915197968483 1.2
    endloop
  endfacet
  facet normal -0.9984742369616004 0.055219544764059054 0
    outer loop
      vertex 9.71841599792242 -0.04891200363636017 2
      vertex 9.736513920128345 0.27833279967308044 2
      vertex 9.71841599792242 -0.04891200363636017 1.2
    endloop
  endfacet
  facet normal -0.9836884454839693 0.17988063325809195 0
    outer loop
      vertex 9.736513920128345 0.27833279967308044 2
      vertex 9.79080767929554 0.5752416029572487 2
      vertex 9.736513920128345 0.27833279967308044 1.2
    endloop
  endfacet
  facet normal 0.999240385436715 -0.038969887250096216 0
    outer loop
      vertex 10.659120000898838 0.016176000237464905 2
      vertex 10.667256958782673 0.22481855750083923 1.2
      vertex 10.667256958782673 0.22481855750083923 2
    endloop
  endfacet
  facet normal 0.9912440381593488 -0.1320426325606516 0
    outer loop
      vertex 10.667256958782673 0.22481855750083923 2
      vertex 10.691667839884758 0.40807104110717773 1.2
      vertex 10.691667839884758 0.40807104110717773 2
    endloop
  endfacet
  facet normal 0.9683572527360154 -0.2495680890529809 0
    outer loop
      vertex 10.691667839884758 0.40807104110717773 2
      vertex 10.732352636754513 0.5659334436058998 1.2
      vertex 10.732352636754513 0.5659334436058998 2
    endloop
  endfacet
  facet normal -0.9469297697200394 0.3214405251643809 0
    outer loop
      vertex 9.79080767929554 0.5752416029572487 2
      vertex 9.881297282874584 0.841814398765564 2
      vertex 9.79080767929554 0.5752416029572487 1.2
    endloop
  endfacet
  facet normal -0.8812780058705381 0.47259821875335933 0
    outer loop
      vertex 9.881297282874584 0.841814398765564 2
      vertex 10.007982723414898 1.0780512019991875 2
      vertex 9.881297282874584 0.841814398765564 1.2
    endloop
  endfacet
  facet normal 0.9186801974117627 -0.39500214541630607 0
    outer loop
      vertex 10.732352636754513 0.5659334436058998 2
      vertex 10.789311356842518 0.6984057575464249 1.2
      vertex 10.789311356842518 0.6984057575464249 2
    endloop
  endfacet
  facet normal 0.8254299316100596 -0.5645045863429385 0
    outer loop
      vertex 10.789311356842518 0.6984057575464249 2
      vertex 10.862544000148773 0.8054879978299141 1.2
      vertex 10.862544000148773 0.8054879978299141 2
    endloop
  endfacet
  facet normal 0.6990841017838904 -0.7150394525010567 0
    outer loop
      vertex 10.862544000148773 0.8054879978299141 2
      vertex 10.949448958039284 0.8904537633061409 1.2
      vertex 10.949448958039284 0.8904537633061409 2
    endloop
  endfacet
  facet normal 0.5591873469104837 -0.8290413204751705 0
    outer loop
      vertex 10.949448958039284 0.8904537633061409 2
      vertex 11.047424636781216 0.956538237631321 1.2
      vertex 11.047424636781216 0.956538237631321 2
    endloop
  endfacet
  facet normal 0.3972514821615981 -0.917709790685712 0
    outer loop
      vertex 11.047424636781216 0.956538237631321 2
      vertex 11.156471036374569 1.003741443157196 1.2
      vertex 11.156471036374569 1.003741443157196 2
    endloop
  endfacet
  facet normal 0 0 1
    outer loop
      vertex 8.263152003288269 -0.03916800022125244 2
      vertex 9.203855998814106 -0.03590399771928787 2
      vertex 8.25345215946436 0.1545734405517578 2
    endloop
  endfacet
  facet normal 0 0 1
    outer loop
      vertex 8.25345215946436 0.1545734405517578 2
      vertex 9.1838054433465 0.2645279988646507 2
      vertex 8.224352642893791 0.3295641615986824 2
    endloop
  endfacet
  facet normal 0 0 1
    outer loop
      vertex 9.203855998814106 -0.03590399771928787 2
      vertex 9.1838054433465 0.2645279988646507 2
      vertex 8.25345215946436 0.1545734405517578 2
    endloop
  endfacet
  facet normal 0 0 1
    outer loop
      vertex 8.224352642893791 0.3295641615986824 2
      vertex 9.023400962352753 0.8009376004338264 2
      vertex 8.175853438675404 0.48580416291952133 2
    endloop
  endfacet
  facet normal 0 0 1
    outer loop
      vertex 8.224352642893791 0.3295641615986824 2
      vertex 9.1838054433465 0.2645279988646507 2
      vertex 9.123653762042522 0.5434752032160759 2
    endloop
  endfacet
  facet normal 0 0 1
    outer loop
      vertex 8.107954561710358 0.623293437063694 2
      vertex 8.702592000365257 1.251408003270626 2
      vertex 8.020655997097492 0.7420319989323616 2
    endloop
  endfacet
  facet normal 0 0 1
    outer loop
      vertex 8.020655997097492 0.7420319989323616 2
      vertex 8.490758396685123 1.4348006397485733 2
      vertex 7.919036157429218 0.8404588773846626 2
    endloop
  endfacet
  facet normal 0 0 1
    outer loop
      vertex 8.224352642893791 0.3295641615986824 2
      vertex 9.123653762042522 0.5434752032160759 2
      vertex 9.023400962352753 0.8009376004338264 2
    endloop
  endfacet
  facet normal 0 0 1
    outer loop
      vertex 8.107954561710358 0.623293437063694 2
      vertex 8.175853438675404 0.48580416291952133 2
      vertex 8.88304703682661 1.036915197968483 2
    endloop
  endfacet
  facet normal 0 0 1
    outer loop
      vertex 8.175853438675404 0.48580416291952133 2
      vertex 9.023400962352753 0.8009376004338264 2
      vertex 8.88304703682661 1.036915197968483 2
    endloop
  endfacet
  facet normal 0 0 1
    outer loop
      vertex 8.107954561710358 0.623293437063694 2
      vertex 8.88304703682661 1.036915197968483 2
      vertex 8.702592000365257 1.251408003270626 2
    endloop
  endfacet
  facet normal 0 0 1
    outer loop
      vertex 9.71841599792242 -0.04891200363636017 2
      vertex 10.659120000898838 0.016176000237464905 2
      vertex 9.736513920128345 0.27833279967308044 2
    endloop
  endfacet
  facet normal 0 0 1
    outer loop
      vertex 9.736513920128345 0.27833279967308044 2
      vertex 10.667256958782673 0.22481855750083923 2
      vertex 9.79080767929554 0.5752416029572487 2
    endloop
  endfacet
  facet normal 0 0 1
    outer loop
      vertex 9.736513920128345 0.27833279967308044 2
      vertex 10.659120000898838 0.016176000237464905 2
      vertex 10.667256958782673 0.22481855750083923 2
    endloop
  endfacet
  facet normal 0 0 1
    outer loop
      vertex 10.667256958782673 0.22481855750083923 2
      vertex 10.691667839884758 0.40807104110717773 2
      vertex 9.79080767929554 0.5752416029572487 2
    endloop
  endfacet
  facet normal 0 0 1
    outer loop
      vertex 9.79080767929554 0.5752416029572487 2
      vertex 10.691667839884758 0.40807104110717773 2
      vertex 10.732352636754513 0.5659334436058998 2
    endloop
  endfacet
  facet normal 0 0 1
    outer loop
      vertex 9.79080767929554 0.5752416029572487 2
      vertex 10.732352636754513 0.5659334436058998 2
      vertex 9.881297282874584 0.841814398765564 2
    endloop
  endfacet
  facet normal 0 0 1
    outer loop
      vertex 10.732352636754513 0.5659334436058998 2
      vertex 10.007982723414898 1.0780512019991875 2
      vertex 9.881297282874584 0.841814398765564 2
    endloop
  endfacet
  facet normal 0 0 1
    outer loop
      vertex 10.732352636754513 0.5659334436058998 2
      vertex 10.789311356842518 0.6984057575464249 2
      vertex 10.007982723414898 1.0780512019991875 2
    endloop
  endfacet
  facet normal 0 0 1
    outer loop
      vertex 10.789311356842518 0.6984057575464249 2
      vertex 10.862544000148773 0.8054879978299141 2
      vertex 10.170864000916481 1.283951997756958 2
    endloop
  endfacet
  facet normal 0 0 1
    outer loop
      vertex 10.789311356842518 0.6984057575464249 2
      vertex 10.170864000916481 1.283951997756958 2
      vertex 10.007982723414898 1.0780512019991875 2
    endloop
  endfacet
  facet normal 0 0 1
    outer loop
      vertex 10.862544000148773 0.8054879978299141 2
      vertex 10.949448958039284 0.8904537633061409 2
      vertex 10.364603519439697 1.4556287974119186 2
    endloop
  endfacet
  facet normal 0.5196968223589533 0.8543507551527103 0
    outer loop
      vertex 8.490758396685123 1.4348006397485733 2
      vertex 8.256268799304962 1.577439360320568 1.2
      vertex 8.256268799304962 1.577439360320568 2
    endloop
  endfacet
  facet normal 0.7652107829968581 0.6437798207348032 0
    outer loop
      vertex 8.88304703682661 1.036915197968483 2
      vertex 8.702592000365257 1.251408003270626 1.2
      vertex 8.702592000365257 1.251408003270626 2
    endloop
  endfacet
  facet normal 0.6545299790904758 0.7560360483944011 0
    outer loop
      vertex 8.702592000365257 1.251408003270626 2
      vertex 8.490758396685123 1.4348006397485733 1.2
      vertex 8.490758396685123 1.4348006397485733 2
    endloop
  endfacet
  facet normal 0.06721891048051107 0.9977382512832778 0
    outer loop
      vertex 7.41686400026083 1.7608319967985153 2
      vertex 7.719321601092815 1.740455038845539 2
      vertex 7.41686400026083 1.7608319967985153 1.2
    endloop
  endfacet
  facet normal 0.21344456579648888 0.9769551767261118 0
    outer loop
      vertex 7.999123200774193 1.6793241575360298 2
      vertex 7.719321601092815 1.740455038845539 1.2
      vertex 7.719321601092815 1.740455038845539 2
    endloop
  endfacet
  facet normal 0.368354739114357 0.9296853156697669 0
    outer loop
      vertex 7.999123200774193 1.6793241575360298 2
      vertex 8.256268799304962 1.577439360320568 2
      vertex 7.999123200774193 1.6793241575360298 1.2
    endloop
  endfacet
  facet normal -0.7842747364401571 0.6204136827808701 0
    outer loop
      vertex 10.007982723414898 1.0780512019991875 2
      vertex 10.170864000916481 1.283951997756958 2
      vertex 10.007982723414898 1.0780512019991875 1.2
    endloop
  endfacet
  facet normal -0.6632061201733509 0.7484367990449232 0
    outer loop
      vertex 10.170864000916481 1.283951997756958 2
      vertex 10.364603519439697 1.4556287974119186 2
      vertex 10.170864000916481 1.283951997756958 1.2
    endloop
  endfacet
  facet normal -0.5201279615990902 0.8540883464623407 0
    outer loop
      vertex 10.364603519439697 1.4556287974119186 2
      vertex 10.58386368304491 1.5891551971435547 2
      vertex 10.364603519439697 1.4556287974119186 1.2
    endloop
  endfacet
  facet normal -0.3630528219824537 0.9317685594881256 0
    outer loop
      vertex 10.58386368304491 1.5891551971435547 2
      vertex 10.82864447683096 1.6845311969518661 2
      vertex 10.58386368304491 1.5891551971435547 1.2
    endloop
  endfacet
  facet normal -0.20711949853622771 0.9783156511709815 0
    outer loop
      vertex 10.82864447683096 1.6845311969518661 2
      vertex 11.098945923149586 1.741756796836853 2
      vertex 10.82864447683096 1.6845311969518661 1.2
    endloop
  endfacet
  facet normal 0 0 1
    outer loop
      vertex 7.808173440396786 0.9170131236314774 2
      vertex 7.999123200774193 1.6793241575360298 2
      vertex 7.688067838549614 0.9716947227716446 2
    endloop
  endfacet
  facet normal 0 0 1
    outer loop
      vertex 7.5587193593382835 1.004503682255745 2
      vertex 7.41686400026083 1.7608319967985153 2
      vertex 7.4201280027627945 1.0154400020837784 2
    endloop
  endfacet
  facet normal 0 0 1
    outer loop
      vertex 7.5587193593382835 1.004503682255745 2
      vertex 7.688067838549614 0.9716947227716446 2
      vertex 7.719321601092815 1.740455038845539 2
    endloop
  endfacet
  facet normal 0 0 1
    outer loop
      vertex 7.919036157429218 0.8404588773846626 2
      vertex 8.256268799304962 1.577439360320568 2
      vertex 7.808173440396786 0.9170131236314774 2
    endloop
  endfacet
  facet normal 0 0 1
    outer loop
      vertex 7.919036157429218 0.8404588773846626 2
      vertex 8.490758396685123 1.4348006397485733 2
      vertex 8.256268799304962 1.577439360320568 2
    endloop
  endfacet
  facet normal 0 0 1
    outer loop
      vertex 7.688067838549614 0.9716947227716446 2
      vertex 7.999123200774193 1.6793241575360298 2
      vertex 7.719321601092815 1.740455038845539 2
    endloop
  endfacet
  facet normal 0 0 1
    outer loop
      vertex 7.5587193593382835 1.004503682255745 2
      vertex 7.719321601092815 1.740455038845539 2
      vertex 7.41686400026083 1.7608319967985153 2
    endloop
  endfacet
  facet normal 0 0 1
    outer loop
      vertex 7.808173440396786 0.9170131236314774 2
      vertex 8.256268799304962 1.577439360320568 2
      vertex 7.999123200774193 1.6793241575360298 2
    endloop
  endfacet
  facet normal 0 0 1
    outer loop
      vertex 8.020655997097492 0.7420319989323616 2
      vertex 8.702592000365257 1.251408003270626 2
      vertex 8.490758396685123 1.4348006397485733 2
    endloop
  endfacet
  facet normal 0 0 1
    outer loop
      vertex 10.862544000148773 0.8054879978299141 2
      vertex 10.364603519439697 1.4556287974119186 2
      vertex 10.170864000916481 1.283951997756958 2
    endloop
  endfacet
  facet normal 0 0 1
    outer loop
      vertex 10.949448958039284 0.8904537633061409 2
      vertex 10.58386368304491 1.5891551971435547 2
      vertex 10.364603519439697 1.4556287974119186 2
    endloop
  endfacet
  facet normal 0 0 1
    outer loop
      vertex 10.949448958039284 0.8904537633061409 2
      vertex 11.047424636781216 0.956538237631321 2
      vertex 10.58386368304491 1.5891551971435547 2
    endloop
  endfacet
  facet normal 0 0 1
    outer loop
      vertex 11.047424636781216 0.956538237631321 2
      vertex 11.156471036374569 1.003741443157196 2
      vertex 10.82864447683096 1.6845311969518661 2
    endloop
  endfacet
  facet normal 0 0 1
    outer loop
      vertex 11.047424636781216 0.956538237631321 2
      vertex 10.82864447683096 1.6845311969518661 2
      vertex 10.58386368304491 1.5891551971435547 2
    endloop
  endfacet
  facet normal 0 0 1
    outer loop
      vertex 11.156471036374569 1.003741443157196 2
      vertex 11.098945923149586 1.741756796836853 2
      vertex 10.82864447683096 1.6845311969518661 2
    endloop
  endfacet
  facet normal -0.9761247737474457 -0.21721055700977765 0
    outer loop
      vertex 12.032736003398895 0.4979040026664734 2
      vertex 12.009874559938908 0.600641280412674 2
      vertex 12.032736003398895 0.4979040026664734 1.2
    endloop
  endfacet
  facet normal -0.9442289473910128 -0.32928968236016704 0
    outer loop
      vertex 12.009874559938908 0.600641280412674 2
      vertex 11.977770239114761 0.692699521780014 2
      vertex 12.009874559938908 0.600641280412674 1.2
    endloop
  endfacet
  facet normal -0.8915269642309152 -0.45296762803671586 0
    outer loop
      vertex 11.977770239114761 0.692699521780014 2
      vertex 11.936423040926456 0.774078719317913 2
      vertex 11.977770239114761 0.692699521780014 1.2
    endloop
  endfacet
  facet normal -0.8132437148283221 -0.5819232426121427 0
    outer loop
      vertex 11.936423040926456 0.774078719317913 2
      vertex 11.885832957923412 0.8447788804769516 2
      vertex 11.936423040926456 0.774078719317913 1.2
    endloop
  endfacet
  facet normal 0.22949278695674083 -0.973310361978556 0
    outer loop
      vertex 11.156471036374569 1.003741443157196 2
      vertex 11.276588156819344 1.0320633575320244 1.2
      vertex 11.276588156819344 1.0320633575320244 2
    endloop
  endfacet
  facet normal 0.07177719473035418 -0.9974206907401916 0
    outer loop
      vertex 11.276588156819344 1.0320633575320244 2
      vertex 11.40777599811554 1.0415040031075478 1.2
      vertex 11.40777599811554 1.0415040031075478 2
    endloop
  endfacet
  facet normal -0.05514294753874839 -0.9984784701418147 0
    outer loop
      vertex 11.40777599811554 1.0415040031075478 2
      vertex 11.506788477301598 1.036035843193531 1.2
      vertex 11.506788477301598 1.036035843193531 2
    endloop
  endfacet
  facet normal -0.17679101074605624 -0.9842484130133956 0
    outer loop
      vertex 11.506788477301598 1.036035843193531 2
      vertex 11.598117120563984 1.0196313634514809 1.2
      vertex 11.598117120563984 1.0196313634514809 2
    endloop
  endfacet
  facet normal -0.5847265100055792 -0.8112304903642955 0
    outer loop
      vertex 11.757722876966 0.9540134370326996 2
      vertex 11.82599999755621 0.9047999978065491 1.2
      vertex 11.82599999755621 0.9047999978065491 2
    endloop
  endfacet
  facet normal -0.7082159838822505 -0.7059958358047845 0
    outer loop
      vertex 11.885832957923412 0.8447788804769516 2
      vertex 11.82599999755621 0.9047999978065491 2
      vertex 11.885832957923412 0.8447788804769516 1.2
    endloop
  endfacet
  facet normal -0.3106915450017806 -0.9505107910299633 0
    outer loop
      vertex 11.681761920452118 0.9922905564308167 2
      vertex 11.598117120563984 1.0196313634514809 2
      vertex 11.681761920452118 0.9922905564308167 1.2
    endloop
  endfacet
  facet normal -0.45000136687524517 -0.8930278662003841 0
    outer loop
      vertex 11.757722876966 0.9540134370326996 2
      vertex 11.681761920452118 0.9922905564308167 2
      vertex 11.757722876966 0.9540134370326996 1.2
    endloop
  endfacet
  facet normal 0.17765434333143187 -0.9840929500283384 0
    outer loop
      vertex 12.032736003398895 0.4979040026664734 2
      vertex 12.934367999434471 0.6606720015406609 1.2
      vertex 12.934367999434471 0.6606720015406609 2
    endloop
  endfacet
  facet normal 0.9444592656594046 0.32862850684336276 0
    outer loop
      vertex 12.934367999434471 0.6606720015406609 2
      vertex 12.860862717032433 0.8719219192862511 1.2
      vertex 12.860862717032433 0.8719219192862511 2
    endloop
  endfacet
  facet normal 0.9018233399740251 0.4321049218397009 0
    outer loop
      vertex 12.860862717032433 0.8719219192862511 2
      vertex 12.770561277866364 1.0603852793574333 1.2
      vertex 12.770561277866364 1.0603852793574333 2
    endloop
  endfacet
  facet normal 0 0 1
    outer loop
      vertex 11.885832957923412 0.8447788804769516 2
      vertex 12.398879997432232 1.4890559986233711 2
      vertex 11.82599999755621 0.9047999978065491 2
    endloop
  endfacet
  facet normal 0 0 1
    outer loop
      vertex 12.032736003398895 0.4979040026664734 2
      vertex 12.934367999434471 0.6606720015406609 2
      vertex 12.009874559938908 0.600641280412674 2
    endloop
  endfacet
  facet normal 0 0 1
    outer loop
      vertex 12.009874559938908 0.600641280412674 2
      vertex 12.860862717032433 0.8719219192862511 2
      vertex 11.977770239114761 0.692699521780014 2
    endloop
  endfacet
  facet normal 0 0 1
    outer loop
      vertex 12.009874559938908 0.600641280412674 2
      vertex 12.934367999434471 0.6606720015406609 2
      vertex 12.860862717032433 0.8719219192862511 2
    endloop
  endfacet
  facet normal 0 0 1
    outer loop
      vertex 11.977770239114761 0.692699521780014 2
      vertex 12.663463681936264 1.2260620817542076 2
      vertex 11.936423040926456 0.774078719317913 2
    endloop
  endfacet
  facet normal 0 0 1
    outer loop
      vertex 11.936423040926456 0.774078719317913 2
      vertex 12.539569921791553 1.3689523190259933 2
      vertex 11.885832957923412 0.8447788804769516 2
    endloop
  endfacet
  facet normal 0 0 1
    outer loop
      vertex 11.977770239114761 0.692699521780014 2
      vertex 12.770561277866364 1.0603852793574333 2
      vertex 12.663463681936264 1.2260620817542076 2
    endloop
  endfacet
  facet normal 0 0 1
    outer loop
      vertex 11.977770239114761 0.692699521780014 2
      vertex 12.860862717032433 0.8719219192862511 2
      vertex 12.770561277866364 1.0603852793574333 2
    endloop
  endfacet
  facet normal 0.8398129226976118 0.5428759111160626 0
    outer loop
      vertex 12.770561277866364 1.0603852793574333 2
      vertex 12.663463681936264 1.2260620817542076 1.2
      vertex 12.663463681936264 1.2260620817542076 2
    endloop
  endfacet
  facet normal 0.7555436808033527 0.655098272321124 0
    outer loop
      vertex 12.663463681936264 1.2260620817542076 2
      vertex 12.539569921791553 1.3689523190259933 1.2
      vertex 12.539569921791553 1.3689523190259933 2
    endloop
  endfacet
  facet normal 0.6492702747384577 0.760557762659121 0
    outer loop
      vertex 12.539569921791553 1.3689523190259933 2
      vertex 12.398879997432232 1.4890559986233711 1.2
      vertex 12.398879997432232 1.4890559986233711 2
    endloop
  endfacet
  facet normal 0.5230696281423635 0.852289953076422 0
    outer loop
      vertex 12.398879997432232 1.4890559986233711 2
      vertex 12.239460483193398 1.5868953615427017 1.2
      vertex 12.239460483193398 1.5868953615427017 2
    endloop
  endfacet
  facet normal -0.0643483636062995 0.997927496415041 0
    outer loop
      vertex 11.098945923149586 1.741756796836853 2
      vertex 11.394767999649048 1.7608319967985153 2
      vertex 11.098945923149586 1.741756796836853 1.2
    endloop
  endfacet
  facet normal 0.04483473414822767 0.9989944177090568 0
    outer loop
      vertex 11.394767999649048 1.7608319967985153 2
      vertex 11.636993281543255 1.7499609589576721 2
      vertex 11.394767999649048 1.7608319967985153 1.2
    endloop
  endfacet
  facet normal 0.14565173987794006 0.9893359240776253 0
    outer loop
      vertex 11.858517117798328 1.717347837984562 2
      vertex 11.636993281543255 1.7499609589576721 1.2
      vertex 11.636993281543255 1.7499609589576721 2
    endloop
  endfacet
  facet normal 0.2612622996590047 0.9652678440603356 0
    outer loop
      vertex 11.858517117798328 1.717347837984562 2
      vertex 12.05933952331543 1.6629926413297653 2
      vertex 11.858517117798328 1.717347837984562 1.2
    endloop
  endfacet
  facet normal 0.38917258737520294 0.9211648588801518 0
    outer loop
      vertex 12.05933952331543 1.6629926413297653 2
      vertex 12.239460483193398 1.5868953615427017 2
      vertex 12.05933952331543 1.6629926413297653 1.2
    endloop
  endfacet
  facet normal 0 0 1
    outer loop
      vertex 11.156471036374569 1.003741443157196 2
      vertex 11.276588156819344 1.0320633575320244 2
      vertex 11.098945923149586 1.741756796836853 2
    endloop
  endfacet
  facet normal 0 0 1
    outer loop
      vertex 11.276588156819344 1.0320633575320244 2
      vertex 11.40777599811554 1.0415040031075478 2
      vertex 11.394767999649048 1.7608319967985153 2
    endloop
  endfacet
  facet normal 0 0 1
    outer loop
      vertex 11.40777599811554 1.0415040031075478 2
      vertex 11.506788477301598 1.036035843193531 2
      vertex 11.394767999649048 1.7608319967985153 2
    endloop
  endfacet
  facet normal 0 0 1
    outer loop
      vertex 11.506788477301598 1.036035843193531 2
      vertex 11.598117120563984 1.0196313634514809 2
      vertex 11.636993281543255 1.7499609589576721 2
    endloop
  endfacet
  facet normal 0 0 1
    outer loop
      vertex 11.757722876966 0.9540134370326996 2
      vertex 12.05933952331543 1.6629926413297653 2
      vertex 11.681761920452118 0.9922905564308167 2
    endloop
  endfacet
  facet normal 0 0 1
    outer loop
      vertex 11.757722876966 0.9540134370326996 2
      vertex 11.82599999755621 0.9047999978065491 2
      vertex 12.239460483193398 1.5868953615427017 2
    endloop
  endfacet
  facet normal 0 0 1
    outer loop
      vertex 11.681761920452118 0.9922905564308167 2
      vertex 11.858517117798328 1.717347837984562 2
      vertex 11.598117120563984 1.0196313634514809 2
    endloop
  endfacet
  facet normal 0 0 1
    outer loop
      vertex 11.276588156819344 1.0320633575320244 2
      vertex 11.394767999649048 1.7608319967985153 2
      vertex 11.098945923149586 1.741756796836853 2
    endloop
  endfacet
  facet normal 0 0 1
    outer loop
      vertex 11.506788477301598 1.036035843193531 2
      vertex 11.636993281543255 1.7499609589576721 2
      vertex 11.394767999649048 1.7608319967985153 2
    endloop
  endfacet
  facet normal 0 0 1
    outer loop
      vertex 11.757722876966 0.9540134370326996 2
      vertex 12.239460483193398 1.5868953615427017 2
      vertex 12.05933952331543 1.6629926413297653 2
    endloop
  endfacet
  facet normal 0 0 1
    outer loop
      vertex 11.681761920452118 0.9922905564308167 2
      vertex 12.05933952331543 1.6629926413297653 2
      vertex 11.858517117798328 1.717347837984562 2
    endloop
  endfacet
  facet normal 0 0 1
    outer loop
      vertex 11.598117120563984 1.0196313634514809 2
      vertex 11.858517117798328 1.717347837984562 2
      vertex 11.636993281543255 1.7499609589576721 2
    endloop
  endfacet
  facet normal 0 0 1
    outer loop
      vertex 11.936423040926456 0.774078719317913 2
      vertex 12.663463681936264 1.2260620817542076 2
      vertex 12.539569921791553 1.3689523190259933 2
    endloop
  endfacet
  facet normal 0 0 1
    outer loop
      vertex 11.885832957923412 0.8447788804769516 2
      vertex 12.539569921791553 1.3689523190259933 2
      vertex 12.398879997432232 1.4890559986233711 2
    endloop
  endfacet
  facet normal 0 0 1
    outer loop
      vertex 11.82599999755621 0.9047999978065491 2
      vertex 12.398879997432232 1.4890559986233711 2
      vertex 12.239460483193398 1.5868953615427017 2
    endloop
  endfacet
endsolid OpenSCAD_Model
