solid OpenSCAD_Model
  facet normal -0.4713967368259996 -0.8819212643483539 0
    outer loop
      vertex -18.111140466039203 -7.162939224605091 0
      vertex -17.76536686473018 -7.347759065022574 0
      vertex -18.111140466039203 -7.162939224605091 1.6
    endloop
  endfacet
  facet normal -0.7730104533627388 -0.6343932841636434 5.246771050861126e-19
    outer loop
      vertex -18.414213562373096 -6.914213562373095 0
      vertex -18.66293922460509 -6.611140466039204 1.6
      vertex -18.66293922460509 -6.611140466039204 0
    endloop
  endfacet
  facet normal -0.6343932841636428 -0.7730104533627392 1.0509019651639036e-17
    outer loop
      vertex -18.111140466039203 -7.162939224605091 0
      vertex -18.414213562373096 -6.914213562373095 1.6
      vertex -18.414213562373096 -6.914213562373095 0
    endloop
  endfacet
  facet normal -0.2902846772544611 -0.9569403357322093 0
    outer loop
      vertex -17.76536686473018 -7.347759065022574 0
      vertex -17.390180644032256 -7.461570560806461 0
      vertex -17.76536686473018 -7.347759065022574 1.6
    endloop
  endfacet
  facet normal -0.09801714032956083 -0.9951847266721968 0
    outer loop
      vertex -17.390180644032256 -7.461570560806461 0
      vertex -17 -7.5 0
      vertex -17.390180644032256 -7.461570560806461 1.6
    endloop
  endfacet
  facet normal -0.8819212643483558 -0.471396736825996 -7.434954608768316e-18
    outer loop
      vertex -18.66293922460509 -6.611140466039204 0
      vertex -18.847759065022572 -6.265366864730179 1.6
      vertex -18.847759065022572 -6.265366864730179 0
    endloop
  endfacet
  facet normal -0.9569403357322078 -0.2902846772544659 3.6215195673799024e-19
    outer loop
      vertex -18.847759065022572 -6.265366864730179 0
      vertex -18.96157056080646 -5.890180644032257 1.6
      vertex -18.96157056080646 -5.890180644032257 0
    endloop
  endfacet
  facet normal -0.9951847266721969 -0.09801714032956062 -2.1126288959052868e-20
    outer loop
      vertex -18.96157056080646 -5.890180644032257 0
      vertex -19 -5.5 1.6
      vertex -19 -5.5 0
    endloop
  endfacet
  facet normal -0.4713967368259996 -0.8819212643483539 0
    outer loop
      vertex -17.76536686473018 -7.347759065022574 0
      vertex -17.76536686473018 -7.347759065022574 1.6
      vertex -18.111140466039203 -7.162939224605091 1.6
    endloop
  endfacet
  facet normal -0.6343932841636428 -0.7730104533627392 0
    outer loop
      vertex -18.111140466039203 -7.162939224605091 0
      vertex -18.111140466039203 -7.162939224605091 1.6
      vertex -18.414213562373096 -6.914213562373095 1.6
    endloop
  endfacet
  facet normal -0.7730104533627388 -0.6343932841636434 0
    outer loop
      vertex -18.414213562373096 -6.914213562373095 0
      vertex -18.414213562373096 -6.914213562373095 1.6
      vertex -18.66293922460509 -6.611140466039204 1.6
    endloop
  endfacet
  facet normal -0.2902846772544611 -0.9569403357322093 0
    outer loop
      vertex -17.390180644032256 -7.461570560806461 0
      vertex -17.390180644032256 -7.461570560806461 1.6
      vertex -17.76536686473018 -7.347759065022574 1.6
    endloop
  endfacet
  facet normal -0.09801714032956083 -0.9951847266721968 0
    outer loop
      vertex -17 -7.5 0
      vertex -17 -7.5 1.6
      vertex -17.390180644032256 -7.461570560806461 1.6
    endloop
  endfacet
  facet normal -0.8819212643483558 -0.471396736825996 0
    outer loop
      vertex -18.66293922460509 -6.611140466039204 0
      vertex -18.66293922460509 -6.611140466039204 1.6
      vertex -18.847759065022572 -6.265366864730179 1.6
    endloop
  endfacet
  facet normal -0.9569403357322078 -0.2902846772544659 0
    outer loop
      vertex -18.847759065022572 -6.265366864730179 0
      vertex -18.847759065022572 -6.265366864730179 1.6
      vertex -18.96157056080646 -5.890180644032257 1.6
    endloop
  endfacet
  facet normal -0.9951847266721969 -0.09801714032956062 0
    outer loop
      vertex -18.96157056080646 -5.890180644032257 0
      vertex -18.96157056080646 -5.890180644032257 1.6
      vertex -19 -5.5 1.6
    endloop
  endfacet
  facet normal 0 0 -1
    outer loop
      vertex -17 -7.5 0
      vertex -10.521037198603153 -4.729335196316242 0
      vertex -10.26958680152893 -4.884264796972275 0
    endloop
  endfacet
  facet normal 0 0 -1
    outer loop
      vertex -17 -7.5 0
      vertex -9.993718802928925 -4.994928799569607 0
      vertex -9.693433202803135 -5.061327196657658 0
    endloop
  endfacet
  facet normal 0 0 -1
    outer loop
      vertex -17 -7.5 0
      vertex -9.693433202803135 -5.061327196657658 0
      vertex -9.368730001151562 -5.0834600031375885 0
    endloop
  endfacet
  facet normal 0 0 -1
    outer loop
      vertex -17 -7.5 0
      vertex -10.26958680152893 -4.884264796972275 0
      vertex -9.993718802928925 -4.994928799569607 0
    endloop
  endfacet
  facet normal 0 0 -1
    outer loop
      vertex -17 -7.5 0
      vertex -9.368730001151562 -5.0834600031375885 0
      vertex -9.020290799438953 -5.055387198925018 0
    endloop
  endfacet
  facet normal 0 0 -1
    outer loop
      vertex -17 -7.5 0
      vertex -9.020290799438953 -5.055387198925018 0
      vertex -3.1023299992084503 -4.981760002672672 0
    endloop
  endfacet
  facet normal 0 0 1
    outer loop
      vertex -17 -7.5 1.6
      vertex -10.26958680152893 -4.884264796972275 1.6
      vertex -10.521037198603153 -4.729335196316242 1.6
    endloop
  endfacet
  facet normal 0 0 1
    outer loop
      vertex -17 -7.5 1.6
      vertex -9.693433202803135 -5.061327196657658 1.6
      vertex -9.993718802928925 -4.994928799569607 1.6
    endloop
  endfacet
  facet normal 0 0 1
    outer loop
      vertex -17 -7.5 1.6
      vertex -9.368730001151562 -5.0834600031375885 1.6
      vertex -9.693433202803135 -5.061327196657658 1.6
    endloop
  endfacet
  facet normal 0 0 1
    outer loop
      vertex -17 -7.5 1.6
      vertex -9.993718802928925 -4.994928799569607 1.6
      vertex -10.26958680152893 -4.884264796972275 1.6
    endloop
  endfacet
  facet normal 0 0 1
    outer loop
      vertex -17 -7.5 1.6
      vertex -9.020290799438953 -5.055387198925018 1.6
      vertex -9.368730001151562 -5.0834600031375885 1.6
    endloop
  endfacet
  facet normal 0 0 1
    outer loop
      vertex -17 -7.5 1.6
      vertex -3.1023299992084503 -4.981760002672672 1.6
      vertex -9.020290799438953 -5.055387198925018 1.6
    endloop
  endfacet
  facet normal 0 0 -1
    outer loop
      vertex -17 -7.5 0
      vertex -11.19920039921999 -3.7357280030846596 0
      vertex -11.091788403689861 -4.029500000178814 0
    endloop
  endfacet
  facet normal 0 0 -1
    outer loop
      vertex -17 -7.5 0
      vertex -11.263647601008415 -3.4129879996180534 0
      vertex -11.19920039921999 -3.7357280030846596 0
    endloop
  endfacet
  facet normal 0 0 -1
    outer loop
      vertex -17 -7.5 0
      vertex -11.285130001604557 -3.061279997229576 0
      vertex -11.263647601008415 -3.4129879996180534 0
    endloop
  endfacet
  facet normal 0 0 -1
    outer loop
      vertex -17 -7.5 0
      vertex -10.941411599516869 -4.294303998351097 0
      vertex -10.748070001602173 -4.530139997601509 0
    endloop
  endfacet
  facet normal 0 0 -1
    outer loop
      vertex -17 -7.5 0
      vertex -10.748070001602173 -4.530139997601509 0
      vertex -10.521037198603153 -4.729335196316242 0
    endloop
  endfacet
  facet normal 0 0 -1
    outer loop
      vertex -17 -7.5 0
      vertex -11.091788403689861 -4.029500000178814 0
      vertex -10.941411599516869 -4.294303998351097 0
    endloop
  endfacet
  facet normal 0 0 -1
    outer loop
      vertex -9.76845719665289 -4.0461224019527435 0
      vertex -9.173787601292133 -4.0869607999920845 0
      vertex -9.662677198648453 -4.095754399895668 0
    endloop
  endfacet
  facet normal 0 0 -1
    outer loop
      vertex -9.954630002379417 -3.8872999995946884 0
      vertex -9.173787601292133 -4.0869607999920845 0
      vertex -9.865774802863598 -3.976637601852417 0
    endloop
  endfacet
  facet normal 0 0 -1
    outer loop
      vertex -9.76845719665289 -4.0461224019527435 0
      vertex -9.865774802863598 -3.976637601852417 0
      vertex -9.173787601292133 -4.0869607999920845 0
    endloop
  endfacet
  facet normal 0 0 -1
    outer loop
      vertex -10.132390797138214 -3.4751935973763466 0
      vertex -9.173787601292133 -4.0869607999920845 0
      vertex -10.09006679803133 -3.637949600815773 0
    endloop
  endfacet
  facet normal 0 0 -1
    outer loop
      vertex -9.954630002379417 -3.8872999995946884 0
      vertex -10.030813202261925 -3.7753183990716934 0
      vertex -9.173787601292133 -4.0869607999920845 0
    endloop
  endfacet
  facet normal 0 0 -1
    outer loop
      vertex -10.030813202261925 -3.7753183990716934 0
      vertex -10.09006679803133 -3.637949600815773 0
      vertex -9.173787601292133 -4.0869607999920845 0
    endloop
  endfacet
  facet normal 0 0 1
    outer loop
      vertex -17 -7.5 1.6
      vertex -11.091788403689861 -4.029500000178814 1.6
      vertex -11.19920039921999 -3.7357280030846596 1.6
    endloop
  endfacet
  facet normal 0 0 1
    outer loop
      vertex -17 -7.5 1.6
      vertex -11.19920039921999 -3.7357280030846596 1.6
      vertex -11.263647601008415 -3.4129879996180534 1.6
    endloop
  endfacet
  facet normal 0 0 1
    outer loop
      vertex -17 -7.5 1.6
      vertex -11.263647601008415 -3.4129879996180534 1.6
      vertex -11.285130001604557 -3.061279997229576 1.6
    endloop
  endfacet
  facet normal 0 0 1
    outer loop
      vertex -17 -7.5 1.6
      vertex -10.748070001602173 -4.530139997601509 1.6
      vertex -10.941411599516869 -4.294303998351097 1.6
    endloop
  endfacet
  facet normal 0 0 1
    outer loop
      vertex -17 -7.5 1.6
      vertex -10.521037198603153 -4.729335196316242 1.6
      vertex -10.748070001602173 -4.530139997601509 1.6
    endloop
  endfacet
  facet normal 0 0 1
    outer loop
      vertex -17 -7.5 1.6
      vertex -10.941411599516869 -4.294303998351097 1.6
      vertex -11.091788403689861 -4.029500000178814 1.6
    endloop
  endfacet
  facet normal 0 0 1
    outer loop
      vertex -17 -7.5 1.6
      vertex -11.285130001604557 -3.061279997229576 1.6
      vertex -11.26470360159874 -2.728949598968029 1.6
    endloop
  endfacet
  facet normal 0 0 1
    outer loop
      vertex -17 -7.5 1.6
      vertex -11.26470360159874 -2.728949598968029 1.6
      vertex -11.203424401581287 -2.4220063984394073 1.6
    endloop
  endfacet
  facet normal 0 0 -1
    outer loop
      vertex -18.414213562373096 -6.914213562373095 0
      vertex -18.66293922460509 -6.611140466039204 0
      vertex -18.66293922460509 6.611140466039204 0
    endloop
  endfacet
  facet normal 0 0 -1
    outer loop
      vertex -18.111140466039203 -7.162939224605091 0
      vertex -18.414213562373096 -6.914213562373095 0
      vertex -18.414213562373096 6.914213562373095 0
    endloop
  endfacet
  facet normal 0 0 -1
    outer loop
      vertex -18.111140466039203 -7.162939224605091 0
      vertex -18.111140466039203 7.162939224605091 0
      vertex -17.76536686473018 -7.347759065022574 0
    endloop
  endfacet
  facet normal 0 0 -1
    outer loop
      vertex -18.66293922460509 -6.611140466039204 0
      vertex -18.847759065022572 -6.265366864730179 0
      vertex -18.847759065022572 6.265366864730179 0
    endloop
  endfacet
  facet normal 0 0 -1
    outer loop
      vertex -18.847759065022572 -6.265366864730179 0
      vertex -18.96157056080646 -5.890180644032257 0
      vertex -18.96157056080646 5.890180644032257 0
    endloop
  endfacet
  facet normal 0 0 -1
    outer loop
      vertex -18.96157056080646 -5.890180644032257 0
      vertex -19 -5.5 0
      vertex -19 5.5 0
    endloop
  endfacet
  facet normal 0 0 -1
    outer loop
      vertex -17.390180644032256 -7.461570560806461 0
      vertex -17.390180644032256 7.461570560806461 0
      vertex -17 -7.5 0
    endloop
  endfacet
  facet normal 0 0 -1
    outer loop
      vertex -17.76536686473018 -7.347759065022574 0
      vertex -17.76536686473018 7.347759065022574 0
      vertex -17.390180644032256 -7.461570560806461 0
    endloop
  endfacet
  facet normal -1 0 0
    outer loop
      vertex -19 -5.5 0
      vertex -19 -5.5 1.6
      vertex -19 5.5 1.6
    endloop
  endfacet
  facet normal 0 0 1
    outer loop
      vertex -18.414213562373096 -6.914213562373095 1.6
      vertex -18.66293922460509 6.611140466039204 1.6
      vertex -18.66293922460509 -6.611140466039204 1.6
    endloop
  endfacet
  facet normal 0 0 1
    outer loop
      vertex -18.111140466039203 -7.162939224605091 1.6
      vertex -18.414213562373096 6.914213562373095 1.6
      vertex -18.414213562373096 -6.914213562373095 1.6
    endloop
  endfacet
  facet normal 0 0 1
    outer loop
      vertex -18.111140466039203 -7.162939224605091 1.6
      vertex -17.76536686473018 -7.347759065022574 1.6
      vertex -18.111140466039203 7.162939224605091 1.6
    endloop
  endfacet
  facet normal 0 0 1
    outer loop
      vertex -18.66293922460509 -6.611140466039204 1.6
      vertex -18.847759065022572 6.265366864730179 1.6
      vertex -18.847759065022572 -6.265366864730179 1.6
    endloop
  endfacet
  facet normal 0 0 1
    outer loop
      vertex -18.847759065022572 -6.265366864730179 1.6
      vertex -18.96157056080646 5.890180644032257 1.6
      vertex -18.96157056080646 -5.890180644032257 1.6
    endloop
  endfacet
  facet normal 0 0 1
    outer loop
      vertex -18.96157056080646 -5.890180644032257 1.6
      vertex -19 5.5 1.6
      vertex -19 -5.5 1.6
    endloop
  endfacet
  facet normal 0 0 1
    outer loop
      vertex -17.390180644032256 -7.461570560806461 1.6
      vertex -17 -7.5 1.6
      vertex -17.390180644032256 7.461570560806461 1.6
    endloop
  endfacet
  facet normal 0 0 1
    outer loop
      vertex -17.76536686473018 -7.347759065022574 1.6
      vertex -17.390180644032256 -7.461570560806461 1.6
      vertex -17.76536686473018 7.347759065022574 1.6
    endloop
  endfacet
  facet normal 0 0 -1
    outer loop
      vertex -17 -7.5 0
      vertex -17 7.5 0
      vertex -11.285130001604557 -3.061279997229576 0
    endloop
  endfacet
  facet normal 0 0 1
    outer loop
      vertex -17 -7.5 1.6
      vertex -11.113513201475143 -0.2017304003238678 1.6
      vertex -17 7.5 1.6
    endloop
  endfacet
  facet normal 0 0 -1
    outer loop
      vertex -10.132390797138214 -3.4751935973763466 0
      vertex -10.157785199582577 -3.2870504036545753 0
      vertex -9.056607596576214 -4.026336796581745 0
    endloop
  endfacet
  facet normal 0 0 -1
    outer loop
      vertex -10.157785199582577 -3.2870504036545753 0
      vertex -10.166249997913837 -3.0735199972987175 0
      vertex -8.747554801404476 -3.7009207978844643 0
    endloop
  endfacet
  facet normal 0 0 -1
    outer loop
      vertex -10.166249997913837 -3.0735199972987175 0
      vertex -10.157134801149368 -2.853243201971054 0
      vertex -8.6245212033391 -3.377055197954178 0
    endloop
  endfacet
  facet normal 0 0 -1
    outer loop
      vertex -10.157134801149368 -2.853243201971054 0
      vertex -10.12978920340538 -2.657868802547455 0
      vertex -8.583509996533394 -2.9718199968338013 0
    endloop
  endfacet
  facet normal 0 0 -1
    outer loop
      vertex -10.12978920340538 -2.657868802547455 0
      vertex -10.084213197231293 -2.4873967990279198 0
      vertex -8.592622801661491 -2.779851198196411 0
    endloop
  endfacet
  facet normal 0 0 -1
    outer loop
      vertex -10.084213197231293 -2.4873967990279198 0
      vertex -10.020406797528267 -2.3418271988630295 0
      vertex -9.368730001151562 -1.9505600035190582 0
    endloop
  endfacet
  facet normal 0 0 -1
    outer loop
      vertex -10.020406797528267 -2.3418271988630295 0
      vertex -9.938369996845722 -2.221160002052784 0
      vertex -9.623946003615856 -1.9938559979200363 0
    endloop
  endfacet
  facet normal 0 0 -1
    outer loop
      vertex -9.938369996845722 -2.221160002052784 0
      vertex -9.842681996524334 -2.1237440034747124 0
      vertex -9.737874001264572 -2.04797600209713 0
    endloop
  endfacet
  facet normal 0 0 -1
    outer loop
      vertex -9.938369996845722 -2.221160002052784 0
      vertex -9.737874001264572 -2.04797600209713 0
      vertex -9.623946003615856 -1.9938559979200363 0
    endloop
  endfacet
  facet normal 0 0 -1
    outer loop
      vertex -10.020406797528267 -2.3418271988630295 0
      vertex -9.623946003615856 -1.9938559979200363 0
      vertex -9.500898003578186 -1.9613839983940125 0
    endloop
  endfacet
  facet normal 0 0 -1
    outer loop
      vertex -10.020406797528267 -2.3418271988630295 0
      vertex -9.500898003578186 -1.9613839983940125 0
      vertex -9.368730001151562 -1.9505600035190582 0
    endloop
  endfacet
  facet normal 0 0 -1
    outer loop
      vertex -10.084213197231293 -2.4873967990279198 0
      vertex -9.368730001151562 -1.9505600035190582 0
      vertex -9.240987598896027 -1.9608943983912468 0
    endloop
  endfacet
  facet normal 0 0 1
    outer loop
      vertex -17 -7.5 1.6
      vertex -11.203424401581287 -2.4220063984394073 1.6
      vertex -11.17526999861002 -0.4776799976825714 1.6
    endloop
  endfacet
  facet normal 0 0 1
    outer loop
      vertex -17 -7.5 1.6
      vertex -11.17526999861002 -0.4776799976825714 1.6
      vertex -11.113513201475143 -0.2017304003238678 1.6
    endloop
  endfacet
  facet normal 0 0 1
    outer loop
      vertex -9.954630002379417 -3.8872999995946884 1.6
      vertex -8.6245212033391 -3.377055197954178 1.6
      vertex -10.030813202261925 -3.7753183990716934 1.6
    endloop
  endfacet
  facet normal 0 0 1
    outer loop
      vertex -10.030813202261925 -3.7753183990716934 1.6
      vertex -8.6245212033391 -3.377055197954178 1.6
      vertex -10.09006679803133 -3.637949600815773 1.6
    endloop
  endfacet
  facet normal 0 0 1
    outer loop
      vertex -10.132390797138214 -3.4751935973763466 1.6
      vertex -10.09006679803133 -3.637949600815773 1.6
      vertex -8.6245212033391 -3.377055197954178 1.6
    endloop
  endfacet
  facet normal 0 0 1
    outer loop
      vertex -10.132390797138214 -3.4751935973763466 1.6
      vertex -8.593762800097466 -3.1846088021993637 1.6
      vertex -10.157785199582577 -3.2870504036545753 1.6
    endloop
  endfacet
  facet normal 0 0 1
    outer loop
      vertex -10.157785199582577 -3.2870504036545753 1.6
      vertex -8.583509996533394 -2.9718199968338013 1.6
      vertex -10.166249997913837 -3.0735199972987175 1.6
    endloop
  endfacet
  facet normal 0 0 1
    outer loop
      vertex -10.166249997913837 -3.0735199972987175 1.6
      vertex -8.592622801661491 -2.779851198196411 1.6
      vertex -10.157134801149368 -2.853243201971054 1.6
    endloop
  endfacet
  facet normal 0 0 1
    outer loop
      vertex -10.157134801149368 -2.853243201971054 1.6
      vertex -8.619961202144623 -2.6075768023729324 1.6
      vertex -10.12978920340538 -2.657868802547455 1.6
    endloop
  endfacet
  facet normal 0 0 1
    outer loop
      vertex -10.12978920340538 -2.657868802547455 1.6
      vertex -8.665525197982788 -2.4549968019127846 1.6
      vertex -10.084213197231293 -2.4873967990279198 1.6
    endloop
  endfacet
  facet normal 0 0 1
    outer loop
      vertex -10.084213197231293 -2.4873967990279198 1.6
      vertex -8.665525197982788 -2.4549968019127846 1.6
      vertex -10.020406797528267 -2.3418271988630295 1.6
    endloop
  endfacet
  facet normal 0 0 1
    outer loop
      vertex -10.020406797528267 -2.3418271988630295 1.6
      vertex -8.665525197982788 -2.4549968019127846 1.6
      vertex -9.938369996845722 -2.221160002052784 1.6
    endloop
  endfacet
  facet normal 0 0 -1
    outer loop
      vertex -10.958307601511478 -1.8842815980315208 0
      vertex -11.17526999861002 -0.4776799976825714 0
      vertex -10.774470001459122 -1.653499998152256 0
    endloop
  endfacet
  facet normal 0 0 -1
    outer loop
      vertex -10.774470001459122 -1.653499998152256 0
      vertex -11.17526999861002 -0.4776799976825714 0
      vertex -10.562009997665882 -1.4572208002209663 0
    endloop
  endfacet
  facet normal 0 0 -1
    outer loop
      vertex -10.562009997665882 -1.4572208002209663 0
      vertex -11.17526999861002 -0.4776799976825714 0
      vertex -10.333109997212887 -1.304559201002121 0
    endloop
  endfacet
  facet normal 0 0 -1
    outer loop
      vertex -10.333109997212887 -1.304559201002121 0
      vertex -10.068570002913475 -0.5997200012207031 0
      vertex -10.087770000100136 -1.19551520049572 0
    endloop
  endfacet
  facet normal 0 0 -1
    outer loop
      vertex -10.087770000100136 -1.19551520049572 0
      vertex -10.068570002913475 -0.5997200012207031 0
      vertex -9.825989998877048 -1.1300887987017632 0
    endloop
  endfacet
  facet normal 0 0 -1
    outer loop
      vertex -9.825989998877048 -1.1300887987017632 0
      vertex -10.047090001404285 -0.470177598297596 0
      vertex -9.547770000994205 -1.1082800030708313 0
    endloop
  endfacet
  facet normal 0 0 -1
    outer loop
      vertex -10.333109997212887 -1.304559201002121 0
      vertex -11.17526999861002 -0.4776799976825714 0
      vertex -10.068570002913475 -0.5997200012207031 0
    endloop
  endfacet
  facet normal 0 0 -1
    outer loop
      vertex -9.825989998877048 -1.1300887987017632 0
      vertex -10.068570002913475 -0.5997200012207031 0
      vertex -10.047090001404285 -0.470177598297596 0
    endloop
  endfacet
  facet normal 0 0 -1
    outer loop
      vertex -9.547770000994205 -1.1082800030708313 0
      vertex -10.047090001404285 -0.470177598297596 0
      vertex -10.01519399881363 -0.3549584001302719 0
    endloop
  endfacet
  facet normal 0 0 -1
    outer loop
      vertex -9.547770000994205 -1.1082800030708313 0
      vertex -10.01519399881363 -0.3549584001302719 0
      vertex -9.972882002592087 -0.25406239926815033 0
    endloop
  endfacet
  facet normal 0 0 -1
    outer loop
      vertex -9.547770000994205 -1.1082800030708313 0
      vertex -9.972882002592087 -0.25406239926815033 0
      vertex -9.920153997838497 -0.16748960316181183 0
    endloop
  endfacet
  facet normal 0 0 -1
    outer loop
      vertex -9.547770000994205 -1.1082800030708313 0
      vertex -9.920153997838497 -0.16748960316181183 0
      vertex -9.857009999454021 -0.09523999691009521 0
    endloop
  endfacet
  facet normal 0 0 -1
    outer loop
      vertex -9.547770000994205 -1.1082800030708313 0
      vertex -9.857009999454021 -0.09523999691009521 0
      vertex -9.784587599337101 -0.036639198660850525 0
    endloop
  endfacet
  facet normal 0 0 -1
    outer loop
      vertex -9.547770000994205 -1.1082800030708313 0
      vertex -9.784587599337101 -0.036639198660850525 0
      vertex -9.704024396836758 0.008939199149608612 0
    endloop
  endfacet
  facet normal 0 0 -1
    outer loop
      vertex -9.547770000994205 -1.1082800030708313 0
      vertex -9.704024396836758 0.008939199149608612 0
      vertex -9.615320399403572 0.041495196521282196 0
    endloop
  endfacet
  facet normal 0 0 -1
    outer loop
      vertex -9.547770000994205 -1.1082800030708313 0
      vertex -9.615320399403572 0.041495196521282196 0
      vertex -9.518475599586964 0.061028800904750824 0
    endloop
  endfacet
  facet normal 0 0 1
    outer loop
      vertex -11.203424401581287 -2.4220063984394073 1.6
      vertex -11.1012924015522 -2.1404504030942917 1.6
      vertex -11.17526999861002 -0.4776799976825714 1.6
    endloop
  endfacet
  facet normal 0 0 1
    outer loop
      vertex -11.1012924015522 -2.1404504030942917 1.6
      vertex -10.958307601511478 -1.8842815980315208 1.6
      vertex -11.17526999861002 -0.4776799976825714 1.6
    endloop
  endfacet
  facet normal 0 0 1
    outer loop
      vertex -10.958307601511478 -1.8842815980315208 1.6
      vertex -10.774470001459122 -1.653499998152256 1.6
      vertex -11.17526999861002 -0.4776799976825714 1.6
    endloop
  endfacet
  facet normal 0 0 1
    outer loop
      vertex -10.774470001459122 -1.653499998152256 1.6
      vertex -10.562009997665882 -1.4572208002209663 1.6
      vertex -11.17526999861002 -0.4776799976825714 1.6
    endloop
  endfacet
  facet normal 0 0 1
    outer loop
      vertex -10.562009997665882 -1.4572208002209663 1.6
      vertex -10.333109997212887 -1.304559201002121 1.6
      vertex -11.17526999861002 -0.4776799976825714 1.6
    endloop
  endfacet
  facet normal 0 0 1
    outer loop
      vertex -10.333109997212887 -1.304559201002121 1.6
      vertex -10.087770000100136 -1.19551520049572 1.6
      vertex -11.17526999861002 -0.4776799976825714 1.6
    endloop
  endfacet
  facet normal 0 0 1
    outer loop
      vertex -10.087770000100136 -1.19551520049572 1.6
      vertex -9.825989998877048 -1.1300887987017632 1.6
      vertex -10.068570002913475 -0.5997200012207031 1.6
    endloop
  endfacet
  facet normal 0 0 1
    outer loop
      vertex -9.825989998877048 -1.1300887987017632 1.6
      vertex -9.547770000994205 -1.1082800030708313 1.6
      vertex -10.068570002913475 -0.5997200012207031 1.6
    endloop
  endfacet
  facet normal 0 0 1
    outer loop
      vertex -10.087770000100136 -1.19551520049572 1.6
      vertex -10.068570002913475 -0.5997200012207031 1.6
      vertex -11.17526999861002 -0.4776799976825714 1.6
    endloop
  endfacet
  facet normal 0 0 1
    outer loop
      vertex -9.547770000994205 -1.1082800030708313 1.6
      vertex -10.047090001404285 -0.470177598297596 1.6
      vertex -10.068570002913475 -0.5997200012207031 1.6
    endloop
  endfacet
  facet normal 0 0 1
    outer loop
      vertex -9.547770000994205 -1.1082800030708313 1.6
      vertex -10.01519399881363 -0.3549584001302719 1.6
      vertex -10.047090001404285 -0.470177598297596 1.6
    endloop
  endfacet
  facet normal 0 0 1
    outer loop
      vertex -9.547770000994205 -1.1082800030708313 1.6
      vertex -9.972882002592087 -0.25406239926815033 1.6
      vertex -10.01519399881363 -0.3549584001302719 1.6
    endloop
  endfacet
  facet normal 0 0 1
    outer loop
      vertex -9.547770000994205 -1.1082800030708313 1.6
      vertex -9.920153997838497 -0.16748960316181183 1.6
      vertex -9.972882002592087 -0.25406239926815033 1.6
    endloop
  endfacet
  facet normal 0 0 1
    outer loop
      vertex -9.547770000994205 -1.1082800030708313 1.6
      vertex -9.857009999454021 -0.09523999691009521 1.6
      vertex -9.920153997838497 -0.16748960316181183 1.6
    endloop
  endfacet
  facet normal 0 0 1
    outer loop
      vertex -9.547770000994205 -1.1082800030708313 1.6
      vertex -9.784587599337101 -0.036639198660850525 1.6
      vertex -9.857009999454021 -0.09523999691009521 1.6
    endloop
  endfacet
  facet normal 0 0 1
    outer loop
      vertex -9.547770000994205 -1.1082800030708313 1.6
      vertex -9.704024396836758 0.008939199149608612 1.6
      vertex -9.784587599337101 -0.036639198660850525 1.6
    endloop
  endfacet
  facet normal 0 0 1
    outer loop
      vertex -9.547770000994205 -1.1082800030708313 1.6
      vertex -9.615320399403572 0.041495196521282196 1.6
      vertex -9.704024396836758 0.008939199149608612 1.6
    endloop
  endfacet
  facet normal 0 0 1
    outer loop
      vertex -9.547770000994205 -1.1082800030708313 1.6
      vertex -9.518475599586964 0.061028800904750824 1.6
      vertex -9.615320399403572 0.041495196521282196 1.6
    endloop
  endfacet
  facet normal 0 0 -1
    outer loop
      vertex -17 -7.5 0
      vertex -3.1023299992084503 -4.981760002672672 0
      vertex -2.0403899997472763 -4.981760002672672 0
    endloop
  endfacet
  facet normal 0 -1 0
    outer loop
      vertex -17 -7.5 0
      vertex 17 -7.5 0
      vertex -17 -7.5 1.6
    endloop
  endfacet
  facet normal 0 0 -1
    outer loop
      vertex -17 -7.5 0
      vertex -2.0403899997472763 -4.981760002672672 0
      vertex -0.9610427990555763 -5.049656003713608 0
    endloop
  endfacet
  facet normal 0 0 -1
    outer loop
      vertex -17 -7.5 0
      vertex -0.9610427990555763 -5.049656003713608 0
      vertex -0.6081900000572205 -5.079439997673035 0
    endloop
  endfacet
  facet normal 0 0 -1
    outer loop
      vertex -17 -7.5 0
      vertex -0.6081900000572205 -5.079439997673035 0
      vertex -0.2509524002671242 -5.050306402146816 0
    endloop
  endfacet
  facet normal 0 0 -1
    outer loop
      vertex -17 -7.5 0
      vertex -0.2509524002671242 -5.050306402146816 0
      vertex 1.9635900035500526 -4.981760002672672 0
    endloop
  endfacet
  facet normal 0 0 1
    outer loop
      vertex -17 -7.5 1.6
      vertex -2.0403899997472763 -4.981760002672672 1.6
      vertex -3.1023299992084503 -4.981760002672672 1.6
    endloop
  endfacet
  facet normal 0 0 1
    outer loop
      vertex -17 -7.5 1.6
      vertex -0.9610427990555763 -5.049656003713608 1.6
      vertex -2.0403899997472763 -4.981760002672672 1.6
    endloop
  endfacet
  facet normal 0 0 1
    outer loop
      vertex -17 -7.5 1.6
      vertex -0.6081900000572205 -5.079439997673035 1.6
      vertex -0.9610427990555763 -5.049656003713608 1.6
    endloop
  endfacet
  facet normal 0 0 1
    outer loop
      vertex -17 -7.5 1.6
      vertex -0.2509524002671242 -5.050306402146816 1.6
      vertex -0.6081900000572205 -5.079439997673035 1.6
    endloop
  endfacet
  facet normal 0 0 1
    outer loop
      vertex -17 -7.5 1.6
      vertex 1.9635900035500526 -4.981760002672672 1.6
      vertex -0.2509524002671242 -5.050306402146816 1.6
    endloop
  endfacet
  facet normal 0 0 -1
    outer loop
      vertex -9.548434801399708 -4.125533603131771 0
      vertex -9.173787601292133 -4.0869607999920845 0
      vertex -9.425729997456074 -4.1354599967598915 0
    endloop
  endfacet
  facet normal 0 0 -1
    outer loop
      vertex -9.548434801399708 -4.125533603131771 0
      vertex -9.662677198648453 -4.095754399895668 0
      vertex -9.173787601292133 -4.0869607999920845 0
    endloop
  endfacet
  facet normal 0 0 -1
    outer loop
      vertex -9.425729997456074 -4.1354599967598915 0
      vertex -9.173787601292133 -4.0869607999920845 0
      vertex -9.296828396618366 -4.12333519756794 0
    endloop
  endfacet
  facet normal 0 0 -1
    outer loop
      vertex -10.132390797138214 -3.4751935973763466 0
      vertex -9.056607596576214 -4.026336796581745 0
      vertex -9.173787601292133 -4.0869607999920845 0
    endloop
  endfacet
  facet normal 0 0 -1
    outer loop
      vertex -10.157785199582577 -3.2870504036545753 0
      vertex -8.945288397371769 -3.941463202238083 0
      vertex -9.056607596576214 -4.026336796581745 0
    endloop
  endfacet
  facet normal 0 0 -1
    outer loop
      vertex -9.020290799438953 -5.055387198925018 0
      vertex -8.697565197944641 -4.971168801188469 0
      vertex -3.1023299992084503 -4.981760002672672 0
    endloop
  endfacet
  facet normal 0 0 -1
    outer loop
      vertex -8.697565197944641 -4.971168801188469 0
      vertex -8.400553196668625 -4.83080480247736 0
      vertex -3.1023299992084503 -4.981760002672672 0
    endloop
  endfacet
  facet normal 0 0 -1
    outer loop
      vertex -8.400553196668625 -4.83080480247736 0
      vertex -8.129254803061485 -4.634295202791691 0
      vertex -3.1023299992084503 -4.981760002672672 0
    endloop
  endfacet
  facet normal 0 0 -1
    outer loop
      vertex -8.129254803061485 -4.634295202791691 0
      vertex -7.883670002222061 -4.381640002131462 0
      vertex -3.1023299992084503 -4.981760002672672 0
    endloop
  endfacet
  facet normal 0 0 -1
    outer loop
      vertex -7.883670002222061 -4.381640002131462 0
      vertex -7.6742148026824 -4.065003201365471 0
      vertex -3.1023299992084503 -4.981760002672672 0
    endloop
  endfacet
  facet normal 0 0 -1
    outer loop
      vertex -7.6742148026824 -4.065003201365471 0
      vertex -3.8684315979480743 -3.0199664011597633 0
      vertex -3.1023299992084503 -4.981760002672672 0
    endloop
  endfacet
  facet normal 0 0 1
    outer loop
      vertex -9.296828396618366 -4.12333519756794 1.6
      vertex -9.173787601292133 -4.0869607999920845 1.6
      vertex -9.056607596576214 -4.026336796581745 1.6
    endloop
  endfacet
  facet normal 0 0 1
    outer loop
      vertex -9.296828396618366 -4.12333519756794 1.6
      vertex -9.056607596576214 -4.026336796581745 1.6
      vertex -8.945288397371769 -3.941463202238083 1.6
    endloop
  endfacet
  facet normal 0 0 1
    outer loop
      vertex -9.296828396618366 -4.12333519756794 1.6
      vertex -8.945288397371769 -3.941463202238083 1.6
      vertex -8.839830003678799 -3.8323400020599365 1.6
    endloop
  endfacet
  facet normal 0 0 1
    outer loop
      vertex -9.76845719665289 -4.0461224019527435 1.6
      vertex -9.662677198648453 -4.095754399895668 1.6
      vertex -8.6245212033391 -3.377055197954178 1.6
    endloop
  endfacet
  facet normal 0 0 1
    outer loop
      vertex -9.548434801399708 -4.125533603131771 1.6
      vertex -8.6245212033391 -3.377055197954178 1.6
      vertex -9.662677198648453 -4.095754399895668 1.6
    endloop
  endfacet
  facet normal 0 0 1
    outer loop
      vertex -9.954630002379417 -3.8872999995946884 1.6
      vertex -9.865774802863598 -3.976637601852417 1.6
      vertex -8.6245212033391 -3.377055197954178 1.6
    endloop
  endfacet
  facet normal 0 0 1
    outer loop
      vertex -9.76845719665289 -4.0461224019527435 1.6
      vertex -8.6245212033391 -3.377055197954178 1.6
      vertex -9.865774802863598 -3.976637601852417 1.6
    endloop
  endfacet
  facet normal 0 0 1
    outer loop
      vertex -9.548434801399708 -4.125533603131771 1.6
      vertex -9.425729997456074 -4.1354599967598915 1.6
      vertex -8.6245212033391 -3.377055197954178 1.6
    endloop
  endfacet
  facet normal 0 0 1
    outer loop
      vertex -9.425729997456074 -4.1354599967598915 1.6
      vertex -9.296828396618366 -4.12333519756794 1.6
      vertex -8.6245212033391 -3.377055197954178 1.6
    endloop
  endfacet
  facet normal 0 0 1
    outer loop
      vertex -9.296828396618366 -4.12333519756794 1.6
      vertex -8.839830003678799 -3.8323400020599365 1.6
      vertex -8.747554801404476 -3.7009207978844643 1.6
    endloop
  endfacet
  facet normal 0 0 1
    outer loop
      vertex -9.296828396618366 -4.12333519756794 1.6
      vertex -8.747554801404476 -3.7009207978844643 1.6
      vertex -8.675785198807716 -3.549159198999405 1.6
    endloop
  endfacet
  facet normal 0 0 1
    outer loop
      vertex -9.020290799438953 -5.055387198925018 1.6
      vertex -3.1023299992084503 -4.981760002672672 1.6
      vertex -8.697565197944641 -4.971168801188469 1.6
    endloop
  endfacet
  facet normal 0 0 1
    outer loop
      vertex -8.697565197944641 -4.971168801188469 1.6
      vertex -3.1023299992084503 -4.981760002672672 1.6
      vertex -8.400553196668625 -4.83080480247736 1.6
    endloop
  endfacet
  facet normal 0 0 1
    outer loop
      vertex -8.400553196668625 -4.83080480247736 1.6
      vertex -3.1023299992084503 -4.981760002672672 1.6
      vertex -8.129254803061485 -4.634295202791691 1.6
    endloop
  endfacet
  facet normal 0 0 1
    outer loop
      vertex -8.129254803061485 -4.634295202791691 1.6
      vertex -3.1023299992084503 -4.981760002672672 1.6
      vertex -7.883670002222061 -4.381640002131462 1.6
    endloop
  endfacet
  facet normal 0 0 1
    outer loop
      vertex -7.883670002222061 -4.381640002131462 1.6
      vertex -3.8684315979480743 -3.0199664011597633 1.6
      vertex -7.6742148026824 -4.065003201365471 1.6
    endloop
  endfacet
  facet normal 0 0 1
    outer loop
      vertex -7.883670002222061 -4.381640002131462 1.6
      vertex -3.1023299992084503 -4.981760002672672 1.6
      vertex -3.644643597304821 -3.114358402788639 1.6
    endloop
  endfacet
  facet normal 0 0 -1
    outer loop
      vertex -17 -7.5 0
      vertex 1.9635900035500526 -4.981760002672672 0
      vertex 3.1068900004029274 -4.981760002672672 0
    endloop
  endfacet
  facet normal 0 0 -1
    outer loop
      vertex -17 -7.5 0
      vertex 3.1068900004029274 -4.981760002672672 0
      vertex 4.754730001091957 -4.981760002672672 0
    endloop
  endfacet
  facet normal 0 0 -1
    outer loop
      vertex -17 -7.5 0
      vertex 4.754730001091957 -4.981760002672672 0
      vertex 5.898029997944832 -4.981760002672672 0
    endloop
  endfacet
  facet normal 0 0 1
    outer loop
      vertex -17 -7.5 1.6
      vertex 3.1068900004029274 -4.981760002672672 1.6
      vertex 1.9635900035500526 -4.981760002672672 1.6
    endloop
  endfacet
  facet normal 0 0 1
    outer loop
      vertex -17 -7.5 1.6
      vertex 4.754730001091957 -4.981760002672672 1.6
      vertex 3.1068900004029274 -4.981760002672672 1.6
    endloop
  endfacet
  facet normal 0 0 1
    outer loop
      vertex -17 -7.5 1.6
      vertex 5.898029997944832 -4.981760002672672 1.6
      vertex 4.754730001091957 -4.981760002672672 1.6
    endloop
  endfacet
  facet normal 0 0 -1
    outer loop
      vertex -3.1023299992084503 -4.981760002672672 0
      vertex -3.8684315979480743 -3.0199664011597633 0
      vertex -3.644643597304821 -3.114358402788639 0
    endloop
  endfacet
  facet normal 0 0 -1
    outer loop
      vertex -3.1023299992084503 -4.981760002672672 0
      vertex -3.644643597304821 -3.114358402788639 0
      vertex -3.389276400208473 -3.1905295997858047 0
    endloop
  endfacet
  facet normal 0 0 -1
    outer loop
      vertex -3.1023299992084503 -4.981760002672672 0
      vertex -3.389276400208473 -3.1905295997858047 0
      vertex -3.1023299992084503 -3.248479999601841 0
    endloop
  endfacet
  facet normal 0 0 -1
    outer loop
      vertex -2.0403899997472763 -4.981760002672672 0
      vertex -1.8203627988696098 -4.602895997464657 0
      vertex -1.5671292021870613 -4.811383999884129 0
    endloop
  endfacet
  facet normal 0 0 -1
    outer loop
      vertex -2.0403899997472763 -4.981760002672672 0
      vertex -1.5671292021870613 -4.811383999884129 0
      vertex -1.2806892022490501 -4.960303999483585 0
    endloop
  endfacet
  facet normal 0 0 -1
    outer loop
      vertex -2.0403899997472763 -4.981760002672672 0
      vertex -1.2806892022490501 -4.960303999483585 0
      vertex -0.9610427990555763 -5.049656003713608 0
    endloop
  endfacet
  facet normal 0 0 -1
    outer loop
      vertex -2.0403899997472763 -4.981760002672672 0
      vertex -2.0403899997472763 -4.334839999675751 0
      vertex -1.8203627988696098 -4.602895997464657 0
    endloop
  endfacet
  facet normal 0 0 1
    outer loop
      vertex -3.1023299992084503 -4.981760002672672 1.6
      vertex -3.389276400208473 -3.1905295997858047 1.6
      vertex -3.644643597304821 -3.114358402788639 1.6
    endloop
  endfacet
  facet normal 0 0 1
    outer loop
      vertex -3.1023299992084503 -4.981760002672672 1.6
      vertex -3.1023299992084503 -3.248479999601841 1.6
      vertex -3.389276400208473 -3.1905295997858047 1.6
    endloop
  endfacet
  facet normal 0 0 1
    outer loop
      vertex -2.0403899997472763 -4.981760002672672 1.6
      vertex -1.5671292021870613 -4.811383999884129 1.6
      vertex -1.8203627988696098 -4.602895997464657 1.6
    endloop
  endfacet
  facet normal 0 0 1
    outer loop
      vertex -2.0403899997472763 -4.981760002672672 1.6
      vertex -1.2806892022490501 -4.960303999483585 1.6
      vertex -1.5671292021870613 -4.811383999884129 1.6
    endloop
  endfacet
  facet normal 0 0 1
    outer loop
      vertex -2.0403899997472763 -4.981760002672672 1.6
      vertex -0.9610427990555763 -5.049656003713608 1.6
      vertex -1.2806892022490501 -4.960303999483585 1.6
    endloop
  endfacet
  facet normal 0 0 1
    outer loop
      vertex -2.0403899997472763 -4.981760002672672 1.6
      vertex -1.8203627988696098 -4.602895997464657 1.6
      vertex -2.0403899997472763 -4.334839999675751 1.6
    endloop
  endfacet
  facet normal 0 0 -1
    outer loop
      vertex -10.157785199582577 -3.2870504036545753 0
      vertex -8.839830003678799 -3.8323400020599365 0
      vertex -8.945288397371769 -3.941463202238083 0
    endloop
  endfacet
  facet normal 0 0 -1
    outer loop
      vertex -10.157785199582577 -3.2870504036545753 0
      vertex -8.747554801404476 -3.7009207978844643 0
      vertex -8.839830003678799 -3.8323400020599365 0
    endloop
  endfacet
  facet normal 0 0 -1
    outer loop
      vertex -10.166249997913837 -3.0735199972987175 0
      vertex -8.675785198807716 -3.549159198999405 0
      vertex -8.747554801404476 -3.7009207978844643 0
    endloop
  endfacet
  facet normal 0 0 -1
    outer loop
      vertex -10.166249997913837 -3.0735199972987175 0
      vertex -8.6245212033391 -3.377055197954178 0
      vertex -8.675785198807716 -3.549159198999405 0
    endloop
  endfacet
  facet normal 0 0 -1
    outer loop
      vertex -10.157134801149368 -2.853243201971054 0
      vertex -8.593762800097466 -3.1846088021993637 0
      vertex -8.6245212033391 -3.377055197954178 0
    endloop
  endfacet
  facet normal 0 0 -1
    outer loop
      vertex -10.157134801149368 -2.853243201971054 0
      vertex -8.583509996533394 -2.9718199968338013 0
      vertex -8.593762800097466 -3.1846088021993637 0
    endloop
  endfacet
  facet normal 0 0 -1
    outer loop
      vertex -10.12978920340538 -2.657868802547455 0
      vertex -8.592622801661491 -2.779851198196411 0
      vertex -8.583509996533394 -2.9718199968338013 0
    endloop
  endfacet
  facet normal 0 0 -1
    outer loop
      vertex -10.084213197231293 -2.4873967990279198 0
      vertex -8.619961202144623 -2.6075768023729324 0
      vertex -8.592622801661491 -2.779851198196411 0
    endloop
  endfacet
  facet normal 0 0 -1
    outer loop
      vertex -10.084213197231293 -2.4873967990279198 0
      vertex -8.665525197982788 -2.4549968019127846 0
      vertex -8.619961202144623 -2.6075768023729324 0
    endloop
  endfacet
  facet normal 0 0 -1
    outer loop
      vertex -10.084213197231293 -2.4873967990279198 0
      vertex -8.811329998075962 -2.2089200019836426 0
      vertex -8.729314796626568 -2.3221111968159676 0
    endloop
  endfacet
  facet normal 0 0 -1
    outer loop
      vertex -10.084213197231293 -2.4873967990279198 0
      vertex -8.906547598540783 -2.115910403430462 0
      vertex -8.811329998075962 -2.2089200019836426 0
    endloop
  endfacet
  facet normal 0 0 -1
    outer loop
      vertex -10.084213197231293 -2.4873967990279198 0
      vertex -8.729314796626568 -2.3221111968159676 0
      vertex -8.665525197982788 -2.4549968019127846 0
    endloop
  endfacet
  facet normal 0 0 -1
    outer loop
      vertex -10.084213197231293 -2.4873967990279198 0
      vertex -9.240987598896027 -1.9608943983912468 0
      vertex -9.121376402676105 -1.9918975979089737 0
    endloop
  endfacet
  facet normal 0 0 -1
    outer loop
      vertex -10.084213197231293 -2.4873967990279198 0
      vertex -9.121376402676105 -1.9918975979089737 0
      vertex -9.009896397590637 -2.043569602072239 0
    endloop
  endfacet
  facet normal 0 0 -1
    outer loop
      vertex -10.084213197231293 -2.4873967990279198 0
      vertex -9.009896397590637 -2.043569602072239 0
      vertex -8.906547598540783 -2.115910403430462 0
    endloop
  endfacet
  facet normal 0 0 -1
    outer loop
      vertex -7.6742148026824 -4.065003201365471 0
      vertex -7.511305198073387 -3.67659679800272 0
      vertex -4.060640402138233 -2.907353602349758 0
    endloop
  endfacet
  facet normal 0 0 -1
    outer loop
      vertex -7.511305198073387 -3.67659679800272 0
      vertex -7.3949412032961845 -3.2164207994937897 0
      vertex -4.309721998870373 -2.68455920368433 0
    endloop
  endfacet
  facet normal 0 0 -1
    outer loop
      vertex -7.3949412032961845 -3.2164207994937897 0
      vertex -7.325122803449631 -2.6844751983880997 0
      vertex -4.503798000514507 -2.3793871998786926 0
    endloop
  endfacet
  facet normal 0 0 -1
    outer loop
      vertex -7.6742148026824 -4.065003201365471 0
      vertex -4.060640402138233 -2.907353602349758 0
      vertex -3.8684315979480743 -3.0199664011597633 0
    endloop
  endfacet
  facet normal 0 0 -1
    outer loop
      vertex -7.511305198073387 -3.67659679800272 0
      vertex -4.309721998870373 -2.68455920368433 0
      vertex -4.221270002424717 -2.776519998908043 0
    endloop
  endfacet
  facet normal 0 0 -1
    outer loop
      vertex -7.3949412032961845 -3.2164207994937897 0
      vertex -4.38629399985075 -2.5877168029546738 0
      vertex -4.309721998870373 -2.68455920368433 0
    endloop
  endfacet
  facet normal 0 0 -1
    outer loop
      vertex -7.3949412032961845 -3.2164207994937897 0
      vertex -4.450985997915268 -2.4859927967190742 0
      vertex -4.38629399985075 -2.5877168029546738 0
    endloop
  endfacet
  facet normal 0 0 -1
    outer loop
      vertex -7.511305198073387 -3.67659679800272 0
      vertex -4.221270002424717 -2.776519998908043 0
      vertex -4.060640402138233 -2.907353602349758 0
    endloop
  endfacet
  facet normal 0 0 -1
    outer loop
      vertex -7.325122803449631 -2.6844751983880997 0
      vertex -7.301849998533726 -2.0807600021362305 0
      vertex -4.57622279971838 -2.1451831981539726 0
    endloop
  endfacet
  facet normal 0 0 -1
    outer loop
      vertex -7.3949412032961845 -3.2164207994937897 0
      vertex -4.503798000514507 -2.3793871998786926 0
      vertex -4.450985997915268 -2.4859927967190742 0
    endloop
  endfacet
  facet normal 0 0 -1
    outer loop
      vertex -7.325122803449631 -2.6844751983880997 0
      vertex -4.544730000197887 -2.2678999975323677 0
      vertex -4.503798000514507 -2.3793871998786926 0
    endloop
  endfacet
  facet normal 0 0 -1
    outer loop
      vertex -7.325122803449631 -2.6844751983880997 0
      vertex -4.57622279971838 -2.1451831981539726 0
      vertex -4.544730000197887 -2.2678999975323677 0
    endloop
  endfacet
  facet normal 0 0 -1
    outer loop
      vertex -7.301849998533726 -2.0807600021362305 0
      vertex -4.600717201828957 -2.0048888027668 0
      vertex -4.57622279971838 -2.1451831981539726 0
    endloop
  endfacet
  facet normal 0 0 -1
    outer loop
      vertex -7.301849998533726 -2.0807600021362305 0
      vertex -4.618213199079037 -1.8470167964696884 0
      vertex -4.600717201828957 -2.0048888027668 0
    endloop
  endfacet
  facet normal 0 0 -1
    outer loop
      vertex -7.301849998533726 -2.0807600021362305 0
      vertex -4.628710798919201 -1.6715672016143799 0
      vertex -4.618213199079037 -1.8470167964696884 0
    endloop
  endfacet
  facet normal 0 0 1
    outer loop
      vertex -10.132390797138214 -3.4751935973763466 1.6
      vertex -8.6245212033391 -3.377055197954178 1.6
      vertex -8.593762800097466 -3.1846088021993637 1.6
    endloop
  endfacet
  facet normal 0 0 1
    outer loop
      vertex -9.296828396618366 -4.12333519756794 1.6
      vertex -8.675785198807716 -3.549159198999405 1.6
      vertex -8.6245212033391 -3.377055197954178 1.6
    endloop
  endfacet
  facet normal 0 0 1
    outer loop
      vertex -10.157785199582577 -3.2870504036545753 1.6
      vertex -8.593762800097466 -3.1846088021993637 1.6
      vertex -8.583509996533394 -2.9718199968338013 1.6
    endloop
  endfacet
  facet normal 0 0 1
    outer loop
      vertex -10.166249997913837 -3.0735199972987175 1.6
      vertex -8.583509996533394 -2.9718199968338013 1.6
      vertex -8.592622801661491 -2.779851198196411 1.6
    endloop
  endfacet
  facet normal 0 0 1
    outer loop
      vertex -10.157134801149368 -2.853243201971054 1.6
      vertex -8.592622801661491 -2.779851198196411 1.6
      vertex -8.619961202144623 -2.6075768023729324 1.6
    endloop
  endfacet
  facet normal 0 0 1
    outer loop
      vertex -10.12978920340538 -2.657868802547455 1.6
      vertex -8.619961202144623 -2.6075768023729324 1.6
      vertex -8.665525197982788 -2.4549968019127846 1.6
    endloop
  endfacet
  facet normal 0 0 1
    outer loop
      vertex -9.938369996845722 -2.221160002052784 1.6
      vertex -8.665525197982788 -2.4549968019127846 1.6
      vertex -9.842681996524334 -2.1237440034747124 1.6
    endloop
  endfacet
  facet normal 0 0 1
    outer loop
      vertex -9.842681996524334 -2.1237440034747124 1.6
      vertex -8.665525197982788 -2.4549968019127846 1.6
      vertex -9.737874001264572 -2.04797600209713 1.6
    endloop
  endfacet
  facet normal 0 0 1
    outer loop
      vertex -9.737874001264572 -2.04797600209713 1.6
      vertex -8.665525197982788 -2.4549968019127846 1.6
      vertex -9.623946003615856 -1.9938559979200363 1.6
    endloop
  endfacet
  facet normal 0 0 1
    outer loop
      vertex -9.623946003615856 -1.9938559979200363 1.6
      vertex -8.665525197982788 -2.4549968019127846 1.6
      vertex -9.500898003578186 -1.9613839983940125 1.6
    endloop
  endfacet
  facet normal 0 0 1
    outer loop
      vertex -9.500898003578186 -1.9613839983940125 1.6
      vertex -8.665525197982788 -2.4549968019127846 1.6
      vertex -8.729314796626568 -2.3221111968159676 1.6
    endloop
  endfacet
  facet normal 0 0 1
    outer loop
      vertex -9.368730001151562 -1.9505600035190582 1.6
      vertex -8.729314796626568 -2.3221111968159676 1.6
      vertex -8.811329998075962 -2.2089200019836426 1.6
    endloop
  endfacet
  facet normal 0 0 1
    outer loop
      vertex -9.500898003578186 -1.9613839983940125 1.6
      vertex -8.729314796626568 -2.3221111968159676 1.6
      vertex -9.368730001151562 -1.9505600035190582 1.6
    endloop
  endfacet
  facet normal 0 0 1
    outer loop
      vertex -9.368730001151562 -1.9505600035190582 1.6
      vertex -8.811329998075962 -2.2089200019836426 1.6
      vertex -9.240987598896027 -1.9608943983912468 1.6
    endloop
  endfacet
  facet normal 0 0 1
    outer loop
      vertex -8.906547598540783 -2.115910403430462 1.6
      vertex -9.121376402676105 -1.9918975979089737 1.6
      vertex -9.240987598896027 -1.9608943983912468 1.6
    endloop
  endfacet
  facet normal 0 0 1
    outer loop
      vertex -8.906547598540783 -2.115910403430462 1.6
      vertex -9.240987598896027 -1.9608943983912468 1.6
      vertex -8.811329998075962 -2.2089200019836426 1.6
    endloop
  endfacet
  facet normal 0 0 1
    outer loop
      vertex -8.906547598540783 -2.115910403430462 1.6
      vertex -9.009896397590637 -2.043569602072239 1.6
      vertex -9.121376402676105 -1.9918975979089737 1.6
    endloop
  endfacet
  facet normal 0 0 1
    outer loop
      vertex -7.6742148026824 -4.065003201365471 1.6
      vertex -4.060640402138233 -2.907353602349758 1.6
      vertex -7.511305198073387 -3.67659679800272 1.6
    endloop
  endfacet
  facet normal 0 0 1
    outer loop
      vertex -7.511305198073387 -3.67659679800272 1.6
      vertex -4.38629399985075 -2.5877168029546738 1.6
      vertex -7.3949412032961845 -3.2164207994937897 1.6
    endloop
  endfacet
  facet normal 0 0 1
    outer loop
      vertex -7.3949412032961845 -3.2164207994937897 1.6
      vertex -4.503798000514507 -2.3793871998786926 1.6
      vertex -7.325122803449631 -2.6844751983880997 1.6
    endloop
  endfacet
  facet normal 0 0 1
    outer loop
      vertex -7.883670002222061 -4.381640002131462 1.6
      vertex -3.644643597304821 -3.114358402788639 1.6
      vertex -3.8684315979480743 -3.0199664011597633 1.6
    endloop
  endfacet
  facet normal 0 0 1
    outer loop
      vertex -7.6742148026824 -4.065003201365471 1.6
      vertex -3.8684315979480743 -3.0199664011597633 1.6
      vertex -4.060640402138233 -2.907353602349758 1.6
    endloop
  endfacet
  facet normal 0 0 1
    outer loop
      vertex -7.511305198073387 -3.67659679800272 1.6
      vertex -4.221270002424717 -2.776519998908043 1.6
      vertex -4.309721998870373 -2.68455920368433 1.6
    endloop
  endfacet
  facet normal 0 0 1
    outer loop
      vertex -7.511305198073387 -3.67659679800272 1.6
      vertex -4.309721998870373 -2.68455920368433 1.6
      vertex -4.38629399985075 -2.5877168029546738 1.6
    endloop
  endfacet
  facet normal 0 0 1
    outer loop
      vertex -7.3949412032961845 -3.2164207994937897 1.6
      vertex -4.38629399985075 -2.5877168029546738 1.6
      vertex -4.450985997915268 -2.4859927967190742 1.6
    endloop
  endfacet
  facet normal 0 0 1
    outer loop
      vertex -7.511305198073387 -3.67659679800272 1.6
      vertex -4.060640402138233 -2.907353602349758 1.6
      vertex -4.221270002424717 -2.776519998908043 1.6
    endloop
  endfacet
  facet normal 0 0 1
    outer loop
      vertex -7.325122803449631 -2.6844751983880997 1.6
      vertex -4.600717201828957 -2.0048888027668 1.6
      vertex -7.301849998533726 -2.0807600021362305 1.6
    endloop
  endfacet
  facet normal 0 0 1
    outer loop
      vertex -7.3949412032961845 -3.2164207994937897 1.6
      vertex -4.450985997915268 -2.4859927967190742 1.6
      vertex -4.503798000514507 -2.3793871998786926 1.6
    endloop
  endfacet
  facet normal 0 0 1
    outer loop
      vertex -7.325122803449631 -2.6844751983880997 1.6
      vertex -4.503798000514507 -2.3793871998786926 1.6
      vertex -4.544730000197887 -2.2678999975323677 1.6
    endloop
  endfacet
  facet normal 0 0 1
    outer loop
      vertex -7.325122803449631 -2.6844751983880997 1.6
      vertex -4.57622279971838 -2.1451831981539726 1.6
      vertex -4.600717201828957 -2.0048888027668 1.6
    endloop
  endfacet
  facet normal 0 0 1
    outer loop
      vertex -7.325122803449631 -2.6844751983880997 1.6
      vertex -4.544730000197887 -2.2678999975323677 1.6
      vertex -4.57622279971838 -2.1451831981539726 1.6
    endloop
  endfacet
  facet normal 0 0 1
    outer loop
      vertex -7.301849998533726 -2.0807600021362305 1.6
      vertex -4.600717201828957 -2.0048888027668 1.6
      vertex -4.618213199079037 -1.8470167964696884 1.6
    endloop
  endfacet
  facet normal 0 0 1
    outer loop
      vertex -7.301849998533726 -2.0807600021362305 1.6
      vertex -4.618213199079037 -1.8470167964696884 1.6
      vertex -4.628710798919201 -1.6715672016143799 1.6
    endloop
  endfacet
  facet normal 0 0 -1
    outer loop
      vertex -8.66501159965992 -1.4311856031417847 0
      vertex -8.86079639941454 -1.2899143993854523 0
      vertex -8.51927399635315 -1.2292303964495659 0
    endloop
  endfacet
  facet normal 0 0 -1
    outer loop
      vertex -8.66501159965992 -1.4311856031417847 0
      vertex -8.51927399635315 -1.2292303964495659 0
      vertex -8.485830001533031 -1.6128199994564056 0
    endloop
  endfacet
  facet normal 0 0 -1
    outer loop
      vertex -9.07318440079689 -1.1890064030885696 0
      vertex -9.302175596356392 -1.1284615993499756 0
      vertex -8.630585998296738 -0.630977600812912 0
    endloop
  endfacet
  facet normal 0 0 -1
    outer loop
      vertex -9.07318440079689 -1.1890064030885696 0
      vertex -8.567525997757912 -0.9019495993852615 0
      vertex -8.86079639941454 -1.2899143993854523 0
    endloop
  endfacet
  facet normal 0 0 -1
    outer loop
      vertex -8.86079639941454 -1.2899143993854523 0
      vertex -8.567525997757912 -0.9019495993852615 0
      vertex -8.51927399635315 -1.2292303964495659 0
    endloop
  endfacet
  facet normal 0 0 -1
    outer loop
      vertex -9.07318440079689 -1.1890064030885696 0
      vertex -8.630585998296738 -0.630977600812912 0
      vertex -8.567525997757912 -0.9019495993852615 0
    endloop
  endfacet
  facet normal 0 0 -1
    outer loop
      vertex -9.547770000994205 -1.1082800030708313 0
      vertex -8.905707597732544 -0.1407800018787384 0
      vertex -9.302175596356392 -1.1284615993499756 0
    endloop
  endfacet
  facet normal 0 0 -1
    outer loop
      vertex -9.302175596356392 -1.1284615993499756 0
      vertex -8.80112999677658 -0.2579599991440773 0
      vertex -8.708453997969627 -0.41631440073251724 0
    endloop
  endfacet
  facet normal 0 0 -1
    outer loop
      vertex -9.547770000994205 -1.1082800030708313 0
      vertex -9.14170440286398 0.015459999442100525 0
      vertex -9.019232399761677 -0.049639999866485596 0
    endloop
  endfacet
  facet normal 0 0 -1
    outer loop
      vertex -9.302175596356392 -1.1284615993499756 0
      vertex -8.905707597732544 -0.1407800018787384 0
      vertex -8.80112999677658 -0.2579599991440773 0
    endloop
  endfacet
  facet normal 0 0 -1
    outer loop
      vertex -9.547770000994205 -1.1082800030708313 0
      vertex -9.019232399761677 -0.049639999866485596 0
      vertex -8.905707597732544 -0.1407800018787384 0
    endloop
  endfacet
  facet normal 0 0 -1
    outer loop
      vertex -9.302175596356392 -1.1284615993499756 0
      vertex -8.708453997969627 -0.41631440073251724 0
      vertex -8.630585998296738 -0.630977600812912 0
    endloop
  endfacet
  facet normal 0 0 -1
    outer loop
      vertex -9.547770000994205 -1.1082800030708313 0
      vertex -9.518475599586964 0.061028800904750824 0
      vertex -9.413489997386932 0.0675399973988533 0
    endloop
  endfacet
  facet normal 0 0 -1
    outer loop
      vertex -9.547770000994205 -1.1082800030708313 0
      vertex -9.413489997386932 0.0675399973988533 0
      vertex -9.273123599588871 0.054520003497600555 0
    endloop
  endfacet
  facet normal 0 0 -1
    outer loop
      vertex -9.547770000994205 -1.1082800030708313 0
      vertex -9.273123599588871 0.054520003497600555 0
      vertex -9.14170440286398 0.015459999442100525 0
    endloop
  endfacet
  facet normal 0 0 -1
    outer loop
      vertex -7.301849998533726 -2.0807600021362305 0
      vertex -7.326099596917629 -1.4614856019616127 0
      vertex -4.628710798919201 -1.6715672016143799 0
    endloop
  endfacet
  facet normal 0 0 -1
    outer loop
      vertex -7.326099596917629 -1.4614856019616127 0
      vertex -7.39884839951992 -0.9154544025659561 0
      vertex -4.632210001349449 -0.660740002989769 0
    endloop
  endfacet
  facet normal 0 0 -1
    outer loop
      vertex -7.326099596917629 -1.4614856019616127 0
      vertex -4.632210001349449 -1.4785400032997131 0
      vertex -4.628710798919201 -1.6715672016143799 0
    endloop
  endfacet
  facet normal 0 0 -1
    outer loop
      vertex -7.326099596917629 -1.4614856019616127 0
      vertex -4.632210001349449 -0.660740002989769 0
      vertex -4.632210001349449 -1.4785400032997131 0
    endloop
  endfacet
  facet normal 0 0 -1
    outer loop
      vertex -7.5200963988900185 -0.4426663964986801 0
      vertex -7.689843602478504 -0.04312159866094589 0
      vertex -4.632210001349449 -0.660740002989769 0
    endloop
  endfacet
  facet normal 0 0 -1
    outer loop
      vertex -7.39884839951992 -0.9154544025659561 0
      vertex -7.5200963988900185 -0.4426663964986801 0
      vertex -4.632210001349449 -0.660740002989769 0
    endloop
  endfacet
  facet normal 0 0 -1
    outer loop
      vertex -7.689843602478504 -0.04312159866094589 0
      vertex -7.908090002834797 0.28317999839782715 0
      vertex -4.632210001349449 -0.660740002989769 0
    endloop
  endfacet
  facet normal 0 0 1
    outer loop
      vertex -8.66501159965992 -1.4311856031417847 1.6
      vertex -8.51927399635315 -1.2292303964495659 1.6
      vertex -8.86079639941454 -1.2899143993854523 1.6
    endloop
  endfacet
  facet normal 0 0 1
    outer loop
      vertex -8.66501159965992 -1.4311856031417847 1.6
      vertex -8.485830001533031 -1.6128199994564056 1.6
      vertex -8.51927399635315 -1.2292303964495659 1.6
    endloop
  endfacet
  facet normal 0 0 1
    outer loop
      vertex -9.07318440079689 -1.1890064030885696 1.6
      vertex -8.630585998296738 -0.630977600812912 1.6
      vertex -9.302175596356392 -1.1284615993499756 1.6
    endloop
  endfacet
  facet normal 0 0 1
    outer loop
      vertex -9.07318440079689 -1.1890064030885696 1.6
      vertex -8.86079639941454 -1.2899143993854523 1.6
      vertex -8.567525997757912 -0.9019495993852615 1.6
    endloop
  endfacet
  facet normal 0 0 1
    outer loop
      vertex -8.86079639941454 -1.2899143993854523 1.6
      vertex -8.51927399635315 -1.2292303964495659 1.6
      vertex -8.567525997757912 -0.9019495993852615 1.6
    endloop
  endfacet
  facet normal 0 0 1
    outer loop
      vertex -9.07318440079689 -1.1890064030885696 1.6
      vertex -8.567525997757912 -0.9019495993852615 1.6
      vertex -8.630585998296738 -0.630977600812912 1.6
    endloop
  endfacet
  facet normal 0 0 1
    outer loop
      vertex -9.547770000994205 -1.1082800030708313 1.6
      vertex -9.302175596356392 -1.1284615993499756 1.6
      vertex -8.905707597732544 -0.1407800018787384 1.6
    endloop
  endfacet
  facet normal 0 0 1
    outer loop
      vertex -9.302175596356392 -1.1284615993499756 1.6
      vertex -8.708453997969627 -0.41631440073251724 1.6
      vertex -8.80112999677658 -0.2579599991440773 1.6
    endloop
  endfacet
  facet normal 0 0 1
    outer loop
      vertex -9.547770000994205 -1.1082800030708313 1.6
      vertex -9.019232399761677 -0.049639999866485596 1.6
      vertex -9.14170440286398 0.015459999442100525 1.6
    endloop
  endfacet
  facet normal 0 0 1
    outer loop
      vertex -9.302175596356392 -1.1284615993499756 1.6
      vertex -8.80112999677658 -0.2579599991440773 1.6
      vertex -8.905707597732544 -0.1407800018787384 1.6
    endloop
  endfacet
  facet normal 0 0 1
    outer loop
      vertex -9.547770000994205 -1.1082800030708313 1.6
      vertex -8.905707597732544 -0.1407800018787384 1.6
      vertex -9.019232399761677 -0.049639999866485596 1.6
    endloop
  endfacet
  facet normal 0 0 1
    outer loop
      vertex -9.302175596356392 -1.1284615993499756 1.6
      vertex -8.630585998296738 -0.630977600812912 1.6
      vertex -8.708453997969627 -0.41631440073251724 1.6
    endloop
  endfacet
  facet normal 0 0 1
    outer loop
      vertex -9.547770000994205 -1.1082800030708313 1.6
      vertex -9.413489997386932 0.0675399973988533 1.6
      vertex -9.518475599586964 0.061028800904750824 1.6
    endloop
  endfacet
  facet normal 0 0 1
    outer loop
      vertex -9.547770000994205 -1.1082800030708313 1.6
      vertex -9.273123599588871 0.054520003497600555 1.6
      vertex -9.413489997386932 0.0675399973988533 1.6
    endloop
  endfacet
  facet normal 0 0 1
    outer loop
      vertex -9.547770000994205 -1.1082800030708313 1.6
      vertex -9.14170440286398 0.015459999442100525 1.6
      vertex -9.273123599588871 0.054520003497600555 1.6
    endloop
  endfacet
  facet normal 0 0 1
    outer loop
      vertex -7.301849998533726 -2.0807600021362305 1.6
      vertex -4.628710798919201 -1.6715672016143799 1.6
      vertex -7.326099596917629 -1.4614856019616127 1.6
    endloop
  endfacet
  facet normal 0 0 1
    outer loop
      vertex -7.326099596917629 -1.4614856019616127 1.6
      vertex -4.632210001349449 -0.660740002989769 1.6
      vertex -7.39884839951992 -0.9154544025659561 1.6
    endloop
  endfacet
  facet normal 0 0 1
    outer loop
      vertex -7.326099596917629 -1.4614856019616127 1.6
      vertex -4.628710798919201 -1.6715672016143799 1.6
      vertex -4.632210001349449 -1.4785400032997131 1.6
    endloop
  endfacet
  facet normal 0 0 1
    outer loop
      vertex -7.326099596917629 -1.4614856019616127 1.6
      vertex -4.632210001349449 -1.4785400032997131 1.6
      vertex -4.632210001349449 -0.660740002989769 1.6
    endloop
  endfacet
  facet normal 0 0 1
    outer loop
      vertex -7.5200963988900185 -0.4426663964986801 1.6
      vertex -4.632210001349449 -0.660740002989769 1.6
      vertex -7.689843602478504 -0.04312159866094589 1.6
    endloop
  endfacet
  facet normal 0 0 1
    outer loop
      vertex -7.39884839951992 -0.9154544025659561 1.6
      vertex -4.632210001349449 -0.660740002989769 1.6
      vertex -7.5200963988900185 -0.4426663964986801 1.6
    endloop
  endfacet
  facet normal 0 0 1
    outer loop
      vertex -7.689843602478504 -0.04312159866094589 1.6
      vertex -4.632210001349449 -0.660740002989769 1.6
      vertex -7.908090002834797 0.28317999839782715 1.6
    endloop
  endfacet
  facet normal 0 0 1
    outer loop
      vertex -4.632210001349449 -0.660740002989769 1.6
      vertex -8.165069997310638 0.5439136028289795 1.6
      vertex -7.908090002834797 0.28317999839782715 1.6
    endloop
  endfacet
  facet normal 0 0 -1
    outer loop
      vertex -3.791110798716545 -2.4773624017834663 0
      vertex -3.488909997045994 -1.8040399998426437 0
      vertex -3.6594372019171715 -2.5776055976748466 0
    endloop
  endfacet
  facet normal 0 0 -1
    outer loop
      vertex -3.8957699984312057 -2.3615000024437904 0
      vertex -3.488909997045994 -1.8040399998426437 0
      vertex -3.791110798716545 -2.4773624017834663 0
    endloop
  endfacet
  facet normal 0 0 -1
    outer loop
      vertex -3.8957699984312057 -2.3615000024437904 0
      vertex -3.9459035992622375 -2.279297597706318 0
      vertex -3.488909997045994 -1.8040399998426437 0
    endloop
  endfacet
  facet normal 0 0 -1
    outer loop
      vertex -3.9459035992622375 -2.279297597706318 0
      vertex -3.9856164008378983 -2.1824503988027573 0
      vertex -3.488909997045994 -1.8040399998426437 0
    endloop
  endfacet
  facet normal 0 0 -1
    outer loop
      vertex -3.9856164008378983 -2.1824503988027573 0
      vertex -4.014908403158188 -2.070958398282528 0
      vertex -3.488909997045994 -1.8040399998426437 0
    endloop
  endfacet
  facet normal 0 0 -1
    outer loop
      vertex -4.014908403158188 -2.070958398282528 0
      vertex -4.033779598772526 -1.9448216035962105 0
      vertex -3.488909997045994 -1.8040399998426437 0
    endloop
  endfacet
  facet normal 0 0 -1
    outer loop
      vertex -4.033779598772526 -1.9448216035962105 0
      vertex -4.042230002582073 -1.8040399998426437 0
      vertex -3.488909997045994 -1.8040399998426437 0
    endloop
  endfacet
  facet normal 0 0 -1
    outer loop
      vertex -3.315046802163124 -2.7312344014644623 0
      vertex -3.5007492005825043 -2.662229597568512 0
      vertex -3.1023299992084503 -2.784620001912117 0
    endloop
  endfacet
  facet normal 0 0 -1
    outer loop
      vertex -3.5007492005825043 -2.662229597568512 0
      vertex -3.488909997045994 -1.8040399998426437 0
      vertex -3.1023299992084503 -2.784620001912117 0
    endloop
  endfacet
  facet normal 0 0 -1
    outer loop
      vertex -3.6594372019171715 -2.5776055976748466 0
      vertex -3.488909997045994 -1.8040399998426437 0
      vertex -3.5007492005825043 -2.662229597568512 0
    endloop
  endfacet
  facet normal 0 0 -1
    outer loop
      vertex -1.5542099997401237 -4.0500200018286705 0
      vertex -0.559409998357296 -0.1317799985408783 0
      vertex -1.4584356024861336 -4.107152000069618 0
    endloop
  endfacet
  facet normal 0 0 -1
    outer loop
      vertex -1.4584356024861336 -4.107152000069618 0
      vertex -0.559409998357296 -0.1317799985408783 0
      vertex -1.3582644015550613 -4.151588000357151 0
    endloop
  endfacet
  facet normal 0 0 -1
    outer loop
      vertex -1.3582644015550613 -4.151588000357151 0
      vertex -0.559409998357296 -0.1317799985408783 0
      vertex -1.253696396946907 -4.183328002691269 0
    endloop
  endfacet
  facet normal 0 0 -1
    outer loop
      vertex -1.253696396946907 -4.183328002691269 0
      vertex -0.559409998357296 -0.1317799985408783 0
      vertex -1.1447316035628319 -4.202371999621391 0
    endloop
  endfacet
  facet normal 0 0 -1
    outer loop
      vertex -1.1447316035628319 -4.202371999621391 0
      vertex -0.559409998357296 -0.1317799985408783 0
      vertex -1.031369999051094 -4.208719998598099 0
    endloop
  endfacet
  facet normal 0 0 -1
    outer loop
      vertex -1.031369999051094 -4.208719998598099 0
      vertex -0.559409998357296 -0.1317799985408783 0
      vertex -0.932420402765274 -4.203836001455784 0
    endloop
  endfacet
  facet normal 0 0 -1
    outer loop
      vertex -0.932420402765274 -4.203836001455784 0
      vertex -0.559409998357296 -0.1317799985408783 0
      vertex -0.8406276032328606 -4.1891840025782585 0
    endloop
  endfacet
  facet normal 0 0 -1
    outer loop
      vertex -0.8406276032328606 -4.1891840025782585 0
      vertex -0.559409998357296 -0.1317799985408783 0
      vertex -0.7559916004538536 -4.164764001965523 0
    endloop
  endfacet
  facet normal 0 0 -1
    outer loop
      vertex -0.7559916004538536 -4.164764001965523 0
      vertex -0.559409998357296 -0.1317799985408783 0
      vertex -0.6785124018788338 -4.130575999617577 0
    endloop
  endfacet
  facet normal 0 0 -1
    outer loop
      vertex -0.6785124018788338 -4.130575999617577 0
      vertex -0.559409998357296 -0.1317799985408783 0
      vertex -0.6081900000572205 -4.086620002985001 0
    endloop
  endfacet
  facet normal 0 0 -1
    outer loop
      vertex -0.6081900000572205 -4.086620002985001 0
      vertex -0.559409998357296 -0.1317799985408783 0
      vertex -0.5404980033636093 -4.031935997307301 0
    endloop
  endfacet
  facet normal 0 0 -1
    outer loop
      vertex -1.781478002667427 -3.830290399491787 0
      vertex -0.559409998357296 -0.1317799985408783 0
      vertex -1.7176019996404648 -3.9100423976778984 0
    endloop
  endfacet
  facet normal 0 0 -1
    outer loop
      vertex -1.6418460011482239 -3.9832855984568596 0
      vertex -1.7176019996404648 -3.9100423976778984 0
      vertex -0.559409998357296 -0.1317799985408783 0
    endloop
  endfacet
  facet normal 0 0 -1
    outer loop
      vertex -1.5542099997401237 -4.0500200018286705 0
      vertex -1.6418460011482239 -3.9832855984568596 0
      vertex -0.559409998357296 -0.1317799985408783 0
    endloop
  endfacet
  facet normal 0 0 -1
    outer loop
      vertex -1.781478002667427 -3.830290399491787 0
      vertex -1.8334740027785301 -3.7440295964479446 0
      vertex -0.559409998357296 -0.1317799985408783 0
    endloop
  endfacet
  facet normal 0 0 -1
    outer loop
      vertex -1.8334740027785301 -3.7440295964479446 0
      vertex -1.873589999973774 -3.6512600034475327 0
      vertex -0.559409998357296 -0.1317799985408783 0
    endloop
  endfacet
  facet normal 0 0 -1
    outer loop
      vertex -1.873589999973774 -3.6512600034475327 0
      vertex -1.9043484032154083 -3.5277319997549057 0
      vertex -0.559409998357296 -0.1317799985408783 0
    endloop
  endfacet
  facet normal 0 0 -1
    outer loop
      vertex -1.9043484032154083 -3.5277319997549057 0
      vertex -1.9282715991139412 -3.3491960018873215 0
      vertex -0.559409998357296 -0.1317799985408783 0
    endloop
  endfacet
  facet normal 0 0 -1
    outer loop
      vertex -1.9453596025705338 -3.1156520023941994 0
      vertex -1.9556123986840248 -2.8271000012755394 0
      vertex -0.559409998357296 -0.1317799985408783 0
    endloop
  endfacet
  facet normal 0 0 -1
    outer loop
      vertex -1.9282715991139412 -3.3491960018873215 0
      vertex -1.9453596025705338 -3.1156520023941994 0
      vertex -0.559409998357296 -0.1317799985408783 0
    endloop
  endfacet
  facet normal 0 0 -1
    outer loop
      vertex -1.9556123986840248 -2.8271000012755394 0
      vertex -1.9590300023555756 -2.4835399985313416 0
      vertex -0.559409998357296 -0.1317799985408783 0
    endloop
  endfacet
  facet normal 0 0 -1
    outer loop
      vertex -0.5404980033636093 -4.031935997307301 0
      vertex -0.559409998357296 -0.1317799985408783 0
      vertex -0.4838699996471405 -3.972043998539448 0
    endloop
  endfacet
  facet normal 0 0 -1
    outer loop
      vertex -0.4838699996471405 -3.972043998539448 0
      vertex -0.559409998357296 -0.1317799985408783 0
      vertex -0.4383059963583946 -3.9069439992308617 0
    endloop
  endfacet
  facet normal 0 0 -1
    outer loop
      vertex -0.4383059963583946 -3.9069439992308617 0
      vertex -0.559409998357296 -0.1317799985408783 0
      vertex -0.40380600094795227 -3.836635999381542 0
    endloop
  endfacet
  facet normal 0 0 -1
    outer loop
      vertex -0.40380600094795227 -3.836635999381542 0
      vertex -0.559409998357296 -0.1317799985408783 0
      vertex -0.38036999851465225 -3.7611199989914894 0
    endloop
  endfacet
  facet normal 0 0 -1
    outer loop
      vertex -0.38036999851465225 -3.7611199989914894 0
      vertex -0.559409998357296 -0.1317799985408783 0
      vertex -0.35693400353193283 -3.6331999972462654 0
    endloop
  endfacet
  facet normal 0 0 -1
    outer loop
      vertex -0.35693400353193283 -3.6331999972462654 0
      vertex -0.559409998357296 -0.1317799985408783 0
      vertex -0.33870600163936615 -3.4577599987387657 0
    endloop
  endfacet
  facet normal 0 0 -1
    outer loop
      vertex -0.33870600163936615 -3.4577599987387657 0
      vertex -0.559409998357296 -0.1317799985408783 0
      vertex -0.3256860002875328 -3.2348000034689903 0
    endloop
  endfacet
  facet normal 0 0 -1
    outer loop
      vertex -0.3256860002875328 -3.2348000034689903 0
      vertex -0.559409998357296 -0.1317799985408783 0
      vertex -0.3178739994764328 -2.964319996535778 0
    endloop
  endfacet
  facet normal 0 0 -1
    outer loop
      vertex -0.3178739994764328 -2.964319996535778 0
      vertex -0.559409998357296 -0.1317799985408783 0
      vertex -0.31526999920606613 -2.6463200002908707 0
    endloop
  endfacet
  facet normal 0 0 1
    outer loop
      vertex -3.791110798716545 -2.4773624017834663 1.6
      vertex -3.6594372019171715 -2.5776055976748466 1.6
      vertex -3.488909997045994 -1.8040399998426437 1.6
    endloop
  endfacet
  facet normal 0 0 1
    outer loop
      vertex -3.8957699984312057 -2.3615000024437904 1.6
      vertex -3.791110798716545 -2.4773624017834663 1.6
      vertex -3.488909997045994 -1.8040399998426437 1.6
    endloop
  endfacet
  facet normal 0 0 1
    outer loop
      vertex -3.8957699984312057 -2.3615000024437904 1.6
      vertex -3.488909997045994 -1.8040399998426437 1.6
      vertex -3.9459035992622375 -2.279297597706318 1.6
    endloop
  endfacet
  facet normal 0 0 1
    outer loop
      vertex -3.9459035992622375 -2.279297597706318 1.6
      vertex -3.488909997045994 -1.8040399998426437 1.6
      vertex -3.9856164008378983 -2.1824503988027573 1.6
    endloop
  endfacet
  facet normal 0 0 1
    outer loop
      vertex -3.9856164008378983 -2.1824503988027573 1.6
      vertex -3.488909997045994 -1.8040399998426437 1.6
      vertex -4.014908403158188 -2.070958398282528 1.6
    endloop
  endfacet
  facet normal 0 0 1
    outer loop
      vertex -4.014908403158188 -2.070958398282528 1.6
      vertex -3.488909997045994 -1.8040399998426437 1.6
      vertex -4.033779598772526 -1.9448216035962105 1.6
    endloop
  endfacet
  facet normal 0 0 1
    outer loop
      vertex -4.033779598772526 -1.9448216035962105 1.6
      vertex -3.488909997045994 -1.8040399998426437 1.6
      vertex -4.042230002582073 -1.8040399998426437 1.6
    endloop
  endfacet
  facet normal 0 0 1
    outer loop
      vertex -3.315046802163124 -2.7312344014644623 1.6
      vertex -3.488909997045994 -1.8040399998426437 1.6
      vertex -3.5007492005825043 -2.662229597568512 1.6
    endloop
  endfacet
  facet normal 0 0 1
    outer loop
      vertex -3.315046802163124 -2.7312344014644623 1.6
      vertex -3.1023299992084503 -2.784620001912117 1.6
      vertex -3.488909997045994 -1.8040399998426437 1.6
    endloop
  endfacet
  facet normal 0 0 1
    outer loop
      vertex -3.6594372019171715 -2.5776055976748466 1.6
      vertex -3.5007492005825043 -2.662229597568512 1.6
      vertex -3.488909997045994 -1.8040399998426437 1.6
    endloop
  endfacet
  facet normal 0 0 1
    outer loop
      vertex -1.4584356024861336 -4.107152000069618 1.6
      vertex -1.3582644015550613 -4.151588000357151 1.6
      vertex -1.283670000731945 -0.1317799985408783 1.6
    endloop
  endfacet
  facet normal 0 0 1
    outer loop
      vertex -1.5542099997401237 -4.0500200018286705 1.6
      vertex -1.4584356024861336 -4.107152000069618 1.6
      vertex -1.283670000731945 -0.1317799985408783 1.6
    endloop
  endfacet
  facet normal 0 0 1
    outer loop
      vertex -1.3582644015550613 -4.151588000357151 1.6
      vertex -1.253696396946907 -4.183328002691269 1.6
      vertex -1.283670000731945 -0.1317799985408783 1.6
    endloop
  endfacet
  facet normal 0 0 1
    outer loop
      vertex -1.253696396946907 -4.183328002691269 1.6
      vertex -1.1447316035628319 -4.202371999621391 1.6
      vertex -1.283670000731945 -0.1317799985408783 1.6
    endloop
  endfacet
  facet normal 0 0 1
    outer loop
      vertex -1.1447316035628319 -4.202371999621391 1.6
      vertex -1.031369999051094 -4.208719998598099 1.6
      vertex -1.283670000731945 -0.1317799985408783 1.6
    endloop
  endfacet
  facet normal 0 0 1
    outer loop
      vertex -1.031369999051094 -4.208719998598099 1.6
      vertex -0.932420402765274 -4.203836001455784 1.6
      vertex -1.283670000731945 -0.1317799985408783 1.6
    endloop
  endfacet
  facet normal 0 0 1
    outer loop
      vertex -0.932420402765274 -4.203836001455784 1.6
      vertex -0.8406276032328606 -4.1891840025782585 1.6
      vertex -1.283670000731945 -0.1317799985408783 1.6
    endloop
  endfacet
  facet normal 0 0 1
    outer loop
      vertex -0.8406276032328606 -4.1891840025782585 1.6
      vertex -0.7559916004538536 -4.164764001965523 1.6
      vertex -1.283670000731945 -0.1317799985408783 1.6
    endloop
  endfacet
  facet normal 0 0 1
    outer loop
      vertex -0.7559916004538536 -4.164764001965523 1.6
      vertex -0.6785124018788338 -4.130575999617577 1.6
      vertex -1.283670000731945 -0.1317799985408783 1.6
    endloop
  endfacet
  facet normal 0 0 1
    outer loop
      vertex -0.6785124018788338 -4.130575999617577 1.6
      vertex -0.6081900000572205 -4.086620002985001 1.6
      vertex -1.283670000731945 -0.1317799985408783 1.6
    endloop
  endfacet
  facet normal 0 0 1
    outer loop
      vertex -0.6081900000572205 -4.086620002985001 1.6
      vertex -0.5404980033636093 -4.031935997307301 1.6
      vertex -1.283670000731945 -0.1317799985408783 1.6
    endloop
  endfacet
  facet normal 0 0 1
    outer loop
      vertex -1.5542099997401237 -4.0500200018286705 1.6
      vertex -1.283670000731945 -0.1317799985408783 1.6
      vertex -1.6418460011482239 -3.9832855984568596 1.6
    endloop
  endfacet
  facet normal 0 0 1
    outer loop
      vertex -1.6418460011482239 -3.9832855984568596 1.6
      vertex -1.283670000731945 -0.1317799985408783 1.6
      vertex -1.7176019996404648 -3.9100423976778984 1.6
    endloop
  endfacet
  facet normal 0 0 1
    outer loop
      vertex -1.781478002667427 -3.830290399491787 1.6
      vertex -1.7176019996404648 -3.9100423976778984 1.6
      vertex -1.283670000731945 -0.1317799985408783 1.6
    endloop
  endfacet
  facet normal 0 0 1
    outer loop
      vertex -1.781478002667427 -3.830290399491787 1.6
      vertex -1.283670000731945 -0.1317799985408783 1.6
      vertex -1.8334740027785301 -3.7440295964479446 1.6
    endloop
  endfacet
  facet normal 0 0 1
    outer loop
      vertex -1.8334740027785301 -3.7440295964479446 1.6
      vertex -1.283670000731945 -0.1317799985408783 1.6
      vertex -1.873589999973774 -3.6512600034475327 1.6
    endloop
  endfacet
  facet normal 0 0 1
    outer loop
      vertex -1.873589999973774 -3.6512600034475327 1.6
      vertex -1.283670000731945 -0.1317799985408783 1.6
      vertex -1.9043484032154083 -3.5277319997549057 1.6
    endloop
  endfacet
  facet normal 0 0 1
    outer loop
      vertex -1.9043484032154083 -3.5277319997549057 1.6
      vertex -1.283670000731945 -0.1317799985408783 1.6
      vertex -1.9282715991139412 -3.3491960018873215 1.6
    endloop
  endfacet
  facet normal 0 0 1
    outer loop
      vertex -1.9282715991139412 -3.3491960018873215 1.6
      vertex -1.283670000731945 -0.1317799985408783 1.6
      vertex -1.9453596025705338 -3.1156520023941994 1.6
    endloop
  endfacet
  facet normal 0 0 1
    outer loop
      vertex -1.9453596025705338 -3.1156520023941994 1.6
      vertex -1.283670000731945 -0.1317799985408783 1.6
      vertex -1.9556123986840248 -2.8271000012755394 1.6
    endloop
  endfacet
  facet normal 0 0 1
    outer loop
      vertex -1.9556123986840248 -2.8271000012755394 1.6
      vertex -1.283670000731945 -0.1317799985408783 1.6
      vertex -1.9590300023555756 -2.4835399985313416 1.6
    endloop
  endfacet
  facet normal 0 0 1
    outer loop
      vertex -0.5404980033636093 -4.031935997307301 1.6
      vertex -0.4838699996471405 -3.972043998539448 1.6
      vertex -1.283670000731945 -0.1317799985408783 1.6
    endloop
  endfacet
  facet normal 0 0 1
    outer loop
      vertex -0.4838699996471405 -3.972043998539448 1.6
      vertex -0.4383059963583946 -3.9069439992308617 1.6
      vertex -1.283670000731945 -0.1317799985408783 1.6
    endloop
  endfacet
  facet normal 0 0 1
    outer loop
      vertex -0.4383059963583946 -3.9069439992308617 1.6
      vertex -0.40380600094795227 -3.836635999381542 1.6
      vertex -1.283670000731945 -0.1317799985408783 1.6
    endloop
  endfacet
  facet normal 0 0 1
    outer loop
      vertex -0.40380600094795227 -3.836635999381542 1.6
      vertex -0.38036999851465225 -3.7611199989914894 1.6
      vertex -1.283670000731945 -0.1317799985408783 1.6
    endloop
  endfacet
  facet normal 0 0 1
    outer loop
      vertex -0.38036999851465225 -3.7611199989914894 1.6
      vertex -0.35693400353193283 -3.6331999972462654 1.6
      vertex -1.283670000731945 -0.1317799985408783 1.6
    endloop
  endfacet
  facet normal 0 0 1
    outer loop
      vertex -0.35693400353193283 -3.6331999972462654 1.6
      vertex -0.33870600163936615 -3.4577599987387657 1.6
      vertex -1.283670000731945 -0.1317799985408783 1.6
    endloop
  endfacet
  facet normal 0 0 1
    outer loop
      vertex -0.33870600163936615 -3.4577599987387657 1.6
      vertex -0.3256860002875328 -3.2348000034689903 1.6
      vertex -1.283670000731945 -0.1317799985408783 1.6
    endloop
  endfacet
  facet normal 0 0 1
    outer loop
      vertex -0.3256860002875328 -3.2348000034689903 1.6
      vertex -0.3178739994764328 -2.964319996535778 1.6
      vertex -1.283670000731945 -0.1317799985408783 1.6
    endloop
  endfacet
  facet normal 0 0 1
    outer loop
      vertex -0.3178739994764328 -2.964319996535778 1.6
      vertex -0.31526999920606613 -2.6463200002908707 1.6
      vertex -1.283670000731945 -0.1317799985408783 1.6
    endloop
  endfacet
  facet normal 0 0 -1
    outer loop
      vertex -3.1023299992084503 -2.784620001912117 0
      vertex -3.488909997045994 -1.8040399998426437 0
      vertex -3.1023299992084503 -0.660740002989769 0
    endloop
  endfacet
  facet normal 0 0 -1
    outer loop
      vertex -3.488909997045994 -1.8040399998426437 0
      vertex -3.488909997045994 -0.660740002989769 0
      vertex -3.1023299992084503 -0.660740002989769 0
    endloop
  endfacet
  facet normal 0 0 -1
    outer loop
      vertex -4.632210001349449 -0.660740002989769 0
      vertex -2.402549996972084 1.0847200006246567 0
      vertex -3.488909997045994 -0.660740002989769 0
    endloop
  endfacet
  facet normal 0 0 -1
    outer loop
      vertex -3.488909997045994 -0.660740002989769 0
      vertex -2.402549996972084 1.0847200006246567 0
      vertex -3.1023299992084503 -0.660740002989769 0
    endloop
  endfacet
  facet normal 0 0 -1
    outer loop
      vertex -3.1023299992084503 -0.660740002989769 0
      vertex -2.402549996972084 1.0847200006246567 0
      vertex -1.9590300023555756 -0.660740002989769 0
    endloop
  endfacet
  facet normal 0 0 -1
    outer loop
      vertex -1.9590300023555756 -2.4835399985313416 0
      vertex -1.9590300023555756 -0.660740002989769 0
      vertex -0.559409998357296 -0.1317799985408783 0
    endloop
  endfacet
  facet normal 0 0 -1
    outer loop
      vertex -0.31526999920606613 -2.6463200002908707 0
      vertex -0.559409998357296 -0.1317799985408783 0
      vertex -0.31526999920606613 -0.660740002989769 0
    endloop
  endfacet
  facet normal 0 0 -1
    outer loop
      vertex -1.9590300023555756 -0.660740002989769 0
      vertex -2.402549996972084 1.0847200006246567 0
      vertex -1.283670000731945 -0.1317799985408783 0
    endloop
  endfacet
  facet normal 0 0 -1
    outer loop
      vertex -1.9590300023555756 -0.660740002989769 0
      vertex -1.283670000731945 -0.1317799985408783 0
      vertex -0.559409998357296 -0.1317799985408783 0
    endloop
  endfacet
  facet normal 0 0 -1
    outer loop
      vertex -0.31526999920606613 -0.660740002989769 0
      vertex -0.559409998357296 -0.1317799985408783 0
      vertex 0.8280299976468086 -0.660740002989769 0
    endloop
  endfacet
  facet normal 0 0 -1
    outer loop
      vertex -0.559409998357296 -0.1317799985408783 0
      vertex -1.120889998972416 1.0847200006246567 0
      vertex 0.8280299976468086 -0.660740002989769 0
    endloop
  endfacet
  facet normal 0 0 1
    outer loop
      vertex -3.1023299992084503 -2.784620001912117 1.6
      vertex -3.1023299992084503 -0.660740002989769 1.6
      vertex -3.488909997045994 -1.8040399998426437 1.6
    endloop
  endfacet
  facet normal 0 0 1
    outer loop
      vertex -3.488909997045994 -1.8040399998426437 1.6
      vertex -3.1023299992084503 -0.660740002989769 1.6
      vertex -3.488909997045994 -0.660740002989769 1.6
    endloop
  endfacet
  facet normal 0 0 1
    outer loop
      vertex -1.9590300023555756 -2.4835399985313416 1.6
      vertex -1.283670000731945 -0.1317799985408783 1.6
      vertex -1.9590300023555756 -0.660740002989769 1.6
    endloop
  endfacet
  facet normal 0 0 1
    outer loop
      vertex -0.31526999920606613 -2.6463200002908707 1.6
      vertex -0.31526999920606613 -0.660740002989769 1.6
      vertex -1.283670000731945 -0.1317799985408783 1.6
    endloop
  endfacet
  facet normal 0 0 1
    outer loop
      vertex -3.1023299992084503 -0.660740002989769 1.6
      vertex -1.9590300023555756 -0.660740002989769 1.6
      vertex -1.283670000731945 -0.1317799985408783 1.6
    endloop
  endfacet
  facet normal 0 0 1
    outer loop
      vertex -0.31526999920606613 -0.660740002989769 1.6
      vertex 0.8280299976468086 -0.660740002989769 1.6
      vertex -0.559409998357296 -0.1317799985408783 1.6
    endloop
  endfacet
  facet normal 0 0 1
    outer loop
      vertex -1.283670000731945 -0.1317799985408783 1.6
      vertex -0.31526999920606613 -0.660740002989769 1.6
      vertex -0.559409998357296 -0.1317799985408783 1.6
    endloop
  endfacet
  facet normal 0 0 -1
    outer loop
      vertex -18.96157056080646 -5.890180644032257 0
      vertex -19 5.5 0
      vertex -18.96157056080646 5.890180644032257 0
    endloop
  endfacet
  facet normal 0 0 -1
    outer loop
      vertex -18.847759065022572 -6.265366864730179 0
      vertex -18.96157056080646 5.890180644032257 0
      vertex -18.847759065022572 6.265366864730179 0
    endloop
  endfacet
  facet normal -1 0 0
    outer loop
      vertex -19 -5.5 0
      vertex -19 5.5 1.6
      vertex -19 5.5 0
    endloop
  endfacet
  facet normal 0 0 1
    outer loop
      vertex -18.96157056080646 -5.890180644032257 1.6
      vertex -18.96157056080646 5.890180644032257 1.6
      vertex -19 5.5 1.6
    endloop
  endfacet
  facet normal 0 0 1
    outer loop
      vertex -18.847759065022572 -6.265366864730179 1.6
      vertex -18.847759065022572 6.265366864730179 1.6
      vertex -18.96157056080646 5.890180644032257 1.6
    endloop
  endfacet
  facet normal 0 0 -1
    outer loop
      vertex -18.66293922460509 -6.611140466039204 0
      vertex -18.847759065022572 6.265366864730179 0
      vertex -18.66293922460509 6.611140466039204 0
    endloop
  endfacet
  facet normal 0 0 -1
    outer loop
      vertex -18.414213562373096 -6.914213562373095 0
      vertex -18.66293922460509 6.611140466039204 0
      vertex -18.414213562373096 6.914213562373095 0
    endloop
  endfacet
  facet normal 0 0 -1
    outer loop
      vertex -18.111140466039203 -7.162939224605091 0
      vertex -18.414213562373096 6.914213562373095 0
      vertex -18.111140466039203 7.162939224605091 0
    endloop
  endfacet
  facet normal 0 0 -1
    outer loop
      vertex -17.76536686473018 -7.347759065022574 0
      vertex -18.111140466039203 7.162939224605091 0
      vertex -17.76536686473018 7.347759065022574 0
    endloop
  endfacet
  facet normal 0 0 -1
    outer loop
      vertex -17.390180644032256 -7.461570560806461 0
      vertex -17.76536686473018 7.347759065022574 0
      vertex -17.390180644032256 7.461570560806461 0
    endloop
  endfacet
  facet normal 0 0 -1
    outer loop
      vertex -17 -7.5 0
      vertex -17.390180644032256 7.461570560806461 0
      vertex -17 7.5 0
    endloop
  endfacet
  facet normal 0 0 1
    outer loop
      vertex -18.66293922460509 -6.611140466039204 1.6
      vertex -18.66293922460509 6.611140466039204 1.6
      vertex -18.847759065022572 6.265366864730179 1.6
    endloop
  endfacet
  facet normal 0 0 1
    outer loop
      vertex -18.414213562373096 -6.914213562373095 1.6
      vertex -18.414213562373096 6.914213562373095 1.6
      vertex -18.66293922460509 6.611140466039204 1.6
    endloop
  endfacet
  facet normal 0 0 1
    outer loop
      vertex -18.111140466039203 -7.162939224605091 1.6
      vertex -18.111140466039203 7.162939224605091 1.6
      vertex -18.414213562373096 6.914213562373095 1.6
    endloop
  endfacet
  facet normal 0 0 1
    outer loop
      vertex -17.76536686473018 -7.347759065022574 1.6
      vertex -17.76536686473018 7.347759065022574 1.6
      vertex -18.111140466039203 7.162939224605091 1.6
    endloop
  endfacet
  facet normal 0 0 1
    outer loop
      vertex -17.390180644032256 -7.461570560806461 1.6
      vertex -17.390180644032256 7.461570560806461 1.6
      vertex -17.76536686473018 7.347759065022574 1.6
    endloop
  endfacet
  facet normal 0 0 1
    outer loop
      vertex -17 -7.5 1.6
      vertex -17 7.5 1.6
      vertex -17.390180644032256 7.461570560806461 1.6
    endloop
  endfacet
  facet normal 0 0 -1
    outer loop
      vertex -11.285130001604557 -3.061279997229576 0
      vertex -17 7.5 0
      vertex -11.26470360159874 -2.728949598968029 0
    endloop
  endfacet
  facet normal 0 0 -1
    outer loop
      vertex -11.26470360159874 -2.728949598968029 0
      vertex -17 7.5 0
      vertex -11.203424401581287 -2.4220063984394073 0
    endloop
  endfacet
  facet normal 0 0 -1
    outer loop
      vertex -11.203424401581287 -2.4220063984394073 0
      vertex -17 7.5 0
      vertex -11.1012924015522 -2.1404504030942917 0
    endloop
  endfacet
  facet normal 0 0 -1
    outer loop
      vertex -11.1012924015522 -2.1404504030942917 0
      vertex -17 7.5 0
      vertex -10.958307601511478 -1.8842815980315208 0
    endloop
  endfacet
  facet normal 0 0 -1
    outer loop
      vertex -10.958307601511478 -1.8842815980315208 0
      vertex -17 7.5 0
      vertex -11.17526999861002 -0.4776799976825714 0
    endloop
  endfacet
  facet normal 0 0 -1
    outer loop
      vertex -11.17526999861002 -0.4776799976825714 0
      vertex -17 7.5 0
      vertex -11.113513201475143 -0.2017304003238678 0
    endloop
  endfacet
  facet normal 0 0 -1
    outer loop
      vertex -11.113513201475143 -0.2017304003238678 0
      vertex -17 7.5 0
      vertex -11.025874800980091 0.04671040177345276 0
    endloop
  endfacet
  facet normal 0 0 -1
    outer loop
      vertex -11.025874800980091 0.04671040177345276 0
      vertex -17 7.5 0
      vertex -10.912354797124863 0.26764240115880966 0
    endloop
  endfacet
  facet normal 0 0 -1
    outer loop
      vertex -10.912354797124863 0.26764240115880966 0
      vertex -17 7.5 0
      vertex -10.772953197360039 0.4610655978322029 0
    endloop
  endfacet
  facet normal 0 0 -1
    outer loop
      vertex -10.772953197360039 0.4610655978322029 0
      vertex -17 7.5 0
      vertex -10.60767000168562 0.6269799992442131 0
    endloop
  endfacet
  facet normal 0 0 -1
    outer loop
      vertex -10.60767000168562 0.6269799992442131 0
      vertex -17 7.5 0
      vertex -10.420110002160072 0.7639456018805504 0
    endloop
  endfacet
  facet normal 0 0 -1
    outer loop
      vertex -10.420110002160072 0.7639456018805504 0
      vertex -17 7.5 0
      vertex -10.21383000165224 0.8704743981361389 0
    endloop
  endfacet
  facet normal 0 0 -1
    outer loop
      vertex -10.21383000165224 0.8704743981361389 0
      vertex -17 7.5 0
      vertex -9.988830000162125 0.9465664029121399 0
    endloop
  endfacet
  facet normal 0 0 -1
    outer loop
      vertex -9.988830000162125 0.9465664029121399 0
      vertex -17 7.5 0
      vertex -9.745109997689724 0.9922216013073921 0
    endloop
  endfacet
  facet normal 0 0 -1
    outer loop
      vertex -9.745109997689724 0.9922216013073921 0
      vertex -17 7.5 0
      vertex -9.48267000168562 1.0074400007724762 0
    endloop
  endfacet
  facet normal 0 0 -1
    outer loop
      vertex -17 7.5 0
      vertex -2.402549996972084 1.0847200006246567 0
      vertex -9.48267000168562 1.0074400007724762 0
    endloop
  endfacet
  facet normal 0 0 1
    outer loop
      vertex -11.113513201475143 -0.2017304003238678 1.6
      vertex -11.025874800980091 0.04671040177345276 1.6
      vertex -17 7.5 1.6
    endloop
  endfacet
  facet normal 0 0 1
    outer loop
      vertex -11.025874800980091 0.04671040177345276 1.6
      vertex -10.912354797124863 0.26764240115880966 1.6
      vertex -17 7.5 1.6
    endloop
  endfacet
  facet normal 0 0 1
    outer loop
      vertex -10.912354797124863 0.26764240115880966 1.6
      vertex -10.772953197360039 0.4610655978322029 1.6
      vertex -17 7.5 1.6
    endloop
  endfacet
  facet normal 0 0 1
    outer loop
      vertex -10.772953197360039 0.4610655978322029 1.6
      vertex -10.60767000168562 0.6269799992442131 1.6
      vertex -17 7.5 1.6
    endloop
  endfacet
  facet normal 0 0 1
    outer loop
      vertex -10.60767000168562 0.6269799992442131 1.6
      vertex -10.420110002160072 0.7639456018805504 1.6
      vertex -17 7.5 1.6
    endloop
  endfacet
  facet normal 0 0 1
    outer loop
      vertex -10.420110002160072 0.7639456018805504 1.6
      vertex -10.21383000165224 0.8704743981361389 1.6
      vertex -17 7.5 1.6
    endloop
  endfacet
  facet normal 0 0 1
    outer loop
      vertex -10.21383000165224 0.8704743981361389 1.6
      vertex -9.988830000162125 0.9465664029121399 1.6
      vertex -17 7.5 1.6
    endloop
  endfacet
  facet normal 0 0 1
    outer loop
      vertex -9.988830000162125 0.9465664029121399 1.6
      vertex -9.745109997689724 0.9922216013073921 1.6
      vertex -17 7.5 1.6
    endloop
  endfacet
  facet normal 0 0 1
    outer loop
      vertex -9.745109997689724 0.9922216013073921 1.6
      vertex -9.48267000168562 1.0074400007724762 1.6
      vertex -17 7.5 1.6
    endloop
  endfacet
  facet normal 0 0 1
    outer loop
      vertex -17 7.5 1.6
      vertex -8.451017998158932 0.7467063963413239 1.6
      vertex -8.165069997310638 0.5439136028289795 1.6
    endloop
  endfacet
  facet normal 0 0 1
    outer loop
      vertex -4.632210001349449 -0.660740002989769 1.6
      vertex -17 7.5 1.6
      vertex -8.165069997310638 0.5439136028289795 1.6
    endloop
  endfacet
  facet normal 0 0 1
    outer loop
      vertex -17 7.5 1.6
      vertex -9.48267000168562 1.0074400007724762 1.6
      vertex -9.109817996621132 0.9784696027636528 1.6
    endloop
  endfacet
  facet normal 0 0 1
    outer loop
      vertex -17 7.5 1.6
      vertex -9.109817996621132 0.9784696027636528 1.6
      vertex -8.765933997929096 0.891558401286602 1.6
    endloop
  endfacet
  facet normal 0 0 1
    outer loop
      vertex -17 7.5 1.6
      vertex -8.765933997929096 0.891558401286602 1.6
      vertex -8.451017998158932 0.7467063963413239 1.6
    endloop
  endfacet
  facet normal -0.9951847266721969 0.09801714032956062 2.1126288959052868e-20
    outer loop
      vertex -19 5.5 0
      vertex -18.96157056080646 5.890180644032257 1.6
      vertex -18.96157056080646 5.890180644032257 0
    endloop
  endfacet
  facet normal -0.9951847266721969 0.09801714032956062 0
    outer loop
      vertex -19 5.5 0
      vertex -19 5.5 1.6
      vertex -18.96157056080646 5.890180644032257 1.6
    endloop
  endfacet
  facet normal -0.9569403357322078 0.2902846772544659 -3.6215195673799024e-19
    outer loop
      vertex -18.96157056080646 5.890180644032257 0
      vertex -18.847759065022572 6.265366864730179 1.6
      vertex -18.847759065022572 6.265366864730179 0
    endloop
  endfacet
  facet normal -0.8819212643483558 0.471396736825996 7.434954608768316e-18
    outer loop
      vertex -18.847759065022572 6.265366864730179 0
      vertex -18.66293922460509 6.611140466039204 1.6
      vertex -18.66293922460509 6.611140466039204 0
    endloop
  endfacet
  facet normal -0.7730104533627388 0.6343932841636434 -5.246771050861126e-19
    outer loop
      vertex -18.66293922460509 6.611140466039204 0
      vertex -18.414213562373096 6.914213562373095 1.6
      vertex -18.414213562373096 6.914213562373095 0
    endloop
  endfacet
  facet normal -0.6343932841636428 0.7730104533627392 -1.0509019651639036e-17
    outer loop
      vertex -18.414213562373096 6.914213562373095 0
      vertex -18.111140466039203 7.162939224605091 1.6
      vertex -18.111140466039203 7.162939224605091 0
    endloop
  endfacet
  facet normal -0.4713967368259996 0.8819212643483539 -4.233203897366585e-18
    outer loop
      vertex -18.111140466039203 7.162939224605091 0
      vertex -17.76536686473018 7.347759065022574 1.6
      vertex -17.76536686473018 7.347759065022574 0
    endloop
  endfacet
  facet normal -0.2902846772544611 0.9569403357322093 5.391952299623029e-18
    outer loop
      vertex -17.76536686473018 7.347759065022574 0
      vertex -17.390180644032256 7.461570560806461 1.6
      vertex -17.390180644032256 7.461570560806461 0
    endloop
  endfacet
  facet normal -0.09801714032956083 0.9951847266721968 9.174474336046246e-19
    outer loop
      vertex -17.390180644032256 7.461570560806461 0
      vertex -17 7.5 1.6
      vertex -17 7.5 0
    endloop
  endfacet
  facet normal -0.9569403357322078 0.2902846772544659 0
    outer loop
      vertex -18.96157056080646 5.890180644032257 0
      vertex -18.96157056080646 5.890180644032257 1.6
      vertex -18.847759065022572 6.265366864730179 1.6
    endloop
  endfacet
  facet normal -0.8819212643483558 0.471396736825996 0
    outer loop
      vertex -18.847759065022572 6.265366864730179 0
      vertex -18.847759065022572 6.265366864730179 1.6
      vertex -18.66293922460509 6.611140466039204 1.6
    endloop
  endfacet
  facet normal -0.7730104533627388 0.6343932841636434 0
    outer loop
      vertex -18.66293922460509 6.611140466039204 0
      vertex -18.66293922460509 6.611140466039204 1.6
      vertex -18.414213562373096 6.914213562373095 1.6
    endloop
  endfacet
  facet normal -0.6343932841636428 0.7730104533627392 0
    outer loop
      vertex -18.414213562373096 6.914213562373095 0
      vertex -18.414213562373096 6.914213562373095 1.6
      vertex -18.111140466039203 7.162939224605091 1.6
    endloop
  endfacet
  facet normal -0.4713967368259996 0.8819212643483539 0
    outer loop
      vertex -18.111140466039203 7.162939224605091 0
      vertex -18.111140466039203 7.162939224605091 1.6
      vertex -17.76536686473018 7.347759065022574 1.6
    endloop
  endfacet
  facet normal -0.2902846772544611 0.9569403357322093 0
    outer loop
      vertex -17.76536686473018 7.347759065022574 0
      vertex -17.76536686473018 7.347759065022574 1.6
      vertex -17.390180644032256 7.461570560806461 1.6
    endloop
  endfacet
  facet normal -0.09801714032956083 0.9951847266721968 0
    outer loop
      vertex -17.390180644032256 7.461570560806461 0
      vertex -17.390180644032256 7.461570560806461 1.6
      vertex -17 7.5 1.6
    endloop
  endfacet
  facet normal 0 0 -1
    outer loop
      vertex -9.48267000168562 1.0074400007724762 0
      vertex -2.402549996972084 1.0847200006246567 0
      vertex -9.109817996621132 0.9784696027636528 0
    endloop
  endfacet
  facet normal 0 0 -1
    outer loop
      vertex -8.765933997929096 0.891558401286602 0
      vertex -2.402549996972084 1.0847200006246567 0
      vertex -8.451017998158932 0.7467063963413239 0
    endloop
  endfacet
  facet normal 0 0 -1
    outer loop
      vertex -8.765933997929096 0.891558401286602 0
      vertex -9.109817996621132 0.9784696027636528 0
      vertex -2.402549996972084 1.0847200006246567 0
    endloop
  endfacet
  facet normal 0 0 -1
    outer loop
      vertex -8.451017998158932 0.7467063963413239 0
      vertex -2.402549996972084 1.0847200006246567 0
      vertex -8.165069997310638 0.5439136028289795 0
    endloop
  endfacet
  facet normal 0 0 -1
    outer loop
      vertex -7.908090002834797 0.28317999839782715 0
      vertex -8.165069997310638 0.5439136028289795 0
      vertex -2.402549996972084 1.0847200006246567 0
    endloop
  endfacet
  facet normal 0 0 -1
    outer loop
      vertex -4.632210001349449 -0.660740002989769 0
      vertex -7.908090002834797 0.28317999839782715 0
      vertex -2.402549996972084 1.0847200006246567 0
    endloop
  endfacet
  facet normal 0 0 -1
    outer loop
      vertex -17 7.5 0
      vertex -1.120889998972416 1.0847200006246567 0
      vertex -2.402549996972084 1.0847200006246567 0
    endloop
  endfacet
  facet normal 0 0 1
    outer loop
      vertex -4.632210001349449 -0.660740002989769 1.6
      vertex -3.488909997045994 -0.660740002989769 1.6
      vertex -17 7.5 1.6
    endloop
  endfacet
  facet normal 0 0 1
    outer loop
      vertex -3.488909997045994 -0.660740002989769 1.6
      vertex -3.1023299992084503 -0.660740002989769 1.6
      vertex -17 7.5 1.6
    endloop
  endfacet
  facet normal 0 0 1
    outer loop
      vertex -3.1023299992084503 -0.660740002989769 1.6
      vertex -1.283670000731945 -0.1317799985408783 1.6
      vertex -17 7.5 1.6
    endloop
  endfacet
  facet normal 0 0 1
    outer loop
      vertex -1.283670000731945 -0.1317799985408783 1.6
      vertex -2.402549996972084 1.0847200006246567 1.6
      vertex -17 7.5 1.6
    endloop
  endfacet
  facet normal 0 0 1
    outer loop
      vertex -17 7.5 1.6
      vertex -2.402549996972084 1.0847200006246567 1.6
      vertex -1.120889998972416 1.0847200006246567 1.6
    endloop
  endfacet
  facet normal 0 0 1
    outer loop
      vertex -17 7.5 1.6
      vertex -1.120889998972416 1.0847200006246567 1.6
      vertex -1.697056274847714 2.202943725152286 1.6
    endloop
  endfacet
  facet normal 0 0 1
    outer loop
      vertex -1.120889998972416 1.0847200006246567 1.6
      vertex -1.3333685592470452 1.9044729304738914 1.6
      vertex -1.697056274847714 2.202943725152286 1.6
    endloop
  endfacet
  facet normal 0 0 1
    outer loop
      vertex -1.120889998972416 1.0847200006246567 1.6
      vertex -0.5 1.5557566635859637 1.6
      vertex -0.9184402376762154 1.6826891219729117 1.6
    endloop
  endfacet
  facet normal 0 0 1
    outer loop
      vertex -1.120889998972416 1.0847200006246567 1.6
      vertex -0.9184402376762154 1.6826891219729117 1.6
      vertex -1.3333685592470452 1.9044729304738914 1.6
    endloop
  endfacet
  facet normal 0 0 -1
    outer loop
      vertex -17 7.5 0
      vertex 4.754730001091957 0.9830200001597404 0
      vertex -1.120889998972416 1.0847200006246567 0
    endloop
  endfacet
  facet normal 0 0 -1
    outer loop
      vertex -17 7.5 0
      vertex 5.898029997944832 0.9830200001597404 0
      vertex 4.754730001091957 0.9830200001597404 0
    endloop
  endfacet
  facet normal 0 0 1
    outer loop
      vertex -17 7.5 1.6
      vertex -2.2173108780270883 2.9815597623237844 1.6
      vertex -2.353884672967753 3.4317832271612922 1.6
    endloop
  endfacet
  facet normal 0 0 1
    outer loop
      vertex -17 7.5 1.6
      vertex -2.353884672967753 3.4317832271612922 1.6
      vertex -2.4 3.9 1.6
    endloop
  endfacet
  facet normal 0 0 1
    outer loop
      vertex -17 7.5 1.6
      vertex -2.4 3.9 1.6
      vertex -2.4 5.1 1.6
    endloop
  endfacet
  facet normal 0 0 1
    outer loop
      vertex -17 7.5 1.6
      vertex -1.697056274847714 2.202943725152286 1.6
      vertex -1.9955270695261085 2.5666314407529547 1.6
    endloop
  endfacet
  facet normal 0 0 1
    outer loop
      vertex -17 7.5 1.6
      vertex -1.9955270695261085 2.5666314407529547 1.6
      vertex -2.2173108780270883 2.9815597623237844 1.6
    endloop
  endfacet
  facet normal 0 0 1
    outer loop
      vertex -17 7.5 1.6
      vertex -2.4 5.1 1.6
      vertex -2.353884672967753 5.568216772838708 1.6
    endloop
  endfacet
  facet normal 0 0 1
    outer loop
      vertex -17 7.5 1.6
      vertex -2.353884672967753 5.568216772838708 1.6
      vertex -2.2173108780270883 6.018440237676216 1.6
    endloop
  endfacet
  facet normal 0 0 1
    outer loop
      vertex -17 7.5 1.6
      vertex -2.2173108780270883 6.018440237676216 1.6
      vertex -1.9955270695261085 6.433368559247045 1.6
    endloop
  endfacet
  facet normal 0 1 0
    outer loop
      vertex -17 7.5 0
      vertex -17 7.5 1.6
      vertex 17 7.5 1.6
    endloop
  endfacet
  facet normal 0 0 1
    outer loop
      vertex -17 7.5 1.6
      vertex -1.9955270695261085 6.433368559247045 1.6
      vertex -1.697056274847714 6.797056274847714 1.6
    endloop
  endfacet
  facet normal 0 0 1
    outer loop
      vertex -17 7.5 1.6
      vertex -1.697056274847714 6.797056274847714 1.6
      vertex -1.3333685592470452 7.095527069526108 1.6
    endloop
  endfacet
  facet normal 0 0 1
    outer loop
      vertex -17 7.5 1.6
      vertex -1.3333685592470452 7.095527069526108 1.6
      vertex -0.9184402376762154 7.317310878027088 1.6
    endloop
  endfacet
  facet normal 0 0 1
    outer loop
      vertex -17 7.5 1.6
      vertex -0.9184402376762154 7.317310878027088 1.6
      vertex -0.5 7.444243336414036 1.6
    endloop
  endfacet
  facet normal 0 0 1
    outer loop
      vertex -0.5 1.5557566635859637 1.6
      vertex 0.5 7.444243336414036 1.6
      vertex -0.5 7.444243336414036 1.6
    endloop
  endfacet
  facet normal 0 0 1
    outer loop
      vertex -17 7.5 1.6
      vertex -0.5 7.444243336414036 1.6
      vertex 17 7.5 1.6
    endloop
  endfacet
  facet normal 0 0 -1
    outer loop
      vertex -17 -7.5 0
      vertex 5.898029997944832 -4.981760002672672 0
      vertex 17 -7.5 0
    endloop
  endfacet
  facet normal 0 0 1
    outer loop
      vertex -17 -7.5 1.6
      vertex 17 -7.5 1.6
      vertex 5.898029997944832 -4.981760002672672 1.6
    endloop
  endfacet
  facet normal 0 0 -1
    outer loop
      vertex -0.2509524002671242 -5.050306402146816 0
      vertex 0.0558324009180069 -4.962905600667 0
      vertex 1.9635900035500526 -4.981760002672672 0
    endloop
  endfacet
  facet normal 0 0 -1
    outer loop
      vertex 0.0558324009180069 -4.962905600667 0
      vertex 0.31216440349817276 -4.817237600684166 0
      vertex 1.9635900035500526 -4.981760002672672 0
    endloop
  endfacet
  facet normal 0 0 -1
    outer loop
      vertex 0.31216440349817276 -4.817237600684166 0
      vertex 0.5180436000227928 -4.613302402198315 0
      vertex 1.9635900035500526 -4.981760002672672 0
    endloop
  endfacet
  facet normal 0 0 -1
    outer loop
      vertex 1.9635900035500526 -4.981760002672672 0
      vertex 0.5180436000227928 -4.613302402198315 0
      vertex 0.6734699979424477 -4.351099997758865 0
    endloop
  endfacet
  facet normal 0 0 -1
    outer loop
      vertex 1.9635900035500526 -4.981760002672672 0
      vertex 0.6734699979424477 -4.351099997758865 0
      vertex 0.7291115969419479 -4.202184796333313 0
    endloop
  endfacet
  facet normal 0 0 -1
    outer loop
      vertex 1.9635900035500526 -4.981760002672672 0
      vertex 0.7291115969419479 -4.202184796333313 0
      vertex 0.7723883986473083 -4.032111197710037 0
    endloop
  endfacet
  facet normal 0 0 -1
    outer loop
      vertex 1.9635900035500526 -4.981760002672672 0
      vertex 0.7723883986473083 -4.032111197710037 0
      vertex 0.8033004030585289 -3.840879201889038 0
    endloop
  endfacet
  facet normal 0 0 -1
    outer loop
      vertex 1.9635900035500526 -4.981760002672672 0
      vertex 0.8033004030585289 -3.840879201889038 0
      vertex 0.821847602725029 -3.628488801419735 0
    endloop
  endfacet
  facet normal 0 0 -1
    outer loop
      vertex 1.9635900035500526 -4.981760002672672 0
      vertex 0.821847602725029 -3.628488801419735 0
      vertex 0.8280299976468086 -3.394939996302128 0
    endloop
  endfacet
  facet normal 0 0 -1
    outer loop
      vertex 3.1068900004029274 -4.981760002672672 0
      vertex 3.1068900004029274 -2.6991799995303154 0
      vertex 4.754730001091957 -4.981760002672672 0
    endloop
  endfacet
  facet normal 0 0 1
    outer loop
      vertex -0.2509524002671242 -5.050306402146816 1.6
      vertex 1.9635900035500526 -4.981760002672672 1.6
      vertex 0.0558324009180069 -4.962905600667 1.6
    endloop
  endfacet
  facet normal 0 0 1
    outer loop
      vertex 0.0558324009180069 -4.962905600667 1.6
      vertex 1.9635900035500526 -4.981760002672672 1.6
      vertex 0.31216440349817276 -4.817237600684166 1.6
    endloop
  endfacet
  facet normal 0 0 1
    outer loop
      vertex 0.31216440349817276 -4.817237600684166 1.6
      vertex 1.9635900035500526 -4.981760002672672 1.6
      vertex 0.5180436000227928 -4.613302402198315 1.6
    endloop
  endfacet
  facet normal 0 0 1
    outer loop
      vertex 1.9635900035500526 -4.981760002672672 1.6
      vertex 0.6734699979424477 -4.351099997758865 1.6
      vertex 0.5180436000227928 -4.613302402198315 1.6
    endloop
  endfacet
  facet normal 0 0 1
    outer loop
      vertex 1.9635900035500526 -4.981760002672672 1.6
      vertex 0.7291115969419479 -4.202184796333313 1.6
      vertex 0.6734699979424477 -4.351099997758865 1.6
    endloop
  endfacet
  facet normal 0 0 1
    outer loop
      vertex 1.9635900035500526 -4.981760002672672 1.6
      vertex 0.7723883986473083 -4.032111197710037 1.6
      vertex 0.7291115969419479 -4.202184796333313 1.6
    endloop
  endfacet
  facet normal 0 0 1
    outer loop
      vertex 1.9635900035500526 -4.981760002672672 1.6
      vertex 0.8033004030585289 -3.840879201889038 1.6
      vertex 0.7723883986473083 -4.032111197710037 1.6
    endloop
  endfacet
  facet normal 0 0 1
    outer loop
      vertex 1.9635900035500526 -4.981760002672672 1.6
      vertex 0.821847602725029 -3.628488801419735 1.6
      vertex 0.8033004030585289 -3.840879201889038 1.6
    endloop
  endfacet
  facet normal 0 0 1
    outer loop
      vertex 3.1068900004029274 -4.981760002672672 1.6
      vertex 4.754730001091957 -4.981760002672672 1.6
      vertex 4.754730001091957 -2.8171999976038933 1.6
    endloop
  endfacet
  facet normal 0 -1 0
    outer loop
      vertex -17 -7.5 1.6
      vertex 17 -7.5 0
      vertex 17 -7.5 1.6
    endloop
  endfacet
  facet normal 0 0 -1
    outer loop
      vertex 1.9635900035500526 -4.981760002672672 0
      vertex 0.8280299976468086 -3.394939996302128 0
      vertex 1.9635900035500526 -2.4469399973750114 0
    endloop
  endfacet
  facet normal 0 0 -1
    outer loop
      vertex 0.8280299976468086 -3.394939996302128 0
      vertex 1.9659492000937462 -2.226418398320675 0
      vertex 1.9635900035500526 -2.4469399973750114 0
    endloop
  endfacet
  facet normal 0 0 -1
    outer loop
      vertex 0.8280299976468086 -3.394939996302128 0
      vertex 1.9730267971754074 -2.0303096026182175 0
      vertex 1.9659492000937462 -2.226418398320675 0
    endloop
  endfacet
  facet normal 0 0 -1
    outer loop
      vertex 0.8280299976468086 -3.394939996302128 0
      vertex 0.8280299976468086 -0.660740002989769 0
      vertex 1.9730267971754074 -2.0303096026182175 0
    endloop
  endfacet
  facet normal 0 0 -1
    outer loop
      vertex 4.754730001091957 -4.981760002672672 0
      vertex 3.1068900004029274 -2.6991799995303154 0
      vertex 4.754730001091957 -2.8171999976038933 0
    endloop
  endfacet
  facet normal 0 0 -1
    outer loop
      vertex 3.1068900004029274 -2.6991799995303154 0
      vertex 3.109494000673294 -2.447237603366375 0
      vertex 4.7505804002285 -2.609772801399231 0
    endloop
  endfacet
  facet normal 0 0 -1
    outer loop
      vertex 3.109494000673294 -2.447237603366375 0
      vertex 3.117306001484394 -2.235010400414467 0
      vertex 4.688336402177811 -2.1154208034276962 0
    endloop
  endfacet
  facet normal 0 0 -1
    outer loop
      vertex 3.1068900004029274 -2.6991799995303154 0
      vertex 4.7505804002285 -2.609772801399231 0
      vertex 4.754730001091957 -2.8171999976038933 0
    endloop
  endfacet
  facet normal 0 0 -1
    outer loop
      vertex 3.109494000673294 -2.447237603366375 0
      vertex 4.73813159763813 -2.423667199909687 0
      vertex 4.7505804002285 -2.609772801399231 0
    endloop
  endfacet
  facet normal 0 0 -1
    outer loop
      vertex 3.109494000673294 -2.447237603366375 0
      vertex 4.717383600771427 -2.258883200585842 0
      vertex 4.73813159763813 -2.423667199909687 0
    endloop
  endfacet
  facet normal 0 0 -1
    outer loop
      vertex 3.109494000673294 -2.447237603366375 0
      vertex 4.688336402177811 -2.1154208034276962 0
      vertex 4.717383600771427 -2.258883200585842 0
    endloop
  endfacet
  facet normal 0 0 -1
    outer loop
      vertex 3.117306001484394 -2.235010400414467 0
      vertex 3.1303260028362274 -2.0624983981251717 0
      vertex 4.688336402177811 -2.1154208034276962 0
    endloop
  endfacet
  facet normal 0 0 -1
    outer loop
      vertex 3.1303260028362274 -2.0624983981251717 0
      vertex 3.1485539972782135 -1.9297015964984894 0
      vertex 4.688336402177811 -2.1154208034276962 0
    endloop
  endfacet
  facet normal 0 0 -1
    outer loop
      vertex 3.1485539972782135 -1.9297015964984894 0
      vertex 3.1719899997115135 -1.8366200029850006 0
      vertex 4.688336402177811 -2.1154208034276962 0
    endloop
  endfacet
  facet normal 0 0 -1
    outer loop
      vertex 4.688336402177811 -2.1154208034276962 0
      vertex 3.1719899997115135 -1.8366200029850006 0
      vertex 3.2020187973976135 -1.7663839980959892 0
    endloop
  endfacet
  facet normal 0 0 -1
    outer loop
      vertex 4.688336402177811 -2.1154208034276962 0
      vertex 3.2020187973976135 -1.7663839980959892 0
      vertex 3.2400251999497414 -1.702172003686428 0
    endloop
  endfacet
  facet normal 0 0 -1
    outer loop
      vertex 4.688336402177811 -2.1154208034276962 0
      vertex 3.2400251999497414 -1.702172003686428 0
      vertex 3.2860091999173164 -1.6439839974045753 0
    endloop
  endfacet
  facet normal 0 0 -1
    outer loop
      vertex 4.688336402177811 -2.1154208034276962 0
      vertex 3.2860091999173164 -1.6439839974045753 0
      vertex 3.3399707973003387 -1.5918200016021729 0
    endloop
  endfacet
  facet normal 0 0 -1
    outer loop
      vertex 4.688336402177811 -2.1154208034276962 0
      vertex 4.032922796905041 -1.4599976018071175 0
      vertex 4.650990001857281 -1.9932800009846687 0
    endloop
  endfacet
  facet normal 0 0 -1
    outer loop
      vertex 4.650990001857281 -1.9932800009846687 0
      vertex 4.231489196419716 -1.5264104008674622 0
      vertex 4.604691602289677 -1.8874135985970497 0
    endloop
  endfacet
  facet normal 0 0 1
    outer loop
      vertex 1.9635900035500526 -4.981760002672672 1.6
      vertex 1.9635900035500526 -2.4469399973750114 1.6
      vertex 0.821847602725029 -3.628488801419735 1.6
    endloop
  endfacet
  facet normal 0 0 1
    outer loop
      vertex 0.821847602725029 -3.628488801419735 1.6
      vertex 1.9635900035500526 -2.4469399973750114 1.6
      vertex 0.8280299976468086 -3.394939996302128 1.6
    endloop
  endfacet
  facet normal 0 0 1
    outer loop
      vertex 0.8280299976468086 -3.394939996302128 1.6
      vertex 1.9635900035500526 -2.4469399973750114 1.6
      vertex 1.9659492000937462 -2.226418398320675 1.6
    endloop
  endfacet
  facet normal 0 0 1
    outer loop
      vertex 0.8280299976468086 -3.394939996302128 1.6
      vertex 1.9659492000937462 -2.226418398320675 1.6
      vertex 1.9730267971754074 -2.0303096026182175 1.6
    endloop
  endfacet
  facet normal 0 0 1
    outer loop
      vertex 0.8280299976468086 -3.394939996302128 1.6
      vertex 1.9730267971754074 -2.0303096026182175 1.6
      vertex 1.984822802245617 -1.8586136028170586 1.6
    endloop
  endfacet
  facet normal 0 0 1
    outer loop
      vertex 0.8280299976468086 -3.394939996302128 1.6
      vertex 1.984822802245617 -1.8586136028170586 1.6
      vertex 2.0013372004032135 -1.7113303989171982 1.6
    endloop
  endfacet
  facet normal 0 0 1
    outer loop
      vertex 0.8280299976468086 -3.394939996302128 1.6
      vertex 2.0013372004032135 -1.7113303989171982 1.6
      vertex 0.8280299976468086 -0.660740002989769 1.6
    endloop
  endfacet
  facet normal 0 0 1
    outer loop
      vertex 3.1068900004029274 -4.981760002672672 1.6
      vertex 4.754730001091957 -2.8171999976038933 1.6
      vertex 3.1068900004029274 -2.6991799995303154 1.6
    endloop
  endfacet
  facet normal 0 0 1
    outer loop
      vertex 3.1068900004029274 -2.6991799995303154 1.6
      vertex 4.73813159763813 -2.423667199909687 1.6
      vertex 3.109494000673294 -2.447237603366375 1.6
    endloop
  endfacet
  facet normal 0 0 1
    outer loop
      vertex 3.1068900004029274 -2.6991799995303154 1.6
      vertex 4.754730001091957 -2.8171999976038933 1.6
      vertex 4.7505804002285 -2.609772801399231 1.6
    endloop
  endfacet
  facet normal 0 0 1
    outer loop
      vertex 3.1068900004029274 -2.6991799995303154 1.6
      vertex 4.7505804002285 -2.609772801399231 1.6
      vertex 4.73813159763813 -2.423667199909687 1.6
    endloop
  endfacet
  facet normal 0 0 1
    outer loop
      vertex 3.109494000673294 -2.447237603366375 1.6
      vertex 4.73813159763813 -2.423667199909687 1.6
      vertex 4.717383600771427 -2.258883200585842 1.6
    endloop
  endfacet
  facet normal 0 0 1
    outer loop
      vertex 3.109494000673294 -2.447237603366375 1.6
      vertex 4.717383600771427 -2.258883200585842 1.6
      vertex 4.688336402177811 -2.1154208034276962 1.6
    endloop
  endfacet
  facet normal 0 0 1
    outer loop
      vertex 3.109494000673294 -2.447237603366375 1.6
      vertex 4.650990001857281 -1.9932800009846687 1.6
      vertex 3.117306001484394 -2.235010400414467 1.6
    endloop
  endfacet
  facet normal 0 0 1
    outer loop
      vertex 3.117306001484394 -2.235010400414467 1.6
      vertex 4.650990001857281 -1.9932800009846687 1.6
      vertex 3.1303260028362274 -2.0624983981251717 1.6
    endloop
  endfacet
  facet normal 0 0 1
    outer loop
      vertex 3.109494000673294 -2.447237603366375 1.6
      vertex 4.688336402177811 -2.1154208034276962 1.6
      vertex 4.650990001857281 -1.9932800009846687 1.6
    endloop
  endfacet
  facet normal 0 0 1
    outer loop
      vertex 3.1303260028362274 -2.0624983981251717 1.6
      vertex 4.650990001857281 -1.9932800009846687 1.6
      vertex 3.1485539972782135 -1.9297015964984894 1.6
    endloop
  endfacet
  facet normal 0 0 1
    outer loop
      vertex 3.1485539972782135 -1.9297015964984894 1.6
      vertex 4.650990001857281 -1.9932800009846687 1.6
      vertex 3.1719899997115135 -1.8366200029850006 1.6
    endloop
  endfacet
  facet normal 0 0 1
    outer loop
      vertex 4.650990001857281 -1.9932800009846687 1.6
      vertex 3.2020187973976135 -1.7663839980959892 1.6
      vertex 3.1719899997115135 -1.8366200029850006 1.6
    endloop
  endfacet
  facet normal 0 0 1
    outer loop
      vertex 4.650990001857281 -1.9932800009846687 1.6
      vertex 3.2400251999497414 -1.702172003686428 1.6
      vertex 3.2020187973976135 -1.7663839980959892 1.6
    endloop
  endfacet
  facet normal 0 0 1
    outer loop
      vertex 4.650990001857281 -1.9932800009846687 1.6
      vertex 4.604691602289677 -1.8874135985970497 1.6
      vertex 4.13464680314064 -1.4876696020364761 1.6
    endloop
  endfacet
  facet normal 0 0 -1
    outer loop
      vertex 1.9730267971754074 -2.0303096026182175 0
      vertex 0.8280299976468086 -0.660740002989769 0
      vertex 1.984822802245617 -1.8586136028170586 0
    endloop
  endfacet
  facet normal 0 0 -1
    outer loop
      vertex 1.984822802245617 -1.8586136028170586 0
      vertex 0.8280299976468086 -0.660740002989769 0
      vertex 2.0013372004032135 -1.7113303989171982 0
    endloop
  endfacet
  facet normal 0 0 -1
    outer loop
      vertex 2.0013372004032135 -1.7113303989171982 0
      vertex 0.8280299976468086 -0.660740002989769 0
      vertex 2.0225699990987778 -1.588459998369217 0
    endloop
  endfacet
  facet normal 0 0 -1
    outer loop
      vertex 2.0225699990987778 -1.588459998369217 0
      vertex 0.8280299976468086 -0.660740002989769 0
      vertex 2.0502324029803276 -1.4797279983758926 0
    endloop
  endfacet
  facet normal 0 0 -1
    outer loop
      vertex 2.0502324029803276 -1.4797279983758926 0
      vertex 0.8280299976468086 -0.660740002989769 0
      vertex 2.0860356017947197 -1.3749080002307892 0
    endloop
  endfacet
  facet normal 0 0 -1
    outer loop
      vertex 2.0860356017947197 -1.3749080002307892 0
      vertex 0.8280299976468086 -0.660740002989769 0
      vertex 2.1299796029925346 -1.273999996483326 0
    endloop
  endfacet
  facet normal 0 0 -1
    outer loop
      vertex 2.1299796029925346 -1.273999996483326 0
      vertex 0.8280299976468086 -0.660740002989769 0
      vertex 2.182064399123192 -1.1770040020346642 0
    endloop
  endfacet
  facet normal 0 0 -1
    outer loop
      vertex -1.120889998972416 1.0847200006246567 0
      vertex 2.242289997637272 -1.0839200019836426 0
      vertex 2.182064399123192 -1.1770040020346642 0
    endloop
  endfacet
  facet normal 0 0 -1
    outer loop
      vertex -1.120889998972416 1.0847200006246567 0
      vertex 2.182064399123192 -1.1770040020346642 0
      vertex 0.8280299976468086 -0.660740002989769 0
    endloop
  endfacet
  facet normal 0 0 -1
    outer loop
      vertex -1.120889998972416 1.0847200006246567 0
      vertex 2.312830798327923 -0.9960248023271561 0
      vertex 2.242289997637272 -1.0839200019836426 0
    endloop
  endfacet
  facet normal 0 0 -1
    outer loop
      vertex -1.120889998972416 1.0847200006246567 0
      vertex 2.395909197628498 -0.9146431982517242 0
      vertex 2.312830798327923 -0.9960248023271561 0
    endloop
  endfacet
  facet normal 0 0 -1
    outer loop
      vertex -1.120889998972416 1.0847200006246567 0
      vertex 2.4915252029895782 -0.8397751972079277 0
      vertex 2.395909197628498 -0.9146431982517242 0
    endloop
  endfacet
  facet normal 0 0 -1
    outer loop
      vertex -1.120889998972416 1.0847200006246567 0
      vertex 2.599678799510002 -0.7714207991957664 0
      vertex 2.4915252029895782 -0.8397751972079277 0
    endloop
  endfacet
  facet normal 0 0 -1
    outer loop
      vertex -1.120889998972416 1.0847200006246567 0
      vertex 2.720370002090931 -0.7095799967646599 0
      vertex 2.599678799510002 -0.7714207991957664 0
    endloop
  endfacet
  facet normal 0 0 -1
    outer loop
      vertex -1.120889998972416 1.0847200006246567 0
      vertex 2.850399598479271 -0.6568543985486031 0
      vertex 2.720370002090931 -0.7095799967646599 0
    endloop
  endfacet
  facet normal 0 0 -1
    outer loop
      vertex -1.120889998972416 1.0847200006246567 0
      vertex 2.986616402864456 -0.6158455982804298 0
      vertex 2.850399598479271 -0.6568543985486031 0
    endloop
  endfacet
  facet normal 0 0 -1
    outer loop
      vertex -1.120889998972416 1.0847200006246567 0
      vertex 3.1290204003453255 -0.5865536034107208 0
      vertex 2.986616402864456 -0.6158455982804298 0
    endloop
  endfacet
  facet normal 0 0 -1
    outer loop
      vertex 4.688336402177811 -2.1154208034276962 0
      vertex 3.3399707973003387 -1.5918200016021729 0
      vertex 3.401909999549389 -1.5456800013780594 0
    endloop
  endfacet
  facet normal 0 0 -1
    outer loop
      vertex 4.688336402177811 -2.1154208034276962 0
      vertex 3.401909999549389 -1.5456800013780594 0
      vertex 3.471150003373623 -1.5068648010492325 0
    endloop
  endfacet
  facet normal 0 0 -1
    outer loop
      vertex 4.688336402177811 -2.1154208034276962 0
      vertex 3.471150003373623 -1.5068648010492325 0
      vertex 3.547062002122402 -1.476675197482109 0
    endloop
  endfacet
  facet normal 0 0 -1
    outer loop
      vertex 4.688336402177811 -2.1154208034276962 0
      vertex 3.547062002122402 -1.476675197482109 0
      vertex 3.6296460032463074 -1.4551111981272697 0
    endloop
  endfacet
  facet normal 0 0 -1
    outer loop
      vertex 4.688336402177811 -2.1154208034276962 0
      vertex 3.6296460032463074 -1.4551111981272697 0
      vertex 3.718901999294758 -1.4421728029847145 0
    endloop
  endfacet
  facet normal 0 0 -1
    outer loop
      vertex 4.688336402177811 -2.1154208034276962 0
      vertex 3.718901999294758 -1.4421728029847145 0
      vertex 3.814829997718334 -1.4378599971532822 0
    endloop
  endfacet
  facet normal 0 0 -1
    outer loop
      vertex 4.688336402177811 -2.1154208034276962 0
      vertex 3.814829997718334 -1.4378599971532822 0
      vertex 3.926317200064659 -1.4433944001793861 0
    endloop
  endfacet
  facet normal 0 0 -1
    outer loop
      vertex 4.688336402177811 -2.1154208034276962 0
      vertex 3.926317200064659 -1.4433944001793861 0
      vertex 4.032922796905041 -1.4599976018071175 0
    endloop
  endfacet
  facet normal 0 0 -1
    outer loop
      vertex 4.650990001857281 -1.9932800009846687 0
      vertex 4.13464680314064 -1.4876696020364761 0
      vertex 4.231489196419716 -1.5264104008674622 0
    endloop
  endfacet
  facet normal 0 0 -1
    outer loop
      vertex 4.548788398504257 -1.7927744016051292 0
      vertex 4.323449999094009 -1.5762199983000755 0
      vertex 4.483280397951603 -1.7093624025583267 0
    endloop
  endfacet
  facet normal 0 0 -1
    outer loop
      vertex 4.604691602289677 -1.8874135985970497 0
      vertex 4.231489196419716 -1.5264104008674622 0
      vertex 4.323449999094009 -1.5762199983000755 0
    endloop
  endfacet
  facet normal 0 0 -1
    outer loop
      vertex 4.650990001857281 -1.9932800009846687 0
      vertex 4.032922796905041 -1.4599976018071175 0
      vertex 4.13464680314064 -1.4876696020364761 0
    endloop
  endfacet
  facet normal 0 0 -1
    outer loop
      vertex 4.483280397951603 -1.7093624025583267 0
      vertex 4.323449999094009 -1.5762199983000755 0
      vertex 4.408167600631714 -1.6371776014566422 0
    endloop
  endfacet
  facet normal 0 0 -1
    outer loop
      vertex 4.604691602289677 -1.8874135985970497 0
      vertex 4.323449999094009 -1.5762199983000755 0
      vertex 4.548788398504257 -1.7927744016051292 0
    endloop
  endfacet
  facet normal 0 0 -1
    outer loop
      vertex 4.524774000048637 -0.9771488010883331 0
      vertex 4.754730001091957 0.9830200001597404 0
      vertex 4.754730001091957 -1.2100400030612946 0
    endloop
  endfacet
  facet normal 0 0 -1
    outer loop
      vertex 3.1290204003453255 -0.5865536034107208 0
      vertex 4.754730001091957 0.9830200001597404 0
      vertex 3.2776115983724594 -0.5689783990383148 0
    endloop
  endfacet
  facet normal 0 0 -1
    outer loop
      vertex 3.2776115983724594 -0.5689783990383148 0
      vertex 4.754730001091957 0.9830200001597404 0
      vertex 3.432389996945858 -0.563120000064373 0
    endloop
  endfacet
  facet normal 0 0 -1
    outer loop
      vertex 3.432389996945858 -0.563120000064373 0
      vertex 4.754730001091957 0.9830200001597404 0
      vertex 3.7313700020313263 -0.5889967978000641 0
    endloop
  endfacet
  facet normal 0 0 -1
    outer loop
      vertex 4.013094000518322 -0.6666271984577179 0
      vertex 4.754730001091957 0.9830200001597404 0
      vertex 4.277561999857426 -0.7960112020373344 0
    endloop
  endfacet
  facet normal 0 0 -1
    outer loop
      vertex 4.524774000048637 -0.9771488010883331 0
      vertex 4.277561999857426 -0.7960112020373344 0
      vertex 4.754730001091957 0.9830200001597404 0
    endloop
  endfacet
  facet normal 0 0 -1
    outer loop
      vertex 3.7313700020313263 -0.5889967978000641 0
      vertex 4.754730001091957 0.9830200001597404 0
      vertex 4.013094000518322 -0.6666271984577179 0
    endloop
  endfacet
  facet normal 0 0 1
    outer loop
      vertex 2.0013372004032135 -1.7113303989171982 1.6
      vertex 2.0225699990987778 -1.588459998369217 1.6
      vertex 0.8280299976468086 -0.660740002989769 1.6
    endloop
  endfacet
  facet normal 0 0 1
    outer loop
      vertex 2.0225699990987778 -1.588459998369217 1.6
      vertex 2.0502324029803276 -1.4797279983758926 1.6
      vertex 0.8280299976468086 -0.660740002989769 1.6
    endloop
  endfacet
  facet normal 0 0 1
    outer loop
      vertex 2.0502324029803276 -1.4797279983758926 1.6
      vertex 2.0860356017947197 -1.3749080002307892 1.6
      vertex 0.8280299976468086 -0.660740002989769 1.6
    endloop
  endfacet
  facet normal 0 0 1
    outer loop
      vertex 2.0860356017947197 -1.3749080002307892 1.6
      vertex 2.1299796029925346 -1.273999996483326 1.6
      vertex 0.8280299976468086 -0.660740002989769 1.6
    endloop
  endfacet
  facet normal 0 0 1
    outer loop
      vertex 2.1299796029925346 -1.273999996483326 1.6
      vertex 2.182064399123192 -1.1770040020346642 1.6
      vertex 0.8280299976468086 -0.660740002989769 1.6
    endloop
  endfacet
  facet normal 0 0 1
    outer loop
      vertex 2.182064399123192 -1.1770040020346642 1.6
      vertex 2.242289997637272 -1.0839200019836426 1.6
      vertex 0.8280299976468086 -0.660740002989769 1.6
    endloop
  endfacet
  facet normal 0 0 1
    outer loop
      vertex 2.242289997637272 -1.0839200019836426 1.6
      vertex 2.312830798327923 -0.9960248023271561 1.6
      vertex 0.8280299976468086 -0.660740002989769 1.6
    endloop
  endfacet
  facet normal 0 0 1
    outer loop
      vertex -0.559409998357296 -0.1317799985408783 1.6
      vertex 0.8280299976468086 -0.660740002989769 1.6
      vertex 2.312830798327923 -0.9960248023271561 1.6
    endloop
  endfacet
  facet normal 0 0 1
    outer loop
      vertex -0.559409998357296 -0.1317799985408783 1.6
      vertex 2.599678799510002 -0.7714207991957664 1.6
      vertex -1.120889998972416 1.0847200006246567 1.6
    endloop
  endfacet
  facet normal 0 0 1
    outer loop
      vertex -0.559409998357296 -0.1317799985408783 1.6
      vertex 2.312830798327923 -0.9960248023271561 1.6
      vertex 2.395909197628498 -0.9146431982517242 1.6
    endloop
  endfacet
  facet normal 0 0 1
    outer loop
      vertex -0.559409998357296 -0.1317799985408783 1.6
      vertex 2.395909197628498 -0.9146431982517242 1.6
      vertex 2.4915252029895782 -0.8397751972079277 1.6
    endloop
  endfacet
  facet normal 0 0 1
    outer loop
      vertex -0.559409998357296 -0.1317799985408783 1.6
      vertex 2.4915252029895782 -0.8397751972079277 1.6
      vertex 2.599678799510002 -0.7714207991957664 1.6
    endloop
  endfacet
  facet normal 0 0 1
    outer loop
      vertex -1.120889998972416 1.0847200006246567 1.6
      vertex 2.599678799510002 -0.7714207991957664 1.6
      vertex 2.720370002090931 -0.7095799967646599 1.6
    endloop
  endfacet
  facet normal 0 0 1
    outer loop
      vertex -1.120889998972416 1.0847200006246567 1.6
      vertex 2.720370002090931 -0.7095799967646599 1.6
      vertex 2.850399598479271 -0.6568543985486031 1.6
    endloop
  endfacet
  facet normal 0 0 1
    outer loop
      vertex -1.120889998972416 1.0847200006246567 1.6
      vertex 2.850399598479271 -0.6568543985486031 1.6
      vertex 2.986616402864456 -0.6158455982804298 1.6
    endloop
  endfacet
  facet normal 0 0 1
    outer loop
      vertex -1.120889998972416 1.0847200006246567 1.6
      vertex 2.986616402864456 -0.6158455982804298 1.6
      vertex 3.1290204003453255 -0.5865536034107208 1.6
    endloop
  endfacet
  facet normal 0 0 1
    outer loop
      vertex 4.650990001857281 -1.9932800009846687 1.6
      vertex 3.2860091999173164 -1.6439839974045753 1.6
      vertex 3.2400251999497414 -1.702172003686428 1.6
    endloop
  endfacet
  facet normal 0 0 1
    outer loop
      vertex 4.650990001857281 -1.9932800009846687 1.6
      vertex 3.3399707973003387 -1.5918200016021729 1.6
      vertex 3.2860091999173164 -1.6439839974045753 1.6
    endloop
  endfacet
  facet normal 0 0 1
    outer loop
      vertex 4.650990001857281 -1.9932800009846687 1.6
      vertex 3.401909999549389 -1.5456800013780594 1.6
      vertex 3.3399707973003387 -1.5918200016021729 1.6
    endloop
  endfacet
  facet normal 0 0 1
    outer loop
      vertex 4.650990001857281 -1.9932800009846687 1.6
      vertex 3.471150003373623 -1.5068648010492325 1.6
      vertex 3.401909999549389 -1.5456800013780594 1.6
    endloop
  endfacet
  facet normal 0 0 1
    outer loop
      vertex 4.650990001857281 -1.9932800009846687 1.6
      vertex 3.547062002122402 -1.476675197482109 1.6
      vertex 3.471150003373623 -1.5068648010492325 1.6
    endloop
  endfacet
  facet normal 0 0 1
    outer loop
      vertex 4.650990001857281 -1.9932800009846687 1.6
      vertex 3.6296460032463074 -1.4551111981272697 1.6
      vertex 3.547062002122402 -1.476675197482109 1.6
    endloop
  endfacet
  facet normal 0 0 1
    outer loop
      vertex 4.650990001857281 -1.9932800009846687 1.6
      vertex 3.718901999294758 -1.4421728029847145 1.6
      vertex 3.6296460032463074 -1.4551111981272697 1.6
    endloop
  endfacet
  facet normal 0 0 1
    outer loop
      vertex 4.650990001857281 -1.9932800009846687 1.6
      vertex 3.814829997718334 -1.4378599971532822 1.6
      vertex 3.718901999294758 -1.4421728029847145 1.6
    endloop
  endfacet
  facet normal 0 0 1
    outer loop
      vertex 4.650990001857281 -1.9932800009846687 1.6
      vertex 3.926317200064659 -1.4433944001793861 1.6
      vertex 3.814829997718334 -1.4378599971532822 1.6
    endloop
  endfacet
  facet normal 0 0 1
    outer loop
      vertex 4.604691602289677 -1.8874135985970497 1.6
      vertex 4.323449999094009 -1.5762199983000755 1.6
      vertex 4.231489196419716 -1.5264104008674622 1.6
    endloop
  endfacet
  facet normal 0 0 1
    outer loop
      vertex 4.548788398504257 -1.7927744016051292 1.6
      vertex 4.408167600631714 -1.6371776014566422 1.6
      vertex 4.323449999094009 -1.5762199983000755 1.6
    endloop
  endfacet
  facet normal 0 0 1
    outer loop
      vertex 4.650990001857281 -1.9932800009846687 1.6
      vertex 4.032922796905041 -1.4599976018071175 1.6
      vertex 3.926317200064659 -1.4433944001793861 1.6
    endloop
  endfacet
  facet normal 0 0 1
    outer loop
      vertex 4.650990001857281 -1.9932800009846687 1.6
      vertex 4.13464680314064 -1.4876696020364761 1.6
      vertex 4.032922796905041 -1.4599976018071175 1.6
    endloop
  endfacet
  facet normal 0 0 1
    outer loop
      vertex 4.604691602289677 -1.8874135985970497 1.6
      vertex 4.231489196419716 -1.5264104008674622 1.6
      vertex 4.13464680314064 -1.4876696020364761 1.6
    endloop
  endfacet
  facet normal 0 0 1
    outer loop
      vertex 4.604691602289677 -1.8874135985970497 1.6
      vertex 4.548788398504257 -1.7927744016051292 1.6
      vertex 4.323449999094009 -1.5762199983000755 1.6
    endloop
  endfacet
  facet normal 0 0 1
    outer loop
      vertex 4.548788398504257 -1.7927744016051292 1.6
      vertex 4.483280397951603 -1.7093624025583267 1.6
      vertex 4.408167600631714 -1.6371776014566422 1.6
    endloop
  endfacet
  facet normal 0 0 1
    outer loop
      vertex 4.524774000048637 -0.9771488010883331 1.6
      vertex 4.754730001091957 -1.2100400030612946 1.6
      vertex 4.754730001091957 0.9830200001597404 1.6
    endloop
  endfacet
  facet normal 0 0 1
    outer loop
      vertex 3.1290204003453255 -0.5865536034107208 1.6
      vertex 3.2776115983724594 -0.5689783990383148 1.6
      vertex 4.754730001091957 0.9830200001597404 1.6
    endloop
  endfacet
  facet normal 0 0 1
    outer loop
      vertex 3.2776115983724594 -0.5689783990383148 1.6
      vertex 3.432389996945858 -0.563120000064373 1.6
      vertex 4.754730001091957 0.9830200001597404 1.6
    endloop
  endfacet
  facet normal 0 0 1
    outer loop
      vertex 3.432389996945858 -0.563120000064373 1.6
      vertex 3.7313700020313263 -0.5889967978000641 1.6
      vertex 4.754730001091957 0.9830200001597404 1.6
    endloop
  endfacet
  facet normal 0 0 1
    outer loop
      vertex 4.013094000518322 -0.6666271984577179 1.6
      vertex 4.277561999857426 -0.7960112020373344 1.6
      vertex 4.754730001091957 0.9830200001597404 1.6
    endloop
  endfacet
  facet normal 0 0 1
    outer loop
      vertex 4.524774000048637 -0.9771488010883331 1.6
      vertex 4.754730001091957 0.9830200001597404 1.6
      vertex 4.277561999857426 -0.7960112020373344 1.6
    endloop
  endfacet
  facet normal 0 0 1
    outer loop
      vertex 3.7313700020313263 -0.5889967978000641 1.6
      vertex 4.013094000518322 -0.6666271984577179 1.6
      vertex 4.754730001091957 0.9830200001597404 1.6
    endloop
  endfacet
  facet normal 0 0 -1
    outer loop
      vertex 5.898029997944832 -4.981760002672672 0
      vertex 5.898029997944832 0.9830200001597404 0
      vertex 8.429130002856255 -4.981760002672672 0
    endloop
  endfacet
  facet normal 0 0 1
    outer loop
      vertex 5.898029997944832 -4.981760002672672 1.6
      vertex 8.429130002856255 -4.981760002672672 1.6
      vertex 8.429130002856255 -0.026000000536441803 1.6
    endloop
  endfacet
  facet normal 0 0 -1
    outer loop
      vertex 8.429130002856255 -4.981760002672672 0
      vertex 5.898029997944832 0.9830200001597404 0
      vertex 6.663330003619194 -0.026000000536441803 0
    endloop
  endfacet
  facet normal 0 0 -1
    outer loop
      vertex 8.429130002856255 -4.981760002672672 0
      vertex 6.663330003619194 -0.026000000536441803 0
      vertex 8.429130002856255 -0.026000000536441803 0
    endloop
  endfacet
  facet normal 0 0 1
    outer loop
      vertex 5.898029997944832 -4.981760002672672 1.6
      vertex 6.663330003619194 -0.026000000536441803 1.6
      vertex 5.898029997944832 0.9830200001597404 1.6
    endloop
  endfacet
  facet normal 0 0 1
    outer loop
      vertex 5.898029997944832 -4.981760002672672 1.6
      vertex 8.429130002856255 -0.026000000536441803 1.6
      vertex 6.663330003619194 -0.026000000536441803 1.6
    endloop
  endfacet
  facet normal 0 0 -1
    outer loop
      vertex 5.898029997944832 -4.981760002672672 0
      vertex 8.429130002856255 -4.981760002672672 0
      vertex 17 -7.5 0
    endloop
  endfacet
  facet normal 0 0 -1
    outer loop
      vertex 8.429130002856255 -4.981760002672672 0
      vertex 9.633510001003742 -4.981760002672672 0
      vertex 17 -7.5 0
    endloop
  endfacet
  facet normal 0 0 1
    outer loop
      vertex 5.898029997944832 -4.981760002672672 1.6
      vertex 17 -7.5 1.6
      vertex 8.429130002856255 -4.981760002672672 1.6
    endloop
  endfacet
  facet normal 0 0 1
    outer loop
      vertex 8.429130002856255 -4.981760002672672 1.6
      vertex 17 -7.5 1.6
      vertex 9.633510001003742 -4.981760002672672 1.6
    endloop
  endfacet
  facet normal 0 0 -1
    outer loop
      vertex 9.633510001003742 -4.981760002672672 0
      vertex 9.633510001003742 -0.026000000536441803 0
      vertex 17 -7.5 0
    endloop
  endfacet
  facet normal 0 0 1
    outer loop
      vertex 9.633510001003742 -4.981760002672672 1.6
      vertex 17 -7.5 1.6
      vertex 11.403389997780323 -0.026000000536441803 1.6
    endloop
  endfacet
  facet normal 0.09801714032956083 -0.9951847266721968 0
    outer loop
      vertex 17 -7.5 0
      vertex 17.390180644032256 -7.461570560806461 0
      vertex 17 -7.5 1.6
    endloop
  endfacet
  facet normal 0.2902846772544611 -0.9569403357322093 0
    outer loop
      vertex 17.390180644032256 -7.461570560806461 0
      vertex 17.76536686473018 -7.347759065022574 0
      vertex 17.390180644032256 -7.461570560806461 1.6
    endloop
  endfacet
  facet normal 0.4713967368259996 -0.8819212643483539 0
    outer loop
      vertex 17.76536686473018 -7.347759065022574 0
      vertex 18.111140466039203 -7.162939224605091 0
      vertex 17.76536686473018 -7.347759065022574 1.6
    endloop
  endfacet
  facet normal 0.6343932841636428 -0.7730104533627392 0
    outer loop
      vertex 18.111140466039203 -7.162939224605091 0
      vertex 18.414213562373096 -6.914213562373095 0
      vertex 18.111140466039203 -7.162939224605091 1.6
    endloop
  endfacet
  facet normal 0.7730104533627388 -0.6343932841636434 0
    outer loop
      vertex 18.414213562373096 -6.914213562373095 0
      vertex 18.66293922460509 -6.611140466039204 0
      vertex 18.414213562373096 -6.914213562373095 1.6
    endloop
  endfacet
  facet normal 0.8819212643483558 -0.471396736825996 0
    outer loop
      vertex 18.66293922460509 -6.611140466039204 0
      vertex 18.847759065022572 -6.265366864730179 0
      vertex 18.66293922460509 -6.611140466039204 1.6
    endloop
  endfacet
  facet normal 0.9569403357322078 -0.2902846772544659 0
    outer loop
      vertex 18.847759065022572 -6.265366864730179 0
      vertex 18.96157056080646 -5.890180644032257 0
      vertex 18.847759065022572 -6.265366864730179 1.6
    endloop
  endfacet
  facet normal 0.9951847266721969 -0.09801714032956062 0
    outer loop
      vertex 18.96157056080646 -5.890180644032257 0
      vertex 19 -5.5 0
      vertex 18.96157056080646 -5.890180644032257 1.6
    endloop
  endfacet
  facet normal 0.09801714032956083 -0.9951847266721968 0
    outer loop
      vertex 17.390180644032256 -7.461570560806461 0
      vertex 17.390180644032256 -7.461570560806461 1.6
      vertex 17 -7.5 1.6
    endloop
  endfacet
  facet normal 0.2902846772544611 -0.9569403357322093 0
    outer loop
      vertex 17.76536686473018 -7.347759065022574 0
      vertex 17.76536686473018 -7.347759065022574 1.6
      vertex 17.390180644032256 -7.461570560806461 1.6
    endloop
  endfacet
  facet normal 0.4713967368259996 -0.8819212643483539 0
    outer loop
      vertex 18.111140466039203 -7.162939224605091 0
      vertex 18.111140466039203 -7.162939224605091 1.6
      vertex 17.76536686473018 -7.347759065022574 1.6
    endloop
  endfacet
  facet normal 0.6343932841636428 -0.7730104533627392 0
    outer loop
      vertex 18.414213562373096 -6.914213562373095 0
      vertex 18.414213562373096 -6.914213562373095 1.6
      vertex 18.111140466039203 -7.162939224605091 1.6
    endloop
  endfacet
  facet normal 0.7730104533627388 -0.6343932841636434 0
    outer loop
      vertex 18.66293922460509 -6.611140466039204 0
      vertex 18.66293922460509 -6.611140466039204 1.6
      vertex 18.414213562373096 -6.914213562373095 1.6
    endloop
  endfacet
  facet normal 0.8819212643483558 -0.471396736825996 0
    outer loop
      vertex 18.847759065022572 -6.265366864730179 0
      vertex 18.847759065022572 -6.265366864730179 1.6
      vertex 18.66293922460509 -6.611140466039204 1.6
    endloop
  endfacet
  facet normal 0.9569403357322078 -0.2902846772544659 0
    outer loop
      vertex 18.96157056080646 -5.890180644032257 0
      vertex 18.96157056080646 -5.890180644032257 1.6
      vertex 18.847759065022572 -6.265366864730179 1.6
    endloop
  endfacet
  facet normal 0.9951847266721969 -0.09801714032956062 0
    outer loop
      vertex 19 -5.5 0
      vertex 19 -5.5 1.6
      vertex 18.96157056080646 -5.890180644032257 1.6
    endloop
  endfacet
  facet normal 0 0 -1
    outer loop
      vertex 17 -7.5 0
      vertex 9.633510001003742 -0.026000000536441803 0
      vertex 11.403389997780323 -0.026000000536441803 0
    endloop
  endfacet
  facet normal 0 0 1
    outer loop
      vertex 9.633510001003742 -4.981760002672672 1.6
      vertex 11.403389997780323 -0.026000000536441803 1.6
      vertex 9.633510001003742 -0.026000000536441803 1.6
    endloop
  endfacet
  facet normal 0 0 -1
    outer loop
      vertex 17 -7.5 0
      vertex 17 7.5 0
      vertex 17.390180644032256 -7.461570560806461 0
    endloop
  endfacet
  facet normal 0 0 -1
    outer loop
      vertex 17.390180644032256 -7.461570560806461 0
      vertex 17.390180644032256 7.461570560806461 0
      vertex 17.76536686473018 -7.347759065022574 0
    endloop
  endfacet
  facet normal 0 0 -1
    outer loop
      vertex 17.76536686473018 -7.347759065022574 0
      vertex 17.76536686473018 7.347759065022574 0
      vertex 18.111140466039203 -7.162939224605091 0
    endloop
  endfacet
  facet normal 0 0 -1
    outer loop
      vertex 18.111140466039203 -7.162939224605091 0
      vertex 18.111140466039203 7.162939224605091 0
      vertex 18.414213562373096 -6.914213562373095 0
    endloop
  endfacet
  facet normal 0 0 -1
    outer loop
      vertex 18.414213562373096 -6.914213562373095 0
      vertex 18.414213562373096 6.914213562373095 0
      vertex 18.66293922460509 -6.611140466039204 0
    endloop
  endfacet
  facet normal 0 0 -1
    outer loop
      vertex 18.66293922460509 -6.611140466039204 0
      vertex 18.66293922460509 6.611140466039204 0
      vertex 18.847759065022572 -6.265366864730179 0
    endloop
  endfacet
  facet normal 0 0 -1
    outer loop
      vertex 18.847759065022572 -6.265366864730179 0
      vertex 18.847759065022572 6.265366864730179 0
      vertex 18.96157056080646 -5.890180644032257 0
    endloop
  endfacet
  facet normal 0 0 -1
    outer loop
      vertex 18.96157056080646 -5.890180644032257 0
      vertex 18.96157056080646 5.890180644032257 0
      vertex 19 -5.5 0
    endloop
  endfacet
  facet normal 1 0 0
    outer loop
      vertex 19 -5.5 0
      vertex 19 5.5 0
      vertex 19 -5.5 1.6
    endloop
  endfacet
  facet normal 0 0 1
    outer loop
      vertex 17 -7.5 1.6
      vertex 17.390180644032256 -7.461570560806461 1.6
      vertex 17 7.5 1.6
    endloop
  endfacet
  facet normal 0 0 1
    outer loop
      vertex 17.390180644032256 -7.461570560806461 1.6
      vertex 17.76536686473018 -7.347759065022574 1.6
      vertex 17.390180644032256 7.461570560806461 1.6
    endloop
  endfacet
  facet normal 0 0 1
    outer loop
      vertex 17.76536686473018 -7.347759065022574 1.6
      vertex 18.111140466039203 -7.162939224605091 1.6
      vertex 17.76536686473018 7.347759065022574 1.6
    endloop
  endfacet
  facet normal 0 0 1
    outer loop
      vertex 18.111140466039203 -7.162939224605091 1.6
      vertex 18.414213562373096 -6.914213562373095 1.6
      vertex 18.111140466039203 7.162939224605091 1.6
    endloop
  endfacet
  facet normal 0 0 1
    outer loop
      vertex 18.414213562373096 -6.914213562373095 1.6
      vertex 18.66293922460509 -6.611140466039204 1.6
      vertex 18.414213562373096 6.914213562373095 1.6
    endloop
  endfacet
  facet normal 0 0 1
    outer loop
      vertex 18.66293922460509 -6.611140466039204 1.6
      vertex 18.847759065022572 -6.265366864730179 1.6
      vertex 18.66293922460509 6.611140466039204 1.6
    endloop
  endfacet
  facet normal 0 0 1
    outer loop
      vertex 18.847759065022572 -6.265366864730179 1.6
      vertex 18.96157056080646 -5.890180644032257 1.6
      vertex 18.847759065022572 6.265366864730179 1.6
    endloop
  endfacet
  facet normal 0 0 1
    outer loop
      vertex 18.96157056080646 -5.890180644032257 1.6
      vertex 19 -5.5 1.6
      vertex 18.96157056080646 5.890180644032257 1.6
    endloop
  endfacet
  facet normal 0 0 -1
    outer loop
      vertex 17 -7.5 0
      vertex 11.403389997780323 -0.026000000536441803 0
      vertex 17 7.5 0
    endloop
  endfacet
  facet normal 0 0 1
    outer loop
      vertex 17 -7.5 1.6
      vertex 17 7.5 1.6
      vertex 11.403389997780323 -0.026000000536441803 1.6
    endloop
  endfacet
  facet normal 0 0 -1
    outer loop
      vertex -1.120889998972416 1.0847200006246567 0
      vertex 4.754730001091957 0.9830200001597404 0
      vertex 3.1290204003453255 -0.5865536034107208 0
    endloop
  endfacet
  facet normal 0 0 1
    outer loop
      vertex -1.120889998972416 1.0847200006246567 1.6
      vertex 3.1290204003453255 -0.5865536034107208 1.6
      vertex 4.754730001091957 0.9830200001597404 1.6
    endloop
  endfacet
  facet normal 0 0 1
    outer loop
      vertex -1.120889998972416 1.0847200006246567 1.6
      vertex 4.754730001091957 0.9830200001597404 1.6
      vertex -0.5 1.5557566635859637 1.6
    endloop
  endfacet
  facet normal 0 0 1
    outer loop
      vertex 4.754730001091957 0.9830200001597404 1.6
      vertex 0.5 1.5557566635859637 1.6
      vertex -0.5 1.5557566635859637 1.6
    endloop
  endfacet
  facet normal 0 0 1
    outer loop
      vertex 4.754730001091957 0.9830200001597404 1.6
      vertex 0.9184402376762154 1.6826891219729117 1.6
      vertex 0.5 1.5557566635859637 1.6
    endloop
  endfacet
  facet normal 0 0 1
    outer loop
      vertex 4.754730001091957 0.9830200001597404 1.6
      vertex 1.3333685592470452 1.9044729304738914 1.6
      vertex 0.9184402376762154 1.6826891219729117 1.6
    endloop
  endfacet
  facet normal 0 0 1
    outer loop
      vertex 5.898029997944832 0.9830200001597404 1.6
      vertex 1.697056274847714 2.202943725152286 1.6
      vertex 1.3333685592470452 1.9044729304738914 1.6
    endloop
  endfacet
  facet normal 0 0 1
    outer loop
      vertex 5.898029997944832 0.9830200001597404 1.6
      vertex 1.9955270695261085 2.5666314407529547 1.6
      vertex 1.697056274847714 2.202943725152286 1.6
    endloop
  endfacet
  facet normal 0 0 1
    outer loop
      vertex 4.754730001091957 0.9830200001597404 1.6
      vertex 5.898029997944832 0.9830200001597404 1.6
      vertex 1.3333685592470452 1.9044729304738914 1.6
    endloop
  endfacet
  facet normal 0 0 1
    outer loop
      vertex 0.5 7.444243336414036 1.6
      vertex -0.5 1.5557566635859637 1.6
      vertex 0.5 1.5557566635859637 1.6
    endloop
  endfacet
  facet normal 0 0 1
    outer loop
      vertex 5.898029997944832 0.9830200001597404 1.6
      vertex 2.2173108780270883 2.9815597623237844 1.6
      vertex 1.9955270695261085 2.5666314407529547 1.6
    endloop
  endfacet
  facet normal 0 0 1
    outer loop
      vertex 5.898029997944832 0.9830200001597404 1.6
      vertex 2.353884672967753 3.4317832271612922 1.6
      vertex 2.2173108780270883 2.9815597623237844 1.6
    endloop
  endfacet
  facet normal 0 0 -1
    outer loop
      vertex 6.663330003619194 -0.026000000536441803 0
      vertex 5.898029997944832 0.9830200001597404 0
      vertex 6.663330003619194 0.9830200001597404 0
    endloop
  endfacet
  facet normal 0 0 1
    outer loop
      vertex 6.663330003619194 -0.026000000536441803 1.6
      vertex 6.663330003619194 0.9830200001597404 1.6
      vertex 5.898029997944832 0.9830200001597404 1.6
    endloop
  endfacet
  facet normal 0 0 -1
    outer loop
      vertex -17 7.5 0
      vertex 17 7.5 0
      vertex 5.898029997944832 0.9830200001597404 0
    endloop
  endfacet
  facet normal 0 0 1
    outer loop
      vertex 5.898029997944832 0.9830200001597404 1.6
      vertex 17 7.5 1.6
      vertex 2.353884672967753 3.4317832271612922 1.6
    endloop
  endfacet
  facet normal 0 0 1
    outer loop
      vertex 17 7.5 1.6
      vertex 2.4 3.9 1.6
      vertex 2.353884672967753 3.4317832271612922 1.6
    endloop
  endfacet
  facet normal 0 0 1
    outer loop
      vertex 17 7.5 1.6
      vertex 2.4 5.1 1.6
      vertex 2.4 3.9 1.6
    endloop
  endfacet
  facet normal 0 1 0
    outer loop
      vertex -17 7.5 0
      vertex 17 7.5 1.6
      vertex 17 7.5 0
    endloop
  endfacet
  facet normal 0 0 1
    outer loop
      vertex 17 7.5 1.6
      vertex 1.9955270695261085 6.433368559247045 1.6
      vertex 2.2173108780270883 6.018440237676216 1.6
    endloop
  endfacet
  facet normal 0 0 1
    outer loop
      vertex 17 7.5 1.6
      vertex -0.5 7.444243336414036 1.6
      vertex 0.5 7.444243336414036 1.6
    endloop
  endfacet
  facet normal 0 0 1
    outer loop
      vertex 17 7.5 1.6
      vertex 1.697056274847714 6.797056274847714 1.6
      vertex 1.9955270695261085 6.433368559247045 1.6
    endloop
  endfacet
  facet normal 0 0 1
    outer loop
      vertex 17 7.5 1.6
      vertex 1.3333685592470452 7.095527069526108 1.6
      vertex 1.697056274847714 6.797056274847714 1.6
    endloop
  endfacet
  facet normal 0 0 1
    outer loop
      vertex 17 7.5 1.6
      vertex 0.5 7.444243336414036 1.6
      vertex 0.9184402376762154 7.317310878027088 1.6
    endloop
  endfacet
  facet normal 0 0 1
    outer loop
      vertex 17 7.5 1.6
      vertex 0.9184402376762154 7.317310878027088 1.6
      vertex 1.3333685592470452 7.095527069526108 1.6
    endloop
  endfacet
  facet normal 0 0 1
    outer loop
      vertex 17 7.5 1.6
      vertex 2.353884672967753 5.568216772838708 1.6
      vertex 2.4 5.1 1.6
    endloop
  endfacet
  facet normal 0 0 1
    outer loop
      vertex 17 7.5 1.6
      vertex 2.2173108780270883 6.018440237676216 1.6
      vertex 2.353884672967753 5.568216772838708 1.6
    endloop
  endfacet
  facet normal 0 0 -1
    outer loop
      vertex 5.898029997944832 0.9830200001597404 0
      vertex 17 7.5 0
      vertex 6.663330003619194 0.9830200001597404 0
    endloop
  endfacet
  facet normal 0 0 -1
    outer loop
      vertex 6.663330003619194 0.9830200001597404 0
      vertex 17 7.5 0
      vertex 11.403389997780323 0.9830200001597404 0
    endloop
  endfacet
  facet normal 0 0 -1
    outer loop
      vertex 11.403389997780323 -0.026000000536441803 0
      vertex 11.403389997780323 0.9830200001597404 0
      vertex 17 7.5 0
    endloop
  endfacet
  facet normal 0 0 1
    outer loop
      vertex 5.898029997944832 0.9830200001597404 1.6
      vertex 6.663330003619194 0.9830200001597404 1.6
      vertex 17 7.5 1.6
    endloop
  endfacet
  facet normal 0 0 1
    outer loop
      vertex 6.663330003619194 0.9830200001597404 1.6
      vertex 11.403389997780323 0.9830200001597404 1.6
      vertex 17 7.5 1.6
    endloop
  endfacet
  facet normal 0 0 1
    outer loop
      vertex 11.403389997780323 -0.026000000536441803 1.6
      vertex 17 7.5 1.6
      vertex 11.403389997780323 0.9830200001597404 1.6
    endloop
  endfacet
  facet normal 0 0 -1
    outer loop
      vertex 19 -5.5 0
      vertex 18.96157056080646 5.890180644032257 0
      vertex 19 5.5 0
    endloop
  endfacet
  facet normal 1 0 0
    outer loop
      vertex 19 -5.5 1.6
      vertex 19 5.5 0
      vertex 19 5.5 1.6
    endloop
  endfacet
  facet normal 0 0 1
    outer loop
      vertex 19 -5.5 1.6
      vertex 19 5.5 1.6
      vertex 18.96157056080646 5.890180644032257 1.6
    endloop
  endfacet
  facet normal 0 0 -1
    outer loop
      vertex 17.390180644032256 -7.461570560806461 0
      vertex 17 7.5 0
      vertex 17.390180644032256 7.461570560806461 0
    endloop
  endfacet
  facet normal 0 0 -1
    outer loop
      vertex 17.76536686473018 -7.347759065022574 0
      vertex 17.390180644032256 7.461570560806461 0
      vertex 17.76536686473018 7.347759065022574 0
    endloop
  endfacet
  facet normal 0 0 -1
    outer loop
      vertex 18.111140466039203 -7.162939224605091 0
      vertex 17.76536686473018 7.347759065022574 0
      vertex 18.111140466039203 7.162939224605091 0
    endloop
  endfacet
  facet normal 0 0 -1
    outer loop
      vertex 18.414213562373096 -6.914213562373095 0
      vertex 18.111140466039203 7.162939224605091 0
      vertex 18.414213562373096 6.914213562373095 0
    endloop
  endfacet
  facet normal 0 0 -1
    outer loop
      vertex 18.96157056080646 -5.890180644032257 0
      vertex 18.847759065022572 6.265366864730179 0
      vertex 18.96157056080646 5.890180644032257 0
    endloop
  endfacet
  facet normal 0 0 -1
    outer loop
      vertex 18.847759065022572 -6.265366864730179 0
      vertex 18.66293922460509 6.611140466039204 0
      vertex 18.847759065022572 6.265366864730179 0
    endloop
  endfacet
  facet normal 0 0 -1
    outer loop
      vertex 18.66293922460509 -6.611140466039204 0
      vertex 18.414213562373096 6.914213562373095 0
      vertex 18.66293922460509 6.611140466039204 0
    endloop
  endfacet
  facet normal 0 0 1
    outer loop
      vertex 17.390180644032256 -7.461570560806461 1.6
      vertex 17.390180644032256 7.461570560806461 1.6
      vertex 17 7.5 1.6
    endloop
  endfacet
  facet normal 0 0 1
    outer loop
      vertex 17.76536686473018 -7.347759065022574 1.6
      vertex 17.76536686473018 7.347759065022574 1.6
      vertex 17.390180644032256 7.461570560806461 1.6
    endloop
  endfacet
  facet normal 0 0 1
    outer loop
      vertex 18.111140466039203 -7.162939224605091 1.6
      vertex 18.111140466039203 7.162939224605091 1.6
      vertex 17.76536686473018 7.347759065022574 1.6
    endloop
  endfacet
  facet normal 0 0 1
    outer loop
      vertex 18.414213562373096 -6.914213562373095 1.6
      vertex 18.414213562373096 6.914213562373095 1.6
      vertex 18.111140466039203 7.162939224605091 1.6
    endloop
  endfacet
  facet normal 0 0 1
    outer loop
      vertex 18.96157056080646 -5.890180644032257 1.6
      vertex 18.96157056080646 5.890180644032257 1.6
      vertex 18.847759065022572 6.265366864730179 1.6
    endloop
  endfacet
  facet normal 0 0 1
    outer loop
      vertex 18.847759065022572 -6.265366864730179 1.6
      vertex 18.847759065022572 6.265366864730179 1.6
      vertex 18.66293922460509 6.611140466039204 1.6
    endloop
  endfacet
  facet normal 0 0 1
    outer loop
      vertex 18.66293922460509 -6.611140466039204 1.6
      vertex 18.66293922460509 6.611140466039204 1.6
      vertex 18.414213562373096 6.914213562373095 1.6
    endloop
  endfacet
  facet normal 0.9951847266721969 0.09801714032956062 0
    outer loop
      vertex 19 5.5 0
      vertex 18.96157056080646 5.890180644032257 0
      vertex 19 5.5 1.6
    endloop
  endfacet
  facet normal 0.9951847266721969 0.09801714032956062 0
    outer loop
      vertex 18.96157056080646 5.890180644032257 0
      vertex 18.96157056080646 5.890180644032257 1.6
      vertex 19 5.5 1.6
    endloop
  endfacet
  facet normal 0.9569403357322078 0.2902846772544659 0
    outer loop
      vertex 18.96157056080646 5.890180644032257 0
      vertex 18.847759065022572 6.265366864730179 0
      vertex 18.96157056080646 5.890180644032257 1.6
    endloop
  endfacet
  facet normal 0.8819212643483558 0.471396736825996 0
    outer loop
      vertex 18.847759065022572 6.265366864730179 0
      vertex 18.66293922460509 6.611140466039204 0
      vertex 18.847759065022572 6.265366864730179 1.6
    endloop
  endfacet
  facet normal 0.7730104533627388 0.6343932841636434 0
    outer loop
      vertex 18.66293922460509 6.611140466039204 0
      vertex 18.414213562373096 6.914213562373095 0
      vertex 18.66293922460509 6.611140466039204 1.6
    endloop
  endfacet
  facet normal 0.09801714032956083 0.9951847266721968 -9.174474336046246e-19
    outer loop
      vertex 17 7.5 0
      vertex 17.390180644032256 7.461570560806461 1.6
      vertex 17.390180644032256 7.461570560806461 0
    endloop
  endfacet
  facet normal 0.2902846772544611 0.9569403357322093 -5.391952299623029e-18
    outer loop
      vertex 17.390180644032256 7.461570560806461 0
      vertex 17.76536686473018 7.347759065022574 1.6
      vertex 17.76536686473018 7.347759065022574 0
    endloop
  endfacet
  facet normal 0.6343932841636428 0.7730104533627392 0
    outer loop
      vertex 18.414213562373096 6.914213562373095 0
      vertex 18.111140466039203 7.162939224605091 0
      vertex 18.414213562373096 6.914213562373095 1.6
    endloop
  endfacet
  facet normal 0.4713967368259996 0.8819212643483539 4.233203897366585e-18
    outer loop
      vertex 17.76536686473018 7.347759065022574 0
      vertex 18.111140466039203 7.162939224605091 1.6
      vertex 18.111140466039203 7.162939224605091 0
    endloop
  endfacet
  facet normal 0.9569403357322078 0.2902846772544659 0
    outer loop
      vertex 18.847759065022572 6.265366864730179 0
      vertex 18.847759065022572 6.265366864730179 1.6
      vertex 18.96157056080646 5.890180644032257 1.6
    endloop
  endfacet
  facet normal 0.8819212643483558 0.471396736825996 0
    outer loop
      vertex 18.66293922460509 6.611140466039204 0
      vertex 18.66293922460509 6.611140466039204 1.6
      vertex 18.847759065022572 6.265366864730179 1.6
    endloop
  endfacet
  facet normal 0.09801714032956083 0.9951847266721968 0
    outer loop
      vertex 17 7.5 0
      vertex 17 7.5 1.6
      vertex 17.390180644032256 7.461570560806461 1.6
    endloop
  endfacet
  facet normal 0.2902846772544611 0.9569403357322093 0
    outer loop
      vertex 17.390180644032256 7.461570560806461 0
      vertex 17.390180644032256 7.461570560806461 1.6
      vertex 17.76536686473018 7.347759065022574 1.6
    endloop
  endfacet
  facet normal 0.6343932841636428 0.7730104533627392 0
    outer loop
      vertex 18.111140466039203 7.162939224605091 0
      vertex 18.111140466039203 7.162939224605091 1.6
      vertex 18.414213562373096 6.914213562373095 1.6
    endloop
  endfacet
  facet normal 0.7730104533627388 0.6343932841636434 0
    outer loop
      vertex 18.414213562373096 6.914213562373095 0
      vertex 18.414213562373096 6.914213562373095 1.6
      vertex 18.66293922460509 6.611140466039204 1.6
    endloop
  endfacet
  facet normal 0.4713967368259996 0.8819212643483539 0
    outer loop
      vertex 17.76536686473018 7.347759065022574 0
      vertex 17.76536686473018 7.347759065022574 1.6
      vertex 18.111140466039203 7.162939224605091 1.6
    endloop
  endfacet
  facet normal 0.3723093115322611 0.9281087094443052 0
    outer loop
      vertex -10.26958680152893 -4.884264796972275 0
      vertex -10.26958680152893 -4.884264796972275 1.6
      vertex -9.993718802928925 -4.994928799569607 0
    endloop
  endfacet
  facet normal 0.5245661495630861 0.8513696933368947 0
    outer loop
      vertex -10.521037198603153 -4.729335196316242 0
      vertex -10.521037198603153 -4.729335196316242 1.6
      vertex -10.26958680152893 -4.884264796972275 0
    endloop
  endfacet
  facet normal 0.2159024183806141 0.9764149454701122 0
    outer loop
      vertex -9.993718802928925 -4.994928799569607 0
      vertex -9.993718802928925 -4.994928799569607 1.6
      vertex -9.693433202803135 -5.061327196657658 0
    endloop
  endfacet
  facet normal 0.06800539044950174 0.9976849537152551 0
    outer loop
      vertex -9.693433202803135 -5.061327196657658 0
      vertex -9.693433202803135 -5.061327196657658 1.6
      vertex -9.368730001151562 -5.0834600031375885 0
    endloop
  endfacet
  facet normal 0.773338402827996 0.6339934658270888 0
    outer loop
      vertex -10.748070001602173 -4.530139997601509 0
      vertex -10.941411599516869 -4.294303998351097 0
      vertex -10.941411599516869 -4.294303998351097 1.6
    endloop
  endfacet
  facet normal 0.8695693903286754 0.4938107688208264 0
    outer loop
      vertex -10.941411599516869 -4.294303998351097 0
      vertex -11.091788403689861 -4.029500000178814 0
      vertex -11.091788403689861 -4.029500000178814 1.6
    endloop
  endfacet
  facet normal 0.9391904676759995 0.34339665902063987 0
    outer loop
      vertex -11.091788403689861 -4.029500000178814 0
      vertex -11.19920039921999 -3.7357280030846596 0
      vertex -11.19920039921999 -3.7357280030846596 1.6
    endloop
  endfacet
  facet normal 0.6595194281623702 0.7516875174408446 0
    outer loop
      vertex -10.521037198603153 -4.729335196316242 0
      vertex -10.748070001602173 -4.530139997601509 0
      vertex -10.748070001602173 -4.530139997601509 1.6
    endloop
  endfacet
  facet normal -0.5810843750382081 -0.8138433197406335 0
    outer loop
      vertex -9.76845719665289 -4.0461224019527435 0
      vertex -9.76845719665289 -4.0461224019527435 1.6
      vertex -9.865774802863598 -3.976637601852417 0
    endloop
  endfacet
  facet normal -0.7090184592856645 -0.7051899207959389 0
    outer loop
      vertex -9.954630002379417 -3.8872999995946884 0
      vertex -9.865774802863598 -3.976637601852417 0
      vertex -9.865774802863598 -3.976637601852417 1.6
    endloop
  endfacet
  facet normal -0.4247680056773528 -0.905302237572008 0
    outer loop
      vertex -9.76845719665289 -4.0461224019527435 0
      vertex -9.662677198648453 -4.095754399895668 0
      vertex -9.662677198648453 -4.095754399895668 1.6
    endloop
  endfacet
  facet normal -0.2522382103130122 -0.967665172080761 0
    outer loop
      vertex -9.548434801399708 -4.125533603131771 0
      vertex -9.548434801399708 -4.125533603131771 1.6
      vertex -9.662677198648453 -4.095754399895668 0
    endloop
  endfacet
  facet normal -0.826803877750373 -0.5624903090160276 0
    outer loop
      vertex -9.954630002379417 -3.8872999995946884 0
      vertex -9.954630002379417 -3.8872999995946884 1.6
      vertex -10.030813202261925 -3.7753183990716934 0
    endloop
  endfacet
  facet normal -0.9182198013341584 -0.39607120122253103 0
    outer loop
      vertex -10.030813202261925 -3.7753183990716934 0
      vertex -10.030813202261925 -3.7753183990716934 1.6
      vertex -10.09006679803133 -3.637949600815773 0
    endloop
  endfacet
  facet normal 0.6595194281623702 0.7516875174408446 0
    outer loop
      vertex -10.521037198603153 -4.729335196316242 0
      vertex -10.748070001602173 -4.530139997601509 1.6
      vertex -10.521037198603153 -4.729335196316242 1.6
    endloop
  endfacet
  facet normal 0.5245661495630861 0.8513696933368947 0
    outer loop
      vertex -10.26958680152893 -4.884264796972275 0
      vertex -10.521037198603153 -4.729335196316242 1.6
      vertex -10.26958680152893 -4.884264796972275 1.6
    endloop
  endfacet
  facet normal 0.3723093115322611 0.9281087094443052 0
    outer loop
      vertex -9.993718802928925 -4.994928799569607 0
      vertex -10.26958680152893 -4.884264796972275 1.6
      vertex -9.993718802928925 -4.994928799569607 1.6
    endloop
  endfacet
  facet normal 0.2159024183806141 0.9764149454701122 0
    outer loop
      vertex -9.693433202803135 -5.061327196657658 0
      vertex -9.993718802928925 -4.994928799569607 1.6
      vertex -9.693433202803135 -5.061327196657658 1.6
    endloop
  endfacet
  facet normal 0.773338402827996 0.6339934658270888 0
    outer loop
      vertex -10.748070001602173 -4.530139997601509 0
      vertex -10.941411599516869 -4.294303998351097 1.6
      vertex -10.748070001602173 -4.530139997601509 1.6
    endloop
  endfacet
  facet normal 0.8695693903286754 0.4938107688208264 0
    outer loop
      vertex -10.941411599516869 -4.294303998351097 0
      vertex -11.091788403689861 -4.029500000178814 1.6
      vertex -10.941411599516869 -4.294303998351097 1.6
    endloop
  endfacet
  facet normal 0.9391904676759995 0.34339665902063987 0
    outer loop
      vertex -11.091788403689861 -4.029500000178814 0
      vertex -11.19920039921999 -3.7357280030846596 1.6
      vertex -11.091788403689861 -4.029500000178814 1.6
    endloop
  endfacet
  facet normal -0.5810843750382081 -0.8138433197406335 0
    outer loop
      vertex -9.865774802863598 -3.976637601852417 0
      vertex -9.76845719665289 -4.0461224019527435 1.6
      vertex -9.865774802863598 -3.976637601852417 1.6
    endloop
  endfacet
  facet normal -0.4247680056773528 -0.905302237572008 0
    outer loop
      vertex -9.76845719665289 -4.0461224019527435 0
      vertex -9.662677198648453 -4.095754399895668 1.6
      vertex -9.76845719665289 -4.0461224019527435 1.6
    endloop
  endfacet
  facet normal -0.2522382103130122 -0.967665172080761 0
    outer loop
      vertex -9.662677198648453 -4.095754399895668 0
      vertex -9.548434801399708 -4.125533603131771 1.6
      vertex -9.662677198648453 -4.095754399895668 1.6
    endloop
  endfacet
  facet normal -0.08063312492137684 -0.996743848320828 0
    outer loop
      vertex -9.548434801399708 -4.125533603131771 0
      vertex -9.425729997456074 -4.1354599967598915 1.6
      vertex -9.548434801399708 -4.125533603131771 1.6
    endloop
  endfacet
  facet normal -0.826803877750373 -0.5624903090160276 0
    outer loop
      vertex -10.030813202261925 -3.7753183990716934 0
      vertex -9.954630002379417 -3.8872999995946884 1.6
      vertex -10.030813202261925 -3.7753183990716934 1.6
    endloop
  endfacet
  facet normal -0.7090184592856645 -0.7051899207959389 0
    outer loop
      vertex -9.954630002379417 -3.8872999995946884 0
      vertex -9.865774802863598 -3.976637601852417 1.6
      vertex -9.954630002379417 -3.8872999995946884 1.6
    endloop
  endfacet
  facet normal 0.9806395306236464 0.19582163051673945 0
    outer loop
      vertex -11.19920039921999 -3.7357280030846596 0
      vertex -11.263647601008415 -3.4129879996180534 0
      vertex -11.263647601008415 -3.4129879996180534 1.6
    endloop
  endfacet
  facet normal 0.998139807014886 0.060966594560351584 0
    outer loop
      vertex -11.263647601008415 -3.4129879996180534 0
      vertex -11.285130001604557 -3.061279997229576 0
      vertex -11.285130001604557 -3.061279997229576 1.6
    endloop
  endfacet
  facet normal 0.9981164153725903 -0.06134836072602557 0
    outer loop
      vertex -11.285130001604557 -3.061279997229576 0
      vertex -11.26470360159874 -2.728949598968029 0
      vertex -11.26470360159874 -2.728949598968029 1.6
    endloop
  endfacet
  facet normal -0.9678117341273856 -0.2516752814349131 0
    outer loop
      vertex -10.132390797138214 -3.4751935973763466 0
      vertex -10.09006679803133 -3.637949600815773 0
      vertex -10.09006679803133 -3.637949600815773 1.6
    endloop
  endfacet
  facet normal -0.991013636161471 -0.13376087971458425 0
    outer loop
      vertex -10.132390797138214 -3.4751935973763466 0
      vertex -10.132390797138214 -3.4751935973763466 1.6
      vertex -10.157785199582577 -3.2870504036545753 0
    endloop
  endfacet
  facet normal -0.999215175988909 -0.0396110094980355 0
    outer loop
      vertex -10.157785199582577 -3.2870504036545753 0
      vertex -10.157785199582577 -3.2870504036545753 1.6
      vertex -10.166249997913837 -3.0735199972987175 0
    endloop
  endfacet
  facet normal -0.9991449189386857 0.04134526525500957 0
    outer loop
      vertex -10.166249997913837 -3.0735199972987175 0
      vertex -10.166249997913837 -3.0735199972987175 1.6
      vertex -10.157134801149368 -2.853243201971054 0
    endloop
  endfacet
  facet normal -0.9903464916369203 0.1386139477197126 0
    outer loop
      vertex -10.157134801149368 -2.853243201971054 0
      vertex -10.157134801149368 -2.853243201971054 1.6
      vertex -10.12978920340538 -2.657868802547455 0
    endloop
  endfacet
  facet normal 0.9806478581265138 -0.19577992326048352 0
    outer loop
      vertex -11.26470360159874 -2.728949598968029 0
      vertex -11.203424401581287 -2.4220063984394073 0
      vertex -11.203424401581287 -2.4220063984394073 1.6
    endloop
  endfacet
  facet normal 0.9400633525140284 -0.34099984348982537 0
    outer loop
      vertex -11.203424401581287 -2.4220063984394073 0
      vertex -11.1012924015522 -2.1404504030942917 0
      vertex -11.1012924015522 -2.1404504030942917 1.6
    endloop
  endfacet
  facet normal 0.873187747296712 -0.4873839943729107 0
    outer loop
      vertex -11.1012924015522 -2.1404504030942917 0
      vertex -10.958307601511478 -1.8842815980315208 0
      vertex -10.958307601511478 -1.8842815980315208 1.6
    endloop
  endfacet
  facet normal -0.9660699439381802 0.2582805904811306 0
    outer loop
      vertex -10.12978920340538 -2.657868802547455 0
      vertex -10.12978920340538 -2.657868802547455 1.6
      vertex -10.084213197231293 -2.4873967990279198 0
    endloop
  endfacet
  facet normal -0.915880563336184 0.4014508608821186 0
    outer loop
      vertex -10.084213197231293 -2.4873967990279198 0
      vertex -10.084213197231293 -2.4873967990279198 1.6
      vertex -10.020406797528267 -2.3418271988630295 0
    endloop
  endfacet
  facet normal -0.8269803326069923 0.562230850702119 0
    outer loop
      vertex -10.020406797528267 -2.3418271988630295 0
      vertex -10.020406797528267 -2.3418271988630295 1.6
      vertex -9.938369996845722 -2.221160002052784 0
    endloop
  endfacet
  facet normal -0.7134057894185984 0.7007511538513699 0
    outer loop
      vertex -9.938369996845722 -2.221160002052784 0
      vertex -9.938369996845722 -2.221160002052784 1.6
      vertex -9.842681996524334 -2.1237440034747124 0
    endloop
  endfacet
  facet normal -0.5858631738903474 0.8104099835756768 0
    outer loop
      vertex -9.842681996524334 -2.1237440034747124 0
      vertex -9.842681996524334 -2.1237440034747124 1.6
      vertex -9.737874001264572 -2.04797600209713 0
    endloop
  endfacet
  facet normal -0.42908401777855715 0.9032645823273548 0
    outer loop
      vertex -9.737874001264572 -2.04797600209713 0
      vertex -9.737874001264572 -2.04797600209713 1.6
      vertex -9.623946003615856 -1.9938559979200363 0
    endloop
  endfacet
  facet normal -0.2551616039868256 0.9668984206476243 0
    outer loop
      vertex -9.623946003615856 -1.9938559979200363 0
      vertex -9.623946003615856 -1.9938559979200363 1.6
      vertex -9.500898003578186 -1.9613839983940125 0
    endloop
  endfacet
  facet normal 0.9806395306236464 0.19582163051673945 0
    outer loop
      vertex -11.19920039921999 -3.7357280030846596 0
      vertex -11.263647601008415 -3.4129879996180534 1.6
      vertex -11.19920039921999 -3.7357280030846596 1.6
    endloop
  endfacet
  facet normal 0.998139807014886 0.060966594560351584 0
    outer loop
      vertex -11.263647601008415 -3.4129879996180534 0
      vertex -11.285130001604557 -3.061279997229576 1.6
      vertex -11.263647601008415 -3.4129879996180534 1.6
    endloop
  endfacet
  facet normal 0.9981164153725903 -0.06134836072602557 0
    outer loop
      vertex -11.285130001604557 -3.061279997229576 0
      vertex -11.26470360159874 -2.728949598968029 1.6
      vertex -11.285130001604557 -3.061279997229576 1.6
    endloop
  endfacet
  facet normal -0.9678117341273856 -0.2516752814349131 0
    outer loop
      vertex -10.132390797138214 -3.4751935973763466 0
      vertex -10.09006679803133 -3.637949600815773 1.6
      vertex -10.132390797138214 -3.4751935973763466 1.6
    endloop
  endfacet
  facet normal -0.991013636161471 -0.13376087971458425 0
    outer loop
      vertex -10.157785199582577 -3.2870504036545753 0
      vertex -10.132390797138214 -3.4751935973763466 1.6
      vertex -10.157785199582577 -3.2870504036545753 1.6
    endloop
  endfacet
  facet normal -0.9182198013341584 -0.39607120122253103 0
    outer loop
      vertex -10.09006679803133 -3.637949600815773 0
      vertex -10.030813202261925 -3.7753183990716934 1.6
      vertex -10.09006679803133 -3.637949600815773 1.6
    endloop
  endfacet
  facet normal -0.999215175988909 -0.0396110094980355 0
    outer loop
      vertex -10.166249997913837 -3.0735199972987175 0
      vertex -10.157785199582577 -3.2870504036545753 1.6
      vertex -10.166249997913837 -3.0735199972987175 1.6
    endloop
  endfacet
  facet normal -0.9991449189386857 0.04134526525500957 0
    outer loop
      vertex -10.157134801149368 -2.853243201971054 0
      vertex -10.166249997913837 -3.0735199972987175 1.6
      vertex -10.157134801149368 -2.853243201971054 1.6
    endloop
  endfacet
  facet normal 0.9806478581265138 -0.19577992326048352 0
    outer loop
      vertex -11.26470360159874 -2.728949598968029 0
      vertex -11.203424401581287 -2.4220063984394073 1.6
      vertex -11.26470360159874 -2.728949598968029 1.6
    endloop
  endfacet
  facet normal 0.9400633525140284 -0.34099984348982537 0
    outer loop
      vertex -11.203424401581287 -2.4220063984394073 0
      vertex -11.1012924015522 -2.1404504030942917 1.6
      vertex -11.203424401581287 -2.4220063984394073 1.6
    endloop
  endfacet
  facet normal 0.873187747296712 -0.4873839943729107 0
    outer loop
      vertex -11.1012924015522 -2.1404504030942917 0
      vertex -10.958307601511478 -1.8842815980315208 1.6
      vertex -11.1012924015522 -2.1404504030942917 1.6
    endloop
  endfacet
  facet normal 0.7821693661440765 -0.623065873456229 0
    outer loop
      vertex -10.958307601511478 -1.8842815980315208 0
      vertex -10.774470001459122 -1.653499998152256 1.6
      vertex -10.958307601511478 -1.8842815980315208 1.6
    endloop
  endfacet
  facet normal -0.9903464916369203 0.1386139477197126 0
    outer loop
      vertex -10.12978920340538 -2.657868802547455 0
      vertex -10.157134801149368 -2.853243201971054 1.6
      vertex -10.12978920340538 -2.657868802547455 1.6
    endloop
  endfacet
  facet normal -0.9660699439381802 0.2582805904811306 0
    outer loop
      vertex -10.084213197231293 -2.4873967990279198 0
      vertex -10.12978920340538 -2.657868802547455 1.6
      vertex -10.084213197231293 -2.4873967990279198 1.6
    endloop
  endfacet
  facet normal -0.915880563336184 0.4014508608821186 0
    outer loop
      vertex -10.020406797528267 -2.3418271988630295 0
      vertex -10.084213197231293 -2.4873967990279198 1.6
      vertex -10.020406797528267 -2.3418271988630295 1.6
    endloop
  endfacet
  facet normal -0.8269803326069923 0.562230850702119 0
    outer loop
      vertex -9.938369996845722 -2.221160002052784 0
      vertex -10.020406797528267 -2.3418271988630295 1.6
      vertex -9.938369996845722 -2.221160002052784 1.6
    endloop
  endfacet
  facet normal -0.7134057894185984 0.7007511538513699 0
    outer loop
      vertex -9.842681996524334 -2.1237440034747124 0
      vertex -9.938369996845722 -2.221160002052784 1.6
      vertex -9.842681996524334 -2.1237440034747124 1.6
    endloop
  endfacet
  facet normal -0.5858631738903474 0.8104099835756768 0
    outer loop
      vertex -9.737874001264572 -2.04797600209713 0
      vertex -9.842681996524334 -2.1237440034747124 1.6
      vertex -9.737874001264572 -2.04797600209713 1.6
    endloop
  endfacet
  facet normal -0.42908401777855715 0.9032645823273548 0
    outer loop
      vertex -9.623946003615856 -1.9938559979200363 0
      vertex -9.737874001264572 -2.04797600209713 1.6
      vertex -9.623946003615856 -1.9938559979200363 1.6
    endloop
  endfacet
  facet normal -0.2551616039868256 0.9668984206476243 0
    outer loop
      vertex -9.500898003578186 -1.9613839983940125 0
      vertex -9.623946003615856 -1.9938559979200363 1.6
      vertex -9.500898003578186 -1.9613839983940125 1.6
    endloop
  endfacet
  facet normal 0.7821693661440765 -0.623065873456229 0
    outer loop
      vertex -10.958307601511478 -1.8842815980315208 0
      vertex -10.774470001459122 -1.653499998152256 0
      vertex -10.774470001459122 -1.653499998152256 1.6
    endloop
  endfacet
  facet normal 0.6785829546024312 -0.7345237734226407 0
    outer loop
      vertex -10.774470001459122 -1.653499998152256 0
      vertex -10.562009997665882 -1.4572208002209663 0
      vertex -10.562009997665882 -1.4572208002209663 1.6
    endloop
  endfacet
  facet normal 0.5548551831654814 -0.8319469488581589 0
    outer loop
      vertex -10.562009997665882 -1.4572208002209663 0
      vertex -10.333109997212887 -1.304559201002121 0
      vertex -10.333109997212887 -1.304559201002121 1.6
    endloop
  endfacet
  facet normal 0.40615091268636155 -0.9138060166818972 0
    outer loop
      vertex -10.333109997212887 -1.304559201002121 0
      vertex -10.087770000100136 -1.19551520049572 0
      vertex -10.087770000100136 -1.19551520049572 1.6
    endloop
  endfacet
  facet normal 0.2424707527490568 -0.9701587159126622 0
    outer loop
      vertex -10.087770000100136 -1.19551520049572 0
      vertex -9.825989998877048 -1.1300887987017632 0
      vertex -9.825989998877048 -1.1300887987017632 1.6
    endloop
  endfacet
  facet normal 0.07814715297991481 -0.9969418350541489 0
    outer loop
      vertex -9.825989998877048 -1.1300887987017632 0
      vertex -9.547770000994205 -1.1082800030708313 0
      vertex -9.547770000994205 -1.1082800030708313 1.6
    endloop
  endfacet
  facet normal 0.10960936251645459 0.9939747419571265 0
    outer loop
      vertex -11.17526999861002 -0.4776799976825714 0
      vertex -11.17526999861002 -0.4776799976825714 1.6
      vertex -10.068570002913475 -0.5997200012207031 0
    endloop
  endfacet
  facet normal 0.9758604502524261 -0.21839501283942442 0
    outer loop
      vertex -11.17526999861002 -0.4776799976825714 0
      vertex -11.113513201475143 -0.2017304003238678 0
      vertex -11.113513201475143 -0.2017304003238678 1.6
    endloop
  endfacet
  facet normal 0.9430458220358904 -0.3326628586732395 0
    outer loop
      vertex -11.113513201475143 -0.2017304003238678 0
      vertex -11.025874800980091 0.04671040177345276 0
      vertex -11.025874800980091 0.04671040177345276 1.6
    endloop
  endfacet
  facet normal -0.9865299213743144 0.16358091035689046 0
    outer loop
      vertex -10.068570002913475 -0.5997200012207031 0
      vertex -10.068570002913475 -0.5997200012207031 1.6
      vertex -10.047090001404285 -0.470177598297596 0
    endloop
  endfacet
  facet normal -0.9637533652510342 0.26679477312591177 0
    outer loop
      vertex -10.047090001404285 -0.470177598297596 0
      vertex -10.047090001404285 -0.470177598297596 1.6
      vertex -10.01519399881363 -0.3549584001302719 0
    endloop
  endfacet
  facet normal -0.9221918716868719 0.3867326619186233 0
    outer loop
      vertex -10.01519399881363 -0.3549584001302719 0
      vertex -10.01519399881363 -0.3549584001302719 1.6
      vertex -9.972882002592087 -0.25406239926815033 0
    endloop
  endfacet
  facet normal -0.8540604191699422 0.5201738174949433 0
    outer loop
      vertex -9.972882002592087 -0.25406239926815033 0
      vertex -9.972882002592087 -0.25406239926815033 1.6
      vertex -9.920153997838497 -0.16748960316181183 0
    endloop
  endfacet
  facet normal -0.7529608580692919 0.658065305433705 0
    outer loop
      vertex -9.920153997838497 -0.16748960316181183 0
      vertex -9.920153997838497 -0.16748960316181183 1.6
      vertex -9.857009999454021 -0.09523999691009521 0
    endloop
  endfacet
  facet normal -0.6290240445784944 0.7773858445727657 0
    outer loop
      vertex -9.857009999454021 -0.09523999691009521 0
      vertex -9.857009999454021 -0.09523999691009521 1.6
      vertex -9.784587599337101 -0.036639198660850525 0
    endloop
  endfacet
  facet normal -0.4924066268772701 0.8703652760808813 0
    outer loop
      vertex -9.784587599337101 -0.036639198660850525 0
      vertex -9.784587599337101 -0.036639198660850525 1.6
      vertex -9.704024396836758 0.008939199149608612 0
    endloop
  endfacet
  facet normal -0.34454567998813534 0.9387695534056872 0
    outer loop
      vertex -9.704024396836758 0.008939199149608612 0
      vertex -9.704024396836758 0.008939199149608612 1.6
      vertex -9.615320399403572 0.041495196521282196 0
    endloop
  endfacet
  facet normal -0.19771829991973486 0.9802588810497203 0
    outer loop
      vertex -9.615320399403572 0.041495196521282196 0
      vertex -9.615320399403572 0.041495196521282196 1.6
      vertex -9.518475599586964 0.061028800904750824 0
    endloop
  endfacet
  facet normal 0.6785829546024312 -0.7345237734226407 0
    outer loop
      vertex -10.774470001459122 -1.653499998152256 0
      vertex -10.562009997665882 -1.4572208002209663 1.6
      vertex -10.774470001459122 -1.653499998152256 1.6
    endloop
  endfacet
  facet normal 0.5548551831654814 -0.8319469488581589 0
    outer loop
      vertex -10.562009997665882 -1.4572208002209663 0
      vertex -10.333109997212887 -1.304559201002121 1.6
      vertex -10.562009997665882 -1.4572208002209663 1.6
    endloop
  endfacet
  facet normal 0.40615091268636155 -0.9138060166818972 0
    outer loop
      vertex -10.333109997212887 -1.304559201002121 0
      vertex -10.087770000100136 -1.19551520049572 1.6
      vertex -10.333109997212887 -1.304559201002121 1.6
    endloop
  endfacet
  facet normal 0.2424707527490568 -0.9701587159126622 0
    outer loop
      vertex -10.087770000100136 -1.19551520049572 0
      vertex -9.825989998877048 -1.1300887987017632 1.6
      vertex -10.087770000100136 -1.19551520049572 1.6
    endloop
  endfacet
  facet normal 0.07814715297991481 -0.9969418350541489 0
    outer loop
      vertex -9.825989998877048 -1.1300887987017632 0
      vertex -9.547770000994205 -1.1082800030708313 1.6
      vertex -9.825989998877048 -1.1300887987017632 1.6
    endloop
  endfacet
  facet normal 0.9758604502524261 -0.21839501283942442 0
    outer loop
      vertex -11.17526999861002 -0.4776799976825714 0
      vertex -11.113513201475143 -0.2017304003238678 1.6
      vertex -11.17526999861002 -0.4776799976825714 1.6
    endloop
  endfacet
  facet normal 0.9430458220358904 -0.3326628586732395 0
    outer loop
      vertex -11.113513201475143 -0.2017304003238678 0
      vertex -11.025874800980091 0.04671040177345276 1.6
      vertex -11.113513201475143 -0.2017304003238678 1.6
    endloop
  endfacet
  facet normal 0.8894550313858914 -0.4570226987167299 0
    outer loop
      vertex -11.025874800980091 0.04671040177345276 0
      vertex -10.912354797124863 0.26764240115880966 1.6
      vertex -11.025874800980091 0.04671040177345276 1.6
    endloop
  endfacet
  facet normal 0.10960936251645459 0.9939747419571265 0
    outer loop
      vertex -10.068570002913475 -0.5997200012207031 0
      vertex -11.17526999861002 -0.4776799976825714 1.6
      vertex -10.068570002913475 -0.5997200012207031 1.6
    endloop
  endfacet
  facet normal -0.9865299213743144 0.16358091035689046 0
    outer loop
      vertex -10.047090001404285 -0.470177598297596 0
      vertex -10.068570002913475 -0.5997200012207031 1.6
      vertex -10.047090001404285 -0.470177598297596 1.6
    endloop
  endfacet
  facet normal -0.9637533652510342 0.26679477312591177 0
    outer loop
      vertex -10.01519399881363 -0.3549584001302719 0
      vertex -10.047090001404285 -0.470177598297596 1.6
      vertex -10.01519399881363 -0.3549584001302719 1.6
    endloop
  endfacet
  facet normal -0.9221918716868719 0.3867326619186233 0
    outer loop
      vertex -9.972882002592087 -0.25406239926815033 0
      vertex -10.01519399881363 -0.3549584001302719 1.6
      vertex -9.972882002592087 -0.25406239926815033 1.6
    endloop
  endfacet
  facet normal -0.8540604191699422 0.5201738174949433 0
    outer loop
      vertex -9.920153997838497 -0.16748960316181183 0
      vertex -9.972882002592087 -0.25406239926815033 1.6
      vertex -9.920153997838497 -0.16748960316181183 1.6
    endloop
  endfacet
  facet normal -0.7529608580692919 0.658065305433705 0
    outer loop
      vertex -9.857009999454021 -0.09523999691009521 0
      vertex -9.920153997838497 -0.16748960316181183 1.6
      vertex -9.857009999454021 -0.09523999691009521 1.6
    endloop
  endfacet
  facet normal -0.6290240445784944 0.7773858445727657 0
    outer loop
      vertex -9.784587599337101 -0.036639198660850525 0
      vertex -9.857009999454021 -0.09523999691009521 1.6
      vertex -9.784587599337101 -0.036639198660850525 1.6
    endloop
  endfacet
  facet normal -0.4924066268772701 0.8703652760808813 0
    outer loop
      vertex -9.784587599337101 -0.036639198660850525 1.6
      vertex -9.704024396836758 0.008939199149608612 1.6
      vertex -9.704024396836758 0.008939199149608612 0
    endloop
  endfacet
  facet normal -0.34454567998813534 0.9387695534056872 0
    outer loop
      vertex -9.615320399403572 0.041495196521282196 0
      vertex -9.704024396836758 0.008939199149608612 1.6
      vertex -9.615320399403572 0.041495196521282196 1.6
    endloop
  endfacet
  facet normal -0.19771829991973486 0.9802588810497203 0
    outer loop
      vertex -9.518475599586964 0.061028800904750824 0
      vertex -9.615320399403572 0.041495196521282196 1.6
      vertex -9.518475599586964 0.061028800904750824 1.6
    endloop
  endfacet
  facet normal -0.08030707713647894 0.9967701707825108 0
    outer loop
      vertex -9.368730001151562 -5.0834600031375885 0
      vertex -9.368730001151562 -5.0834600031375885 1.6
      vertex -9.020290799438953 -5.055387198925018 0
    endloop
  endfacet
  facet normal -0.25250361389793474 0.967595951298104 0
    outer loop
      vertex -9.020290799438953 -5.055387198925018 0
      vertex -9.020290799438953 -5.055387198925018 1.6
      vertex -8.697565197944641 -4.971168801188469 0
    endloop
  endfacet
  facet normal -0.42727592557404365 0.9041212769451034 0
    outer loop
      vertex -8.697565197944641 -4.971168801188469 0
      vertex -8.697565197944641 -4.971168801188469 1.6
      vertex -8.400553196668625 -4.83080480247736 0
    endloop
  endfacet
  facet normal -0.5866119166772445 0.809868173971696 0
    outer loop
      vertex -8.400553196668625 -4.83080480247736 0
      vertex -8.400553196668625 -4.83080480247736 1.6
      vertex -8.129254803061485 -4.634295202791691 0
    endloop
  endfacet
  facet normal -0.08063312492137684 -0.996743848320828 0
    outer loop
      vertex -9.548434801399708 -4.125533603131771 0
      vertex -9.425729997456074 -4.1354599967598915 0
      vertex -9.425729997456074 -4.1354599967598915 1.6
    endloop
  endfacet
  facet normal 0.09364906170483545 -0.9956052697941107 0
    outer loop
      vertex -9.425729997456074 -4.1354599967598915 0
      vertex -9.296828396618366 -4.12333519756794 0
      vertex -9.296828396618366 -4.12333519756794 1.6
    endloop
  endfacet
  facet normal 0.28349979006928894 -0.9589722983645925 0
    outer loop
      vertex -9.296828396618366 -4.12333519756794 0
      vertex -9.173787601292133 -4.0869607999920845 0
      vertex -9.173787601292133 -4.0869607999920845 1.6
    endloop
  endfacet
  facet normal 0.4595045774429032 -0.8881754012068894 0
    outer loop
      vertex -9.173787601292133 -4.0869607999920845 0
      vertex -9.056607596576214 -4.026336796581745 0
      vertex -9.056607596576214 -4.026336796581745 1.6
    endloop
  endfacet
  facet normal 0.6063097027068051 -0.7952286114090623 0
    outer loop
      vertex -9.056607596576214 -4.026336796581745 0
      vertex -8.945288397371769 -3.941463202238083 0
      vertex -8.945288397371769 -3.941463202238083 1.6
    endloop
  endfacet
  facet normal 0.7190784853217216 -0.6949288682645286 0
    outer loop
      vertex -8.945288397371769 -3.941463202238083 0
      vertex -8.839830003678799 -3.8323400020599365 0
      vertex -8.839830003678799 -3.8323400020599365 1.6
    endloop
  endfacet
  facet normal 0.8184067453247615 -0.5746393644773486 0
    outer loop
      vertex -8.839830003678799 -3.8323400020599365 0
      vertex -8.747554801404476 -3.7009207978844643 0
      vertex -8.747554801404476 -3.7009207978844643 1.6
    endloop
  endfacet
  facet normal -0.7170689603666531 0.6970022281734021 0
    outer loop
      vertex -8.129254803061485 -4.634295202791691 0
      vertex -8.129254803061485 -4.634295202791691 1.6
      vertex -7.883670002222061 -4.381640002131462 0
    endloop
  endfacet
  facet normal -0.8340338494830913 0.551713275095331 0
    outer loop
      vertex -7.883670002222061 -4.381640002131462 0
      vertex -7.883670002222061 -4.381640002131462 1.6
      vertex -7.6742148026824 -4.065003201365471 0
    endloop
  endfacet
  facet normal -0.9221694010486654 0.38678624040876325 0
    outer loop
      vertex -7.6742148026824 -4.065003201365471 0
      vertex -7.6742148026824 -4.065003201365471 1.6
      vertex -7.511305198073387 -3.67659679800272 0
    endloop
  endfacet
  facet normal 0.06800539044950174 0.9976849537152551 0
    outer loop
      vertex -9.368730001151562 -5.0834600031375885 0
      vertex -9.693433202803135 -5.061327196657658 1.6
      vertex -9.368730001151562 -5.0834600031375885 1.6
    endloop
  endfacet
  facet normal -0.08030707713647894 0.9967701707825108 0
    outer loop
      vertex -9.020290799438953 -5.055387198925018 0
      vertex -9.368730001151562 -5.0834600031375885 1.6
      vertex -9.020290799438953 -5.055387198925018 1.6
    endloop
  endfacet
  facet normal -0.25250361389793474 0.967595951298104 0
    outer loop
      vertex -8.697565197944641 -4.971168801188469 0
      vertex -9.020290799438953 -5.055387198925018 1.6
      vertex -8.697565197944641 -4.971168801188469 1.6
    endloop
  endfacet
  facet normal -0.42727592557404365 0.9041212769451034 0
    outer loop
      vertex -8.400553196668625 -4.83080480247736 0
      vertex -8.697565197944641 -4.971168801188469 1.6
      vertex -8.400553196668625 -4.83080480247736 1.6
    endloop
  endfacet
  facet normal -0.5866119166772445 0.809868173971696 0
    outer loop
      vertex -8.129254803061485 -4.634295202791691 0
      vertex -8.400553196668625 -4.83080480247736 1.6
      vertex -8.129254803061485 -4.634295202791691 1.6
    endloop
  endfacet
  facet normal 0.09364906170483545 -0.9956052697941107 0
    outer loop
      vertex -9.425729997456074 -4.1354599967598915 0
      vertex -9.296828396618366 -4.12333519756794 1.6
      vertex -9.425729997456074 -4.1354599967598915 1.6
    endloop
  endfacet
  facet normal 0.28349979006928894 -0.9589722983645925 0
    outer loop
      vertex -9.296828396618366 -4.12333519756794 0
      vertex -9.173787601292133 -4.0869607999920845 1.6
      vertex -9.296828396618366 -4.12333519756794 1.6
    endloop
  endfacet
  facet normal 0.4595045774429032 -0.8881754012068894 0
    outer loop
      vertex -9.173787601292133 -4.0869607999920845 0
      vertex -9.056607596576214 -4.026336796581745 1.6
      vertex -9.173787601292133 -4.0869607999920845 1.6
    endloop
  endfacet
  facet normal 0.6063097027068051 -0.7952286114090623 0
    outer loop
      vertex -9.056607596576214 -4.026336796581745 0
      vertex -8.945288397371769 -3.941463202238083 1.6
      vertex -9.056607596576214 -4.026336796581745 1.6
    endloop
  endfacet
  facet normal 0.7190784853217216 -0.6949288682645286 0
    outer loop
      vertex -8.945288397371769 -3.941463202238083 0
      vertex -8.839830003678799 -3.8323400020599365 1.6
      vertex -8.945288397371769 -3.941463202238083 1.6
    endloop
  endfacet
  facet normal 0.8184067453247615 -0.5746393644773486 0
    outer loop
      vertex -8.839830003678799 -3.8323400020599365 0
      vertex -8.747554801404476 -3.7009207978844643 1.6
      vertex -8.839830003678799 -3.8323400020599365 1.6
    endloop
  endfacet
  facet normal -0.7170689603666531 0.6970022281734021 0
    outer loop
      vertex -7.883670002222061 -4.381640002131462 0
      vertex -8.129254803061485 -4.634295202791691 1.6
      vertex -7.883670002222061 -4.381640002131462 1.6
    endloop
  endfacet
  facet normal -0.8340338494830913 0.551713275095331 0
    outer loop
      vertex -7.6742148026824 -4.065003201365471 0
      vertex -7.883670002222061 -4.381640002131462 1.6
      vertex -7.6742148026824 -4.065003201365471 1.6
    endloop
  endfacet
  facet normal -0.9221694010486654 0.38678624040876325 0
    outer loop
      vertex -7.511305198073387 -3.67659679800272 0
      vertex -7.6742148026824 -4.065003201365471 1.6
      vertex -7.511305198073387 -3.67659679800272 1.6
    endloop
  endfacet
  facet normal 0 1 0
    outer loop
      vertex -3.1023299992084503 -4.981760002672672 0
      vertex -3.1023299992084503 -4.981760002672672 1.6
      vertex -2.0403899997472763 -4.981760002672672 0
    endloop
  endfacet
  facet normal 1 0 0
    outer loop
      vertex -3.1023299992084503 -4.981760002672672 0
      vertex -3.1023299992084503 -3.248479999601841 0
      vertex -3.1023299992084503 -4.981760002672672 1.6
    endloop
  endfacet
  facet normal -1 0 0
    outer loop
      vertex -2.0403899997472763 -4.981760002672672 0
      vertex -2.0403899997472763 -4.981760002672672 1.6
      vertex -2.0403899997472763 -4.334839999675751 0
    endloop
  endfacet
  facet normal 0.6356031327787048 0.7720159697842373 0
    outer loop
      vertex -1.5671292021870613 -4.811383999884129 0
      vertex -1.8203627988696098 -4.602895997464657 0
      vertex -1.8203627988696098 -4.602895997464657 1.6
    endloop
  endfacet
  facet normal 0.46128251346740284 0.8872533137549812 0
    outer loop
      vertex -1.2806892022490501 -4.960303999483585 0
      vertex -1.5671292021870613 -4.811383999884129 0
      vertex -1.5671292021870613 -4.811383999884129 1.6
    endloop
  endfacet
  facet normal 0.2692136389608548 0.9630804829283245 0
    outer loop
      vertex -1.2806892022490501 -4.960303999483585 0
      vertex -1.2806892022490501 -4.960303999483585 1.6
      vertex -0.9610427990555763 -5.049656003713608 0
    endloop
  endfacet
  facet normal 0.08411001330559 0.99645647454454 0
    outer loop
      vertex -0.9610427990555763 -5.049656003713608 0
      vertex -0.9610427990555763 -5.049656003713608 1.6
      vertex -0.6081900000572205 -5.079439997673035 0
    endloop
  endfacet
  facet normal -0.08128258414647092 0.9966910963355055 0
    outer loop
      vertex -0.6081900000572205 -5.079439997673035 0
      vertex -0.6081900000572205 -5.079439997673035 1.6
      vertex -0.2509524002671242 -5.050306402146816 0
    endloop
  endfacet
  facet normal -0.2739906849649704 0.9617323455891594 0
    outer loop
      vertex -0.2509524002671242 -5.050306402146816 0
      vertex -0.2509524002671242 -5.050306402146816 1.6
      vertex 0.0558324009180069 -4.962905600667 0
    endloop
  endfacet
  facet normal 0.7729548365959307 0.634461047333056 0
    outer loop
      vertex -1.8203627988696098 -4.602895997464657 0
      vertex -2.0403899997472763 -4.334839999675751 0
      vertex -2.0403899997472763 -4.334839999675751 1.6
    endloop
  endfacet
  facet normal -0.29044929328691493 -0.9568903845421018 0
    outer loop
      vertex -1.3582644015550613 -4.151588000357151 0
      vertex -1.253696396946907 -4.183328002691269 0
      vertex -1.253696396946907 -4.183328002691269 1.6
    endloop
  endfacet
  facet normal -0.8564419979883425 -0.5162432605678604 0
    outer loop
      vertex -1.781478002667427 -3.830290399491787 0
      vertex -1.781478002667427 -3.830290399491787 1.6
      vertex -1.8334740027785301 -3.7440295964479446 0
    endloop
  endfacet
  facet normal -0.9178591393648415 -0.396906286526722 0
    outer loop
      vertex -1.8334740027785301 -3.7440295964479446 0
      vertex -1.8334740027785301 -3.7440295964479446 1.6
      vertex -1.873589999973774 -3.6512600034475327 0
    endloop
  endfacet
  facet normal -0.5123008566870207 -0.8588060504198515 0
    outer loop
      vertex -1.5542099997401237 -4.0500200018286705 0
      vertex -1.4584356024861336 -4.107152000069618 0
      vertex -1.4584356024861336 -4.107152000069618 1.6
    endloop
  endfacet
  facet normal -0.6950829377005743 -0.7189295582444358 0
    outer loop
      vertex -1.6418460011482239 -3.9832855984568596 0
      vertex -1.6418460011482239 -3.9832855984568596 1.6
      vertex -1.7176019996404648 -3.9100423976778984 0
    endloop
  endfacet
  facet normal -0.6058370817895322 -0.7955887319015672 0
    outer loop
      vertex -1.5542099997401237 -4.0500200018286705 0
      vertex -1.5542099997401237 -4.0500200018286705 1.6
      vertex -1.6418460011482239 -3.9832855984568596 0
    endloop
  endfacet
  facet normal -0.4054942083084478 -0.9140976135119844 0
    outer loop
      vertex -1.4584356024861336 -4.107152000069618 0
      vertex -1.3582644015550613 -4.151588000357151 0
      vertex -1.3582644015550613 -4.151588000357151 1.6
    endloop
  endfacet
  facet normal -0.7805134741391409 -0.62513895790236 0
    outer loop
      vertex -1.781478002667427 -3.830290399491787 0
      vertex -1.7176019996404648 -3.9100423976778984 0
      vertex -1.7176019996404648 -3.9100423976778984 1.6
    endloop
  endfacet
  facet normal -0.17216242383014876 -0.9850685762021487 0
    outer loop
      vertex -1.253696396946907 -4.183328002691269 0
      vertex -1.1447316035628319 -4.202371999621391 0
      vertex -1.1447316035628319 -4.202371999621391 1.6
    endloop
  endfacet
  facet normal -0.0559101952960678 -0.9984358016727743 0
    outer loop
      vertex -1.1447316035628319 -4.202371999621391 0
      vertex -1.031369999051094 -4.208719998598099 0
      vertex -1.031369999051094 -4.208719998598099 1.6
    endloop
  endfacet
  facet normal 0.049298419019941746 -0.9987840937270347 0
    outer loop
      vertex -1.031369999051094 -4.208719998598099 0
      vertex -0.932420402765274 -4.203836001455784 0
      vertex -0.932420402765274 -4.203836001455784 1.6
    endloop
  endfacet
  facet normal 0.1576249451747045 -0.9874990514722896 0
    outer loop
      vertex -0.932420402765274 -4.203836001455784 0
      vertex -0.8406276032328606 -4.1891840025782585 0
      vertex -0.8406276032328606 -4.1891840025782585 1.6
    endloop
  endfacet
  facet normal 0.27722111123974763 -0.9608061487537429 0
    outer loop
      vertex -0.8406276032328606 -4.1891840025782585 0
      vertex -0.7559916004538536 -4.164764001965523 0
      vertex -0.7559916004538536 -4.164764001965523 1.6
    endloop
  endfacet
  facet normal 0.40369954132737895 -0.9148916221783123 0
    outer loop
      vertex -0.7559916004538536 -4.164764001965523 0
      vertex -0.6785124018788338 -4.130575999617577 0
      vertex -0.6785124018788338 -4.130575999617577 1.6
    endloop
  endfacet
  facet normal 0.5300379207331516 -0.8479739398029147 0
    outer loop
      vertex -0.6785124018788338 -4.130575999617577 0
      vertex -0.6081900000572205 -4.086620002985001 0
      vertex -0.6081900000572205 -4.086620002985001 1.6
    endloop
  endfacet
  facet normal 0.6284045689658309 -0.7778866869299591 0
    outer loop
      vertex -0.6081900000572205 -4.086620002985001 0
      vertex -0.5404980033636093 -4.031935997307301 0
      vertex -0.5404980033636093 -4.031935997307301 1.6
    endloop
  endfacet
  facet normal 0.7266294458542096 -0.687029583364213 0
    outer loop
      vertex -0.5404980033636093 -4.031935997307301 0
      vertex -0.4838699996471405 -3.972043998539448 0
      vertex -0.4838699996471405 -3.972043998539448 1.6
    endloop
  endfacet
  facet normal 0.8192673704466786 -0.5734116982774111 0
    outer loop
      vertex -0.4838699996471405 -3.972043998539448 0
      vertex -0.4383059963583946 -3.9069439992308617 0
      vertex -0.4383059963583946 -3.9069439992308617 1.6
    endloop
  endfacet
  facet normal 0.8977425591809638 -0.4405204846942011 0
    outer loop
      vertex -0.4383059963583946 -3.9069439992308617 0
      vertex -0.40380600094795227 -3.836635999381542 0
      vertex -0.40380600094795227 -3.836635999381542 1.6
    endloop
  endfacet
  facet normal 0.9550641285330014 -0.2963992415467666 0
    outer loop
      vertex -0.40380600094795227 -3.836635999381542 0
      vertex -0.38036999851465225 -3.7611199989914894 0
      vertex -0.38036999851465225 -3.7611199989914894 1.6
    endloop
  endfacet
  facet normal 0 1 0
    outer loop
      vertex -2.0403899997472763 -4.981760002672672 0
      vertex -3.1023299992084503 -4.981760002672672 1.6
      vertex -2.0403899997472763 -4.981760002672672 1.6
    endloop
  endfacet
  facet normal 1 0 0
    outer loop
      vertex -3.1023299992084503 -3.248479999601841 0
      vertex -3.1023299992084503 -3.248479999601841 1.6
      vertex -3.1023299992084503 -4.981760002672672 1.6
    endloop
  endfacet
  facet normal 0.46128251346740284 0.8872533137549812 0
    outer loop
      vertex -1.2806892022490501 -4.960303999483585 0
      vertex -1.5671292021870613 -4.811383999884129 1.6
      vertex -1.2806892022490501 -4.960303999483585 1.6
    endloop
  endfacet
  facet normal 0.6356031327787048 0.7720159697842373 0
    outer loop
      vertex -1.5671292021870613 -4.811383999884129 0
      vertex -1.8203627988696098 -4.602895997464657 1.6
      vertex -1.5671292021870613 -4.811383999884129 1.6
    endloop
  endfacet
  facet normal 0.2692136389608548 0.9630804829283245 0
    outer loop
      vertex -0.9610427990555763 -5.049656003713608 0
      vertex -1.2806892022490501 -4.960303999483585 1.6
      vertex -0.9610427990555763 -5.049656003713608 1.6
    endloop
  endfacet
  facet normal 0.08411001330559 0.99645647454454 0
    outer loop
      vertex -0.6081900000572205 -5.079439997673035 0
      vertex -0.9610427990555763 -5.049656003713608 1.6
      vertex -0.6081900000572205 -5.079439997673035 1.6
    endloop
  endfacet
  facet normal -0.08128258414647092 0.9966910963355055 0
    outer loop
      vertex -0.2509524002671242 -5.050306402146816 0
      vertex -0.6081900000572205 -5.079439997673035 1.6
      vertex -0.2509524002671242 -5.050306402146816 1.6
    endloop
  endfacet
  facet normal -0.2739906849649704 0.9617323455891594 0
    outer loop
      vertex -0.2509524002671242 -5.050306402146816 1.6
      vertex 0.0558324009180069 -4.962905600667 1.6
      vertex 0.0558324009180069 -4.962905600667 0
    endloop
  endfacet
  facet normal -1 0 0
    outer loop
      vertex -2.0403899997472763 -4.334839999675751 0
      vertex -2.0403899997472763 -4.981760002672672 1.6
      vertex -2.0403899997472763 -4.334839999675751 1.6
    endloop
  endfacet
  facet normal 0.7729548365959307 0.634461047333056 0
    outer loop
      vertex -1.8203627988696098 -4.602895997464657 0
      vertex -2.0403899997472763 -4.334839999675751 1.6
      vertex -1.8203627988696098 -4.602895997464657 1.6
    endloop
  endfacet
  facet normal -0.17216242383014876 -0.9850685762021487 0
    outer loop
      vertex -1.253696396946907 -4.183328002691269 0
      vertex -1.1447316035628319 -4.202371999621391 1.6
      vertex -1.253696396946907 -4.183328002691269 1.6
    endloop
  endfacet
  facet normal -0.8564419979883425 -0.5162432605678604 0
    outer loop
      vertex -1.8334740027785301 -3.7440295964479446 0
      vertex -1.781478002667427 -3.830290399491787 1.6
      vertex -1.8334740027785301 -3.7440295964479446 1.6
    endloop
  endfacet
  facet normal -0.5123008566870207 -0.8588060504198515 0
    outer loop
      vertex -1.5542099997401237 -4.0500200018286705 0
      vertex -1.4584356024861336 -4.107152000069618 1.6
      vertex -1.5542099997401237 -4.0500200018286705 1.6
    endloop
  endfacet
  facet normal -0.6950829377005743 -0.7189295582444358 0
    outer loop
      vertex -1.7176019996404648 -3.9100423976778984 0
      vertex -1.6418460011482239 -3.9832855984568596 1.6
      vertex -1.7176019996404648 -3.9100423976778984 1.6
    endloop
  endfacet
  facet normal -0.6058370817895322 -0.7955887319015672 0
    outer loop
      vertex -1.6418460011482239 -3.9832855984568596 0
      vertex -1.5542099997401237 -4.0500200018286705 1.6
      vertex -1.6418460011482239 -3.9832855984568596 1.6
    endloop
  endfacet
  facet normal -0.4054942083084478 -0.9140976135119844 0
    outer loop
      vertex -1.4584356024861336 -4.107152000069618 0
      vertex -1.3582644015550613 -4.151588000357151 1.6
      vertex -1.4584356024861336 -4.107152000069618 1.6
    endloop
  endfacet
  facet normal -0.29044929328691493 -0.9568903845421018 0
    outer loop
      vertex -1.3582644015550613 -4.151588000357151 0
      vertex -1.253696396946907 -4.183328002691269 1.6
      vertex -1.3582644015550613 -4.151588000357151 1.6
    endloop
  endfacet
  facet normal -0.7805134741391409 -0.62513895790236 0
    outer loop
      vertex -1.781478002667427 -3.830290399491787 0
      vertex -1.7176019996404648 -3.9100423976778984 1.6
      vertex -1.781478002667427 -3.830290399491787 1.6
    endloop
  endfacet
  facet normal -0.0559101952960678 -0.9984358016727743 0
    outer loop
      vertex -1.1447316035628319 -4.202371999621391 0
      vertex -1.031369999051094 -4.208719998598099 1.6
      vertex -1.1447316035628319 -4.202371999621391 1.6
    endloop
  endfacet
  facet normal 0.049298419019941746 -0.9987840937270347 0
    outer loop
      vertex -1.031369999051094 -4.208719998598099 0
      vertex -0.932420402765274 -4.203836001455784 1.6
      vertex -1.031369999051094 -4.208719998598099 1.6
    endloop
  endfacet
  facet normal 0.1576249451747045 -0.9874990514722896 0
    outer loop
      vertex -0.932420402765274 -4.203836001455784 0
      vertex -0.8406276032328606 -4.1891840025782585 1.6
      vertex -0.932420402765274 -4.203836001455784 1.6
    endloop
  endfacet
  facet normal 0.27722111123974763 -0.9608061487537429 0
    outer loop
      vertex -0.8406276032328606 -4.1891840025782585 0
      vertex -0.7559916004538536 -4.164764001965523 1.6
      vertex -0.8406276032328606 -4.1891840025782585 1.6
    endloop
  endfacet
  facet normal 0.40369954132737895 -0.9148916221783123 0
    outer loop
      vertex -0.7559916004538536 -4.164764001965523 0
      vertex -0.6785124018788338 -4.130575999617577 1.6
      vertex -0.7559916004538536 -4.164764001965523 1.6
    endloop
  endfacet
  facet normal 0.5300379207331516 -0.8479739398029147 0
    outer loop
      vertex -0.6785124018788338 -4.130575999617577 0
      vertex -0.6081900000572205 -4.086620002985001 1.6
      vertex -0.6785124018788338 -4.130575999617577 1.6
    endloop
  endfacet
  facet normal 0.6284045689658309 -0.7778866869299591 0
    outer loop
      vertex -0.6081900000572205 -4.086620002985001 0
      vertex -0.5404980033636093 -4.031935997307301 1.6
      vertex -0.6081900000572205 -4.086620002985001 1.6
    endloop
  endfacet
  facet normal 0.7266294458542096 -0.687029583364213 0
    outer loop
      vertex -0.5404980033636093 -4.031935997307301 0
      vertex -0.4838699996471405 -3.972043998539448 1.6
      vertex -0.5404980033636093 -4.031935997307301 1.6
    endloop
  endfacet
  facet normal 0.8192673704466786 -0.5734116982774111 0
    outer loop
      vertex -0.4838699996471405 -3.972043998539448 0
      vertex -0.4383059963583946 -3.9069439992308617 1.6
      vertex -0.4838699996471405 -3.972043998539448 1.6
    endloop
  endfacet
  facet normal 0.8977425591809638 -0.4405204846942011 0
    outer loop
      vertex -0.4383059963583946 -3.9069439992308617 0
      vertex -0.40380600094795227 -3.836635999381542 1.6
      vertex -0.4383059963583946 -3.9069439992308617 1.6
    endloop
  endfacet
  facet normal 0.9550641285330014 -0.2963992415467666 0
    outer loop
      vertex -0.40380600094795227 -3.836635999381542 0
      vertex -0.38036999851465225 -3.7611199989914894 1.6
      vertex -0.40380600094795227 -3.836635999381542 1.6
    endloop
  endfacet
  facet normal 0.983628379564597 -0.18020879810687626 0
    outer loop
      vertex -0.38036999851465225 -3.7611199989914894 0
      vertex -0.35693400353193283 -3.6331999972462654 1.6
      vertex -0.38036999851465225 -3.7611199989914894 1.6
    endloop
  endfacet
  facet normal 0.904008373882389 -0.4275147482257413 0
    outer loop
      vertex -8.747554801404476 -3.7009207978844643 0
      vertex -8.675785198807716 -3.549159198999405 0
      vertex -8.675785198807716 -3.549159198999405 1.6
    endloop
  endfacet
  facet normal 0.9583872469309694 -0.2854713381761416 0
    outer loop
      vertex -8.675785198807716 -3.549159198999405 0
      vertex -8.6245212033391 -3.377055197954178 0
      vertex -8.6245212033391 -3.377055197954178 1.6
    endloop
  endfacet
  facet normal 0.9874670502730811 -0.15782529779785118 0
    outer loop
      vertex -8.6245212033391 -3.377055197954178 0
      vertex -8.593762800097466 -3.1846088021993637 0
      vertex -8.593762800097466 -3.1846088021993637 1.6
    endloop
  endfacet
  facet normal 0.9988412164153851 -0.04812716893641019 0
    outer loop
      vertex -8.593762800097466 -3.1846088021993637 0
      vertex -8.583509996533394 -2.9718199968338013 0
      vertex -8.583509996533394 -2.9718199968338013 1.6
    endloop
  endfacet
  facet normal 0.998875188762316 0.04741684589940286 0
    outer loop
      vertex -8.583509996533394 -2.9718199968338013 0
      vertex -8.592622801661491 -2.779851198196411 0
      vertex -8.592622801661491 -2.779851198196411 1.6
    endloop
  endfacet
  facet normal -0.9694846341513895 0.24515208370386404 0
    outer loop
      vertex -7.511305198073387 -3.67659679800272 0
      vertex -7.511305198073387 -3.67659679800272 1.6
      vertex -7.3949412032961845 -3.2164207994937897 0
    endloop
  endfacet
  facet normal -0.9914962980687771 0.13013489507396042 0
    outer loop
      vertex -7.3949412032961845 -3.2164207994937897 0
      vertex -7.3949412032961845 -3.2164207994937897 1.6
      vertex -7.325122803449631 -2.6844751983880997 0
    endloop
  endfacet
  facet normal 0.987641511882858 0.1567298440174773 0
    outer loop
      vertex -8.619961202144623 -2.6075768023729324 0
      vertex -8.619961202144623 -2.6075768023729324 1.6
      vertex -8.592622801661491 -2.779851198196411 0
    endloop
  endfacet
  facet normal 0.9581884956859037 0.28613774084378485 0
    outer loop
      vertex -8.619961202144623 -2.6075768023729324 0
      vertex -8.665525197982788 -2.4549968019127846 0
      vertex -8.665525197982788 -2.4549968019127846 1.6
    endloop
  endfacet
  facet normal 0.9015111257372103 0.4327559244794089 0
    outer loop
      vertex -8.665525197982788 -2.4549968019127846 0
      vertex -8.729314796626568 -2.3221111968159676 0
      vertex -8.729314796626568 -2.3221111968159676 1.6
    endloop
  endfacet
  facet normal 0.573444479373135 0.8192444257219418 0
    outer loop
      vertex -8.906547598540783 -2.115910403430462 0
      vertex -9.009896397590637 -2.043569602072239 0
      vertex -9.009896397590637 -2.043569602072239 1.6
    endloop
  endfacet
  facet normal -0.08162246886548587 0.9966633195700054 0
    outer loop
      vertex -9.500898003578186 -1.9613839983940125 0
      vertex -9.500898003578186 -1.9613839983940125 1.6
      vertex -9.368730001151562 -1.9505600035190582 0
    endloop
  endfacet
  facet normal 0.08063682255646415 0.9967435491880533 0
    outer loop
      vertex -9.368730001151562 -1.9505600035190582 0
      vertex -9.368730001151562 -1.9505600035190582 1.6
      vertex -9.240987598896027 -1.9608943983912468 0
    endloop
  endfacet
  facet normal 0.25090823671628054 0.9680108763582809 0
    outer loop
      vertex -9.240987598896027 -1.9608943983912468 0
      vertex -9.240987598896027 -1.9608943983912468 1.6
      vertex -9.121376402676105 -1.9918975979089737 0
    endloop
  endfacet
  facet normal 0.42053161556969143 0.9072778848326158 0
    outer loop
      vertex -9.009896397590637 -2.043569602072239 0
      vertex -9.121376402676105 -1.9918975979089737 0
      vertex -9.121376402676105 -1.9918975979089737 1.6
    endloop
  endfacet
  facet normal 0.8097750078796817 0.5867405189804616 0
    outer loop
      vertex -8.729314796626568 -2.3221111968159676 0
      vertex -8.811329998075962 -2.2089200019836426 0
      vertex -8.811329998075962 -2.2089200019836426 1.6
    endloop
  endfacet
  facet normal 0.6987639796999785 0.7153522913039757 0
    outer loop
      vertex -8.906547598540783 -2.115910403430462 0
      vertex -8.906547598540783 -2.115910403430462 1.6
      vertex -8.811329998075962 -2.2089200019836426 0
    endloop
  endfacet
  facet normal -0.9992578024112112 0.038520699893911374 0
    outer loop
      vertex -7.325122803449631 -2.6844751983880997 0
      vertex -7.325122803449631 -2.6844751983880997 1.6
      vertex -7.301849998533726 -2.0807600021362305 0
    endloop
  endfacet
  facet normal -0.999234202833493 -0.039128095886637196 0
    outer loop
      vertex -7.301849998533726 -2.0807600021362305 0
      vertex -7.301849998533726 -2.0807600021362305 1.6
      vertex -7.326099596917629 -1.4614856019616127 0
    endloop
  endfacet
  facet normal 0.904008373882389 -0.4275147482257413 0
    outer loop
      vertex -8.747554801404476 -3.7009207978844643 0
      vertex -8.675785198807716 -3.549159198999405 1.6
      vertex -8.747554801404476 -3.7009207978844643 1.6
    endloop
  endfacet
  facet normal 0.9583872469309694 -0.2854713381761416 0
    outer loop
      vertex -8.675785198807716 -3.549159198999405 0
      vertex -8.6245212033391 -3.377055197954178 1.6
      vertex -8.675785198807716 -3.549159198999405 1.6
    endloop
  endfacet
  facet normal 0.9874670502730811 -0.15782529779785118 0
    outer loop
      vertex -8.6245212033391 -3.377055197954178 0
      vertex -8.593762800097466 -3.1846088021993637 1.6
      vertex -8.6245212033391 -3.377055197954178 1.6
    endloop
  endfacet
  facet normal 0.9988412164153851 -0.04812716893641019 0
    outer loop
      vertex -8.593762800097466 -3.1846088021993637 0
      vertex -8.583509996533394 -2.9718199968338013 1.6
      vertex -8.593762800097466 -3.1846088021993637 1.6
    endloop
  endfacet
  facet normal 0.998875188762316 0.04741684589940286 0
    outer loop
      vertex -8.583509996533394 -2.9718199968338013 0
      vertex -8.592622801661491 -2.779851198196411 1.6
      vertex -8.583509996533394 -2.9718199968338013 1.6
    endloop
  endfacet
  facet normal -0.9694846341513895 0.24515208370386404 0
    outer loop
      vertex -7.3949412032961845 -3.2164207994937897 0
      vertex -7.511305198073387 -3.67659679800272 1.6
      vertex -7.3949412032961845 -3.2164207994937897 1.6
    endloop
  endfacet
  facet normal -0.9914962980687771 0.13013489507396042 0
    outer loop
      vertex -7.325122803449631 -2.6844751983880997 0
      vertex -7.3949412032961845 -3.2164207994937897 1.6
      vertex -7.325122803449631 -2.6844751983880997 1.6
    endloop
  endfacet
  facet normal 0.9581884956859037 0.28613774084378485 0
    outer loop
      vertex -8.619961202144623 -2.6075768023729324 0
      vertex -8.665525197982788 -2.4549968019127846 1.6
      vertex -8.619961202144623 -2.6075768023729324 1.6
    endloop
  endfacet
  facet normal 0.987641511882858 0.1567298440174773 0
    outer loop
      vertex -8.592622801661491 -2.779851198196411 0
      vertex -8.619961202144623 -2.6075768023729324 1.6
      vertex -8.592622801661491 -2.779851198196411 1.6
    endloop
  endfacet
  facet normal 0.9015111257372103 0.4327559244794089 0
    outer loop
      vertex -8.665525197982788 -2.4549968019127846 0
      vertex -8.729314796626568 -2.3221111968159676 1.6
      vertex -8.665525197982788 -2.4549968019127846 1.6
    endloop
  endfacet
  facet normal 0.8097750078796817 0.5867405189804616 0
    outer loop
      vertex -8.729314796626568 -2.3221111968159676 0
      vertex -8.811329998075962 -2.2089200019836426 1.6
      vertex -8.729314796626568 -2.3221111968159676 1.6
    endloop
  endfacet
  facet normal 0.573444479373135 0.8192444257219418 0
    outer loop
      vertex -8.906547598540783 -2.115910403430462 0
      vertex -9.009896397590637 -2.043569602072239 1.6
      vertex -8.906547598540783 -2.115910403430462 1.6
    endloop
  endfacet
  facet normal 0.42053161556969143 0.9072778848326158 0
    outer loop
      vertex -9.009896397590637 -2.043569602072239 0
      vertex -9.121376402676105 -1.9918975979089737 1.6
      vertex -9.009896397590637 -2.043569602072239 1.6
    endloop
  endfacet
  facet normal -0.08162246886548587 0.9966633195700054 0
    outer loop
      vertex -9.368730001151562 -1.9505600035190582 0
      vertex -9.500898003578186 -1.9613839983940125 1.6
      vertex -9.368730001151562 -1.9505600035190582 1.6
    endloop
  endfacet
  facet normal 0.08063682255646415 0.9967435491880533 0
    outer loop
      vertex -9.240987598896027 -1.9608943983912468 0
      vertex -9.368730001151562 -1.9505600035190582 1.6
      vertex -9.240987598896027 -1.9608943983912468 1.6
    endloop
  endfacet
  facet normal 0.25090823671628054 0.9680108763582809 0
    outer loop
      vertex -9.121376402676105 -1.9918975979089737 0
      vertex -9.240987598896027 -1.9608943983912468 1.6
      vertex -9.121376402676105 -1.9918975979089737 1.6
    endloop
  endfacet
  facet normal 0.6987639796999785 0.7153522913039757 0
    outer loop
      vertex -8.811329998075962 -2.2089200019836426 0
      vertex -8.906547598540783 -2.115910403430462 1.6
      vertex -8.811329998075962 -2.2089200019836426 1.6
    endloop
  endfacet
  facet normal -0.9992578024112112 0.038520699893911374 0
    outer loop
      vertex -7.301849998533726 -2.0807600021362305 0
      vertex -7.325122803449631 -2.6844751983880997 1.6
      vertex -7.301849998533726 -2.0807600021362305 1.6
    endloop
  endfacet
  facet normal -0.7118971875608394 -0.7022836993288163 0
    outer loop
      vertex -8.66501159965992 -1.4311856031417847 0
      vertex -8.485830001533031 -1.6128199994564056 0
      vertex -8.485830001533031 -1.6128199994564056 1.6
    endloop
  endfacet
  facet normal -0.5851395404079712 -0.8109326225101245 0
    outer loop
      vertex -8.66501159965992 -1.4311856031417847 0
      vertex -8.66501159965992 -1.4311856031417847 1.6
      vertex -8.86079639941454 -1.2899143993854523 0
    endloop
  endfacet
  facet normal 0.9962207532920648 0.0868574159769386 0
    outer loop
      vertex -8.485830001533031 -1.6128199994564056 0
      vertex -8.51927399635315 -1.2292303964495659 0
      vertex -8.51927399635315 -1.2292303964495659 1.6
    endloop
  endfacet
  facet normal -0.08189844498103493 -0.9966406798388718 0
    outer loop
      vertex -9.547770000994205 -1.1082800030708313 0
      vertex -9.302175596356392 -1.1284615993499756 0
      vertex -9.302175596356392 -1.1284615993499756 1.6
    endloop
  endfacet
  facet normal -0.42913903388905617 -0.9032384455905138 0
    outer loop
      vertex -9.07318440079689 -1.1890064030885696 0
      vertex -8.86079639941454 -1.2899143993854523 0
      vertex -8.86079639941454 -1.2899143993854523 1.6
    endloop
  endfacet
  facet normal -0.25561434529689386 -0.9667788301770164 0
    outer loop
      vertex -9.07318440079689 -1.1890064030885696 0
      vertex -9.07318440079689 -1.1890064030885696 1.6
      vertex -9.302175596356392 -1.1284615993499756 0
    endloop
  endfacet
  facet normal 0.989305778800052 0.14585635410506637 0
    outer loop
      vertex -8.51927399635315 -1.2292303964495659 0
      vertex -8.567525997757912 -0.9019495993852615 0
      vertex -8.567525997757912 -0.9019495993852615 1.6
    endloop
  endfacet
  facet normal -0.9912410608185173 -0.13206498153326138 0
    outer loop
      vertex -7.326099596917629 -1.4614856019616127 0
      vertex -7.326099596917629 -1.4614856019616127 1.6
      vertex -7.39884839951992 -0.9154544025659561 0
    endloop
  endfacet
  facet normal 0.9739737128255996 0.22666099515513535 0
    outer loop
      vertex -8.567525997757912 -0.9019495993852615 0
      vertex -8.630585998296738 -0.630977600812912 0
      vertex -8.630585998296738 -0.630977600812912 1.6
    endloop
  endfacet
  facet normal 0.9400622546260418 0.3410028701160783 0
    outer loop
      vertex -8.630585998296738 -0.630977600812912 0
      vertex -8.708453997969627 -0.41631440073251724 0
      vertex -8.708453997969627 -0.41631440073251724 1.6
    endloop
  endfacet
  facet normal -0.06190096369370429 0.9980822965536412 0
    outer loop
      vertex -9.518475599586964 0.061028800904750824 0
      vertex -9.518475599586964 0.061028800904750824 1.6
      vertex -9.413489997386932 0.0675399973988533 0
    endloop
  endfacet
  facet normal 0.09236071894609206 0.9957256136083681 0
    outer loop
      vertex -9.413489997386932 0.0675399973988533 0
      vertex -9.413489997386932 0.0675399973988533 1.6
      vertex -9.273123599588871 0.054520003497600555 0
    endloop
  endfacet
  facet normal 0.28489944549961305 0.9585574087940758 0
    outer loop
      vertex -9.273123599588871 0.054520003497600555 0
      vertex -9.273123599588871 0.054520003497600555 1.6
      vertex -9.14170440286398 0.015459999442100525 0
    endloop
  endfacet
  facet normal 0.4693618423327747 0.8830059235146633 0
    outer loop
      vertex -9.019232399761677 -0.049639999866485596 0
      vertex -9.14170440286398 0.015459999442100525 0
      vertex -9.14170440286398 0.015459999442100525 1.6
    endloop
  endfacet
  facet normal 0.6260350789239016 0.779794896082774 0
    outer loop
      vertex -9.019232399761677 -0.049639999866485596 0
      vertex -9.019232399761677 -0.049639999866485596 1.6
      vertex -8.905707597732544 -0.1407800018787384 0
    endloop
  endfacet
  facet normal 0.863060232090152 0.5051010154261154 0
    outer loop
      vertex -8.708453997969627 -0.41631440073251724 0
      vertex -8.80112999677658 -0.2579599991440773 0
      vertex -8.80112999677658 -0.2579599991440773 1.6
    endloop
  endfacet
  facet normal 0.7460875665249125 0.6658478377804752 0
    outer loop
      vertex -8.80112999677658 -0.2579599991440773 0
      vertex -8.905707597732544 -0.1407800018787384 0
      vertex -8.905707597732544 -0.1407800018787384 1.6
    endloop
  endfacet
  facet normal -0.9686538560985933 -0.24841438578577862 0
    outer loop
      vertex -7.39884839951992 -0.9154544025659561 0
      vertex -7.39884839951992 -0.9154544025659561 1.6
      vertex -7.5200963988900185 -0.4426663964986801 0
    endloop
  endfacet
  facet normal -0.8312122378193624 -0.5559552281428135 0
    outer loop
      vertex -7.689843602478504 -0.04312159866094589 0
      vertex -7.689843602478504 -0.04312159866094589 1.6
      vertex -7.908090002834797 0.28317999839782715 0
    endloop
  endfacet
  facet normal -0.9203801143659055 -0.3910248650403229 0
    outer loop
      vertex -7.5200963988900185 -0.4426663964986801 0
      vertex -7.5200963988900185 -0.4426663964986801 1.6
      vertex -7.689843602478504 -0.04312159866094589 0
    endloop
  endfacet
  facet normal -0.5851395404079712 -0.8109326225101245 0
    outer loop
      vertex -8.86079639941454 -1.2899143993854523 0
      vertex -8.66501159965992 -1.4311856031417847 1.6
      vertex -8.86079639941454 -1.2899143993854523 1.6
    endloop
  endfacet
  facet normal -0.7118971875608394 -0.7022836993288163 0
    outer loop
      vertex -8.66501159965992 -1.4311856031417847 0
      vertex -8.485830001533031 -1.6128199994564056 1.6
      vertex -8.66501159965992 -1.4311856031417847 1.6
    endloop
  endfacet
  facet normal 0.9962207532920648 0.0868574159769386 0
    outer loop
      vertex -8.485830001533031 -1.6128199994564056 0
      vertex -8.51927399635315 -1.2292303964495659 1.6
      vertex -8.485830001533031 -1.6128199994564056 1.6
    endloop
  endfacet
  facet normal -0.08189844498103493 -0.9966406798388718 0
    outer loop
      vertex -9.547770000994205 -1.1082800030708313 0
      vertex -9.302175596356392 -1.1284615993499756 1.6
      vertex -9.547770000994205 -1.1082800030708313 1.6
    endloop
  endfacet
  facet normal -0.25561434529689386 -0.9667788301770164 0
    outer loop
      vertex -9.302175596356392 -1.1284615993499756 0
      vertex -9.07318440079689 -1.1890064030885696 1.6
      vertex -9.302175596356392 -1.1284615993499756 1.6
    endloop
  endfacet
  facet normal -0.42913903388905617 -0.9032384455905138 0
    outer loop
      vertex -9.07318440079689 -1.1890064030885696 0
      vertex -8.86079639941454 -1.2899143993854523 1.6
      vertex -9.07318440079689 -1.1890064030885696 1.6
    endloop
  endfacet
  facet normal 0.989305778800052 0.14585635410506637 0
    outer loop
      vertex -8.51927399635315 -1.2292303964495659 0
      vertex -8.567525997757912 -0.9019495993852615 1.6
      vertex -8.51927399635315 -1.2292303964495659 1.6
    endloop
  endfacet
  facet normal -0.999234202833493 -0.039128095886637196 0
    outer loop
      vertex -7.326099596917629 -1.4614856019616127 0
      vertex -7.301849998533726 -2.0807600021362305 1.6
      vertex -7.326099596917629 -1.4614856019616127 1.6
    endloop
  endfacet
  facet normal -0.9912410608185173 -0.13206498153326138 0
    outer loop
      vertex -7.39884839951992 -0.9154544025659561 0
      vertex -7.326099596917629 -1.4614856019616127 1.6
      vertex -7.39884839951992 -0.9154544025659561 1.6
    endloop
  endfacet
  facet normal 0.9739737128255996 0.22666099515513535 0
    outer loop
      vertex -8.567525997757912 -0.9019495993852615 0
      vertex -8.630585998296738 -0.630977600812912 1.6
      vertex -8.567525997757912 -0.9019495993852615 1.6
    endloop
  endfacet
  facet normal 0.9400622546260418 0.3410028701160783 0
    outer loop
      vertex -8.630585998296738 -0.630977600812912 0
      vertex -8.708453997969627 -0.41631440073251724 1.6
      vertex -8.630585998296738 -0.630977600812912 1.6
    endloop
  endfacet
  facet normal 0.863060232090152 0.5051010154261154 0
    outer loop
      vertex -8.708453997969627 -0.41631440073251724 0
      vertex -8.80112999677658 -0.2579599991440773 1.6
      vertex -8.708453997969627 -0.41631440073251724 1.6
    endloop
  endfacet
  facet normal -0.06190096369370429 0.9980822965536412 0
    outer loop
      vertex -9.413489997386932 0.0675399973988533 0
      vertex -9.518475599586964 0.061028800904750824 1.6
      vertex -9.413489997386932 0.0675399973988533 1.6
    endloop
  endfacet
  facet normal 0.09236071894609206 0.9957256136083681 0
    outer loop
      vertex -9.273123599588871 0.054520003497600555 0
      vertex -9.413489997386932 0.0675399973988533 1.6
      vertex -9.273123599588871 0.054520003497600555 1.6
    endloop
  endfacet
  facet normal 0.4693618423327747 0.8830059235146633 0
    outer loop
      vertex -9.019232399761677 -0.049639999866485596 0
      vertex -9.14170440286398 0.015459999442100525 1.6
      vertex -9.019232399761677 -0.049639999866485596 1.6
    endloop
  endfacet
  facet normal 0.6260350789239016 0.779794896082774 0
    outer loop
      vertex -8.905707597732544 -0.1407800018787384 0
      vertex -9.019232399761677 -0.049639999866485596 1.6
      vertex -8.905707597732544 -0.1407800018787384 1.6
    endloop
  endfacet
  facet normal 0.28489944549961305 0.9585574087940758 0
    outer loop
      vertex -9.14170440286398 0.015459999442100525 0
      vertex -9.273123599588871 0.054520003497600555 1.6
      vertex -9.14170440286398 0.015459999442100525 1.6
    endloop
  endfacet
  facet normal 0.7460875665249125 0.6658478377804752 0
    outer loop
      vertex -8.80112999677658 -0.2579599991440773 0
      vertex -8.905707597732544 -0.1407800018787384 1.6
      vertex -8.80112999677658 -0.2579599991440773 1.6
    endloop
  endfacet
  facet normal -0.9686538560985933 -0.24841438578577862 0
    outer loop
      vertex -7.5200963988900185 -0.4426663964986801 0
      vertex -7.39884839951992 -0.9154544025659561 1.6
      vertex -7.5200963988900185 -0.4426663964986801 1.6
    endloop
  endfacet
  facet normal -0.9203801143659055 -0.3910248650403229 0
    outer loop
      vertex -7.689843602478504 -0.04312159866094589 0
      vertex -7.5200963988900185 -0.4426663964986801 1.6
      vertex -7.689843602478504 -0.04312159866094589 1.6
    endloop
  endfacet
  facet normal 0.6315285466121828 0.7753526261088589 0
    outer loop
      vertex -4.060640402138233 -2.907353602349758 0
      vertex -4.221270002424717 -2.776519998908043 0
      vertex -4.221270002424717 -2.776519998908043 1.6
    endloop
  endfacet
  facet normal 0.3886356298317359 0.9213915276500485 0
    outer loop
      vertex -3.644643597304821 -3.114358402788639 0
      vertex -3.8684315979480743 -3.0199664011597633 0
      vertex -3.8684315979480743 -3.0199664011597633 1.6
    endloop
  endfacet
  facet normal 0.5055145954445962 0.8628180537010605 0
    outer loop
      vertex -3.8684315979480743 -3.0199664011597633 0
      vertex -4.060640402138233 -2.907353602349758 0
      vertex -4.060640402138233 -2.907353602349758 1.6
    endloop
  endfacet
  facet normal 0.28583630971927787 0.95827845851092 0
    outer loop
      vertex -3.644643597304821 -3.114358402788639 0
      vertex -3.644643597304821 -3.114358402788639 1.6
      vertex -3.389276400208473 -3.1905295997858047 0
    endloop
  endfacet
  facet normal 0.19795885352443252 0.9802103306491379 0
    outer loop
      vertex -3.389276400208473 -3.1905295997858047 0
      vertex -3.389276400208473 -3.1905295997858047 1.6
      vertex -3.1023299992084503 -3.248479999601841 0
    endloop
  endfacet
  facet normal -0.24342128086637888 -0.9699206565597887 0
    outer loop
      vertex -3.315046802163124 -2.7312344014644623 0
      vertex -3.1023299992084503 -2.784620001912117 0
      vertex -3.1023299992084503 -2.784620001912117 1.6
    endloop
  endfacet
  facet normal 0.7844197690584311 0.620230300703148 0
    outer loop
      vertex -4.309721998870373 -2.68455920368433 0
      vertex -4.38629399985075 -2.5877168029546738 0
      vertex -4.38629399985075 -2.5877168029546738 1.6
    endloop
  endfacet
  facet normal 0.7207228116830251 0.6932233613487898 0
    outer loop
      vertex -4.221270002424717 -2.776519998908043 0
      vertex -4.309721998870373 -2.68455920368433 0
      vertex -4.309721998870373 -2.68455920368433 1.6
    endloop
  endfacet
  facet normal 0.8438172282867422 0.536630678629614 0
    outer loop
      vertex -4.38629399985075 -2.5877168029546738 0
      vertex -4.450985997915268 -2.4859927967190742 0
      vertex -4.450985997915268 -2.4859927967190742 1.6
    endloop
  endfacet
  facet normal 0.8960712520346011 0.44391025137649437 0
    outer loop
      vertex -4.503798000514507 -2.3793871998786926 0
      vertex -4.503798000514507 -2.3793871998786926 1.6
      vertex -4.450985997915268 -2.4859927967190742 0
    endloop
  endfacet
  facet normal 0.9387310176543351 0.34465065862936656 0
    outer loop
      vertex -4.503798000514507 -2.3793871998786926 0
      vertex -4.544730000197887 -2.2678999975323677 0
      vertex -4.544730000197887 -2.2678999975323677 1.6
    endloop
  endfacet
  facet normal -0.6057390497052456 -0.7956633733320808 0
    outer loop
      vertex -3.791110798716545 -2.4773624017834663 0
      vertex -3.6594372019171715 -2.5776055976748466 0
      vertex -3.6594372019171715 -2.5776055976748466 1.6
    endloop
  endfacet
  facet normal -0.8537491613425173 -0.5206845201337834 0
    outer loop
      vertex -3.8957699984312057 -2.3615000024437904 0
      vertex -3.8957699984312057 -2.3615000024437904 1.6
      vertex -3.9459035992622375 -2.279297597706318 0
    endloop
  endfacet
  facet normal -0.7420730432505501 -0.6703190273898446 0
    outer loop
      vertex -3.8957699984312057 -2.3615000024437904 0
      vertex -3.791110798716545 -2.4773624017834663 0
      vertex -3.791110798716545 -2.4773624017834663 1.6
    endloop
  endfacet
  facet normal 0.9686126604051472 0.24857496676629165 0
    outer loop
      vertex -4.544730000197887 -2.2678999975323677 0
      vertex -4.57622279971838 -2.1451831981539726 0
      vertex -4.57622279971838 -2.1451831981539726 1.6
    endloop
  endfacet
  facet normal 0.9850984896019269 0.17199117937848482 0
    outer loop
      vertex -4.57622279971838 -2.1451831981539726 0
      vertex -4.600717201828957 -2.0048888027668 0
      vertex -4.600717201828957 -2.0048888027668 1.6
    endloop
  endfacet
  facet normal 0.9939150220195332 0.11014957559569083 0
    outer loop
      vertex -4.600717201828957 -2.0048888027668 0
      vertex -4.618213199079037 -1.8470167964696884 0
      vertex -4.618213199079037 -1.8470167964696884 1.6
    endloop
  endfacet
  facet normal -0.9252336287432557 -0.3793978548207504 0
    outer loop
      vertex -3.9459035992622375 -2.279297597706318 0
      vertex -3.9459035992622375 -2.279297597706318 1.6
      vertex -3.9856164008378983 -2.1824503988027573 0
    endloop
  endfacet
  facet normal -0.9671769343528155 -0.2541038717845314 0
    outer loop
      vertex -3.9856164008378983 -2.1824503988027573 0
      vertex -3.9856164008378983 -2.1824503988027573 1.6
      vertex -4.014908403158188 -2.070958398282528 0
    endloop
  endfacet
  facet normal -0.9889930133204591 -0.14796222356844457 0
    outer loop
      vertex -4.014908403158188 -2.070958398282528 0
      vertex -4.014908403158188 -2.070958398282528 1.6
      vertex -4.033779598772526 -1.9448216035962105 0
    endloop
  endfacet
  facet normal -0.9982033582921506 -0.05991707180989769 0
    outer loop
      vertex -4.033779598772526 -1.9448216035962105 0
      vertex -4.033779598772526 -1.9448216035962105 1.6
      vertex -4.042230002582073 -1.8040399998426437 0
    endloop
  endfacet
  facet normal 0 1 0
    outer loop
      vertex -4.042230002582073 -1.8040399998426437 0
      vertex -4.042230002582073 -1.8040399998426437 1.6
      vertex -3.488909997045994 -1.8040399998426437 0
    endloop
  endfacet
  facet normal -0.4705466722324214 -0.8823751068853846 0
    outer loop
      vertex -3.6594372019171715 -2.5776055976748466 0
      vertex -3.5007492005825043 -2.662229597568512 0
      vertex -3.5007492005825043 -2.662229597568512 1.6
    endloop
  endfacet
  facet normal -0.34831794649715425 -0.9373764495377541 0
    outer loop
      vertex -3.315046802163124 -2.7312344014644623 0
      vertex -3.315046802163124 -2.7312344014644623 1.6
      vertex -3.5007492005825043 -2.662229597568512 0
    endloop
  endfacet
  facet normal -0.9703705210399026 -0.24162171238683802 0
    outer loop
      vertex -1.873589999973774 -3.6512600034475327 0
      vertex -1.873589999973774 -3.6512600034475327 1.6
      vertex -1.9043484032154083 -3.5277319997549057 0
    endloop
  endfacet
  facet normal -0.9911415843194238 -0.13280948698335826 0
    outer loop
      vertex -1.9043484032154083 -3.5277319997549057 0
      vertex -1.9043484032154083 -3.5277319997549057 1.6
      vertex -1.9282715991139412 -3.3491960018873215 0
    endloop
  endfacet
  facet normal -0.9973339044382331 -0.0729731666983779 0
    outer loop
      vertex -1.9282715991139412 -3.3491960018873215 0
      vertex -1.9282715991139412 -3.3491960018873215 1.6
      vertex -1.9453596025705338 -3.1156520023941994 0
    endloop
  endfacet
  facet normal -0.9993693397249009 -0.03550947504280186 0
    outer loop
      vertex -1.9453596025705338 -3.1156520023941994 0
      vertex -1.9453596025705338 -3.1156520023941994 1.6
      vertex -1.9556123986840248 -2.8271000012755394 0
    endloop
  endfacet
  facet normal 0.983628379564597 -0.18020879810687626 0
    outer loop
      vertex -0.38036999851465225 -3.7611199989914894 0
      vertex -0.35693400353193283 -3.6331999972462654 0
      vertex -0.35693400353193283 -3.6331999972462654 1.6
    endloop
  endfacet
  facet normal 0.9946458314337939 -0.10334248889675929 0
    outer loop
      vertex -0.35693400353193283 -3.6331999972462654 0
      vertex -0.33870600163936615 -3.4577599987387657 0
      vertex -0.33870600163936615 -3.4577599987387657 1.6
    endloop
  endfacet
  facet normal 0.9982992943327882 -0.05829681753455424 0
    outer loop
      vertex -0.33870600163936615 -3.4577599987387657 0
      vertex -0.3256860002875328 -3.2348000034689903 0
      vertex -0.3256860002875328 -3.2348000034689903 1.6
    endloop
  endfacet
  facet normal 0.9995831760897287 -0.028869951132110994 0
    outer loop
      vertex -0.3256860002875328 -3.2348000034689903 0
      vertex -0.3178739994764328 -2.964319996535778 0
      vertex -0.3178739994764328 -2.964319996535778 1.6
    endloop
  endfacet
  facet normal 0.9999664744443748 -0.008188405662135152 0
    outer loop
      vertex -0.3178739994764328 -2.964319996535778 0
      vertex -0.31526999920606613 -2.6463200002908707 0
      vertex -0.31526999920606613 -2.6463200002908707 1.6
    endloop
  endfacet
  facet normal -0.9999505261196816 -0.009947125864881964 0
    outer loop
      vertex -1.9556123986840248 -2.8271000012755394 0
      vertex -1.9556123986840248 -2.8271000012755394 1.6
      vertex -1.9590300023555756 -2.4835399985313416 0
    endloop
  endfacet
  facet normal -1 0 0
    outer loop
      vertex -1.9590300023555756 -2.4835399985313416 0
      vertex -1.9590300023555756 -2.4835399985313416 1.6
      vertex -1.9590300023555756 -0.660740002989769 0
    endloop
  endfacet
  facet normal 0.7207228116830251 0.6932233613487898 0
    outer loop
      vertex -4.221270002424717 -2.776519998908043 0
      vertex -4.309721998870373 -2.68455920368433 1.6
      vertex -4.221270002424717 -2.776519998908043 1.6
    endloop
  endfacet
  facet normal 0.5055145954445962 0.8628180537010605 0
    outer loop
      vertex -3.8684315979480743 -3.0199664011597633 0
      vertex -4.060640402138233 -2.907353602349758 1.6
      vertex -3.8684315979480743 -3.0199664011597633 1.6
    endloop
  endfacet
  facet normal 0.3886356298317359 0.9213915276500485 0
    outer loop
      vertex -3.644643597304821 -3.114358402788639 0
      vertex -3.8684315979480743 -3.0199664011597633 1.6
      vertex -3.644643597304821 -3.114358402788639 1.6
    endloop
  endfacet
  facet normal 0.6315285466121828 0.7753526261088589 0
    outer loop
      vertex -4.060640402138233 -2.907353602349758 0
      vertex -4.221270002424717 -2.776519998908043 1.6
      vertex -4.060640402138233 -2.907353602349758 1.6
    endloop
  endfacet
  facet normal 0.19795885352443252 0.9802103306491379 0
    outer loop
      vertex -3.1023299992084503 -3.248479999601841 0
      vertex -3.389276400208473 -3.1905295997858047 1.6
      vertex -3.1023299992084503 -3.248479999601841 1.6
    endloop
  endfacet
  facet normal 0.28583630971927787 0.95827845851092 0
    outer loop
      vertex -3.389276400208473 -3.1905295997858047 0
      vertex -3.644643597304821 -3.114358402788639 1.6
      vertex -3.389276400208473 -3.1905295997858047 1.6
    endloop
  endfacet
  facet normal -0.24342128086637888 -0.9699206565597887 0
    outer loop
      vertex -3.315046802163124 -2.7312344014644623 0
      vertex -3.1023299992084503 -2.784620001912117 1.6
      vertex -3.315046802163124 -2.7312344014644623 1.6
    endloop
  endfacet
  facet normal 0.7844197690584311 0.620230300703148 0
    outer loop
      vertex -4.309721998870373 -2.68455920368433 0
      vertex -4.38629399985075 -2.5877168029546738 1.6
      vertex -4.309721998870373 -2.68455920368433 1.6
    endloop
  endfacet
  facet normal 0.8438172282867422 0.536630678629614 0
    outer loop
      vertex -4.38629399985075 -2.5877168029546738 0
      vertex -4.450985997915268 -2.4859927967190742 1.6
      vertex -4.38629399985075 -2.5877168029546738 1.6
    endloop
  endfacet
  facet normal 0.8960712520346011 0.44391025137649437 0
    outer loop
      vertex -4.450985997915268 -2.4859927967190742 0
      vertex -4.503798000514507 -2.3793871998786926 1.6
      vertex -4.450985997915268 -2.4859927967190742 1.6
    endloop
  endfacet
  facet normal 0.9387310176543351 0.34465065862936656 0
    outer loop
      vertex -4.503798000514507 -2.3793871998786926 0
      vertex -4.544730000197887 -2.2678999975323677 1.6
      vertex -4.503798000514507 -2.3793871998786926 1.6
    endloop
  endfacet
  facet normal -0.6057390497052456 -0.7956633733320808 0
    outer loop
      vertex -3.791110798716545 -2.4773624017834663 0
      vertex -3.6594372019171715 -2.5776055976748466 1.6
      vertex -3.791110798716545 -2.4773624017834663 1.6
    endloop
  endfacet
  facet normal -0.4705466722324214 -0.8823751068853846 0
    outer loop
      vertex -3.6594372019171715 -2.5776055976748466 0
      vertex -3.5007492005825043 -2.662229597568512 1.6
      vertex -3.6594372019171715 -2.5776055976748466 1.6
    endloop
  endfacet
  facet normal -0.7420730432505501 -0.6703190273898446 0
    outer loop
      vertex -3.8957699984312057 -2.3615000024437904 0
      vertex -3.791110798716545 -2.4773624017834663 1.6
      vertex -3.8957699984312057 -2.3615000024437904 1.6
    endloop
  endfacet
  facet normal -0.8537491613425173 -0.5206845201337834 0
    outer loop
      vertex -3.9459035992622375 -2.279297597706318 0
      vertex -3.8957699984312057 -2.3615000024437904 1.6
      vertex -3.9459035992622375 -2.279297597706318 1.6
    endloop
  endfacet
  facet normal 0.9686126604051472 0.24857496676629165 0
    outer loop
      vertex -4.544730000197887 -2.2678999975323677 0
      vertex -4.57622279971838 -2.1451831981539726 1.6
      vertex -4.544730000197887 -2.2678999975323677 1.6
    endloop
  endfacet
  facet normal 0.9850984896019269 0.17199117937848482 0
    outer loop
      vertex -4.57622279971838 -2.1451831981539726 0
      vertex -4.600717201828957 -2.0048888027668 1.6
      vertex -4.57622279971838 -2.1451831981539726 1.6
    endloop
  endfacet
  facet normal 0.9939150220195332 0.11014957559569083 0
    outer loop
      vertex -4.600717201828957 -2.0048888027668 0
      vertex -4.618213199079037 -1.8470167964696884 1.6
      vertex -4.600717201828957 -2.0048888027668 1.6
    endloop
  endfacet
  facet normal 0.9982148235805107 0.05972575645506674 0
    outer loop
      vertex -4.618213199079037 -1.8470167964696884 0
      vertex -4.628710798919201 -1.6715672016143799 1.6
      vertex -4.618213199079037 -1.8470167964696884 1.6
    endloop
  endfacet
  facet normal -0.9252336287432557 -0.3793978548207504 0
    outer loop
      vertex -3.9856164008378983 -2.1824503988027573 0
      vertex -3.9459035992622375 -2.279297597706318 1.6
      vertex -3.9856164008378983 -2.1824503988027573 1.6
    endloop
  endfacet
  facet normal -0.9671769343528155 -0.2541038717845314 0
    outer loop
      vertex -4.014908403158188 -2.070958398282528 0
      vertex -3.9856164008378983 -2.1824503988027573 1.6
      vertex -4.014908403158188 -2.070958398282528 1.6
    endloop
  endfacet
  facet normal -0.9889930133204591 -0.14796222356844457 0
    outer loop
      vertex -4.033779598772526 -1.9448216035962105 0
      vertex -4.014908403158188 -2.070958398282528 1.6
      vertex -4.033779598772526 -1.9448216035962105 1.6
    endloop
  endfacet
  facet normal -0.9982033582921506 -0.05991707180989769 0
    outer loop
      vertex -4.042230002582073 -1.8040399998426437 0
      vertex -4.033779598772526 -1.9448216035962105 1.6
      vertex -4.042230002582073 -1.8040399998426437 1.6
    endloop
  endfacet
  facet normal 0 1 0
    outer loop
      vertex -3.488909997045994 -1.8040399998426437 0
      vertex -4.042230002582073 -1.8040399998426437 1.6
      vertex -3.488909997045994 -1.8040399998426437 1.6
    endloop
  endfacet
  facet normal -0.34831794649715425 -0.9373764495377541 0
    outer loop
      vertex -3.5007492005825043 -2.662229597568512 0
      vertex -3.315046802163124 -2.7312344014644623 1.6
      vertex -3.5007492005825043 -2.662229597568512 1.6
    endloop
  endfacet
  facet normal 1 0 0
    outer loop
      vertex -3.1023299992084503 -2.784620001912117 0
      vertex -3.1023299992084503 -0.660740002989769 1.6
      vertex -3.1023299992084503 -2.784620001912117 1.6
    endloop
  endfacet
  facet normal -0.9178591393648415 -0.396906286526722 0
    outer loop
      vertex -1.873589999973774 -3.6512600034475327 0
      vertex -1.8334740027785301 -3.7440295964479446 1.6
      vertex -1.873589999973774 -3.6512600034475327 1.6
    endloop
  endfacet
  facet normal -0.9703705210399026 -0.24162171238683802 0
    outer loop
      vertex -1.9043484032154083 -3.5277319997549057 0
      vertex -1.873589999973774 -3.6512600034475327 1.6
      vertex -1.9043484032154083 -3.5277319997549057 1.6
    endloop
  endfacet
  facet normal -0.9911415843194238 -0.13280948698335826 0
    outer loop
      vertex -1.9282715991139412 -3.3491960018873215 0
      vertex -1.9043484032154083 -3.5277319997549057 1.6
      vertex -1.9282715991139412 -3.3491960018873215 1.6
    endloop
  endfacet
  facet normal -0.9973339044382331 -0.0729731666983779 0
    outer loop
      vertex -1.9453596025705338 -3.1156520023941994 0
      vertex -1.9282715991139412 -3.3491960018873215 1.6
      vertex -1.9453596025705338 -3.1156520023941994 1.6
    endloop
  endfacet
  facet normal -0.9993693397249009 -0.03550947504280186 0
    outer loop
      vertex -1.9556123986840248 -2.8271000012755394 0
      vertex -1.9453596025705338 -3.1156520023941994 1.6
      vertex -1.9556123986840248 -2.8271000012755394 1.6
    endloop
  endfacet
  facet normal 0.9946458314337939 -0.10334248889675929 0
    outer loop
      vertex -0.35693400353193283 -3.6331999972462654 0
      vertex -0.33870600163936615 -3.4577599987387657 1.6
      vertex -0.35693400353193283 -3.6331999972462654 1.6
    endloop
  endfacet
  facet normal 0.9982992943327882 -0.05829681753455424 0
    outer loop
      vertex -0.33870600163936615 -3.4577599987387657 0
      vertex -0.3256860002875328 -3.2348000034689903 1.6
      vertex -0.33870600163936615 -3.4577599987387657 1.6
    endloop
  endfacet
  facet normal 0.9995831760897287 -0.028869951132110994 0
    outer loop
      vertex -0.3256860002875328 -3.2348000034689903 0
      vertex -0.3178739994764328 -2.964319996535778 1.6
      vertex -0.3256860002875328 -3.2348000034689903 1.6
    endloop
  endfacet
  facet normal 0.9999664744443748 -0.008188405662135152 0
    outer loop
      vertex -0.3178739994764328 -2.964319996535778 0
      vertex -0.31526999920606613 -2.6463200002908707 1.6
      vertex -0.3178739994764328 -2.964319996535778 1.6
    endloop
  endfacet
  facet normal -0.9999505261196816 -0.009947125864881964 0
    outer loop
      vertex -1.9590300023555756 -2.4835399985313416 0
      vertex -1.9556123986840248 -2.8271000012755394 1.6
      vertex -1.9590300023555756 -2.4835399985313416 1.6
    endloop
  endfacet
  facet normal 1 0 0
    outer loop
      vertex -0.31526999920606613 -2.6463200002908707 0
      vertex -0.31526999920606613 -0.660740002989769 1.6
      vertex -0.31526999920606613 -2.6463200002908707 1.6
    endloop
  endfacet
  facet normal 0.9982148235805107 0.05972575645506674 0
    outer loop
      vertex -4.618213199079037 -1.8470167964696884 0
      vertex -4.628710798919201 -1.6715672016143799 0
      vertex -4.628710798919201 -1.6715672016143799 1.6
    endloop
  endfacet
  facet normal 0.9998357277897225 0.018125049936369507 0
    outer loop
      vertex -4.628710798919201 -1.6715672016143799 0
      vertex -4.632210001349449 -1.4785400032997131 0
      vertex -4.632210001349449 -1.4785400032997131 1.6
    endloop
  endfacet
  facet normal 1 0 0
    outer loop
      vertex -4.632210001349449 -1.4785400032997131 0
      vertex -4.632210001349449 -0.660740002989769 0
      vertex -4.632210001349449 -0.660740002989769 1.6
    endloop
  endfacet
  facet normal -1 0 0
    outer loop
      vertex -3.488909997045994 -1.8040399998426437 0
      vertex -3.488909997045994 -1.8040399998426437 1.6
      vertex -3.488909997045994 -0.660740002989769 0
    endloop
  endfacet
  facet normal 1 0 0
    outer loop
      vertex -3.1023299992084503 -2.784620001912117 0
      vertex -3.1023299992084503 -0.660740002989769 0
      vertex -3.1023299992084503 -0.660740002989769 1.6
    endloop
  endfacet
  facet normal 0 -1 0
    outer loop
      vertex -4.632210001349449 -0.660740002989769 0
      vertex -3.488909997045994 -0.660740002989769 0
      vertex -3.488909997045994 -0.660740002989769 1.6
    endloop
  endfacet
  facet normal 1 0 0
    outer loop
      vertex -0.31526999920606613 -2.6463200002908707 0
      vertex -0.31526999920606613 -0.660740002989769 0
      vertex -0.31526999920606613 -0.660740002989769 1.6
    endloop
  endfacet
  facet normal 0 -1 0
    outer loop
      vertex -3.1023299992084503 -0.660740002989769 0
      vertex -1.9590300023555756 -0.660740002989769 0
      vertex -1.9590300023555756 -0.660740002989769 1.6
    endloop
  endfacet
  facet normal 0 1 0
    outer loop
      vertex -1.283670000731945 -0.1317799985408783 0
      vertex -1.283670000731945 -0.1317799985408783 1.6
      vertex -0.559409998357296 -0.1317799985408783 0
    endloop
  endfacet
  facet normal 0.9998357277897225 0.018125049936369507 0
    outer loop
      vertex -4.628710798919201 -1.6715672016143799 0
      vertex -4.632210001349449 -1.4785400032997131 1.6
      vertex -4.628710798919201 -1.6715672016143799 1.6
    endloop
  endfacet
  facet normal 1 0 0
    outer loop
      vertex -4.632210001349449 -1.4785400032997131 0
      vertex -4.632210001349449 -0.660740002989769 1.6
      vertex -4.632210001349449 -1.4785400032997131 1.6
    endloop
  endfacet
  facet normal -1 0 0
    outer loop
      vertex -3.488909997045994 -0.660740002989769 0
      vertex -3.488909997045994 -1.8040399998426437 1.6
      vertex -3.488909997045994 -0.660740002989769 1.6
    endloop
  endfacet
  facet normal 0 -1 0
    outer loop
      vertex -4.632210001349449 -0.660740002989769 0
      vertex -3.488909997045994 -0.660740002989769 1.6
      vertex -4.632210001349449 -0.660740002989769 1.6
    endloop
  endfacet
  facet normal 0 -1 0
    outer loop
      vertex -3.1023299992084503 -0.660740002989769 0
      vertex -1.9590300023555756 -0.660740002989769 1.6
      vertex -3.1023299992084503 -0.660740002989769 1.6
    endloop
  endfacet
  facet normal -1 0 0
    outer loop
      vertex -1.9590300023555756 -0.660740002989769 0
      vertex -1.9590300023555756 -2.4835399985313416 1.6
      vertex -1.9590300023555756 -0.660740002989769 1.6
    endloop
  endfacet
  facet normal 0 1 0
    outer loop
      vertex -0.559409998357296 -0.1317799985408783 0
      vertex -1.283670000731945 -0.1317799985408783 1.6
      vertex -0.559409998357296 -0.1317799985408783 1.6
    endloop
  endfacet
  facet normal 0.8894550313858914 -0.4570226987167299 0
    outer loop
      vertex -11.025874800980091 0.04671040177345276 0
      vertex -10.912354797124863 0.26764240115880966 0
      vertex -10.912354797124863 0.26764240115880966 1.6
    endloop
  endfacet
  facet normal 0.8112619854232631 -0.5846828123068997 0
    outer loop
      vertex -10.912354797124863 0.26764240115880966 0
      vertex -10.772953197360039 0.4610655978322029 0
      vertex -10.772953197360039 0.4610655978322029 1.6
    endloop
  endfacet
  facet normal 0.7084531186535349 -0.7057578753865099 0
    outer loop
      vertex -10.772953197360039 0.4610655978322029 0
      vertex -10.60767000168562 0.6269799992442131 0
      vertex -10.60767000168562 0.6269799992442131 1.6
    endloop
  endfacet
  facet normal 0.5897429607458807 -0.8075910105063593 0
    outer loop
      vertex -10.60767000168562 0.6269799992442131 0
      vertex -10.420110002160072 0.7639456018805504 0
      vertex -10.420110002160072 0.7639456018805504 1.6
    endloop
  endfacet
  facet normal 0.45885276173314016 -0.8885123201452358 0
    outer loop
      vertex -10.420110002160072 0.7639456018805504 0
      vertex -10.21383000165224 0.8704743981361389 0
      vertex -10.21383000165224 0.8704743981361389 1.6
    endloop
  endfacet
  facet normal 0.3203625588595485 -0.9472950073134357 0
    outer loop
      vertex -10.21383000165224 0.8704743981361389 0
      vertex -9.988830000162125 0.9465664029121399 0
      vertex -9.988830000162125 0.9465664029121399 1.6
    endloop
  endfacet
  facet normal 0.1841237256266372 -0.9829030743981662 0
    outer loop
      vertex -9.988830000162125 0.9465664029121399 0
      vertex -9.745109997689724 0.9922216013073921 0
      vertex -9.745109997689724 0.9922216013073921 1.6
    endloop
  endfacet
  facet normal 0.05789085959022782 -0.9983229178857433 0
    outer loop
      vertex -9.745109997689724 0.9922216013073921 0
      vertex -9.48267000168562 1.0074400007724762 0
      vertex -9.48267000168562 1.0074400007724762 1.6
    endloop
  endfacet
  facet normal 0.8112619854232631 -0.5846828123068997 0
    outer loop
      vertex -10.912354797124863 0.26764240115880966 0
      vertex -10.772953197360039 0.4610655978322029 1.6
      vertex -10.912354797124863 0.26764240115880966 1.6
    endloop
  endfacet
  facet normal 0.7084531186535349 -0.7057578753865099 0
    outer loop
      vertex -10.772953197360039 0.4610655978322029 0
      vertex -10.60767000168562 0.6269799992442131 1.6
      vertex -10.772953197360039 0.4610655978322029 1.6
    endloop
  endfacet
  facet normal 0.5897429607458807 -0.8075910105063593 0
    outer loop
      vertex -10.60767000168562 0.6269799992442131 0
      vertex -10.420110002160072 0.7639456018805504 1.6
      vertex -10.60767000168562 0.6269799992442131 1.6
    endloop
  endfacet
  facet normal 0.45885276173314016 -0.8885123201452358 0
    outer loop
      vertex -10.420110002160072 0.7639456018805504 0
      vertex -10.21383000165224 0.8704743981361389 1.6
      vertex -10.420110002160072 0.7639456018805504 1.6
    endloop
  endfacet
  facet normal 0.3203625588595485 -0.9472950073134357 0
    outer loop
      vertex -10.21383000165224 0.8704743981361389 0
      vertex -9.988830000162125 0.9465664029121399 1.6
      vertex -10.21383000165224 0.8704743981361389 1.6
    endloop
  endfacet
  facet normal 0.1841237256266372 -0.9829030743981662 0
    outer loop
      vertex -9.988830000162125 0.9465664029121399 0
      vertex -9.745109997689724 0.9922216013073921 1.6
      vertex -9.988830000162125 0.9465664029121399 1.6
    endloop
  endfacet
  facet normal 0.05789085959022782 -0.9983229178857433 0
    outer loop
      vertex -9.745109997689724 0.9922216013073921 0
      vertex -9.48267000168562 1.0074400007724762 1.6
      vertex -9.745109997689724 0.9922216013073921 1.6
    endloop
  endfacet
  facet normal -0.0774659690112684 -0.9969949968004579 0
    outer loop
      vertex -9.48267000168562 1.0074400007724762 0
      vertex -9.109817996621132 0.9784696027636528 0
      vertex -9.109817996621132 0.9784696027636528 1.6
    endloop
  endfacet
  facet normal -0.4178833333636859 -0.9085006987872131 0
    outer loop
      vertex -8.765933997929096 0.891558401286602 0
      vertex -8.451017998158932 0.7467063963413239 0
      vertex -8.451017998158932 0.7467063963413239 1.6
    endloop
  endfacet
  facet normal -0.24502961870464066 -0.9695155934576082 0
    outer loop
      vertex -8.765933997929096 0.891558401286602 0
      vertex -8.765933997929096 0.891558401286602 1.6
      vertex -9.109817996621132 0.9784696027636528 0
    endloop
  endfacet
  facet normal -0.7122148403808762 -0.7019615524665457 0
    outer loop
      vertex -7.908090002834797 0.28317999839782715 0
      vertex -7.908090002834797 0.28317999839782715 1.6
      vertex -8.165069997310638 0.5439136028289795 0
    endloop
  endfacet
  facet normal -0.5784850864177977 -0.815692959876566 0
    outer loop
      vertex -8.451017998158932 0.7467063963413239 0
      vertex -8.165069997310638 0.5439136028289795 0
      vertex -8.165069997310638 0.5439136028289795 1.6
    endloop
  endfacet
  facet normal -0.0774659690112684 -0.9969949968004579 0
    outer loop
      vertex -9.48267000168562 1.0074400007724762 0
      vertex -9.109817996621132 0.9784696027636528 1.6
      vertex -9.48267000168562 1.0074400007724762 1.6
    endloop
  endfacet
  facet normal -0.24502961870464066 -0.9695155934576082 0
    outer loop
      vertex -9.109817996621132 0.9784696027636528 0
      vertex -8.765933997929096 0.891558401286602 1.6
      vertex -9.109817996621132 0.9784696027636528 1.6
    endloop
  endfacet
  facet normal -0.5784850864177977 -0.815692959876566 0
    outer loop
      vertex -8.451017998158932 0.7467063963413239 0
      vertex -8.165069997310638 0.5439136028289795 1.6
      vertex -8.451017998158932 0.7467063963413239 1.6
    endloop
  endfacet
  facet normal -0.4178833333636859 -0.9085006987872131 0
    outer loop
      vertex -8.765933997929096 0.891558401286602 0
      vertex -8.451017998158932 0.7467063963413239 1.6
      vertex -8.765933997929096 0.891558401286602 1.6
    endloop
  endfacet
  facet normal -0.8312122378193624 -0.5559552281428135 0
    outer loop
      vertex -7.689843602478504 -0.04312159866094589 1.6
      vertex -7.908090002834797 0.28317999839782715 1.6
      vertex -7.908090002834797 0.28317999839782715 0
    endloop
  endfacet
  facet normal -0.7122148403808762 -0.7019615524665457 0
    outer loop
      vertex -8.165069997310638 0.5439136028289795 0
      vertex -7.908090002834797 0.28317999839782715 1.6
      vertex -8.165069997310638 0.5439136028289795 1.6
    endloop
  endfacet
  facet normal 0.73602144632566 0.676958219204615 4.198252963877845e-17
    outer loop
      vertex -1.283670000731945 -0.1317799985408783 0
      vertex -2.402549996972084 1.0847200006246567 0
      vertex -2.402549996972084 1.0847200006246567 1.6
    endloop
  endfacet
  facet normal -0.9079541413798417 -0.41906953736962843 0
    outer loop
      vertex -0.559409998357296 -0.1317799985408783 0
      vertex -0.559409998357296 -0.1317799985408783 1.6
      vertex -1.120889998972416 1.0847200006246567 0
    endloop
  endfacet
  facet normal 0 -1 0
    outer loop
      vertex -2.402549996972084 1.0847200006246567 0
      vertex -1.120889998972416 1.0847200006246567 0
      vertex -1.120889998972416 1.0847200006246567 1.6
    endloop
  endfacet
  facet normal 0.73602144632566 0.676958219204615 0
    outer loop
      vertex -1.283670000731945 -0.1317799985408783 0
      vertex -2.402549996972084 1.0847200006246567 1.6
      vertex -1.283670000731945 -0.1317799985408783 1.6
    endloop
  endfacet
  facet normal -0.9079541413798417 -0.41906953736962843 0
    outer loop
      vertex -0.559409998357296 -0.1317799985408783 1.6
      vertex -1.120889998972416 1.0847200006246567 1.6
      vertex -1.120889998972416 1.0847200006246567 0
    endloop
  endfacet
  facet normal 0 -1 0
    outer loop
      vertex -2.402549996972084 1.0847200006246567 0
      vertex -1.120889998972416 1.0847200006246567 1.6
      vertex -2.402549996972084 1.0847200006246567 1.6
    endloop
  endfacet
  facet normal -0.4940730369978663 0.8694204012511468 0
    outer loop
      vertex 0.0558324009180069 -4.962905600667 0
      vertex 0.0558324009180069 -4.962905600667 1.6
      vertex 0.31216440349817276 -4.817237600684166 0
    endloop
  endfacet
  facet normal -0.7037446274742907 0.7104530239931927 0
    outer loop
      vertex 0.31216440349817276 -4.817237600684166 0
      vertex 0.31216440349817276 -4.817237600684166 1.6
      vertex 0.5180436000227928 -4.613302402198315 0
    endloop
  endfacet
  facet normal 0 1 0
    outer loop
      vertex 1.9635900035500526 -4.981760002672672 0
      vertex 1.9635900035500526 -4.981760002672672 1.6
      vertex 3.1068900004029274 -4.981760002672672 0
    endloop
  endfacet
  facet normal -0.8602236180148412 0.5099169805070789 0
    outer loop
      vertex 0.5180436000227928 -4.613302402198315 0
      vertex 0.5180436000227928 -4.613302402198315 1.6
      vertex 0.6734699979424477 -4.351099997758865 0
    endloop
  endfacet
  facet normal -0.9367454490347705 0.35001137654745773 0
    outer loop
      vertex 0.6734699979424477 -4.351099997758865 0
      vertex 0.6734699979424477 -4.351099997758865 1.6
      vertex 0.7291115969419479 -4.202184796333313 0
    endloop
  endfacet
  facet normal -0.9691171402067513 0.24660082837956554 0
    outer loop
      vertex 0.7291115969419479 -4.202184796333313 0
      vertex 0.7291115969419479 -4.202184796333313 1.6
      vertex 0.7723883986473083 -4.032111197710037 0
    endloop
  endfacet
  facet normal -0.9871857697745645 0.1595752360317862 0
    outer loop
      vertex 0.7723883986473083 -4.032111197710037 0
      vertex 0.7723883986473083 -4.032111197710037 1.6
      vertex 0.8033004030585289 -3.840879201889038 0
    endloop
  endfacet
  facet normal -0.9962087564865566 0.08699490502040089 0
    outer loop
      vertex 0.8033004030585289 -3.840879201889038 0
      vertex 0.8033004030585289 -3.840879201889038 1.6
      vertex 0.821847602725029 -3.628488801419735 0
    endloop
  endfacet
  facet normal -1 0 0
    outer loop
      vertex 3.1068900004029274 -4.981760002672672 0
      vertex 3.1068900004029274 -4.981760002672672 1.6
      vertex 3.1068900004029274 -2.6991799995303154 0
    endloop
  endfacet
  facet normal -0.4940730369978663 0.8694204012511468 0
    outer loop
      vertex 0.31216440349817276 -4.817237600684166 0
      vertex 0.0558324009180069 -4.962905600667 1.6
      vertex 0.31216440349817276 -4.817237600684166 1.6
    endloop
  endfacet
  facet normal -0.7037446274742907 0.7104530239931927 0
    outer loop
      vertex 0.5180436000227928 -4.613302402198315 0
      vertex 0.31216440349817276 -4.817237600684166 1.6
      vertex 0.5180436000227928 -4.613302402198315 1.6
    endloop
  endfacet
  facet normal -0.8602236180148412 0.5099169805070789 0
    outer loop
      vertex 0.6734699979424477 -4.351099997758865 0
      vertex 0.5180436000227928 -4.613302402198315 1.6
      vertex 0.6734699979424477 -4.351099997758865 1.6
    endloop
  endfacet
  facet normal -0.9367454490347705 0.35001137654745773 0
    outer loop
      vertex 0.7291115969419479 -4.202184796333313 0
      vertex 0.6734699979424477 -4.351099997758865 1.6
      vertex 0.7291115969419479 -4.202184796333313 1.6
    endloop
  endfacet
  facet normal -0.9691171402067513 0.24660082837956554 0
    outer loop
      vertex 0.7723883986473083 -4.032111197710037 0
      vertex 0.7291115969419479 -4.202184796333313 1.6
      vertex 0.7723883986473083 -4.032111197710037 1.6
    endloop
  endfacet
  facet normal -0.9871857697745645 0.1595752360317862 0
    outer loop
      vertex 0.8033004030585289 -3.840879201889038 0
      vertex 0.7723883986473083 -4.032111197710037 1.6
      vertex 0.8033004030585289 -3.840879201889038 1.6
    endloop
  endfacet
  facet normal -0.9962087564865566 0.08699490502040089 0
    outer loop
      vertex 0.821847602725029 -3.628488801419735 0
      vertex 0.8033004030585289 -3.840879201889038 1.6
      vertex 0.821847602725029 -3.628488801419735 1.6
    endloop
  endfacet
  facet normal 1 0 0
    outer loop
      vertex 1.9635900035500526 -4.981760002672672 0
      vertex 1.9635900035500526 -2.4469399973750114 1.6
      vertex 1.9635900035500526 -4.981760002672672 1.6
    endloop
  endfacet
  facet normal 0 1 0
    outer loop
      vertex 3.1068900004029274 -4.981760002672672 0
      vertex 1.9635900035500526 -4.981760002672672 1.6
      vertex 3.1068900004029274 -4.981760002672672 1.6
    endloop
  endfacet
  facet normal 0 1 0
    outer loop
      vertex 4.754730001091957 -4.981760002672672 0
      vertex 4.754730001091957 -4.981760002672672 1.6
      vertex 5.898029997944832 -4.981760002672672 0
    endloop
  endfacet
  facet normal 0 1 0
    outer loop
      vertex 8.429130002856255 -4.981760002672672 0
      vertex 8.429130002856255 -4.981760002672672 1.6
      vertex 9.633510001003742 -4.981760002672672 0
    endloop
  endfacet
  facet normal 0 1 0
    outer loop
      vertex 5.898029997944832 -4.981760002672672 0
      vertex 4.754730001091957 -4.981760002672672 1.6
      vertex 5.898029997944832 -4.981760002672672 1.6
    endloop
  endfacet
  facet normal 1 0 0
    outer loop
      vertex 4.754730001091957 -4.981760002672672 0
      vertex 4.754730001091957 -2.8171999976038933 1.6
      vertex 4.754730001091957 -4.981760002672672 1.6
    endloop
  endfacet
  facet normal 0 1 0
    outer loop
      vertex 9.633510001003742 -4.981760002672672 0
      vertex 8.429130002856255 -4.981760002672672 1.6
      vertex 9.633510001003742 -4.981760002672672 1.6
    endloop
  endfacet
  facet normal -0.9996498130003755 0.02646226309888133 0
    outer loop
      vertex 0.821847602725029 -3.628488801419735 0
      vertex 0.821847602725029 -3.628488801419735 1.6
      vertex 0.8280299976468086 -3.394939996302128 0
    endloop
  endfacet
  facet normal 1 0 0
    outer loop
      vertex 1.9635900035500526 -4.981760002672672 0
      vertex 1.9635900035500526 -2.4469399973750114 0
      vertex 1.9635900035500526 -2.4469399973750114 1.6
    endloop
  endfacet
  facet normal -1 0 0
    outer loop
      vertex 0.8280299976468086 -3.394939996302128 0
      vertex 0.8280299976468086 -3.394939996302128 1.6
      vertex 0.8280299976468086 -0.660740002989769 0
    endloop
  endfacet
  facet normal 0.999942778569953 -0.010697643936965455 0
    outer loop
      vertex 1.9635900035500526 -2.4469399973750114 0
      vertex 1.9659492000937462 -2.226418398320675 0
      vertex 1.9659492000937462 -2.226418398320675 1.6
    endloop
  endfacet
  facet normal 0.9993493858099105 -0.03606667549628693 0
    outer loop
      vertex 1.9659492000937462 -2.226418398320675 0
      vertex 1.9730267971754074 -2.0303096026182175 0
      vertex 1.9730267971754074 -2.0303096026182175 1.6
    endloop
  endfacet
  facet normal 0.9976482809439674 -0.06854128339582552 0
    outer loop
      vertex 1.9730267971754074 -2.0303096026182175 0
      vertex 1.984822802245617 -1.8586136028170586 0
      vertex 1.984822802245617 -1.8586136028170586 1.6
    endloop
  endfacet
  facet normal -0.999946590962766 0.010335144988955821 0
    outer loop
      vertex 3.1068900004029274 -2.6991799995303154 0
      vertex 3.1068900004029274 -2.6991799995303154 1.6
      vertex 3.109494000673294 -2.447237603366375 0
    endloop
  endfacet
  facet normal -0.999323213943925 0.036784698894844564 0
    outer loop
      vertex 3.109494000673294 -2.447237603366375 0
      vertex 3.109494000673294 -2.447237603366375 1.6
      vertex 3.117306001484394 -2.235010400414467 0
    endloop
  endfacet
  facet normal -0.9971640217610628 0.07525897757279838 0
    outer loop
      vertex 3.117306001484394 -2.235010400414467 0
      vertex 3.117306001484394 -2.235010400414467 1.6
      vertex 3.1303260028362274 -2.0624983981251717 0
    endloop
  endfacet
  facet normal -0.9907105921768357 0.13598721465131774 0
    outer loop
      vertex 3.1303260028362274 -2.0624983981251717 0
      vertex 3.1303260028362274 -2.0624983981251717 1.6
      vertex 3.1485539972782135 -1.9297015964984894 0
    endloop
  endfacet
  facet normal -0.9697351923002024 0.2441590809584797 0
    outer loop
      vertex 3.1485539972782135 -1.9297015964984894 0
      vertex 3.1485539972782135 -1.9297015964984894 1.6
      vertex 3.1719899997115135 -1.8366200029850006 0
    endloop
  endfacet
  facet normal -0.9194876070137502 0.39311899031734315 0
    outer loop
      vertex 3.1719899997115135 -1.8366200029850006 0
      vertex 3.1719899997115135 -1.8366200029850006 1.6
      vertex 3.2020187973976135 -1.7663839980959892 0
    endloop
  endfacet
  facet normal 0.9977702722203803 0.06674191990996728 0
    outer loop
      vertex 4.73813159763813 -2.423667199909687 0
      vertex 4.73813159763813 -2.423667199909687 1.6
      vertex 4.7505804002285 -2.609772801399231 0
    endloop
  endfacet
  facet normal 0.9921663233911662 0.12492392376344871 0
    outer loop
      vertex 4.73813159763813 -2.423667199909687 0
      vertex 4.717383600771427 -2.258883200585842 0
      vertex 4.717383600771427 -2.258883200585842 1.6
    endloop
  endfacet
  facet normal 0.9801118716971099 0.1984457582272498 0
    outer loop
      vertex 4.717383600771427 -2.258883200585842 0
      vertex 4.688336402177811 -2.1154208034276962 0
      vertex 4.688336402177811 -2.1154208034276962 1.6
    endloop
  endfacet
  facet normal 0.9562955404044418 0.2924018457578143 0
    outer loop
      vertex 4.688336402177811 -2.1154208034276962 0
      vertex 4.650990001857281 -1.9932800009846687 0
      vertex 4.650990001857281 -1.9932800009846687 1.6
    endloop
  endfacet
  facet normal 0.9162150112778669 0.4006869764655424 0
    outer loop
      vertex 4.650990001857281 -1.9932800009846687 0
      vertex 4.604691602289677 -1.8874135985970497 0
      vertex 4.604691602289677 -1.8874135985970497 1.6
    endloop
  endfacet
  facet normal 0.8610060432342822 0.5085947242294646 0
    outer loop
      vertex 4.604691602289677 -1.8874135985970497 0
      vertex 4.548788398504257 -1.7927744016051292 0
      vertex 4.548788398504257 -1.7927744016051292 1.6
    endloop
  endfacet
  facet normal -0.9996498130003755 0.02646226309888133 0
    outer loop
      vertex 0.8280299976468086 -3.394939996302128 0
      vertex 0.821847602725029 -3.628488801419735 1.6
      vertex 0.8280299976468086 -3.394939996302128 1.6
    endloop
  endfacet
  facet normal 0.999942778569953 -0.010697643936965455 0
    outer loop
      vertex 1.9635900035500526 -2.4469399973750114 0
      vertex 1.9659492000937462 -2.226418398320675 1.6
      vertex 1.9635900035500526 -2.4469399973750114 1.6
    endloop
  endfacet
  facet normal 0.9993493858099105 -0.03606667549628693 0
    outer loop
      vertex 1.9659492000937462 -2.226418398320675 0
      vertex 1.9730267971754074 -2.0303096026182175 1.6
      vertex 1.9659492000937462 -2.226418398320675 1.6
    endloop
  endfacet
  facet normal 0.9976482809439674 -0.06854128339582552 0
    outer loop
      vertex 1.9730267971754074 -2.0303096026182175 0
      vertex 1.984822802245617 -1.8586136028170586 1.6
      vertex 1.9730267971754074 -2.0303096026182175 1.6
    endloop
  endfacet
  facet normal 0.9937724478951198 -0.11142855022184218 0
    outer loop
      vertex 1.984822802245617 -1.8586136028170586 0
      vertex 2.0013372004032135 -1.7113303989171982 1.6
      vertex 1.984822802245617 -1.8586136028170586 1.6
    endloop
  endfacet
  facet normal -1 0 0
    outer loop
      vertex 3.1068900004029274 -2.6991799995303154 0
      vertex 3.1068900004029274 -4.981760002672672 1.6
      vertex 3.1068900004029274 -2.6991799995303154 1.6
    endloop
  endfacet
  facet normal -0.999946590962766 0.010335144988955821 0
    outer loop
      vertex 3.109494000673294 -2.447237603366375 0
      vertex 3.1068900004029274 -2.6991799995303154 1.6
      vertex 3.109494000673294 -2.447237603366375 1.6
    endloop
  endfacet
  facet normal -0.999323213943925 0.036784698894844564 0
    outer loop
      vertex 3.117306001484394 -2.235010400414467 0
      vertex 3.109494000673294 -2.447237603366375 1.6
      vertex 3.117306001484394 -2.235010400414467 1.6
    endloop
  endfacet
  facet normal -0.9971640217610628 0.07525897757279838 0
    outer loop
      vertex 3.1303260028362274 -2.0624983981251717 0
      vertex 3.117306001484394 -2.235010400414467 1.6
      vertex 3.1303260028362274 -2.0624983981251717 1.6
    endloop
  endfacet
  facet normal -0.9907105921768357 0.13598721465131774 0
    outer loop
      vertex 3.1485539972782135 -1.9297015964984894 0
      vertex 3.1303260028362274 -2.0624983981251717 1.6
      vertex 3.1485539972782135 -1.9297015964984894 1.6
    endloop
  endfacet
  facet normal -0.9697351923002024 0.2441590809584797 0
    outer loop
      vertex 3.1719899997115135 -1.8366200029850006 0
      vertex 3.1485539972782135 -1.9297015964984894 1.6
      vertex 3.1719899997115135 -1.8366200029850006 1.6
    endloop
  endfacet
  facet normal -0.9194876070137502 0.39311899031734315 0
    outer loop
      vertex 3.2020187973976135 -1.7663839980959892 0
      vertex 3.1719899997115135 -1.8366200029850006 1.6
      vertex 3.2020187973976135 -1.7663839980959892 1.6
    endloop
  endfacet
  facet normal 0.9977702722203803 0.06674191990996728 0
    outer loop
      vertex 4.7505804002285 -2.609772801399231 0
      vertex 4.73813159763813 -2.423667199909687 1.6
      vertex 4.7505804002285 -2.609772801399231 1.6
    endloop
  endfacet
  facet normal 0.9921663233911662 0.12492392376344871 0
    outer loop
      vertex 4.73813159763813 -2.423667199909687 0
      vertex 4.717383600771427 -2.258883200585842 1.6
      vertex 4.73813159763813 -2.423667199909687 1.6
    endloop
  endfacet
  facet normal 0.9801118716971099 0.1984457582272498 0
    outer loop
      vertex 4.717383600771427 -2.258883200585842 0
      vertex 4.688336402177811 -2.1154208034276962 1.6
      vertex 4.717383600771427 -2.258883200585842 1.6
    endloop
  endfacet
  facet normal 0.9562955404044418 0.2924018457578143 0
    outer loop
      vertex 4.688336402177811 -2.1154208034276962 0
      vertex 4.650990001857281 -1.9932800009846687 1.6
      vertex 4.688336402177811 -2.1154208034276962 1.6
    endloop
  endfacet
  facet normal 0.9162150112778669 0.4006869764655424 0
    outer loop
      vertex 4.650990001857281 -1.9932800009846687 0
      vertex 4.604691602289677 -1.8874135985970497 1.6
      vertex 4.650990001857281 -1.9932800009846687 1.6
    endloop
  endfacet
  facet normal 0.8610060432342822 0.5085947242294646 0
    outer loop
      vertex 4.604691602289677 -1.8874135985970497 0
      vertex 4.548788398504257 -1.7927744016051292 1.6
      vertex 4.604691602289677 -1.8874135985970497 1.6
    endloop
  endfacet
  facet normal 0.9937724478951198 -0.11142855022184218 0
    outer loop
      vertex 1.984822802245617 -1.8586136028170586 0
      vertex 2.0013372004032135 -1.7113303989171982 0
      vertex 2.0013372004032135 -1.7113303989171982 1.6
    endloop
  endfacet
  facet normal 0.9853952579044706 -0.17028266411875886 0
    outer loop
      vertex 2.0013372004032135 -1.7113303989171982 0
      vertex 2.0225699990987778 -1.588459998369217 0
      vertex 2.0225699990987778 -1.588459998369217 1.6
    endloop
  endfacet
  facet normal 0.9691287696668967 -0.24655512122835144 0
    outer loop
      vertex 2.0225699990987778 -1.588459998369217 0
      vertex 2.0502324029803276 -1.4797279983758926 0
      vertex 2.0502324029803276 -1.4797279983758926 1.6
    endloop
  endfacet
  facet normal 0.9463194707019054 -0.32323282532946057 0
    outer loop
      vertex 2.0502324029803276 -1.4797279983758926 0
      vertex 2.0860356017947197 -1.3749080002307892 0
      vertex 2.0860356017947197 -1.3749080002307892 1.6
    endloop
  endfacet
  facet normal 0.9168341566441799 -0.3992682421763036 0
    outer loop
      vertex 2.0860356017947197 -1.3749080002307892 0
      vertex 2.1299796029925346 -1.273999996483326 0
      vertex 2.1299796029925346 -1.273999996483326 1.6
    endloop
  endfacet
  facet normal 0.8810158016215143 -0.47308683906149873 0
    outer loop
      vertex 2.1299796029925346 -1.273999996483326 0
      vertex 2.182064399123192 -1.1770040020346642 0
      vertex 2.182064399123192 -1.1770040020346642 1.6
    endloop
  endfacet
  facet normal 0.8395916516774422 -0.5432180579045071 0
    outer loop
      vertex 2.182064399123192 -1.1770040020346642 0
      vertex 2.242289997637272 -1.0839200019836426 0
      vertex 2.242289997637272 -1.0839200019836426 1.6
    endloop
  endfacet
  facet normal 0.7798955499405256 -0.6259096829279487 0
    outer loop
      vertex 2.242289997637272 -1.0839200019836426 0
      vertex 2.312830798327923 -0.9960248023271561 0
      vertex 2.312830798327923 -0.9960248023271561 1.6
    endloop
  endfacet
  facet normal 0.6997740528100829 -0.714364245335495 0
    outer loop
      vertex 2.312830798327923 -0.9960248023271561 0
      vertex 2.395909197628498 -0.9146431982517242 0
      vertex 2.395909197628498 -0.9146431982517242 1.6
    endloop
  endfacet
  facet normal 0 -1 0
    outer loop
      vertex -0.31526999920606613 -0.660740002989769 0
      vertex 0.8280299976468086 -0.660740002989769 0
      vertex 0.8280299976468086 -0.660740002989769 1.6
    endloop
  endfacet
  facet normal -0.8605567955384832 0.5093544950744396 0
    outer loop
      vertex 3.2020187973976135 -1.7663839980959892 0
      vertex 3.2020187973976135 -1.7663839980959892 1.6
      vertex 3.2400251999497414 -1.702172003686428 0
    endloop
  endfacet
  facet normal -0.7845803606127476 0.6200271427451954 0
    outer loop
      vertex 3.2400251999497414 -1.702172003686428 0
      vertex 3.2400251999497414 -1.702172003686428 1.6
      vertex 3.2860091999173164 -1.6439839974045753 0
    endloop
  endfacet
  facet normal -0.6950297995809862 0.7189809299935668 0
    outer loop
      vertex 3.2860091999173164 -1.6439839974045753 0
      vertex 3.2860091999173164 -1.6439839974045753 1.6
      vertex 3.3399707973003387 -1.5918200016021729 0
    endloop
  endfacet
  facet normal -0.5973915886469874 0.8019496803502253 0
    outer loop
      vertex 3.3399707973003387 -1.5918200016021729 0
      vertex 3.3399707973003387 -1.5918200016021729 1.6
      vertex 3.401909999549389 -1.5456800013780594 0
    endloop
  endfacet
  facet normal -0.4889945928663066 0.8722868153007443 0
    outer loop
      vertex 3.401909999549389 -1.5456800013780594 0
      vertex 3.401909999549389 -1.5456800013780594 1.6
      vertex 3.471150003373623 -1.5068648010492325 0
    endloop
  endfacet
  facet normal -0.36954121858337236 0.9292143389810106 0
    outer loop
      vertex 3.471150003373623 -1.5068648010492325 0
      vertex 3.471150003373623 -1.5068648010492325 1.6
      vertex 3.547062002122402 -1.476675197482109 0
    endloop
  endfacet
  facet normal 0.6165027276949703 -0.7873527714720138 0
    outer loop
      vertex 2.395909197628498 -0.9146431982517242 0
      vertex 2.4915252029895782 -0.8397751972079277 0
      vertex 2.4915252029895782 -0.8397751972079277 1.6
    endloop
  endfacet
  facet normal -0.25264508661280377 0.9675590215642708 0
    outer loop
      vertex 3.547062002122402 -1.476675197482109 0
      vertex 3.547062002122402 -1.476675197482109 1.6
      vertex 3.6296460032463074 -1.4551111981272697 0
    endloop
  endfacet
  facet normal -0.14345886640745195 0.9896562805586032 0
    outer loop
      vertex 3.6296460032463074 -1.4551111981272697 0
      vertex 3.6296460032463074 -1.4551111981272697 1.6
      vertex 3.718901999294758 -1.4421728029847145 0
    endloop
  endfacet
  facet normal -0.04491341192304357 0.9989908835567175 0
    outer loop
      vertex 3.718901999294758 -1.4421728029847145 0
      vertex 3.718901999294758 -1.4421728029847145 1.6
      vertex 3.814829997718334 -1.4378599971532822 0
    endloop
  endfacet
  facet normal 0.04958054650877332 0.9987701284118841 0
    outer loop
      vertex 3.814829997718334 -1.4378599971532822 0
      vertex 3.814829997718334 -1.4378599971532822 1.6
      vertex 3.926317200064659 -1.4433944001793861 0
    endloop
  endfacet
  facet normal 0.15388898122286007 0.9880881445793134 0
    outer loop
      vertex 3.926317200064659 -1.4433944001793861 0
      vertex 3.926317200064659 -1.4433944001793861 1.6
      vertex 4.032922796905041 -1.4599976018071175 0
    endloop
  endfacet
  facet normal 0.26249127408820816 0.9649343661760365 0
    outer loop
      vertex 4.13464680314064 -1.4876696020364761 0
      vertex 4.032922796905041 -1.4599976018071175 0
      vertex 4.032922796905041 -1.4599976018071175 1.6
    endloop
  endfacet
  facet normal 0.4762646370632189 0.8793019933350774 0
    outer loop
      vertex 4.231489196419716 -1.5264104008674622 0
      vertex 4.231489196419716 -1.5264104008674622 1.6
      vertex 4.323449999094009 -1.5762199983000755 0
    endloop
  endfacet
  facet normal 0.6929139576313147 0.7210202821833159 0
    outer loop
      vertex 4.483280397951603 -1.7093624025583267 0
      vertex 4.408167600631714 -1.6371776014566422 0
      vertex 4.408167600631714 -1.6371776014566422 1.6
    endloop
  endfacet
  facet normal 0.5840581603076672 0.8117118117768295 0
    outer loop
      vertex 4.408167600631714 -1.6371776014566422 0
      vertex 4.323449999094009 -1.5762199983000755 0
      vertex 4.323449999094009 -1.5762199983000755 1.6
    endloop
  endfacet
  facet normal 0.7864557266161589 0.6176466547085393 0
    outer loop
      vertex 4.548788398504257 -1.7927744016051292 0
      vertex 4.483280397951603 -1.7093624025583267 0
      vertex 4.483280397951603 -1.7093624025583267 1.6
    endloop
  endfacet
  facet normal 0.37142242619967675 0.928463990317312 0
    outer loop
      vertex 4.13464680314064 -1.4876696020364761 0
      vertex 4.13464680314064 -1.4876696020364761 1.6
      vertex 4.231489196419716 -1.5264104008674622 0
    endloop
  endfacet
  facet normal -0.7115766751733905 -0.7026084509520101 0
    outer loop
      vertex 4.524774000048637 -0.9771488010883331 0
      vertex 4.754730001091957 -1.2100400030612946 0
      vertex 4.754730001091957 -1.2100400030612946 1.6
    endloop
  endfacet
  facet normal -0.5910427892753662 -0.806640205572221 0
    outer loop
      vertex 4.524774000048637 -0.9771488010883331 0
      vertex 4.524774000048637 -0.9771488010883331 1.6
      vertex 4.277561999857426 -0.7960112020373344 0
    endloop
  endfacet
  facet normal 0.5342548029466764 -0.8453234916458954 0
    outer loop
      vertex 2.4915252029895782 -0.8397751972079277 0
      vertex 2.599678799510002 -0.7714207991957664 0
      vertex 2.599678799510002 -0.7714207991957664 1.6
    endloop
  endfacet
  facet normal 0.4560123053833389 -0.8899734700197374 0
    outer loop
      vertex 2.599678799510002 -0.7714207991957664 0
      vertex 2.720370002090931 -0.7095799967646599 0
      vertex 2.720370002090931 -0.7095799967646599 1.6
    endloop
  endfacet
  facet normal 0.37577180746370464 -0.9267122254052013 0
    outer loop
      vertex 2.720370002090931 -0.7095799967646599 0
      vertex 2.850399598479271 -0.6568543985486031 0
      vertex 2.850399598479271 -0.6568543985486031 1.6
    endloop
  endfacet
  facet normal 0.28827487561251386 -0.9575476991203048 0
    outer loop
      vertex 2.850399598479271 -0.6568543985486031 0
      vertex 2.986616402864456 -0.6158455982804298 0
      vertex 2.986616402864456 -0.6158455982804298 1.6
    endloop
  endfacet
  facet normal 0.20147821895787196 -0.9794929950160766 0
    outer loop
      vertex 2.986616402864456 -0.6158455982804298 0
      vertex 3.1290204003453255 -0.5865536034107208 0
      vertex 3.1290204003453255 -0.5865536034107208 1.6
    endloop
  endfacet
  facet normal 0.11746013215669643 -0.9930775988580809 0
    outer loop
      vertex 3.1290204003453255 -0.5865536034107208 0
      vertex 3.2776115983724594 -0.5689783990383148 0
      vertex 3.2776115983724594 -0.5689783990383148 1.6
    endloop
  endfacet
  facet normal 0.037823152597907576 -0.9992844485568438 0
    outer loop
      vertex 3.2776115983724594 -0.5689783990383148 0
      vertex 3.432389996945858 -0.563120000064373 0
      vertex 3.432389996945858 -0.563120000064373 1.6
    endloop
  endfacet
  facet normal -0.26565370959743184 -0.9640685175738929 0
    outer loop
      vertex 3.7313700020313263 -0.5889967978000641 0
      vertex 4.013094000518322 -0.6666271984577179 0
      vertex 4.013094000518322 -0.6666271984577179 1.6
    endloop
  endfacet
  facet normal -0.08622790009738858 -0.9962754384430015 0
    outer loop
      vertex 3.432389996945858 -0.563120000064373 0
      vertex 3.7313700020313263 -0.5889967978000641 0
      vertex 3.7313700020313263 -0.5889967978000641 1.6
    endloop
  endfacet
  facet normal -0.43945282280757547 -0.8982656714616527 0
    outer loop
      vertex 4.013094000518322 -0.6666271984577179 0
      vertex 4.277561999857426 -0.7960112020373344 0
      vertex 4.277561999857426 -0.7960112020373344 1.6
    endloop
  endfacet
  facet normal -1 0 0
    outer loop
      vertex 0.8280299976468086 -0.660740002989769 0
      vertex 0.8280299976468086 -3.394939996302128 1.6
      vertex 0.8280299976468086 -0.660740002989769 1.6
    endloop
  endfacet
  facet normal 0.9853952579044706 -0.17028266411875886 0
    outer loop
      vertex 2.0013372004032135 -1.7113303989171982 0
      vertex 2.0225699990987778 -1.588459998369217 1.6
      vertex 2.0013372004032135 -1.7113303989171982 1.6
    endloop
  endfacet
  facet normal 0.9691287696668967 -0.24655512122835144 0
    outer loop
      vertex 2.0225699990987778 -1.588459998369217 0
      vertex 2.0502324029803276 -1.4797279983758926 1.6
      vertex 2.0225699990987778 -1.588459998369217 1.6
    endloop
  endfacet
  facet normal 0.9463194707019054 -0.32323282532946057 0
    outer loop
      vertex 2.0502324029803276 -1.4797279983758926 0
      vertex 2.0860356017947197 -1.3749080002307892 1.6
      vertex 2.0502324029803276 -1.4797279983758926 1.6
    endloop
  endfacet
  facet normal 0.9168341566441799 -0.3992682421763036 0
    outer loop
      vertex 2.0860356017947197 -1.3749080002307892 0
      vertex 2.1299796029925346 -1.273999996483326 1.6
      vertex 2.0860356017947197 -1.3749080002307892 1.6
    endloop
  endfacet
  facet normal 0.8810158016215143 -0.47308683906149873 0
    outer loop
      vertex 2.1299796029925346 -1.273999996483326 0
      vertex 2.182064399123192 -1.1770040020346642 1.6
      vertex 2.1299796029925346 -1.273999996483326 1.6
    endloop
  endfacet
  facet normal 0.8395916516774422 -0.5432180579045071 0
    outer loop
      vertex 2.182064399123192 -1.1770040020346642 0
      vertex 2.242289997637272 -1.0839200019836426 1.6
      vertex 2.182064399123192 -1.1770040020346642 1.6
    endloop
  endfacet
  facet normal 0.7798955499405256 -0.6259096829279487 0
    outer loop
      vertex 2.242289997637272 -1.0839200019836426 0
      vertex 2.312830798327923 -0.9960248023271561 1.6
      vertex 2.242289997637272 -1.0839200019836426 1.6
    endloop
  endfacet
  facet normal 0.6997740528100829 -0.714364245335495 0
    outer loop
      vertex 2.312830798327923 -0.9960248023271561 0
      vertex 2.395909197628498 -0.9146431982517242 1.6
      vertex 2.312830798327923 -0.9960248023271561 1.6
    endloop
  endfacet
  facet normal 0 -1 0
    outer loop
      vertex -0.31526999920606613 -0.660740002989769 0
      vertex 0.8280299976468086 -0.660740002989769 1.6
      vertex -0.31526999920606613 -0.660740002989769 1.6
    endloop
  endfacet
  facet normal -0.8605567955384832 0.5093544950744396 0
    outer loop
      vertex 3.2400251999497414 -1.702172003686428 0
      vertex 3.2020187973976135 -1.7663839980959892 1.6
      vertex 3.2400251999497414 -1.702172003686428 1.6
    endloop
  endfacet
  facet normal -0.7845803606127476 0.6200271427451954 0
    outer loop
      vertex 3.2860091999173164 -1.6439839974045753 0
      vertex 3.2400251999497414 -1.702172003686428 1.6
      vertex 3.2860091999173164 -1.6439839974045753 1.6
    endloop
  endfacet
  facet normal -0.6950297995809862 0.7189809299935668 0
    outer loop
      vertex 3.3399707973003387 -1.5918200016021729 0
      vertex 3.2860091999173164 -1.6439839974045753 1.6
      vertex 3.3399707973003387 -1.5918200016021729 1.6
    endloop
  endfacet
  facet normal -0.5973915886469874 0.8019496803502253 0
    outer loop
      vertex 3.401909999549389 -1.5456800013780594 0
      vertex 3.3399707973003387 -1.5918200016021729 1.6
      vertex 3.401909999549389 -1.5456800013780594 1.6
    endloop
  endfacet
  facet normal -0.4889945928663066 0.8722868153007443 0
    outer loop
      vertex 3.471150003373623 -1.5068648010492325 0
      vertex 3.401909999549389 -1.5456800013780594 1.6
      vertex 3.471150003373623 -1.5068648010492325 1.6
    endloop
  endfacet
  facet normal -0.36954121858337236 0.9292143389810106 0
    outer loop
      vertex 3.547062002122402 -1.476675197482109 0
      vertex 3.471150003373623 -1.5068648010492325 1.6
      vertex 3.547062002122402 -1.476675197482109 1.6
    endloop
  endfacet
  facet normal 0.6165027276949703 -0.7873527714720138 0
    outer loop
      vertex 2.395909197628498 -0.9146431982517242 0
      vertex 2.4915252029895782 -0.8397751972079277 1.6
      vertex 2.395909197628498 -0.9146431982517242 1.6
    endloop
  endfacet
  facet normal -0.25264508661280377 0.9675590215642708 0
    outer loop
      vertex 3.6296460032463074 -1.4551111981272697 0
      vertex 3.547062002122402 -1.476675197482109 1.6
      vertex 3.6296460032463074 -1.4551111981272697 1.6
    endloop
  endfacet
  facet normal -0.14345886640745195 0.9896562805586032 0
    outer loop
      vertex 3.718901999294758 -1.4421728029847145 0
      vertex 3.6296460032463074 -1.4551111981272697 1.6
      vertex 3.718901999294758 -1.4421728029847145 1.6
    endloop
  endfacet
  facet normal -0.04491341192304357 0.9989908835567175 0
    outer loop
      vertex 3.814829997718334 -1.4378599971532822 0
      vertex 3.718901999294758 -1.4421728029847145 1.6
      vertex 3.814829997718334 -1.4378599971532822 1.6
    endloop
  endfacet
  facet normal 0.04958054650877332 0.9987701284118841 0
    outer loop
      vertex 3.926317200064659 -1.4433944001793861 0
      vertex 3.814829997718334 -1.4378599971532822 1.6
      vertex 3.926317200064659 -1.4433944001793861 1.6
    endloop
  endfacet
  facet normal 0.15388898122286007 0.9880881445793134 0
    outer loop
      vertex 4.032922796905041 -1.4599976018071175 0
      vertex 3.926317200064659 -1.4433944001793861 1.6
      vertex 4.032922796905041 -1.4599976018071175 1.6
    endloop
  endfacet
  facet normal 0.26249127408820816 0.9649343661760365 0
    outer loop
      vertex 4.13464680314064 -1.4876696020364761 0
      vertex 4.032922796905041 -1.4599976018071175 1.6
      vertex 4.13464680314064 -1.4876696020364761 1.6
    endloop
  endfacet
  facet normal 0.4762646370632189 0.8793019933350774 0
    outer loop
      vertex 4.323449999094009 -1.5762199983000755 0
      vertex 4.231489196419716 -1.5264104008674622 1.6
      vertex 4.323449999094009 -1.5762199983000755 1.6
    endloop
  endfacet
  facet normal 0.5840581603076672 0.8117118117768295 0
    outer loop
      vertex 4.408167600631714 -1.6371776014566422 0
      vertex 4.323449999094009 -1.5762199983000755 1.6
      vertex 4.408167600631714 -1.6371776014566422 1.6
    endloop
  endfacet
  facet normal 0.7864557266161589 0.6176466547085393 0
    outer loop
      vertex 4.548788398504257 -1.7927744016051292 0
      vertex 4.483280397951603 -1.7093624025583267 1.6
      vertex 4.548788398504257 -1.7927744016051292 1.6
    endloop
  endfacet
  facet normal 0.6929139576313147 0.7210202821833159 0
    outer loop
      vertex 4.483280397951603 -1.7093624025583267 0
      vertex 4.408167600631714 -1.6371776014566422 1.6
      vertex 4.483280397951603 -1.7093624025583267 1.6
    endloop
  endfacet
  facet normal 0.37142242619967675 0.928463990317312 0
    outer loop
      vertex 4.231489196419716 -1.5264104008674622 0
      vertex 4.13464680314064 -1.4876696020364761 1.6
      vertex 4.231489196419716 -1.5264104008674622 1.6
    endloop
  endfacet
  facet normal -0.5910427892753662 -0.806640205572221 0
    outer loop
      vertex 4.277561999857426 -0.7960112020373344 0
      vertex 4.524774000048637 -0.9771488010883331 1.6
      vertex 4.277561999857426 -0.7960112020373344 1.6
    endloop
  endfacet
  facet normal -0.7115766751733905 -0.7026084509520101 0
    outer loop
      vertex 4.524774000048637 -0.9771488010883331 0
      vertex 4.754730001091957 -1.2100400030612946 1.6
      vertex 4.524774000048637 -0.9771488010883331 1.6
    endloop
  endfacet
  facet normal 0.5342548029466764 -0.8453234916458954 0
    outer loop
      vertex 2.4915252029895782 -0.8397751972079277 0
      vertex 2.599678799510002 -0.7714207991957664 1.6
      vertex 2.4915252029895782 -0.8397751972079277 1.6
    endloop
  endfacet
  facet normal 0.4560123053833389 -0.8899734700197374 0
    outer loop
      vertex 2.599678799510002 -0.7714207991957664 0
      vertex 2.720370002090931 -0.7095799967646599 1.6
      vertex 2.599678799510002 -0.7714207991957664 1.6
    endloop
  endfacet
  facet normal 0.37577180746370464 -0.9267122254052013 0
    outer loop
      vertex 2.720370002090931 -0.7095799967646599 0
      vertex 2.850399598479271 -0.6568543985486031 1.6
      vertex 2.720370002090931 -0.7095799967646599 1.6
    endloop
  endfacet
  facet normal 0.28827487561251386 -0.9575476991203048 0
    outer loop
      vertex 2.850399598479271 -0.6568543985486031 0
      vertex 2.986616402864456 -0.6158455982804298 1.6
      vertex 2.850399598479271 -0.6568543985486031 1.6
    endloop
  endfacet
  facet normal 0.20147821895787196 -0.9794929950160766 0
    outer loop
      vertex 2.986616402864456 -0.6158455982804298 0
      vertex 3.1290204003453255 -0.5865536034107208 1.6
      vertex 2.986616402864456 -0.6158455982804298 1.6
    endloop
  endfacet
  facet normal 0.11746013215669643 -0.9930775988580809 0
    outer loop
      vertex 3.1290204003453255 -0.5865536034107208 0
      vertex 3.2776115983724594 -0.5689783990383148 1.6
      vertex 3.1290204003453255 -0.5865536034107208 1.6
    endloop
  endfacet
  facet normal 0.037823152597907576 -0.9992844485568438 0
    outer loop
      vertex 3.2776115983724594 -0.5689783990383148 0
      vertex 3.432389996945858 -0.563120000064373 1.6
      vertex 3.2776115983724594 -0.5689783990383148 1.6
    endloop
  endfacet
  facet normal -0.08622790009738858 -0.9962754384430015 0
    outer loop
      vertex 3.432389996945858 -0.563120000064373 0
      vertex 3.7313700020313263 -0.5889967978000641 1.6
      vertex 3.432389996945858 -0.563120000064373 1.6
    endloop
  endfacet
  facet normal -0.26565370959743184 -0.9640685175738929 0
    outer loop
      vertex 3.7313700020313263 -0.5889967978000641 0
      vertex 4.013094000518322 -0.6666271984577179 1.6
      vertex 3.7313700020313263 -0.5889967978000641 1.6
    endloop
  endfacet
  facet normal -0.43945282280757547 -0.8982656714616527 0
    outer loop
      vertex 4.013094000518322 -0.6666271984577179 0
      vertex 4.277561999857426 -0.7960112020373344 1.6
      vertex 4.013094000518322 -0.6666271984577179 1.6
    endloop
  endfacet
  facet normal 1 0 0
    outer loop
      vertex 4.754730001091957 -4.981760002672672 0
      vertex 4.754730001091957 -2.8171999976038933 0
      vertex 4.754730001091957 -2.8171999976038933 1.6
    endloop
  endfacet
  facet normal -1 0 0
    outer loop
      vertex 5.898029997944832 -4.981760002672672 0
      vertex 5.898029997944832 -4.981760002672672 1.6
      vertex 5.898029997944832 0.9830200001597404 0
    endloop
  endfacet
  facet normal 0.9997999581187338 0.020001093614552 0
    outer loop
      vertex 4.754730001091957 -2.8171999976038933 0
      vertex 4.7505804002285 -2.609772801399231 0
      vertex 4.7505804002285 -2.609772801399231 1.6
    endloop
  endfacet
  facet normal 0.9997999581187338 0.020001093614552 0
    outer loop
      vertex 4.754730001091957 -2.8171999976038933 0
      vertex 4.7505804002285 -2.609772801399231 1.6
      vertex 4.754730001091957 -2.8171999976038933 1.6
    endloop
  endfacet
  facet normal 1 0 0
    outer loop
      vertex 8.429130002856255 -4.981760002672672 0
      vertex 8.429130002856255 -0.026000000536441803 1.6
      vertex 8.429130002856255 -4.981760002672672 1.6
    endloop
  endfacet
  facet normal 1 0 0
    outer loop
      vertex 4.754730001091957 -1.2100400030612946 0
      vertex 4.754730001091957 0.9830200001597404 0
      vertex 4.754730001091957 -1.2100400030612946 1.6
    endloop
  endfacet
  facet normal 1 0 0
    outer loop
      vertex 8.429130002856255 -4.981760002672672 0
      vertex 8.429130002856255 -0.026000000536441803 0
      vertex 8.429130002856255 -0.026000000536441803 1.6
    endloop
  endfacet
  facet normal 0 1 0
    outer loop
      vertex 6.663330003619194 -0.026000000536441803 0
      vertex 6.663330003619194 -0.026000000536441803 1.6
      vertex 8.429130002856255 -0.026000000536441803 0
    endloop
  endfacet
  facet normal -1 0 0
    outer loop
      vertex 5.898029997944832 -4.981760002672672 1.6
      vertex 5.898029997944832 0.9830200001597404 1.6
      vertex 5.898029997944832 0.9830200001597404 0
    endloop
  endfacet
  facet normal 0 1 0
    outer loop
      vertex 8.429130002856255 -0.026000000536441803 0
      vertex 6.663330003619194 -0.026000000536441803 1.6
      vertex 8.429130002856255 -0.026000000536441803 1.6
    endloop
  endfacet
  facet normal -1 0 0
    outer loop
      vertex 9.633510001003742 -4.981760002672672 0
      vertex 9.633510001003742 -4.981760002672672 1.6
      vertex 9.633510001003742 -0.026000000536441803 0
    endloop
  endfacet
  facet normal 0 1 0
    outer loop
      vertex 9.633510001003742 -0.026000000536441803 0
      vertex 9.633510001003742 -0.026000000536441803 1.6
      vertex 11.403389997780323 -0.026000000536441803 0
    endloop
  endfacet
  facet normal -1 0 0
    outer loop
      vertex 9.633510001003742 -0.026000000536441803 0
      vertex 9.633510001003742 -4.981760002672672 1.6
      vertex 9.633510001003742 -0.026000000536441803 1.6
    endloop
  endfacet
  facet normal 0 1 0
    outer loop
      vertex 11.403389997780323 -0.026000000536441803 0
      vertex 9.633510001003742 -0.026000000536441803 1.6
      vertex 11.403389997780323 -0.026000000536441803 1.6
    endloop
  endfacet
  facet normal 0 -1 0
    outer loop
      vertex 4.754730001091957 0.9830200001597404 0
      vertex 5.898029997944832 0.9830200001597404 0
      vertex 5.898029997944832 0.9830200001597404 1.6
    endloop
  endfacet
  facet normal 1 0 0
    outer loop
      vertex 6.663330003619194 -0.026000000536441803 0
      vertex 6.663330003619194 0.9830200001597404 0
      vertex 6.663330003619194 0.9830200001597404 1.6
    endloop
  endfacet
  facet normal 1 0 0
    outer loop
      vertex 4.754730001091957 -1.2100400030612946 1.6
      vertex 4.754730001091957 0.9830200001597404 0
      vertex 4.754730001091957 0.9830200001597404 1.6
    endloop
  endfacet
  facet normal 0 -1 0
    outer loop
      vertex 4.754730001091957 0.9830200001597404 0
      vertex 5.898029997944832 0.9830200001597404 1.6
      vertex 4.754730001091957 0.9830200001597404 1.6
    endloop
  endfacet
  facet normal 1 0 0
    outer loop
      vertex 6.663330003619194 -0.026000000536441803 0
      vertex 6.663330003619194 0.9830200001597404 1.6
      vertex 6.663330003619194 -0.026000000536441803 1.6
    endloop
  endfacet
  facet normal 0 -1 0
    outer loop
      vertex 6.663330003619194 0.9830200001597404 0
      vertex 11.403389997780323 0.9830200001597404 1.6
      vertex 6.663330003619194 0.9830200001597404 1.6
    endloop
  endfacet
  facet normal 0 -1 0
    outer loop
      vertex 6.663330003619194 0.9830200001597404 0
      vertex 11.403389997780323 0.9830200001597404 0
      vertex 11.403389997780323 0.9830200001597404 1.6
    endloop
  endfacet
  facet normal -1 0 0
    outer loop
      vertex 11.403389997780323 -0.026000000536441803 0
      vertex 11.403389997780323 -0.026000000536441803 1.6
      vertex 11.403389997780323 0.9830200001597404 0
    endloop
  endfacet
  facet normal -1 0 0
    outer loop
      vertex 11.403389997780323 -0.026000000536441803 1.6
      vertex 11.403389997780323 0.9830200001597404 1.6
      vertex 11.403389997780323 0.9830200001597404 0
    endloop
  endfacet
  facet normal -0.4713967368259979 -0.8819212643483548 0
    outer loop
      vertex -1.3333685592470452 1.9044729304738914 6.9
      vertex -1.3333685592470452 1.9044729304738914 1.6
      vertex -0.9184402376762154 1.6826891219729117 1.6
    endloop
  endfacet
  facet normal -0.2902846772544622 -0.9569403357322088 0
    outer loop
      vertex -0.5 1.5557566635859637 6.9
      vertex -0.9184402376762154 1.6826891219729117 1.6
      vertex -0.5 1.5557566635859637 1.6
    endloop
  endfacet
  facet normal -0.9951847266721968 -0.09801714032956073 0
    outer loop
      vertex -2.4 3.9 6.9
      vertex -2.4 3.9 1.6
      vertex -2.353884672967753 3.4317832271612922 1.6
    endloop
  endfacet
  facet normal -0.773010453362737 -0.6343932841636456 0
    outer loop
      vertex -1.9955270695261085 2.5666314407529547 6.9
      vertex -1.9955270695261085 2.5666314407529547 1.6
      vertex -1.697056274847714 2.202943725152286 1.6
    endloop
  endfacet
  facet normal -0.6343932841636456 -0.7730104533627369 0
    outer loop
      vertex -1.697056274847714 2.202943725152286 6.9
      vertex -1.697056274847714 2.202943725152286 1.6
      vertex -1.3333685592470452 1.9044729304738914 1.6
    endloop
  endfacet
  facet normal -0.8819212643483548 -0.471396736825998 0
    outer loop
      vertex -2.2173108780270883 2.9815597623237844 6.9
      vertex -2.2173108780270883 2.9815597623237844 1.6
      vertex -1.9955270695261085 2.5666314407529547 1.6
    endloop
  endfacet
  facet normal -0.956940335732209 -0.2902846772544619 0
    outer loop
      vertex -2.353884672967753 3.4317832271612922 6.9
      vertex -2.353884672967753 3.4317832271612922 1.6
      vertex -2.2173108780270883 2.9815597623237844 1.6
    endloop
  endfacet
  facet normal 1 0 0
    outer loop
      vertex -0.5 1.5557566635859637 6.9
      vertex -0.5 1.5557566635859637 1.6
      vertex -0.5 7.444243336414036 1.6
    endloop
  endfacet
  facet normal -1 0 0
    outer loop
      vertex -2.4 5.1 6.9
      vertex -2.4 5.1 1.6
      vertex -2.4 3.9 1.6
    endloop
  endfacet
  facet normal -0.9951847266721969 0.09801714032956056 0
    outer loop
      vertex -2.353884672967753 5.568216772838708 6.9
      vertex -2.353884672967753 5.568216772838708 1.6
      vertex -2.4 5.1 1.6
    endloop
  endfacet
  facet normal -0.956940335732209 0.2902846772544621 0
    outer loop
      vertex -2.2173108780270883 6.018440237676216 6.9
      vertex -2.2173108780270883 6.018440237676216 1.6
      vertex -2.353884672967753 5.568216772838708 1.6
    endloop
  endfacet
  facet normal -0.8819212643483547 0.4713967368259985 0
    outer loop
      vertex -1.9955270695261085 6.433368559247045 6.9
      vertex -1.9955270695261085 6.433368559247045 1.6
      vertex -2.2173108780270883 6.018440237676216 1.6
    endloop
  endfacet
  facet normal -0.7730104533627373 0.6343932841636452 0
    outer loop
      vertex -1.697056274847714 6.797056274847714 6.9
      vertex -1.697056274847714 6.797056274847714 1.6
      vertex -1.9955270695261085 6.433368559247045 1.6
    endloop
  endfacet
  facet normal -0.634393284163645 0.7730104533627373 0
    outer loop
      vertex -1.3333685592470452 7.095527069526108 6.9
      vertex -1.3333685592470452 7.095527069526108 1.6
      vertex -1.697056274847714 6.797056274847714 1.6
    endloop
  endfacet
  facet normal -0.4713967368259987 0.8819212643483545 0
    outer loop
      vertex -0.9184402376762154 7.317310878027088 6.9
      vertex -0.9184402376762154 7.317310878027088 1.6
      vertex -1.3333685592470452 7.095527069526108 1.6
    endloop
  endfacet
  facet normal -0.2902846772544622 0.9569403357322088 0
    outer loop
      vertex -0.9184402376762154 7.317310878027088 6.9
      vertex -0.5 7.444243336414036 1.6
      vertex -0.9184402376762154 7.317310878027088 1.6
    endloop
  endfacet
  facet normal -0.6343932841636456 -0.7730104533627369 2.7226422863036576e-18
    outer loop
      vertex -1.697056274847714 2.202943725152286 6.9
      vertex -1.3333685592470452 1.9044729304738914 1.6
      vertex -1.3333685592470452 1.9044729304738914 6.9
    endloop
  endfacet
  facet normal -0.4713967368259979 -0.8819212643483548 1.7136345174264634e-18
    outer loop
      vertex -1.3333685592470452 1.9044729304738914 6.9
      vertex -0.9184402376762154 1.6826891219729117 1.6
      vertex -0.9184402376762154 1.6826891219729117 6.9
    endloop
  endfacet
  facet normal -0.2902846772544622 -0.9569403357322088 0
    outer loop
      vertex -0.9184402376762154 1.6826891219729117 6.9
      vertex -0.9184402376762154 1.6826891219729117 1.6
      vertex -0.5 1.5557566635859637 6.9
    endloop
  endfacet
  facet normal -0.773010453362737 -0.6343932841636456 0
    outer loop
      vertex -1.697056274847714 2.202943725152286 6.9
      vertex -1.9955270695261085 2.5666314407529547 6.9
      vertex -1.697056274847714 2.202943725152286 1.6
    endloop
  endfacet
  facet normal -0.8819212643483548 -0.471396736825998 0
    outer loop
      vertex -1.9955270695261085 2.5666314407529547 6.9
      vertex -2.2173108780270883 2.9815597623237844 6.9
      vertex -1.9955270695261085 2.5666314407529547 1.6
    endloop
  endfacet
  facet normal -0.956940335732209 -0.2902846772544619 0
    outer loop
      vertex -2.2173108780270883 2.9815597623237844 6.9
      vertex -2.353884672967753 3.4317832271612922 6.9
      vertex -2.2173108780270883 2.9815597623237844 1.6
    endloop
  endfacet
  facet normal -0.9951847266721968 -0.09801714032956073 0
    outer loop
      vertex -2.353884672967753 3.4317832271612922 6.9
      vertex -2.4 3.9 6.9
      vertex -2.353884672967753 3.4317832271612922 1.6
    endloop
  endfacet
  facet normal 0 0 -1
    outer loop
      vertex -1.5000396291529257 1.6550320467831279 6.9
      vertex -1.3333685592470452 1.9044729304738914 6.9
      vertex -1.0332452673857424 1.405525262219526 6.9
    endloop
  endfacet
  facet normal 0 0 -1
    outer loop
      vertex -1.9091883092036783 1.9908116907963214 6.9
      vertex -1.697056274847714 2.202943725152286 6.9
      vertex -1.5000396291529257 1.6550320467831279 6.9
    endloop
  endfacet
  facet normal 0 0 -1
    outer loop
      vertex -1.5000396291529257 1.6550320467831279 6.9
      vertex -1.697056274847714 2.202943725152286 6.9
      vertex -1.3333685592470452 1.9044729304738914 6.9
    endloop
  endfacet
  facet normal 0 0 -1
    outer loop
      vertex -1.0332452673857424 1.405525262219526 6.9
      vertex -0.9184402376762154 1.6826891219729117 6.9
      vertex -0.5267438694435462 1.251879742911278 6.9
    endloop
  endfacet
  facet normal 0 0 -1
    outer loop
      vertex -0.9184402376762154 1.6826891219729117 6.9
      vertex -0.5 1.5557566635859637 6.9
      vertex -0.5267438694435462 1.251879742911278 6.9
    endloop
  endfacet
  facet normal 0 0 -1
    outer loop
      vertex -0.5267438694435462 1.251879742911278 6.9
      vertex -0.5 1.5557566635859637 6.9
      vertex -0.5 1.2492457016785825 6.9
    endloop
  endfacet
  facet normal 0 0 -1
    outer loop
      vertex -1.0332452673857424 1.405525262219526 6.9
      vertex -1.3333685592470452 1.9044729304738914 6.9
      vertex -0.9184402376762154 1.6826891219729117 6.9
    endloop
  endfacet
  facet normal -0.4713967368259976 -0.881921264348355 -1.2522946779540996e-17
    outer loop
      vertex -1.5000396291529257 1.6550320467831279 7.300000000000001
      vertex -1.0332452673857424 1.405525262219526 6.9
      vertex -1.0332452673857424 1.405525262219526 7.300000000000001
    endloop
  endfacet
  facet normal -0.4713967368259976 -0.881921264348355 0
    outer loop
      vertex -1.5000396291529257 1.6550320467831279 6.9
      vertex -1.0332452673857424 1.405525262219526 6.9
      vertex -1.5000396291529257 1.6550320467831279 7.300000000000001
    endloop
  endfacet
  facet normal -0.6343932841636447 -0.7730104533627375 0
    outer loop
      vertex -1.5000396291529257 1.6550320467831279 6.9
      vertex -1.5000396291529257 1.6550320467831279 7.300000000000001
      vertex -1.9091883092036783 1.9908116907963214 7.300000000000001
    endloop
  endfacet
  facet normal -0.6343932841636447 -0.7730104533627375 0
    outer loop
      vertex -1.9091883092036783 1.9908116907963214 6.9
      vertex -1.5000396291529257 1.6550320467831279 6.9
      vertex -1.9091883092036783 1.9908116907963214 7.300000000000001
    endloop
  endfacet
  facet normal -0.29028467725446233 -0.9569403357322089 1.0785040764506462e-17
    outer loop
      vertex -1.0332452673857424 1.405525262219526 7.300000000000001
      vertex -0.5267438694435462 1.251879742911278 6.9
      vertex -0.5267438694435462 1.251879742911278 7.300000000000001
    endloop
  endfacet
  facet normal -0.29028467725446233 -0.9569403357322089 0
    outer loop
      vertex -1.0332452673857424 1.405525262219526 6.9
      vertex -0.5267438694435462 1.251879742911278 6.9
      vertex -1.0332452673857424 1.405525262219526 7.300000000000001
    endloop
  endfacet
  facet normal -0.09801714032955523 -0.9951847266721975 4.4658748869130205e-19
    outer loop
      vertex -0.5267438694435462 1.251879742911278 6.9
      vertex -0.5 1.2492457016785825 6.9
      vertex -0.5 1.2492457016785825 7.300000000000001
    endloop
  endfacet
  facet normal -0.09801714032955523 -0.9951847266721975 0
    outer loop
      vertex -0.5267438694435462 1.251879742911278 6.9
      vertex -0.5 1.2492457016785825 7.300000000000001
      vertex -0.5267438694435462 1.251879742911278 7.300000000000001
    endloop
  endfacet
  facet normal 1 0 0
    outer loop
      vertex -0.5 1.2492457016785825 6.9
      vertex -0.5 1.5557566635859637 6.9
      vertex -0.5 1.2492457016785825 7.300000000000001
    endloop
  endfacet
  facet normal 1 0 0
    outer loop
      vertex -0.5 1.5557566635859637 6.9
      vertex -0.5 1.4167934877722965 7.418468131581415
      vertex -0.5 1.2492457016785825 7.300000000000001
    endloop
  endfacet
  facet normal -0.16891292966725285 -0.5568313048904037 0.8132695248718448
    outer loop
      vertex -1.0332452673857424 1.405525262219526 7.300000000000001
      vertex -0.5267438694435462 1.251879742911278 7.300000000000001
      vertex -0.5 1.4167934877722965 7.418468131581415
    endloop
  endfacet
  facet normal -0.0567704004190287 -0.5763995484272119 0.8151936470613406
    outer loop
      vertex -0.5267438694435462 1.251879742911278 7.300000000000001
      vertex -0.5 1.2492457016785825 7.300000000000001
      vertex -0.5 1.4167934877722965 7.418468131581415
    endloop
  endfacet
  facet normal 1 0 0
    outer loop
      vertex -0.5 1.5557566635859637 6.9
      vertex -0.5 2.266138957707227 8
      vertex -0.5 1.4167934877722965 7.418468131581415
    endloop
  endfacet
  facet normal -0.16891292966725305 -0.5568313048904022 0.8132695248718457
    outer loop
      vertex -1.0332452673857424 1.405525262219526 7.300000000000001
      vertex -0.5 1.4167934877722965 7.418468131581415
      vertex -0.5 2.266138957707227 8
    endloop
  endfacet
  facet normal -0.27682082975664757 -0.5178953461170404 0.8094162332713325
    outer loop
      vertex -1.5000396291529257 1.6550320467831279 7.300000000000001
      vertex -1.0332452673857424 1.405525262219526 7.300000000000001
      vertex -0.7232716871700197 2.3338676835536685 8
    endloop
  endfacet
  facet normal -0.1689129296672523 -0.5568313048904027 0.8132695248718456
    outer loop
      vertex -1.0332452673857424 1.405525262219526 7.300000000000001
      vertex -0.5 2.266138957707227 8
      vertex -0.7232716871700197 2.3338676835536685 8
    endloop
  endfacet
  facet normal 0 0 -1
    outer loop
      vertex -2.494474737780474 2.8667547326142575 6.9
      vertex -2.4 3.9 6.9
      vertex -2.353884672967753 3.4317832271612922 6.9
    endloop
  endfacet
  facet normal 0 0 -1
    outer loop
      vertex -1.9091883092036783 1.9908116907963214 6.9
      vertex -1.9955270695261085 2.5666314407529547 6.9
      vertex -1.697056274847714 2.202943725152286 6.9
    endloop
  endfacet
  facet normal 0 0 -1
    outer loop
      vertex -2.244967953216872 2.399960370847074 6.9
      vertex -1.9955270695261085 2.5666314407529547 6.9
      vertex -1.9091883092036783 1.9908116907963214 6.9
    endloop
  endfacet
  facet normal 0 0 -1
    outer loop
      vertex -2.244967953216872 2.399960370847074 6.9
      vertex -2.2173108780270883 2.9815597623237844 6.9
      vertex -1.9955270695261085 2.5666314407529547 6.9
    endloop
  endfacet
  facet normal 0 0 -1
    outer loop
      vertex -2.494474737780474 2.8667547326142575 6.9
      vertex -2.353884672967753 3.4317832271612922 6.9
      vertex -2.244967953216872 2.399960370847074 6.9
    endloop
  endfacet
  facet normal 0 0 -1
    outer loop
      vertex -2.244967953216872 2.399960370847074 6.9
      vertex -2.353884672967753 3.4317832271612922 6.9
      vertex -2.2173108780270883 2.9815597623237844 6.9
    endloop
  endfacet
  facet normal -0.881921264348355 -0.4713967368259974 0
    outer loop
      vertex -2.494474737780474 2.8667547326142575 6.9
      vertex -2.244967953216872 2.399960370847074 6.9
      vertex -2.494474737780474 2.8667547326142575 7.300000000000001
    endloop
  endfacet
  facet normal -0.9569403357322089 -0.29028467725446233 1.0785040764506462e-17
    outer loop
      vertex -2.494474737780474 2.8667547326142575 6.9
      vertex -2.648120257088722 3.3732561305564537 7.300000000000001
      vertex -2.648120257088722 3.3732561305564537 6.9
    endloop
  endfacet
  facet normal -0.9569403357322089 -0.29028467725446233 0
    outer loop
      vertex -2.494474737780474 2.8667547326142575 6.9
      vertex -2.494474737780474 2.8667547326142575 7.300000000000001
      vertex -2.648120257088722 3.3732561305564537 7.300000000000001
    endloop
  endfacet
  facet normal -0.9951847266721969 -0.09801714032956071 0
    outer loop
      vertex -2.648120257088722 3.3732561305564537 6.9
      vertex -2.648120257088722 3.3732561305564537 7.300000000000001
      vertex -2.6999999999999997 3.9 7.300000000000001
    endloop
  endfacet
  facet normal -0.9951847266721969 -0.09801714032956071 6.681157837805325e-18
    outer loop
      vertex -2.648120257088722 3.3732561305564537 6.9
      vertex -2.6999999999999997 3.9 7.300000000000001
      vertex -2.6999999999999997 3.9 6.9
    endloop
  endfacet
  facet normal -0.6444329082782025 -0.06347110150585894 0.7620220771091418
    outer loop
      vertex -2.648120257088722 3.3732561305564537 7.300000000000001
      vertex -1.853684179962105 3.7112792913895176 8
      vertex -2.6999999999999997 3.9 7.300000000000001
    endloop
  endfacet
  facet normal -0.7730104533627373 -0.634393284163645 0
    outer loop
      vertex -2.244967953216872 2.399960370847074 6.9
      vertex -1.9091883092036783 1.9908116907963214 6.9
      vertex -2.244967953216872 2.399960370847074 7.300000000000001
    endloop
  endfacet
  facet normal -0.7730104533627373 -0.634393284163645 -4.55588067272241e-17
    outer loop
      vertex -2.244967953216872 2.399960370847074 7.300000000000001
      vertex -1.9091883092036783 1.9908116907963214 6.9
      vertex -1.9091883092036783 1.9908116907963214 7.300000000000001
    endloop
  endfacet
  facet normal -0.881921264348355 -0.4713967368259974 0
    outer loop
      vertex -2.244967953216872 2.399960370847074 6.9
      vertex -2.244967953216872 2.399960370847074 7.300000000000001
      vertex -2.494474737780474 2.8667547326142575 7.300000000000001
    endloop
  endfacet
  facet normal -0.4679811374639814 -0.3840621940245608 0.7959207787832647
    outer loop
      vertex -2.244967953216872 2.399960370847074 7.300000000000001
      vertex -1.9091883092036783 1.9908116907963214 7.300000000000001
      vertex -1.3364318164425748 2.743568183557425 8
    endloop
  endfacet
  facet normal -0.37754605509694006 -0.46004119920745473 0.8036299343059001
    outer loop
      vertex -1.9091883092036783 1.9908116907963214 7.300000000000001
      vertex -1.5000396291529257 1.6550320467831279 7.300000000000001
      vertex -1.050027740407048 2.5085224327481894 8
    endloop
  endfacet
  facet normal -0.37754605509694017 -0.4600411992074546 0.8036299343059001
    outer loop
      vertex -1.9091883092036783 1.9908116907963214 7.300000000000001
      vertex -1.050027740407048 2.5085224327481894 8
      vertex -1.3364318164425748 2.743568183557425 8
    endloop
  endfacet
  facet normal -0.5448541013112437 -0.2912305846193204 0.7863324709476301
    outer loop
      vertex -2.494474737780474 2.8667547326142575 7.300000000000001
      vertex -2.244967953216872 2.399960370847074 7.300000000000001
      vertex -1.5714775672518104 3.029972259592952 8
    endloop
  endfacet
  facet normal -0.46798113746398134 -0.3840621940245608 0.7959207787832648
    outer loop
      vertex -2.244967953216872 2.399960370847074 7.300000000000001
      vertex -1.3364318164425748 2.743568183557425 8
      vertex -1.5714775672518104 3.029972259592952 8
    endloop
  endfacet
  facet normal -0.2768208297566471 -0.5178953461170408 0.8094162332713324
    outer loop
      vertex -1.5000396291529257 1.6550320467831279 7.300000000000001
      vertex -0.7232716871700197 2.3338676835536685 8
      vertex -1.050027740407048 2.5085224327481894 8
    endloop
  endfacet
  facet normal -0.6047863727666164 -0.18345994046966702 0.7749683177773564
    outer loop
      vertex -2.494474737780474 2.8667547326142575 7.300000000000001
      vertex -1.7461323164463316 3.35672831282998 8
      vertex -2.648120257088722 3.3732561305564537 7.300000000000001
    endloop
  endfacet
  facet normal -0.5448541013112438 -0.2912305846193203 0.7863324709476303
    outer loop
      vertex -2.494474737780474 2.8667547326142575 7.300000000000001
      vertex -1.5714775672518104 3.029972259592952 8
      vertex -1.7461323164463316 3.35672831282998 8
    endloop
  endfacet
  facet normal -0.6047863727666164 -0.18345994046966668 0.7749683177773564
    outer loop
      vertex -2.648120257088722 3.3732561305564537 7.300000000000001
      vertex -1.7461323164463316 3.35672831282998 8
      vertex -1.853684179962105 3.7112792913895176 8
    endloop
  endfacet
  facet normal -0.6444329082782024 -0.06347110150585915 0.7620220771091417
    outer loop
      vertex -2.6999999999999997 3.9 7.300000000000001
      vertex -1.853684179962105 3.7112792913895176 8
      vertex -1.8899999999999997 4.08 8
    endloop
  endfacet
  facet normal 0 0 1
    outer loop
      vertex -1.5714775672518104 3.029972259592952 8
      vertex -1.3364318164425748 2.743568183557425 8
      vertex -1.5714775672518104 5.970027740407048 8
    endloop
  endfacet
  facet normal 0 0 1
    outer loop
      vertex -1.3364318164425748 2.743568183557425 8
      vertex -1.050027740407048 2.5085224327481894 8
      vertex -1.3364318164425748 6.256431816442575 8
    endloop
  endfacet
  facet normal 1 0 0
    outer loop
      vertex -0.5 1.5557566635859637 6.9
      vertex -0.5 6.733861042292773 8
      vertex -0.5 2.266138957707227 8
    endloop
  endfacet
  facet normal 0 0 1
    outer loop
      vertex -1.050027740407048 2.5085224327481894 8
      vertex -0.7232716871700197 2.3338676835536685 8
      vertex -1.050027740407048 6.491477567251811 8
    endloop
  endfacet
  facet normal 0 0 1
    outer loop
      vertex -0.7232716871700197 2.3338676835536685 8
      vertex -0.5 2.266138957707227 8
      vertex -0.5 6.733861042292773 8
    endloop
  endfacet
  facet normal -1 0 0
    outer loop
      vertex -2.4 3.9 6.9
      vertex -2.4 5.1 6.9
      vertex -2.4 3.9 1.6
    endloop
  endfacet
  facet normal -0.9951847266721969 0.09801714032956056 0
    outer loop
      vertex -2.4 5.1 6.9
      vertex -2.353884672967753 5.568216772838708 6.9
      vertex -2.4 5.1 1.6
    endloop
  endfacet
  facet normal -0.956940335732209 0.2902846772544621 0
    outer loop
      vertex -2.353884672967753 5.568216772838708 6.9
      vertex -2.2173108780270883 6.018440237676216 6.9
      vertex -2.353884672967753 5.568216772838708 1.6
    endloop
  endfacet
  facet normal 1 0 0
    outer loop
      vertex -0.5 1.5557566635859637 6.9
      vertex -0.5 7.444243336414036 1.6
      vertex -0.5 7.444243336414036 6.9
    endloop
  endfacet
  facet normal -0.8819212643483547 0.4713967368259985 0
    outer loop
      vertex -2.2173108780270883 6.018440237676216 6.9
      vertex -1.9955270695261085 6.433368559247045 6.9
      vertex -2.2173108780270883 6.018440237676216 1.6
    endloop
  endfacet
  facet normal -0.7730104533627373 0.6343932841636452 0
    outer loop
      vertex -1.9955270695261085 6.433368559247045 6.9
      vertex -1.697056274847714 6.797056274847714 6.9
      vertex -1.9955270695261085 6.433368559247045 1.6
    endloop
  endfacet
  facet normal -0.634393284163645 0.7730104533627373 0
    outer loop
      vertex -1.697056274847714 6.797056274847714 6.9
      vertex -1.3333685592470452 7.095527069526108 6.9
      vertex -1.697056274847714 6.797056274847714 1.6
    endloop
  endfacet
  facet normal -0.4713967368259987 0.8819212643483545 0
    outer loop
      vertex -1.3333685592470452 7.095527069526108 6.9
      vertex -0.9184402376762154 7.317310878027088 6.9
      vertex -1.3333685592470452 7.095527069526108 1.6
    endloop
  endfacet
  facet normal -0.2902846772544622 0.9569403357322088 1.346690748211799e-19
    outer loop
      vertex -0.9184402376762154 7.317310878027088 6.9
      vertex -0.5 7.444243336414036 6.9
      vertex -0.5 7.444243336414036 1.6
    endloop
  endfacet
  facet normal 0 0 -1
    outer loop
      vertex -2.648120257088722 3.3732561305564537 6.9
      vertex -2.6999999999999997 3.9 6.9
      vertex -2.6999999999999997 5.1 6.9
    endloop
  endfacet
  facet normal 0 0 -1
    outer loop
      vertex -2.494474737780474 2.8667547326142575 6.9
      vertex -2.648120257088722 3.3732561305564537 6.9
      vertex -2.648120257088722 5.626743869443546 6.9
    endloop
  endfacet
  facet normal 0 0 -1
    outer loop
      vertex -2.494474737780474 2.8667547326142575 6.9
      vertex -2.494474737780474 6.1332452673857425 6.9
      vertex -2.4 3.9 6.9
    endloop
  endfacet
  facet normal 0 0 -1
    outer loop
      vertex -2.648120257088722 3.3732561305564537 6.9
      vertex -2.6999999999999997 5.1 6.9
      vertex -2.648120257088722 5.626743869443546 6.9
    endloop
  endfacet
  facet normal 0 0 -1
    outer loop
      vertex -2.494474737780474 2.8667547326142575 6.9
      vertex -2.648120257088722 5.626743869443546 6.9
      vertex -2.494474737780474 6.1332452673857425 6.9
    endloop
  endfacet
  facet normal 0 0 -1
    outer loop
      vertex -2.4 3.9 6.9
      vertex -2.494474737780474 6.1332452673857425 6.9
      vertex -2.4 5.1 6.9
    endloop
  endfacet
  facet normal 0 0 -1
    outer loop
      vertex -2.4 5.1 6.9
      vertex -2.494474737780474 6.1332452673857425 6.9
      vertex -2.353884672967753 5.568216772838708 6.9
    endloop
  endfacet
  facet normal -1 0 0
    outer loop
      vertex -2.6999999999999997 3.9 6.9
      vertex -2.6999999999999997 3.9 7.300000000000001
      vertex -2.6999999999999997 5.1 7.300000000000001
    endloop
  endfacet
  facet normal -1 0 0
    outer loop
      vertex -2.6999999999999997 3.9 6.9
      vertex -2.6999999999999997 5.1 7.300000000000001
      vertex -2.6999999999999997 5.1 6.9
    endloop
  endfacet
  facet normal -0.653863031641933 0 0.7566129366142377
    outer loop
      vertex -2.6999999999999997 3.9 7.300000000000001
      vertex -1.8899999999999997 4.92 8
      vertex -2.6999999999999997 5.1 7.300000000000001
    endloop
  endfacet
  facet normal -0.9951847266721969 0.09801714032956071 0
    outer loop
      vertex -2.6999999999999997 5.1 6.9
      vertex -2.6999999999999997 5.1 7.300000000000001
      vertex -2.648120257088722 5.626743869443546 7.300000000000001
    endloop
  endfacet
  facet normal -0.9951847266721969 0.09801714032956071 -6.681157837805325e-18
    outer loop
      vertex -2.6999999999999997 5.1 6.9
      vertex -2.648120257088722 5.626743869443546 7.300000000000001
      vertex -2.648120257088722 5.626743869443546 6.9
    endloop
  endfacet
  facet normal -0.9569403357322089 0.2902846772544621 0
    outer loop
      vertex -2.648120257088722 5.626743869443546 6.9
      vertex -2.648120257088722 5.626743869443546 7.300000000000001
      vertex -2.494474737780474 6.1332452673857425 7.300000000000001
    endloop
  endfacet
  facet normal -0.6444329082782025 0.06347110150585894 0.7620220771091418
    outer loop
      vertex -2.6999999999999997 5.1 7.300000000000001
      vertex -1.853684179962105 5.288720708610482 8
      vertex -2.648120257088722 5.626743869443546 7.300000000000001
    endloop
  endfacet
  facet normal 0 0 1
    outer loop
      vertex -1.7461323164463316 3.35672831282998 8
      vertex -1.853684179962105 5.288720708610482 8
      vertex -1.853684179962105 3.7112792913895176 8
    endloop
  endfacet
  facet normal -0.653863031641933 -4.740792115461766e-17 0.7566129366142376
    outer loop
      vertex -2.6999999999999997 3.9 7.300000000000001
      vertex -1.8899999999999997 4.08 8
      vertex -1.8899999999999997 4.92 8
    endloop
  endfacet
  facet normal 0 0 1
    outer loop
      vertex -1.8899999999999997 4.08 8
      vertex -1.853684179962105 3.7112792913895176 8
      vertex -1.8899999999999997 4.92 8
    endloop
  endfacet
  facet normal 0 0 1
    outer loop
      vertex -1.7461323164463316 3.35672831282998 8
      vertex -1.5714775672518104 3.029972259592952 8
      vertex -1.7461323164463316 5.64327168717002 8
    endloop
  endfacet
  facet normal 0 0 1
    outer loop
      vertex -1.853684179962105 3.7112792913895176 8
      vertex -1.853684179962105 5.288720708610482 8
      vertex -1.8899999999999997 4.92 8
    endloop
  endfacet
  facet normal 0 0 1
    outer loop
      vertex -1.7461323164463316 3.35672831282998 8
      vertex -1.7461323164463316 5.64327168717002 8
      vertex -1.853684179962105 5.288720708610482 8
    endloop
  endfacet
  facet normal 0 0 1
    outer loop
      vertex -1.5714775672518104 3.029972259592952 8
      vertex -1.5714775672518104 5.970027740407048 8
      vertex -1.7461323164463316 5.64327168717002 8
    endloop
  endfacet
  facet normal 1 0 0
    outer loop
      vertex -0.5 1.5557566635859637 6.9
      vertex -0.5 7.5832065122277035 7.418468131581415
      vertex -0.5 6.733861042292773 8
    endloop
  endfacet
  facet normal 1 0 0
    outer loop
      vertex -0.5 1.5557566635859637 6.9
      vertex -0.5 7.444243336414036 6.9
      vertex -0.5 7.5832065122277035 7.418468131581415
    endloop
  endfacet
  facet normal -0.6444329082782025 0.06347110150585906 0.7620220771091417
    outer loop
      vertex -2.6999999999999997 5.1 7.300000000000001
      vertex -1.8899999999999997 4.92 8
      vertex -1.853684179962105 5.288720708610482 8
    endloop
  endfacet
  facet normal 0 0 1
    outer loop
      vertex -1.3364318164425748 2.743568183557425 8
      vertex -1.3364318164425748 6.256431816442575 8
      vertex -1.5714775672518104 5.970027740407048 8
    endloop
  endfacet
  facet normal -0.6047863727666164 0.18345994046966688 0.7749683177773564
    outer loop
      vertex -2.648120257088722 5.626743869443546 7.300000000000001
      vertex -1.7461323164463316 5.64327168717002 8
      vertex -2.494474737780474 6.1332452673857425 7.300000000000001
    endloop
  endfacet
  facet normal -0.6047863727666164 0.1834599404696665 0.7749683177773564
    outer loop
      vertex -2.648120257088722 5.626743869443546 7.300000000000001
      vertex -1.853684179962105 5.288720708610482 8
      vertex -1.7461323164463316 5.64327168717002 8
    endloop
  endfacet
  facet normal 0 0 1
    outer loop
      vertex -1.050027740407048 2.5085224327481894 8
      vertex -1.050027740407048 6.491477567251811 8
      vertex -1.3364318164425748 6.256431816442575 8
    endloop
  endfacet
  facet normal 0 0 1
    outer loop
      vertex -0.7232716871700197 2.3338676835536685 8
      vertex -0.7232716871700197 6.6661323164463315 8
      vertex -1.050027740407048 6.491477567251811 8
    endloop
  endfacet
  facet normal 0 0 1
    outer loop
      vertex -0.7232716871700197 2.3338676835536685 8
      vertex -0.5 6.733861042292773 8
      vertex -0.7232716871700197 6.6661323164463315 8
    endloop
  endfacet
  facet normal 0 0 -1
    outer loop
      vertex -2.353884672967753 5.568216772838708 6.9
      vertex -2.494474737780474 6.1332452673857425 6.9
      vertex -2.2173108780270883 6.018440237676216 6.9
    endloop
  endfacet
  facet normal 0 0 -1
    outer loop
      vertex -2.2173108780270883 6.018440237676216 6.9
      vertex -2.494474737780474 6.1332452673857425 6.9
      vertex -2.244967953216872 6.600039629152926 6.9
    endloop
  endfacet
  facet normal 0 0 -1
    outer loop
      vertex -2.2173108780270883 6.018440237676216 6.9
      vertex -2.244967953216872 6.600039629152926 6.9
      vertex -1.9955270695261085 6.433368559247045 6.9
    endloop
  endfacet
  facet normal 0 0 -1
    outer loop
      vertex -2.244967953216872 6.600039629152926 6.9
      vertex -1.697056274847714 6.797056274847714 6.9
      vertex -1.9955270695261085 6.433368559247045 6.9
    endloop
  endfacet
  facet normal 0 0 -1
    outer loop
      vertex -2.244967953216872 6.600039629152926 6.9
      vertex -1.9091883092036783 7.009188309203679 6.9
      vertex -1.697056274847714 6.797056274847714 6.9
    endloop
  endfacet
  facet normal 0 0 -1
    outer loop
      vertex -1.697056274847714 6.797056274847714 6.9
      vertex -1.9091883092036783 7.009188309203679 6.9
      vertex -1.3333685592470452 7.095527069526108 6.9
    endloop
  endfacet
  facet normal 0 0 -1
    outer loop
      vertex -1.9091883092036783 7.009188309203679 6.9
      vertex -1.5000396291529257 7.344967953216872 6.9
      vertex -1.3333685592470452 7.095527069526108 6.9
    endloop
  endfacet
  facet normal 0 0 -1
    outer loop
      vertex -1.5000396291529257 7.344967953216872 6.9
      vertex -0.9184402376762154 7.317310878027088 6.9
      vertex -1.3333685592470452 7.095527069526108 6.9
    endloop
  endfacet
  facet normal 0 0 -1
    outer loop
      vertex -1.5000396291529257 7.344967953216872 6.9
      vertex -1.0332452673857424 7.594474737780474 6.9
      vertex -0.9184402376762154 7.317310878027088 6.9
    endloop
  endfacet
  facet normal 0 0 -1
    outer loop
      vertex -1.0332452673857424 7.594474737780474 6.9
      vertex -0.5 7.444243336414036 6.9
      vertex -0.9184402376762154 7.317310878027088 6.9
    endloop
  endfacet
  facet normal 0 0 -1
    outer loop
      vertex -1.0332452673857424 7.594474737780474 6.9
      vertex -0.5267438694435462 7.748120257088722 6.9
      vertex -0.5 7.444243336414036 6.9
    endloop
  endfacet
  facet normal 0 0 -1
    outer loop
      vertex -0.5267438694435462 7.748120257088722 6.9
      vertex -0.5 7.750754298321418 6.9
      vertex -0.5 7.444243336414036 6.9
    endloop
  endfacet
  facet normal -0.9569403357322089 0.2902846772544621 -1.6248095909858862e-17
    outer loop
      vertex -2.648120257088722 5.626743869443546 6.9
      vertex -2.494474737780474 6.1332452673857425 7.300000000000001
      vertex -2.494474737780474 6.1332452673857425 6.9
    endloop
  endfacet
  facet normal -0.881921264348355 0.4713967368259974 0
    outer loop
      vertex -2.494474737780474 6.1332452673857425 6.9
      vertex -2.494474737780474 6.1332452673857425 7.300000000000001
      vertex -2.244967953216872 6.600039629152926 7.300000000000001
    endloop
  endfacet
  facet normal -0.881921264348355 0.4713967368259974 1.2005672234923518e-17
    outer loop
      vertex -2.494474737780474 6.1332452673857425 6.9
      vertex -2.244967953216872 6.600039629152926 7.300000000000001
      vertex -2.244967953216872 6.600039629152926 6.9
    endloop
  endfacet
  facet normal -0.7730104533627373 0.634393284163645 0
    outer loop
      vertex -2.244967953216872 6.600039629152926 6.9
      vertex -2.244967953216872 6.600039629152926 7.300000000000001
      vertex -1.9091883092036783 7.009188309203679 7.300000000000001
    endloop
  endfacet
  facet normal -0.5448541013112437 0.2912305846193204 0.7863324709476304
    outer loop
      vertex -1.5714775672518104 5.970027740407048 8
      vertex -2.244967953216872 6.600039629152926 7.300000000000001
      vertex -2.494474737780474 6.1332452673857425 7.300000000000001
    endloop
  endfacet
  facet normal -0.5448541013112436 0.2912305846193207 0.7863324709476303
    outer loop
      vertex -1.7461323164463316 5.64327168717002 8
      vertex -1.5714775672518104 5.970027740407048 8
      vertex -2.494474737780474 6.1332452673857425 7.300000000000001
    endloop
  endfacet
  facet normal -0.46798113746398157 0.38406219402456043 0.7959207787832648
    outer loop
      vertex -1.5714775672518104 5.970027740407048 8
      vertex -1.3364318164425748 6.256431816442575 8
      vertex -2.244967953216872 6.600039629152926 7.300000000000001
    endloop
  endfacet
  facet normal -0.4679811374639814 0.3840621940245608 0.7959207787832647
    outer loop
      vertex -2.244967953216872 6.600039629152926 7.300000000000001
      vertex -1.3364318164425748 6.256431816442575 8
      vertex -1.9091883092036783 7.009188309203679 7.300000000000001
    endloop
  endfacet
  facet normal -0.3775460550969402 0.4600411992074545 0.8036299343059001
    outer loop
      vertex -1.9091883092036783 7.009188309203679 7.300000000000001
      vertex -1.3364318164425748 6.256431816442575 8
      vertex -1.050027740407048 6.491477567251811 8
    endloop
  endfacet
  facet normal -0.7730104533627373 0.634393284163645 4.55588067272241e-17
    outer loop
      vertex -2.244967953216872 6.600039629152926 6.9
      vertex -1.9091883092036783 7.009188309203679 7.300000000000001
      vertex -1.9091883092036783 7.009188309203679 6.9
    endloop
  endfacet
  facet normal -0.6343932841636447 0.7730104533627375 9.744349962569963e-18
    outer loop
      vertex -1.9091883092036783 7.009188309203679 6.9
      vertex -1.5000396291529257 7.344967953216872 7.300000000000001
      vertex -1.5000396291529257 7.344967953216872 6.9
    endloop
  endfacet
  facet normal -0.6343932841636447 0.7730104533627375 0
    outer loop
      vertex -1.9091883092036783 7.009188309203679 6.9
      vertex -1.9091883092036783 7.009188309203679 7.300000000000001
      vertex -1.5000396291529257 7.344967953216872 7.300000000000001
    endloop
  endfacet
  facet normal -0.4713967368259976 0.881921264348355 1.2522946779540996e-17
    outer loop
      vertex -1.5000396291529257 7.344967953216872 6.9
      vertex -1.0332452673857424 7.594474737780474 7.300000000000001
      vertex -1.0332452673857424 7.594474737780474 6.9
    endloop
  endfacet
  facet normal -0.4713967368259976 0.881921264348355 0
    outer loop
      vertex -1.5000396291529257 7.344967953216872 6.9
      vertex -1.5000396291529257 7.344967953216872 7.300000000000001
      vertex -1.0332452673857424 7.594474737780474 7.300000000000001
    endloop
  endfacet
  facet normal -0.29028467725446233 0.9569403357322089 -1.0785040764506462e-17
    outer loop
      vertex -1.0332452673857424 7.594474737780474 6.9
      vertex -0.5267438694435462 7.748120257088722 7.300000000000001
      vertex -0.5267438694435462 7.748120257088722 6.9
    endloop
  endfacet
  facet normal -0.29028467725446233 0.9569403357322089 0
    outer loop
      vertex -1.0332452673857424 7.594474737780474 6.9
      vertex -1.0332452673857424 7.594474737780474 7.300000000000001
      vertex -0.5267438694435462 7.748120257088722 7.300000000000001
    endloop
  endfacet
  facet normal 1 0 0
    outer loop
      vertex -0.5 7.444243336414036 6.9
      vertex -0.5 7.750754298321418 6.9
      vertex -0.5 7.750754298321418 7.300000000000001
    endloop
  endfacet
  facet normal -0.0980171403295716 0.9951847266721959 0
    outer loop
      vertex -0.5267438694435462 7.748120257088722 6.9
      vertex -0.5267438694435462 7.748120257088722 7.300000000000001
      vertex -0.5 7.750754298321418 6.9
    endloop
  endfacet
  facet normal 1 0 0
    outer loop
      vertex -0.5 7.444243336414036 6.9
      vertex -0.5 7.750754298321418 7.300000000000001
      vertex -0.5 7.5832065122277035 7.418468131581415
    endloop
  endfacet
  facet normal -0.0980171403295716 0.9951847266721959 0
    outer loop
      vertex -0.5 7.750754298321418 6.9
      vertex -0.5267438694435462 7.748120257088722 7.300000000000001
      vertex -0.5 7.750754298321418 7.300000000000001
    endloop
  endfacet
  facet normal -0.16891292966725285 0.5568313048904037 0.8132695248718448
    outer loop
      vertex -1.0332452673857424 7.594474737780474 7.300000000000001
      vertex -0.5 7.5832065122277035 7.418468131581415
      vertex -0.5267438694435462 7.748120257088722 7.300000000000001
    endloop
  endfacet
  facet normal -0.05677040041903813 0.5763995484272104 0.8151936470613407
    outer loop
      vertex -0.5267438694435462 7.748120257088722 7.300000000000001
      vertex -0.5 7.5832065122277035 7.418468131581415
      vertex -0.5 7.750754298321418 7.300000000000001
    endloop
  endfacet
  facet normal -0.37754605509694006 0.46004119920745473 0.8036299343059001
    outer loop
      vertex -1.9091883092036783 7.009188309203679 7.300000000000001
      vertex -1.050027740407048 6.491477567251811 8
      vertex -1.5000396291529257 7.344967953216872 7.300000000000001
    endloop
  endfacet
  facet normal -0.27682082975664757 0.5178953461170404 0.8094162332713325
    outer loop
      vertex -1.5000396291529257 7.344967953216872 7.300000000000001
      vertex -0.7232716871700197 6.6661323164463315 8
      vertex -1.0332452673857424 7.594474737780474 7.300000000000001
    endloop
  endfacet
  facet normal -0.2768208297566473 0.5178953461170407 0.8094162332713324
    outer loop
      vertex -1.5000396291529257 7.344967953216872 7.300000000000001
      vertex -1.050027740407048 6.491477567251811 8
      vertex -0.7232716871700197 6.6661323164463315 8
    endloop
  endfacet
  facet normal -0.1689129296672523 0.5568313048904023 0.8132695248718458
    outer loop
      vertex -0.7232716871700197 6.6661323164463315 8
      vertex -0.5 6.733861042292773 8
      vertex -0.5 7.5832065122277035 7.418468131581415
    endloop
  endfacet
  facet normal -0.16891292966725296 0.5568313048904023 0.8132695248718456
    outer loop
      vertex -0.7232716871700197 6.6661323164463315 8
      vertex -0.5 7.5832065122277035 7.418468131581415
      vertex -1.0332452673857424 7.594474737780474 7.300000000000001
    endloop
  endfacet
  facet normal 0.2902846772544622 -0.9569403357322088 0
    outer loop
      vertex 0.9184402376762154 1.6826891219729117 6.9
      vertex 0.5 1.5557566635859637 1.6
      vertex 0.9184402376762154 1.6826891219729117 1.6
    endloop
  endfacet
  facet normal 0.4713967368259979 -0.8819212643483548 0
    outer loop
      vertex 0.9184402376762154 1.6826891219729117 6.9
      vertex 0.9184402376762154 1.6826891219729117 1.6
      vertex 1.3333685592470452 1.9044729304738914 1.6
    endloop
  endfacet
  facet normal 0.6343932841636456 -0.7730104533627369 0
    outer loop
      vertex 1.3333685592470452 1.9044729304738914 6.9
      vertex 1.3333685592470452 1.9044729304738914 1.6
      vertex 1.697056274847714 2.202943725152286 1.6
    endloop
  endfacet
  facet normal 0.773010453362737 -0.6343932841636456 0
    outer loop
      vertex 1.697056274847714 2.202943725152286 6.9
      vertex 1.697056274847714 2.202943725152286 1.6
      vertex 1.9955270695261085 2.5666314407529547 1.6
    endloop
  endfacet
  facet normal 0.8819212643483548 -0.471396736825998 0
    outer loop
      vertex 1.9955270695261085 2.5666314407529547 6.9
      vertex 1.9955270695261085 2.5666314407529547 1.6
      vertex 2.2173108780270883 2.9815597623237844 1.6
    endloop
  endfacet
  facet normal 0.956940335732209 -0.2902846772544619 0
    outer loop
      vertex 2.2173108780270883 2.9815597623237844 6.9
      vertex 2.2173108780270883 2.9815597623237844 1.6
      vertex 2.353884672967753 3.4317832271612922 1.6
    endloop
  endfacet
  facet normal 0.9951847266721968 -0.09801714032956073 0
    outer loop
      vertex 2.353884672967753 3.4317832271612922 6.9
      vertex 2.353884672967753 3.4317832271612922 1.6
      vertex 2.4 3.9 1.6
    endloop
  endfacet
  facet normal -1 0 0
    outer loop
      vertex 0.5 7.444243336414036 6.9
      vertex 0.5 7.444243336414036 1.6
      vertex 0.5 1.5557566635859637 1.6
    endloop
  endfacet
  facet normal 0.956940335732209 0.2902846772544621 0
    outer loop
      vertex 2.353884672967753 5.568216772838708 6.9
      vertex 2.353884672967753 5.568216772838708 1.6
      vertex 2.2173108780270883 6.018440237676216 1.6
    endloop
  endfacet
  facet normal 1 0 0
    outer loop
      vertex 2.4 3.9 6.9
      vertex 2.4 3.9 1.6
      vertex 2.4 5.1 1.6
    endloop
  endfacet
  facet normal 0.9951847266721969 0.09801714032956056 0
    outer loop
      vertex 2.4 5.1 6.9
      vertex 2.4 5.1 1.6
      vertex 2.353884672967753 5.568216772838708 1.6
    endloop
  endfacet
  facet normal 0.8819212643483547 0.4713967368259985 0
    outer loop
      vertex 2.2173108780270883 6.018440237676216 6.9
      vertex 2.2173108780270883 6.018440237676216 1.6
      vertex 1.9955270695261085 6.433368559247045 1.6
    endloop
  endfacet
  facet normal 0.7730104533627373 0.6343932841636452 0
    outer loop
      vertex 1.9955270695261085 6.433368559247045 6.9
      vertex 1.9955270695261085 6.433368559247045 1.6
      vertex 1.697056274847714 6.797056274847714 1.6
    endloop
  endfacet
  facet normal 0.2902846772544622 0.9569403357322088 0
    outer loop
      vertex 0.5 7.444243336414036 6.9
      vertex 0.9184402376762154 7.317310878027088 1.6
      vertex 0.5 7.444243336414036 1.6
    endloop
  endfacet
  facet normal 0.634393284163645 0.7730104533627373 0
    outer loop
      vertex 1.697056274847714 6.797056274847714 6.9
      vertex 1.697056274847714 6.797056274847714 1.6
      vertex 1.3333685592470452 7.095527069526108 1.6
    endloop
  endfacet
  facet normal 0.4713967368259987 0.8819212643483545 0
    outer loop
      vertex 1.3333685592470452 7.095527069526108 6.9
      vertex 1.3333685592470452 7.095527069526108 1.6
      vertex 0.9184402376762154 7.317310878027088 1.6
    endloop
  endfacet
  facet normal 0.2902846772544622 -0.9569403357322088 0
    outer loop
      vertex 0.5 1.5557566635859637 6.9
      vertex 0.5 1.5557566635859637 1.6
      vertex 0.9184402376762154 1.6826891219729117 6.9
    endloop
  endfacet
  facet normal 0.4713967368259979 -0.8819212643483548 -1.7136345174264634e-18
    outer loop
      vertex 0.9184402376762154 1.6826891219729117 6.9
      vertex 1.3333685592470452 1.9044729304738914 1.6
      vertex 1.3333685592470452 1.9044729304738914 6.9
    endloop
  endfacet
  facet normal 0.6343932841636456 -0.7730104533627369 -2.7226422863036576e-18
    outer loop
      vertex 1.3333685592470452 1.9044729304738914 6.9
      vertex 1.697056274847714 2.202943725152286 1.6
      vertex 1.697056274847714 2.202943725152286 6.9
    endloop
  endfacet
  facet normal 0.773010453362737 -0.6343932841636456 -4.660493080414704e-19
    outer loop
      vertex 1.697056274847714 2.202943725152286 6.9
      vertex 1.9955270695261085 2.5666314407529547 1.6
      vertex 1.9955270695261085 2.5666314407529547 6.9
    endloop
  endfacet
  facet normal 0.8819212643483548 -0.471396736825998 -4.573457137460497e-19
    outer loop
      vertex 1.9955270695261085 2.5666314407529547 6.9
      vertex 2.2173108780270883 2.9815597623237844 1.6
      vertex 2.2173108780270883 2.9815597623237844 6.9
    endloop
  endfacet
  facet normal -1 0 0
    outer loop
      vertex 0.5 1.5557566635859637 6.9
      vertex 0.5 7.444243336414036 6.9
      vertex 0.5 1.5557566635859637 1.6
    endloop
  endfacet
  facet normal 0.956940335732209 -0.2902846772544619 5.711200591819604e-19
    outer loop
      vertex 2.2173108780270883 2.9815597623237844 6.9
      vertex 2.353884672967753 3.4317832271612922 1.6
      vertex 2.353884672967753 3.4317832271612922 6.9
    endloop
  endfacet
  facet normal 0.9951847266721968 -0.09801714032956073 1.1435120092168003e-19
    outer loop
      vertex 2.353884672967753 3.4317832271612922 6.9
      vertex 2.4 3.9 1.6
      vertex 2.4 3.9 6.9
    endloop
  endfacet
  facet normal 0 0 -1
    outer loop
      vertex 0.5 1.2492457016785825 6.9
      vertex 0.5 1.5557566635859637 6.9
      vertex 0.5267438694435462 1.251879742911278 6.9
    endloop
  endfacet
  facet normal 0 0 -1
    outer loop
      vertex 0.5 1.5557566635859637 6.9
      vertex 1.0332452673857424 1.405525262219526 6.9
      vertex 0.5267438694435462 1.251879742911278 6.9
    endloop
  endfacet
  facet normal 0 0 -1
    outer loop
      vertex 0.5 1.5557566635859637 6.9
      vertex 0.9184402376762154 1.6826891219729117 6.9
      vertex 1.0332452673857424 1.405525262219526 6.9
    endloop
  endfacet
  facet normal 0 0 -1
    outer loop
      vertex 0.9184402376762154 1.6826891219729117 6.9
      vertex 1.5000396291529257 1.6550320467831279 6.9
      vertex 1.0332452673857424 1.405525262219526 6.9
    endloop
  endfacet
  facet normal 0 0 -1
    outer loop
      vertex 0.9184402376762154 1.6826891219729117 6.9
      vertex 1.3333685592470452 1.9044729304738914 6.9
      vertex 1.5000396291529257 1.6550320467831279 6.9
    endloop
  endfacet
  facet normal 0 0 -1
    outer loop
      vertex 1.3333685592470452 1.9044729304738914 6.9
      vertex 1.9091883092036783 1.9908116907963214 6.9
      vertex 1.5000396291529257 1.6550320467831279 6.9
    endloop
  endfacet
  facet normal 0.09801714032955523 -0.9951847266721975 -4.4658748869130205e-19
    outer loop
      vertex 0.5 1.2492457016785825 6.9
      vertex 0.5267438694435462 1.251879742911278 6.9
      vertex 0.5267438694435462 1.251879742911278 7.300000000000001
    endloop
  endfacet
  facet normal 0.09801714032955523 -0.9951847266721975 0
    outer loop
      vertex 0.5 1.2492457016785825 6.9
      vertex 0.5267438694435462 1.251879742911278 7.300000000000001
      vertex 0.5 1.2492457016785825 7.300000000000001
    endloop
  endfacet
  facet normal -1 0 0
    outer loop
      vertex 0.5 1.2492457016785825 6.9
      vertex 0.5 1.2492457016785825 7.300000000000001
      vertex 0.5 1.5557566635859637 6.9
    endloop
  endfacet
  facet normal -1 0 0
    outer loop
      vertex 0.5 1.5557566635859637 6.9
      vertex 0.5 1.2492457016785825 7.300000000000001
      vertex 0.5 1.4167934877722965 7.418468131581415
    endloop
  endfacet
  facet normal 0.29028467725446233 -0.9569403357322089 0
    outer loop
      vertex 0.5267438694435462 1.251879742911278 6.9
      vertex 1.0332452673857424 1.405525262219526 6.9
      vertex 0.5267438694435462 1.251879742911278 7.300000000000001
    endloop
  endfacet
  facet normal 0.29028467725446233 -0.9569403357322089 -1.0785040764506462e-17
    outer loop
      vertex 0.5267438694435462 1.251879742911278 7.300000000000001
      vertex 1.0332452673857424 1.405525262219526 6.9
      vertex 1.0332452673857424 1.405525262219526 7.300000000000001
    endloop
  endfacet
  facet normal 0.0567704004190287 -0.5763995484272119 0.8151936470613406
    outer loop
      vertex 0.5 1.2492457016785825 7.300000000000001
      vertex 0.5267438694435462 1.251879742911278 7.300000000000001
      vertex 0.5 1.4167934877722965 7.418468131581415
    endloop
  endfacet
  facet normal 0.16891292966725285 -0.5568313048904037 0.8132695248718448
    outer loop
      vertex 0.5 1.4167934877722965 7.418468131581415
      vertex 0.5267438694435462 1.251879742911278 7.300000000000001
      vertex 1.0332452673857424 1.405525262219526 7.300000000000001
    endloop
  endfacet
  facet normal 0.4713967368259976 -0.881921264348355 0
    outer loop
      vertex 1.0332452673857424 1.405525262219526 6.9
      vertex 1.5000396291529257 1.6550320467831279 6.9
      vertex 1.0332452673857424 1.405525262219526 7.300000000000001
    endloop
  endfacet
  facet normal 0.6343932841636447 -0.7730104533627375 0
    outer loop
      vertex 1.5000396291529257 1.6550320467831279 6.9
      vertex 1.9091883092036783 1.9908116907963214 6.9
      vertex 1.5000396291529257 1.6550320467831279 7.300000000000001
    endloop
  endfacet
  facet normal 0.4713967368259976 -0.881921264348355 1.2522946779540996e-17
    outer loop
      vertex 1.0332452673857424 1.405525262219526 7.300000000000001
      vertex 1.5000396291529257 1.6550320467831279 6.9
      vertex 1.5000396291529257 1.6550320467831279 7.300000000000001
    endloop
  endfacet
  facet normal 0.6343932841636447 -0.7730104533627375 0
    outer loop
      vertex 1.9091883092036783 1.9908116907963214 6.9
      vertex 1.9091883092036783 1.9908116907963214 7.300000000000001
      vertex 1.5000396291529257 1.6550320467831279 7.300000000000001
    endloop
  endfacet
  facet normal 0.16891292966725305 -0.5568313048904024 0.8132695248718456
    outer loop
      vertex 0.5 1.4167934877722965 7.418468131581415
      vertex 1.0332452673857424 1.405525262219526 7.300000000000001
      vertex 0.7232716871700197 2.3338676835536685 8
    endloop
  endfacet
  facet normal 0.27682082975664757 -0.5178953461170404 0.8094162332713325
    outer loop
      vertex 1.0332452673857424 1.405525262219526 7.300000000000001
      vertex 1.5000396291529257 1.6550320467831279 7.300000000000001
      vertex 0.7232716871700197 2.3338676835536685 8
    endloop
  endfacet
  facet normal 0.1689129296672524 -0.5568313048904023 0.8132695248718457
    outer loop
      vertex 0.5 1.4167934877722965 7.418468131581415
      vertex 0.7232716871700197 2.3338676835536685 8
      vertex 0.5 2.266138957707227 8
    endloop
  endfacet
  facet normal 0 0 -1
    outer loop
      vertex 1.3333685592470452 1.9044729304738914 6.9
      vertex 1.697056274847714 2.202943725152286 6.9
      vertex 1.9091883092036783 1.9908116907963214 6.9
    endloop
  endfacet
  facet normal 0 0 -1
    outer loop
      vertex 1.9091883092036783 1.9908116907963214 6.9
      vertex 1.697056274847714 2.202943725152286 6.9
      vertex 2.244967953216872 2.399960370847074 6.9
    endloop
  endfacet
  facet normal 0 0 -1
    outer loop
      vertex 1.697056274847714 2.202943725152286 6.9
      vertex 1.9955270695261085 2.5666314407529547 6.9
      vertex 2.244967953216872 2.399960370847074 6.9
    endloop
  endfacet
  facet normal 0 0 -1
    outer loop
      vertex 1.9955270695261085 2.5666314407529547 6.9
      vertex 2.2173108780270883 2.9815597623237844 6.9
      vertex 2.244967953216872 2.399960370847074 6.9
    endloop
  endfacet
  facet normal 0 0 -1
    outer loop
      vertex 2.244967953216872 2.399960370847074 6.9
      vertex 2.2173108780270883 2.9815597623237844 6.9
      vertex 2.494474737780474 2.8667547326142575 6.9
    endloop
  endfacet
  facet normal 0 0 -1
    outer loop
      vertex 2.494474737780474 2.8667547326142575 6.9
      vertex 2.2173108780270883 2.9815597623237844 6.9
      vertex 2.353884672967753 3.4317832271612922 6.9
    endloop
  endfacet
  facet normal 0 0 -1
    outer loop
      vertex 2.494474737780474 2.8667547326142575 6.9
      vertex 2.353884672967753 3.4317832271612922 6.9
      vertex 2.4 3.9 6.9
    endloop
  endfacet
  facet normal 0.7730104533627373 -0.634393284163645 0
    outer loop
      vertex 1.9091883092036783 1.9908116907963214 6.9
      vertex 2.244967953216872 2.399960370847074 6.9
      vertex 1.9091883092036783 1.9908116907963214 7.300000000000001
    endloop
  endfacet
  facet normal 0.7730104533627373 -0.634393284163645 4.55588067272241e-17
    outer loop
      vertex 1.9091883092036783 1.9908116907963214 7.300000000000001
      vertex 2.244967953216872 2.399960370847074 6.9
      vertex 2.244967953216872 2.399960370847074 7.300000000000001
    endloop
  endfacet
  facet normal 0.881921264348355 -0.4713967368259974 0
    outer loop
      vertex 2.244967953216872 2.399960370847074 6.9
      vertex 2.494474737780474 2.8667547326142575 6.9
      vertex 2.244967953216872 2.399960370847074 7.300000000000001
    endloop
  endfacet
  facet normal 0.27682082975664724 -0.5178953461170407 0.8094162332713324
    outer loop
      vertex 0.7232716871700197 2.3338676835536685 8
      vertex 1.5000396291529257 1.6550320467831279 7.300000000000001
      vertex 1.050027740407048 2.5085224327481894 8
    endloop
  endfacet
  facet normal 0.37754605509694006 -0.4600411992074546 0.8036299343059001
    outer loop
      vertex 1.050027740407048 2.5085224327481894 8
      vertex 1.5000396291529257 1.6550320467831279 7.300000000000001
      vertex 1.9091883092036783 1.9908116907963214 7.300000000000001
    endloop
  endfacet
  facet normal 0.4679811374639814 -0.3840621940245608 0.7959207787832647
    outer loop
      vertex 1.3364318164425748 2.743568183557425 8
      vertex 1.9091883092036783 1.9908116907963214 7.300000000000001
      vertex 2.244967953216872 2.399960370847074 7.300000000000001
    endloop
  endfacet
  facet normal 0.37754605509694017 -0.4600411992074545 0.8036299343059001
    outer loop
      vertex 1.050027740407048 2.5085224327481894 8
      vertex 1.9091883092036783 1.9908116907963214 7.300000000000001
      vertex 1.3364318164425748 2.743568183557425 8
    endloop
  endfacet
  facet normal 0.5448541013112437 -0.2912305846193204 0.7863324709476301
    outer loop
      vertex 2.244967953216872 2.399960370847074 7.300000000000001
      vertex 2.494474737780474 2.8667547326142575 7.300000000000001
      vertex 1.5714775672518104 3.029972259592952 8
    endloop
  endfacet
  facet normal 0.4679811374639814 -0.3840621940245609 0.7959207787832648
    outer loop
      vertex 1.3364318164425748 2.743568183557425 8
      vertex 2.244967953216872 2.399960370847074 7.300000000000001
      vertex 1.5714775672518104 3.029972259592952 8
    endloop
  endfacet
  facet normal -1 0 0
    outer loop
      vertex 0.5 1.5557566635859637 6.9
      vertex 0.5 1.4167934877722965 7.418468131581415
      vertex 0.5 7.444243336414036 6.9
    endloop
  endfacet
  facet normal -1 0 0
    outer loop
      vertex 0.5 1.4167934877722965 7.418468131581415
      vertex 0.5 2.266138957707227 8
      vertex 0.5 7.444243336414036 6.9
    endloop
  endfacet
  facet normal 0 0 1
    outer loop
      vertex 0.5 2.266138957707227 8
      vertex 0.7232716871700197 2.3338676835536685 8
      vertex 0.7232716871700197 6.6661323164463315 8
    endloop
  endfacet
  facet normal 0 0 1
    outer loop
      vertex 0.7232716871700197 2.3338676835536685 8
      vertex 1.050027740407048 2.5085224327481894 8
      vertex 0.7232716871700197 6.6661323164463315 8
    endloop
  endfacet
  facet normal 0 0 1
    outer loop
      vertex 1.050027740407048 2.5085224327481894 8
      vertex 1.3364318164425748 2.743568183557425 8
      vertex 1.050027740407048 6.491477567251811 8
    endloop
  endfacet
  facet normal 0.6047863727666163 -0.183459940469667 0.7749683177773564
    outer loop
      vertex 2.494474737780474 2.8667547326142575 7.300000000000001
      vertex 2.648120257088722 3.3732561305564537 7.300000000000001
      vertex 1.7461323164463316 3.35672831282998 8
    endloop
  endfacet
  facet normal 0.5448541013112438 -0.29123058461932055 0.7863324709476301
    outer loop
      vertex 2.494474737780474 2.8667547326142575 7.300000000000001
      vertex 1.7461323164463316 3.35672831282998 8
      vertex 1.5714775672518104 3.029972259592952 8
    endloop
  endfacet
  facet normal 0.6047863727666164 -0.1834599404696667 0.7749683177773564
    outer loop
      vertex 1.7461323164463316 3.35672831282998 8
      vertex 2.648120257088722 3.3732561305564537 7.300000000000001
      vertex 1.853684179962105 3.7112792913895176 8
    endloop
  endfacet
  facet normal 0.6444329082782024 -0.06347110150585908 0.7620220771091417
    outer loop
      vertex 1.853684179962105 3.7112792913895176 8
      vertex 2.6999999999999997 3.9 7.300000000000001
      vertex 1.8899999999999997 4.08 8
    endloop
  endfacet
  facet normal 0.881921264348355 -0.4713967368259974 0
    outer loop
      vertex 2.494474737780474 2.8667547326142575 6.9
      vertex 2.494474737780474 2.8667547326142575 7.300000000000001
      vertex 2.244967953216872 2.399960370847074 7.300000000000001
    endloop
  endfacet
  facet normal 0.9569403357322089 -0.29028467725446233 0
    outer loop
      vertex 2.494474737780474 2.8667547326142575 6.9
      vertex 2.648120257088722 3.3732561305564537 6.9
      vertex 2.494474737780474 2.8667547326142575 7.300000000000001
    endloop
  endfacet
  facet normal 0.9569403357322089 -0.29028467725446233 -1.0785040764506462e-17
    outer loop
      vertex 2.494474737780474 2.8667547326142575 7.300000000000001
      vertex 2.648120257088722 3.3732561305564537 6.9
      vertex 2.648120257088722 3.3732561305564537 7.300000000000001
    endloop
  endfacet
  facet normal 0.9951847266721969 -0.09801714032956071 0
    outer loop
      vertex 2.648120257088722 3.3732561305564537 6.9
      vertex 2.6999999999999997 3.9 6.9
      vertex 2.648120257088722 3.3732561305564537 7.300000000000001
    endloop
  endfacet
  facet normal 0.9951847266721969 -0.09801714032956071 -6.681157837805325e-18
    outer loop
      vertex 2.648120257088722 3.3732561305564537 7.300000000000001
      vertex 2.6999999999999997 3.9 6.9
      vertex 2.6999999999999997 3.9 7.300000000000001
    endloop
  endfacet
  facet normal 0.6444329082782025 -0.06347110150585894 0.7620220771091418
    outer loop
      vertex 1.853684179962105 3.7112792913895176 8
      vertex 2.648120257088722 3.3732561305564537 7.300000000000001
      vertex 2.6999999999999997 3.9 7.300000000000001
    endloop
  endfacet
  facet normal 0.9951847266721969 0.09801714032956056 1.5623631444302026e-19
    outer loop
      vertex 2.4 5.1 6.9
      vertex 2.353884672967753 5.568216772838708 1.6
      vertex 2.353884672967753 5.568216772838708 6.9
    endloop
  endfacet
  facet normal 1 0 0
    outer loop
      vertex 2.4 3.9 6.9
      vertex 2.4 5.1 1.6
      vertex 2.4 5.1 6.9
    endloop
  endfacet
  facet normal 0.956940335732209 0.2902846772544621 -1.2926183602738197e-18
    outer loop
      vertex 2.353884672967753 5.568216772838708 6.9
      vertex 2.2173108780270883 6.018440237676216 1.6
      vertex 2.2173108780270883 6.018440237676216 6.9
    endloop
  endfacet
  facet normal 0.8819212643483547 0.4713967368259985 9.976510419720389e-19
    outer loop
      vertex 2.2173108780270883 6.018440237676216 6.9
      vertex 1.9955270695261085 6.433368559247045 1.6
      vertex 1.9955270695261085 6.433368559247045 6.9
    endloop
  endfacet
  facet normal 0.7730104533627373 0.6343932841636452 -2.6008835975843524e-18
    outer loop
      vertex 1.9955270695261085 6.433368559247045 6.9
      vertex 1.697056274847714 6.797056274847714 1.6
      vertex 1.697056274847714 6.797056274847714 6.9
    endloop
  endfacet
  facet normal 0.4713967368259987 0.8819212643483545 0
    outer loop
      vertex 0.9184402376762154 7.317310878027088 6.9
      vertex 1.3333685592470452 7.095527069526108 6.9
      vertex 0.9184402376762154 7.317310878027088 1.6
    endloop
  endfacet
  facet normal 0.2902846772544622 0.9569403357322088 -1.346690748211799e-19
    outer loop
      vertex 0.5 7.444243336414036 6.9
      vertex 0.9184402376762154 7.317310878027088 6.9
      vertex 0.9184402376762154 7.317310878027088 1.6
    endloop
  endfacet
  facet normal 0.634393284163645 0.7730104533627373 0
    outer loop
      vertex 1.3333685592470452 7.095527069526108 6.9
      vertex 1.697056274847714 6.797056274847714 6.9
      vertex 1.3333685592470452 7.095527069526108 1.6
    endloop
  endfacet
  facet normal 0 0 -1
    outer loop
      vertex 2.494474737780474 2.8667547326142575 6.9
      vertex 2.4 3.9 6.9
      vertex 2.4 5.1 6.9
    endloop
  endfacet
  facet normal 0 0 -1
    outer loop
      vertex 2.494474737780474 2.8667547326142575 6.9
      vertex 2.494474737780474 6.1332452673857425 6.9
      vertex 2.648120257088722 3.3732561305564537 6.9
    endloop
  endfacet
  facet normal 0 0 -1
    outer loop
      vertex 2.648120257088722 3.3732561305564537 6.9
      vertex 2.648120257088722 5.626743869443546 6.9
      vertex 2.6999999999999997 3.9 6.9
    endloop
  endfacet
  facet normal 0 0 -1
    outer loop
      vertex 2.494474737780474 2.8667547326142575 6.9
      vertex 2.4 5.1 6.9
      vertex 2.494474737780474 6.1332452673857425 6.9
    endloop
  endfacet
  facet normal 0 0 -1
    outer loop
      vertex 2.6999999999999997 3.9 6.9
      vertex 2.648120257088722 5.626743869443546 6.9
      vertex 2.6999999999999997 5.1 6.9
    endloop
  endfacet
  facet normal 0 0 -1
    outer loop
      vertex 2.648120257088722 3.3732561305564537 6.9
      vertex 2.494474737780474 6.1332452673857425 6.9
      vertex 2.648120257088722 5.626743869443546 6.9
    endloop
  endfacet
  facet normal 0 0 -1
    outer loop
      vertex 2.4 5.1 6.9
      vertex 2.353884672967753 5.568216772838708 6.9
      vertex 2.494474737780474 6.1332452673857425 6.9
    endloop
  endfacet
  facet normal 0 0 1
    outer loop
      vertex 1.3364318164425748 2.743568183557425 8
      vertex 1.5714775672518104 3.029972259592952 8
      vertex 1.3364318164425748 6.256431816442575 8
    endloop
  endfacet
  facet normal 0 0 1
    outer loop
      vertex 1.5714775672518104 3.029972259592952 8
      vertex 1.7461323164463316 3.35672831282998 8
      vertex 1.5714775672518104 5.970027740407048 8
    endloop
  endfacet
  facet normal 0 0 1
    outer loop
      vertex 1.7461323164463316 3.35672831282998 8
      vertex 1.853684179962105 3.7112792913895176 8
      vertex 1.7461323164463316 5.64327168717002 8
    endloop
  endfacet
  facet normal 0 0 1
    outer loop
      vertex 1.853684179962105 3.7112792913895176 8
      vertex 1.8899999999999997 4.08 8
      vertex 1.853684179962105 5.288720708610482 8
    endloop
  endfacet
  facet normal 0.653863031641933 0 0.7566129366142376
    outer loop
      vertex 1.8899999999999997 4.08 8
      vertex 2.6999999999999997 5.1 7.300000000000001
      vertex 1.8899999999999997 4.92 8
    endloop
  endfacet
  facet normal 0 0 1
    outer loop
      vertex 1.8899999999999997 4.08 8
      vertex 1.8899999999999997 4.92 8
      vertex 1.853684179962105 5.288720708610482 8
    endloop
  endfacet
  facet normal 0 0 1
    outer loop
      vertex 1.853684179962105 3.7112792913895176 8
      vertex 1.853684179962105 5.288720708610482 8
      vertex 1.7461323164463316 5.64327168717002 8
    endloop
  endfacet
  facet normal 0 0 1
    outer loop
      vertex 0.5 2.266138957707227 8
      vertex 0.7232716871700197 6.6661323164463315 8
      vertex 0.5 6.733861042292773 8
    endloop
  endfacet
  facet normal 0 0 1
    outer loop
      vertex 1.050027740407048 2.5085224327481894 8
      vertex 1.050027740407048 6.491477567251811 8
      vertex 0.7232716871700197 6.6661323164463315 8
    endloop
  endfacet
  facet normal -1 0 0
    outer loop
      vertex 0.5 2.266138957707227 8
      vertex 0.5 6.733861042292773 8
      vertex 0.5 7.444243336414036 6.9
    endloop
  endfacet
  facet normal 0 0 1
    outer loop
      vertex 1.7461323164463316 3.35672831282998 8
      vertex 1.7461323164463316 5.64327168717002 8
      vertex 1.5714775672518104 5.970027740407048 8
    endloop
  endfacet
  facet normal 0 0 1
    outer loop
      vertex 1.5714775672518104 3.029972259592952 8
      vertex 1.5714775672518104 5.970027740407048 8
      vertex 1.3364318164425748 6.256431816442575 8
    endloop
  endfacet
  facet normal 0 0 1
    outer loop
      vertex 1.3364318164425748 2.743568183557425 8
      vertex 1.3364318164425748 6.256431816442575 8
      vertex 1.050027740407048 6.491477567251811 8
    endloop
  endfacet
  facet normal 0.6444329082782025 0.06347110150585916 0.7620220771091417
    outer loop
      vertex 1.853684179962105 5.288720708610482 8
      vertex 1.8899999999999997 4.92 8
      vertex 2.6999999999999997 5.1 7.300000000000001
    endloop
  endfacet
  facet normal 0.6047863727666165 0.18345994046966682 0.7749683177773564
    outer loop
      vertex 1.7461323164463316 5.64327168717002 8
      vertex 2.648120257088722 5.626743869443546 7.300000000000001
      vertex 2.494474737780474 6.1332452673857425 7.300000000000001
    endloop
  endfacet
  facet normal 0.6047863727666164 0.1834599404696665 0.7749683177773564
    outer loop
      vertex 1.853684179962105 5.288720708610482 8
      vertex 2.648120257088722 5.626743869443546 7.300000000000001
      vertex 1.7461323164463316 5.64327168717002 8
    endloop
  endfacet
  facet normal 1 0 0
    outer loop
      vertex 2.6999999999999997 3.9 6.9
      vertex 2.6999999999999997 5.1 6.9
      vertex 2.6999999999999997 3.9 7.300000000000001
    endloop
  endfacet
  facet normal 1 0 0
    outer loop
      vertex 2.6999999999999997 3.9 7.300000000000001
      vertex 2.6999999999999997 5.1 6.9
      vertex 2.6999999999999997 5.1 7.300000000000001
    endloop
  endfacet
  facet normal 0.653863031641933 3.318554480823236e-17 0.7566129366142377
    outer loop
      vertex 1.8899999999999997 4.08 8
      vertex 2.6999999999999997 3.9 7.300000000000001
      vertex 2.6999999999999997 5.1 7.300000000000001
    endloop
  endfacet
  facet normal 0.9951847266721969 0.09801714032956071 0
    outer loop
      vertex 2.6999999999999997 5.1 6.9
      vertex 2.648120257088722 5.626743869443546 6.9
      vertex 2.6999999999999997 5.1 7.300000000000001
    endloop
  endfacet
  facet normal 0.9951847266721969 0.09801714032956071 6.681157837805325e-18
    outer loop
      vertex 2.6999999999999997 5.1 7.300000000000001
      vertex 2.648120257088722 5.626743869443546 6.9
      vertex 2.648120257088722 5.626743869443546 7.300000000000001
    endloop
  endfacet
  facet normal 0.9569403357322089 0.2902846772544621 0
    outer loop
      vertex 2.648120257088722 5.626743869443546 6.9
      vertex 2.494474737780474 6.1332452673857425 6.9
      vertex 2.648120257088722 5.626743869443546 7.300000000000001
    endloop
  endfacet
  facet normal 0.6444329082782025 0.06347110150585898 0.7620220771091418
    outer loop
      vertex 1.853684179962105 5.288720708610482 8
      vertex 2.6999999999999997 5.1 7.300000000000001
      vertex 2.648120257088722 5.626743869443546 7.300000000000001
    endloop
  endfacet
  facet normal 0 0 -1
    outer loop
      vertex 2.353884672967753 5.568216772838708 6.9
      vertex 2.2173108780270883 6.018440237676216 6.9
      vertex 2.244967953216872 6.600039629152926 6.9
    endloop
  endfacet
  facet normal 0 0 -1
    outer loop
      vertex 2.353884672967753 5.568216772838708 6.9
      vertex 2.244967953216872 6.600039629152926 6.9
      vertex 2.494474737780474 6.1332452673857425 6.9
    endloop
  endfacet
  facet normal 0 0 -1
    outer loop
      vertex 2.2173108780270883 6.018440237676216 6.9
      vertex 1.9955270695261085 6.433368559247045 6.9
      vertex 2.244967953216872 6.600039629152926 6.9
    endloop
  endfacet
  facet normal 0 0 -1
    outer loop
      vertex 1.9955270695261085 6.433368559247045 6.9
      vertex 1.697056274847714 6.797056274847714 6.9
      vertex 1.9091883092036783 7.009188309203679 6.9
    endloop
  endfacet
  facet normal 0 0 -1
    outer loop
      vertex 1.9955270695261085 6.433368559247045 6.9
      vertex 1.9091883092036783 7.009188309203679 6.9
      vertex 2.244967953216872 6.600039629152926 6.9
    endloop
  endfacet
  facet normal 0 0 -1
    outer loop
      vertex 0.5 7.444243336414036 6.9
      vertex 0.5 7.750754298321418 6.9
      vertex 0.5267438694435462 7.748120257088722 6.9
    endloop
  endfacet
  facet normal 0 0 -1
    outer loop
      vertex 0.5 7.444243336414036 6.9
      vertex 0.5267438694435462 7.748120257088722 6.9
      vertex 0.9184402376762154 7.317310878027088 6.9
    endloop
  endfacet
  facet normal 0 0 -1
    outer loop
      vertex 0.9184402376762154 7.317310878027088 6.9
      vertex 1.0332452673857424 7.594474737780474 6.9
      vertex 1.3333685592470452 7.095527069526108 6.9
    endloop
  endfacet
  facet normal 0 0 -1
    outer loop
      vertex 0.5267438694435462 7.748120257088722 6.9
      vertex 1.0332452673857424 7.594474737780474 6.9
      vertex 0.9184402376762154 7.317310878027088 6.9
    endloop
  endfacet
  facet normal 0 0 -1
    outer loop
      vertex 1.3333685592470452 7.095527069526108 6.9
      vertex 1.5000396291529257 7.344967953216872 6.9
      vertex 1.697056274847714 6.797056274847714 6.9
    endloop
  endfacet
  facet normal 0 0 -1
    outer loop
      vertex 1.697056274847714 6.797056274847714 6.9
      vertex 1.5000396291529257 7.344967953216872 6.9
      vertex 1.9091883092036783 7.009188309203679 6.9
    endloop
  endfacet
  facet normal 0 0 -1
    outer loop
      vertex 1.3333685592470452 7.095527069526108 6.9
      vertex 1.0332452673857424 7.594474737780474 6.9
      vertex 1.5000396291529257 7.344967953216872 6.9
    endloop
  endfacet
  facet normal 0.881921264348355 0.4713967368259974 0
    outer loop
      vertex 2.244967953216872 6.600039629152926 6.9
      vertex 2.244967953216872 6.600039629152926 7.300000000000001
      vertex 2.494474737780474 6.1332452673857425 7.300000000000001
    endloop
  endfacet
  facet normal 0.7730104533627373 0.634393284163645 -4.55588067272241e-17
    outer loop
      vertex 1.9091883092036783 7.009188309203679 6.9
      vertex 2.244967953216872 6.600039629152926 7.300000000000001
      vertex 2.244967953216872 6.600039629152926 6.9
    endloop
  endfacet
  facet normal 0.5448541013112437 0.2912305846193203 0.7863324709476304
    outer loop
      vertex 1.5714775672518104 5.970027740407048 8
      vertex 2.494474737780474 6.1332452673857425 7.300000000000001
      vertex 2.244967953216872 6.600039629152926 7.300000000000001
    endloop
  endfacet
  facet normal 0.46798113746398157 0.38406219402456043 0.7959207787832648
    outer loop
      vertex 1.3364318164425748 6.256431816442575 8
      vertex 1.5714775672518104 5.970027740407048 8
      vertex 2.244967953216872 6.600039629152926 7.300000000000001
    endloop
  endfacet
  facet normal 0.5448541013112436 0.2912305846193207 0.7863324709476303
    outer loop
      vertex 1.5714775672518104 5.970027740407048 8
      vertex 1.7461323164463316 5.64327168717002 8
      vertex 2.494474737780474 6.1332452673857425 7.300000000000001
    endloop
  endfacet
  facet normal 0.4679811374639813 0.3840621940245608 0.7959207787832647
    outer loop
      vertex 1.3364318164425748 6.256431816442575 8
      vertex 2.244967953216872 6.600039629152926 7.300000000000001
      vertex 1.9091883092036783 7.009188309203679 7.300000000000001
    endloop
  endfacet
  facet normal 0.3775460550969402 0.46004119920745457 0.8036299343059001
    outer loop
      vertex 1.050027740407048 6.491477567251811 8
      vertex 1.3364318164425748 6.256431816442575 8
      vertex 1.9091883092036783 7.009188309203679 7.300000000000001
    endloop
  endfacet
  facet normal -1 0 0
    outer loop
      vertex 0.5 6.733861042292773 8
      vertex 0.5 7.5832065122277035 7.418468131581415
      vertex 0.5 7.444243336414036 6.9
    endloop
  endfacet
  facet normal -1 0 0
    outer loop
      vertex 0.5 7.444243336414036 6.9
      vertex 0.5 7.750754298321418 7.300000000000001
      vertex 0.5 7.750754298321418 6.9
    endloop
  endfacet
  facet normal 0.0980171403295716 0.9951847266721959 0
    outer loop
      vertex 0.5 7.750754298321418 6.9
      vertex 0.5 7.750754298321418 7.300000000000001
      vertex 0.5267438694435462 7.748120257088722 6.9
    endloop
  endfacet
  facet normal -1 0 0
    outer loop
      vertex 0.5 7.444243336414036 6.9
      vertex 0.5 7.5832065122277035 7.418468131581415
      vertex 0.5 7.750754298321418 7.300000000000001
    endloop
  endfacet
  facet normal 0.0980171403295716 0.9951847266721959 0
    outer loop
      vertex 0.5267438694435462 7.748120257088722 6.9
      vertex 0.5 7.750754298321418 7.300000000000001
      vertex 0.5267438694435462 7.748120257088722 7.300000000000001
    endloop
  endfacet
  facet normal 0.29028467725446233 0.9569403357322089 1.0785040764506462e-17
    outer loop
      vertex 0.5267438694435462 7.748120257088722 6.9
      vertex 1.0332452673857424 7.594474737780474 7.300000000000001
      vertex 1.0332452673857424 7.594474737780474 6.9
    endloop
  endfacet
  facet normal 0.29028467725446233 0.9569403357322089 0
    outer loop
      vertex 0.5267438694435462 7.748120257088722 6.9
      vertex 0.5267438694435462 7.748120257088722 7.300000000000001
      vertex 1.0332452673857424 7.594474737780474 7.300000000000001
    endloop
  endfacet
  facet normal 0.05677040041903813 0.5763995484272104 0.8151936470613407
    outer loop
      vertex 0.5 7.750754298321418 7.300000000000001
      vertex 0.5 7.5832065122277035 7.418468131581415
      vertex 0.5267438694435462 7.748120257088722 7.300000000000001
    endloop
  endfacet
  facet normal 0.16891292966725285 0.5568313048904037 0.8132695248718448
    outer loop
      vertex 0.5 7.5832065122277035 7.418468131581415
      vertex 1.0332452673857424 7.594474737780474 7.300000000000001
      vertex 0.5267438694435462 7.748120257088722 7.300000000000001
    endloop
  endfacet
  facet normal 0.6343932841636447 0.7730104533627375 -9.744349962569963e-18
    outer loop
      vertex 1.5000396291529257 7.344967953216872 6.9
      vertex 1.9091883092036783 7.009188309203679 7.300000000000001
      vertex 1.9091883092036783 7.009188309203679 6.9
    endloop
  endfacet
  facet normal 0.6343932841636447 0.7730104533627375 0
    outer loop
      vertex 1.5000396291529257 7.344967953216872 6.9
      vertex 1.5000396291529257 7.344967953216872 7.300000000000001
      vertex 1.9091883092036783 7.009188309203679 7.300000000000001
    endloop
  endfacet
  facet normal 0.7730104533627373 0.634393284163645 0
    outer loop
      vertex 1.9091883092036783 7.009188309203679 6.9
      vertex 1.9091883092036783 7.009188309203679 7.300000000000001
      vertex 2.244967953216872 6.600039629152926 7.300000000000001
    endloop
  endfacet
  facet normal 0.4713967368259976 0.881921264348355 -1.2522946779540996e-17
    outer loop
      vertex 1.0332452673857424 7.594474737780474 6.9
      vertex 1.5000396291529257 7.344967953216872 7.300000000000001
      vertex 1.5000396291529257 7.344967953216872 6.9
    endloop
  endfacet
  facet normal 0.4713967368259976 0.881921264348355 0
    outer loop
      vertex 1.0332452673857424 7.594474737780474 6.9
      vertex 1.0332452673857424 7.594474737780474 7.300000000000001
      vertex 1.5000396291529257 7.344967953216872 7.300000000000001
    endloop
  endfacet
  facet normal 0.27682082975664757 0.5178953461170405 0.8094162332713325
    outer loop
      vertex 0.7232716871700197 6.6661323164463315 8
      vertex 1.5000396291529257 7.344967953216872 7.300000000000001
      vertex 1.0332452673857424 7.594474737780474 7.300000000000001
    endloop
  endfacet
  facet normal 0.1689129296672524 0.5568313048904027 0.8132695248718456
    outer loop
      vertex 0.5 6.733861042292773 8
      vertex 0.7232716871700197 6.6661323164463315 8
      vertex 1.0332452673857424 7.594474737780474 7.300000000000001
    endloop
  endfacet
  facet normal 0.27682082975664724 0.5178953461170407 0.8094162332713324
    outer loop
      vertex 0.7232716871700197 6.6661323164463315 8
      vertex 1.050027740407048 6.491477567251811 8
      vertex 1.5000396291529257 7.344967953216872 7.300000000000001
    endloop
  endfacet
  facet normal 0.168912929667253 0.5568313048904023 0.8132695248718457
    outer loop
      vertex 0.5 6.733861042292773 8
      vertex 1.0332452673857424 7.594474737780474 7.300000000000001
      vertex 0.5 7.5832065122277035 7.418468131581415
    endloop
  endfacet
  facet normal 0.37754605509694 0.46004119920745473 0.8036299343059001
    outer loop
      vertex 1.050027740407048 6.491477567251811 8
      vertex 1.9091883092036783 7.009188309203679 7.300000000000001
      vertex 1.5000396291529257 7.344967953216872 7.300000000000001
    endloop
  endfacet
  facet normal 0.9569403357322089 0.2902846772544621 1.6248095909858862e-17
    outer loop
      vertex 2.648120257088722 5.626743869443546 7.300000000000001
      vertex 2.494474737780474 6.1332452673857425 6.9
      vertex 2.494474737780474 6.1332452673857425 7.300000000000001
    endloop
  endfacet
  facet normal 0.881921264348355 0.4713967368259974 -1.2005672234923518e-17
    outer loop
      vertex 2.244967953216872 6.600039629152926 6.9
      vertex 2.494474737780474 6.1332452673857425 7.300000000000001
      vertex 2.494474737780474 6.1332452673857425 6.9
    endloop
  endfacet
endsolid OpenSCAD_Model
