solid OpenSCAD_Model
  facet normal -0.4713967368259997 -0.8819212643483539 0
    outer loop
      vertex -18.111140466039203 -7.162939224605091 0
      vertex -17.76536686473018 -7.347759065022574 0
      vertex -18.111140466039203 -7.162939224605091 2.4
    endloop
  endfacet
  facet normal -0.7730104533627387 -0.6343932841636433 3.4978473672407507e-19
    outer loop
      vertex -18.414213562373096 -6.914213562373095 0
      vertex -18.66293922460509 -6.611140466039204 2.4
      vertex -18.66293922460509 -6.611140466039204 0
    endloop
  endfacet
  facet normal -0.6343932841636427 -0.7730104533627392 7.00601310109269e-18
    outer loop
      vertex -18.111140466039203 -7.162939224605091 0
      vertex -18.414213562373096 -6.914213562373095 2.4
      vertex -18.414213562373096 -6.914213562373095 0
    endloop
  endfacet
  facet normal -0.2902846772544611 -0.9569403357322092 0
    outer loop
      vertex -17.76536686473018 -7.347759065022574 0
      vertex -17.390180644032256 -7.461570560806461 0
      vertex -17.76536686473018 -7.347759065022574 2.4
    endloop
  endfacet
  facet normal -0.09801714032956085 -0.9951847266721969 0
    outer loop
      vertex -17.390180644032256 -7.461570560806461 0
      vertex -17 -7.5 0
      vertex -17.390180644032256 -7.461570560806461 2.4
    endloop
  endfacet
  facet normal -0.8819212643483559 -0.47139673682599603 -4.956636405845545e-18
    outer loop
      vertex -18.66293922460509 -6.611140466039204 0
      vertex -18.847759065022572 -6.265366864730179 2.4
      vertex -18.847759065022572 -6.265366864730179 0
    endloop
  endfacet
  facet normal -0.9569403357322077 -0.2902846772544659 2.4143463782532686e-19
    outer loop
      vertex -18.847759065022572 -6.265366864730179 0
      vertex -18.96157056080646 -5.890180644032257 2.4
      vertex -18.96157056080646 -5.890180644032257 0
    endloop
  endfacet
  facet normal -0.9951847266721969 -0.09801714032956063 -1.408419263936858e-20
    outer loop
      vertex -18.96157056080646 -5.890180644032257 0
      vertex -19 -5.5 2.4
      vertex -19 -5.5 0
    endloop
  endfacet
  facet normal -0.4713967368259997 -0.8819212643483539 0
    outer loop
      vertex -17.76536686473018 -7.347759065022574 0
      vertex -17.76536686473018 -7.347759065022574 2.4
      vertex -18.111140466039203 -7.162939224605091 2.4
    endloop
  endfacet
  facet normal -0.6343932841636427 -0.7730104533627392 0
    outer loop
      vertex -18.111140466039203 -7.162939224605091 0
      vertex -18.111140466039203 -7.162939224605091 2.4
      vertex -18.414213562373096 -6.914213562373095 2.4
    endloop
  endfacet
  facet normal -0.7730104533627387 -0.6343932841636433 0
    outer loop
      vertex -18.414213562373096 -6.914213562373095 0
      vertex -18.414213562373096 -6.914213562373095 2.4
      vertex -18.66293922460509 -6.611140466039204 2.4
    endloop
  endfacet
  facet normal -0.2902846772544611 -0.9569403357322092 0
    outer loop
      vertex -17.390180644032256 -7.461570560806461 0
      vertex -17.390180644032256 -7.461570560806461 2.4
      vertex -17.76536686473018 -7.347759065022574 2.4
    endloop
  endfacet
  facet normal -0.09801714032956085 -0.9951847266721969 0
    outer loop
      vertex -17 -7.5 0
      vertex -17 -7.5 2.4
      vertex -17.390180644032256 -7.461570560806461 2.4
    endloop
  endfacet
  facet normal -0.8819212643483559 -0.47139673682599603 0
    outer loop
      vertex -18.66293922460509 -6.611140466039204 0
      vertex -18.66293922460509 -6.611140466039204 2.4
      vertex -18.847759065022572 -6.265366864730179 2.4
    endloop
  endfacet
  facet normal -0.9569403357322077 -0.2902846772544659 0
    outer loop
      vertex -18.847759065022572 -6.265366864730179 0
      vertex -18.847759065022572 -6.265366864730179 2.4
      vertex -18.96157056080646 -5.890180644032257 2.4
    endloop
  endfacet
  facet normal -0.9951847266721969 -0.09801714032956063 0
    outer loop
      vertex -18.96157056080646 -5.890180644032257 0
      vertex -18.96157056080646 -5.890180644032257 2.4
      vertex -19 -5.5 2.4
    endloop
  endfacet
  facet normal 0 0 -1
    outer loop
      vertex -17 -7.5 0
      vertex -9.802129998803139 -6.0172000005841255 0
      vertex -7.958829998970032 -6.0172000005841255 0
    endloop
  endfacet
  facet normal 0 0 -1
    outer loop
      vertex -17 -7.5 0
      vertex -9.802129998803139 0.6719999983906746 0
      vertex -9.802129998803139 -6.0172000005841255 0
    endloop
  endfacet
  facet normal 0 0 1
    outer loop
      vertex -17 -7.5 2.4
      vertex -7.958829998970032 -6.0172000005841255 2.4
      vertex -9.802129998803139 -6.0172000005841255 2.4
    endloop
  endfacet
  facet normal 0 0 1
    outer loop
      vertex -17 -7.5 2.4
      vertex -9.802129998803139 -6.0172000005841255 2.4
      vertex -9.802129998803139 0.6719999983906746 2.4
    endloop
  endfacet
  facet normal 0 0 -1
    outer loop
      vertex -18.414213562373096 -6.914213562373095 0
      vertex -18.66293922460509 -6.611140466039204 0
      vertex -18.66293922460509 6.611140466039204 0
    endloop
  endfacet
  facet normal 0 0 -1
    outer loop
      vertex -18.111140466039203 -7.162939224605091 0
      vertex -18.414213562373096 -6.914213562373095 0
      vertex -18.414213562373096 6.914213562373095 0
    endloop
  endfacet
  facet normal 0 0 -1
    outer loop
      vertex -18.111140466039203 -7.162939224605091 0
      vertex -18.111140466039203 7.162939224605091 0
      vertex -17.76536686473018 -7.347759065022574 0
    endloop
  endfacet
  facet normal 0 0 -1
    outer loop
      vertex -18.66293922460509 -6.611140466039204 0
      vertex -18.847759065022572 -6.265366864730179 0
      vertex -18.847759065022572 6.265366864730179 0
    endloop
  endfacet
  facet normal 0 0 -1
    outer loop
      vertex -18.847759065022572 -6.265366864730179 0
      vertex -18.96157056080646 -5.890180644032257 0
      vertex -18.96157056080646 5.890180644032257 0
    endloop
  endfacet
  facet normal 0 0 -1
    outer loop
      vertex -18.96157056080646 -5.890180644032257 0
      vertex -19 -5.5 0
      vertex -19 5.5 0
    endloop
  endfacet
  facet normal 0 0 -1
    outer loop
      vertex -17.390180644032256 -7.461570560806461 0
      vertex -17.390180644032256 7.461570560806461 0
      vertex -17 -7.5 0
    endloop
  endfacet
  facet normal 0 0 -1
    outer loop
      vertex -17.76536686473018 -7.347759065022574 0
      vertex -17.76536686473018 7.347759065022574 0
      vertex -17.390180644032256 -7.461570560806461 0
    endloop
  endfacet
  facet normal -1 0 0
    outer loop
      vertex -19 -5.5 0
      vertex -19 -5.5 2.4
      vertex -19 5.5 2.4
    endloop
  endfacet
  facet normal 0 0 1
    outer loop
      vertex -18.414213562373096 -6.914213562373095 2.4
      vertex -18.66293922460509 6.611140466039204 2.4
      vertex -18.66293922460509 -6.611140466039204 2.4
    endloop
  endfacet
  facet normal 0 0 1
    outer loop
      vertex -18.111140466039203 -7.162939224605091 2.4
      vertex -18.414213562373096 6.914213562373095 2.4
      vertex -18.414213562373096 -6.914213562373095 2.4
    endloop
  endfacet
  facet normal 0 0 1
    outer loop
      vertex -18.111140466039203 -7.162939224605091 2.4
      vertex -17.76536686473018 -7.347759065022574 2.4
      vertex -18.111140466039203 7.162939224605091 2.4
    endloop
  endfacet
  facet normal 0 0 1
    outer loop
      vertex -18.66293922460509 -6.611140466039204 2.4
      vertex -18.847759065022572 6.265366864730179 2.4
      vertex -18.847759065022572 -6.265366864730179 2.4
    endloop
  endfacet
  facet normal 0 0 1
    outer loop
      vertex -18.847759065022572 -6.265366864730179 2.4
      vertex -18.96157056080646 5.890180644032257 2.4
      vertex -18.96157056080646 -5.890180644032257 2.4
    endloop
  endfacet
  facet normal 0 0 1
    outer loop
      vertex -18.96157056080646 -5.890180644032257 2.4
      vertex -19 5.5 2.4
      vertex -19 -5.5 2.4
    endloop
  endfacet
  facet normal 0 0 1
    outer loop
      vertex -17.390180644032256 -7.461570560806461 2.4
      vertex -17 -7.5 2.4
      vertex -17.390180644032256 7.461570560806461 2.4
    endloop
  endfacet
  facet normal 0 0 1
    outer loop
      vertex -17.76536686473018 -7.347759065022574 2.4
      vertex -17.390180644032256 -7.461570560806461 2.4
      vertex -17.76536686473018 7.347759065022574 2.4
    endloop
  endfacet
  facet normal 0 0 -1
    outer loop
      vertex -17 -7.5 0
      vertex -3.2904472202062607 -6.083997555077076 0
      vertex -3.074791230261326 -6.107388272881508 0
    endloop
  endfacet
  facet normal 0 0 -1
    outer loop
      vertex -17 -7.5 0
      vertex -3.074791230261326 -6.107388272881508 0
      vertex -2.852316066622734 -6.115087226033211 0
    endloop
  endfacet
  facet normal 0 0 -1
    outer loop
      vertex -17 -7.5 0
      vertex -7.958829998970032 -6.0172000005841255 0
      vertex -3.2904472202062607 -6.083997555077076 0
    endloop
  endfacet
  facet normal 0 0 -1
    outer loop
      vertex -17 -7.5 0
      vertex -2.852316066622734 -6.115087226033211 0
      vertex 1.1960778161883354 -6.115453578531742 0
    endloop
  endfacet
  facet normal 0 -1 0
    outer loop
      vertex -17 -7.5 0
      vertex 17 -7.5 0
      vertex -17 -7.5 2.4
    endloop
  endfacet
  facet normal 0 0 -1
    outer loop
      vertex -7.958829998970032 -6.0172000005841255 0
      vertex -3.7004597038030624 -5.988548815250397 0
      vertex -3.4991625249385834 -6.044500388205051 0
    endloop
  endfacet
  facet normal 0 0 -1
    outer loop
      vertex -7.958829998970032 -6.0172000005841255 0
      vertex -4.133211247622967 -5.82590302079916 0
      vertex -3.7004597038030624 -5.988548815250397 0
    endloop
  endfacet
  facet normal 0 0 -1
    outer loop
      vertex -7.958829998970032 -6.0172000005841255 0
      vertex -3.4991625249385834 -6.044500388205051 0
      vertex -3.2904472202062607 -6.083997555077076 0
    endloop
  endfacet
  facet normal 0 0 -1
    outer loop
      vertex -7.958829998970032 -6.0172000005841255 0
      vertex -7.300001636147499 -2.4229881912469864 0
      vertex -6.481869995594025 -2.7305523604154587 0
    endloop
  endfacet
  facet normal 0 0 -1
    outer loop
      vertex -7.958829998970032 -6.0172000005841255 0
      vertex -3.9578291922807693 -4.233352035284042 0
      vertex -4.133211247622967 -5.82590302079916 0
    endloop
  endfacet
  facet normal 0 0 -1
    outer loop
      vertex -7.958829998970032 -6.0172000005841255 0
      vertex -6.481869995594025 -2.7305523604154587 0
      vertex -3.9578291922807693 -4.233352035284042 0
    endloop
  endfacet
  facet normal 0 0 -1
    outer loop
      vertex -17 -7.5 0
      vertex 1.1960778161883354 -6.115453578531742 0
      vertex 1.6716868206858635 -6.082669071853161 0
    endloop
  endfacet
  facet normal 0 0 -1
    outer loop
      vertex -17 -7.5 0
      vertex 1.6716868206858635 -6.082669071853161 0
      vertex 3.7760500013828278 -6.0172000005841255 0
    endloop
  endfacet
  facet normal 0 0 -1
    outer loop
      vertex -17 -7.5 0
      vertex 3.7760500013828278 -6.0172000005841255 0
      vertex 5.619410000741482 -6.0172000005841255 0
    endloop
  endfacet
  facet normal 0 0 -1
    outer loop
      vertex -17 -7.5 0
      vertex 5.619410000741482 -6.0172000005841255 0
      vertex 7.303989998996258 -6.0172000005841255 0
    endloop
  endfacet
  facet normal 0 0 -1
    outer loop
      vertex -2.852316066622734 -6.115087226033211 0
      vertex -2.7063810527324677 -6.110092140734196 0
      vertex 1.1960778161883354 -6.115453578531742 0
    endloop
  endfacet
  facet normal 0 0 -1
    outer loop
      vertex -2.7063810527324677 -6.110092140734196 0
      vertex -2.5639468282461166 -6.094853363931179 0
      vertex 0.8821154907345772 -6.100511327385902 0
    endloop
  endfacet
  facet normal 0 0 -1
    outer loop
      vertex -2.5639468282461166 -6.094853363931179 0
      vertex -2.425021506845951 -6.068997405469418 0
      vertex 0.5874474421143532 -6.055313020944595 0
    endloop
  endfacet
  facet normal 0 0 -1
    outer loop
      vertex -2.425021506845951 -6.068997405469418 0
      vertex -2.2900626733899117 -6.0322238728404045 0
      vertex 0.5874474421143532 -6.055313020944595 0
    endloop
  endfacet
  facet normal 0 0 -1
    outer loop
      vertex -2.2900626733899117 -6.0322238728404045 0
      vertex -2.1601449102163315 -5.984527692198753 0
      vertex 0.3087363541126251 -5.978342115879059 0
    endloop
  endfacet
  facet normal 0 0 -1
    outer loop
      vertex -2.1601449102163315 -5.984527692198753 0
      vertex -2.0379546508193016 -5.927372217178345 0
      vertex 0.3087363541126251 -5.978342115879059 0
    endloop
  endfacet
  facet normal 0 0 -1
    outer loop
      vertex -2.0379546508193016 -5.927372217178345 0
      vertex -1.9246350228786469 -5.8610193729400635 0
      vertex 0.04772841930389404 -5.868619486689568 0
    endloop
  endfacet
  facet normal 0 0 -1
    outer loop
      vertex -1.9246350228786469 -5.8610193729400635 0
      vertex -1.8200330063700676 -5.783873453736305 0
      vertex -0.19283757358789444 -5.726162277162075 0
    endloop
  endfacet
  facet normal 0 0 -1
    outer loop
      vertex -1.8200330063700676 -5.783873453736305 0
      vertex -1.7256299257278442 -5.6950277760624886 0
      vertex -0.19283757358789444 -5.726162277162075 0
    endloop
  endfacet
  facet normal 0 0 -1
    outer loop
      vertex -1.7256299257278442 -5.6950277760624886 0
      vertex -1.6448649317026138 -5.595842815935612 0
      vertex -0.40994035452604294 -5.553185038268566 0
    endloop
  endfacet
  facet normal 0 0 -1
    outer loop
      vertex -2.5639468282461166 -6.094853363931179 0
      vertex 0.5874474421143532 -6.055313020944595 0
      vertex 0.8821154907345772 -6.100511327385902 0
    endloop
  endfacet
  facet normal 0 0 -1
    outer loop
      vertex -2.7063810527324677 -6.110092140734196 0
      vertex 0.8821154907345772 -6.100511327385902 0
      vertex 1.1960778161883354 -6.115453578531742 0
    endloop
  endfacet
  facet normal 0 0 -1
    outer loop
      vertex -1.9246350228786469 -5.8610193729400635 0
      vertex -0.19283757358789444 -5.726162277162075 0
      vertex 0.04772841930389404 -5.868619486689568 0
    endloop
  endfacet
  facet normal 0 0 -1
    outer loop
      vertex -1.7256299257278442 -5.6950277760624886 0
      vertex -0.40994035452604294 -5.553185038268566 0
      vertex -0.19283757358789444 -5.726162277162075 0
    endloop
  endfacet
  facet normal 0 0 -1
    outer loop
      vertex -2.2900626733899117 -6.0322238728404045 0
      vertex 0.3087363541126251 -5.978342115879059 0
      vertex 0.5874474421143532 -6.055313020944595 0
    endloop
  endfacet
  facet normal 0 0 -1
    outer loop
      vertex -2.0379546508193016 -5.927372217178345 0
      vertex 0.04772841930389404 -5.868619486689568 0
      vertex 0.3087363541126251 -5.978342115879059 0
    endloop
  endfacet
  facet normal 0 0 -1
    outer loop
      vertex -3.2788216322660446 -4.455883733928204 0
      vertex -3.349126808345318 -4.43908279389143 0
      vertex -3.2342232689261436 -4.342199347913265 0
    endloop
  endfacet
  facet normal 0 0 -1
    outer loop
      vertex -3.2788216322660446 -4.455883733928204 0
      vertex -3.2383551374077797 -4.455997712910175 0
      vertex -3.2388134971261024 -4.462431751191616 0
    endloop
  endfacet
  facet normal 0 0 -1
    outer loop
      vertex -3.2788216322660446 -4.455883733928204 0
      vertex -3.2342232689261436 -4.342199347913265 0
      vertex -3.2383551374077797 -4.455997712910175 0
    endloop
  endfacet
  facet normal 0 0 -1
    outer loop
      vertex -3.436129607260227 -4.413184821605682 0
      vertex -3.2342232689261436 -4.342199347913265 0
      vertex -3.349126808345318 -4.43908279389143 0
    endloop
  endfacet
  facet normal 0 0 -1
    outer loop
      vertex -3.436129607260227 -4.413184821605682 0
      vertex -3.2316315174102783 -4.18915169686079 0
      vertex -3.2342232689261436 -4.342199347913265 0
    endloop
  endfacet
  facet normal 0 0 -1
    outer loop
      vertex -3.9578291922807693 -4.233352035284042 0
      vertex -3.2316315174102783 -4.18915169686079 0
      vertex -3.436129607260227 -4.413184821605682 0
    endloop
  endfacet
  facet normal 0 0 -1
    outer loop
      vertex -3.9578291922807693 -4.233352035284042 0
      vertex -3.2307500019669533 -3.9982126727700233 0
      vertex -3.2316315174102783 -4.18915169686079 0
    endloop
  endfacet
  facet normal 0 0 -1
    outer loop
      vertex -1.6448649317026138 -5.595842815935612 0
      vertex -1.5791709497570992 -5.489381141960621 0
      vertex -0.40994035452604294 -5.553185038268566 0
    endloop
  endfacet
  facet normal 0 0 -1
    outer loop
      vertex -1.5791709497570992 -5.489381141960621 0
      vertex -1.5258212685585022 -5.376835599541664 0
      vertex -0.6016140356659889 -5.352117486298084 0
    endloop
  endfacet
  facet normal 0 0 -1
    outer loop
      vertex -1.5258212685585022 -5.376835599541664 0
      vertex -1.4829751402139664 -5.258069150149822 0
      vertex -0.6016140356659889 -5.352117486298084 0
    endloop
  endfacet
  facet normal 0 0 -1
    outer loop
      vertex -1.4829751402139664 -5.258069150149822 0
      vertex -1.4494424387812614 -5.133340001106262 0
      vertex -0.7669160813093185 -5.124786078929901 0
    endloop
  endfacet
  facet normal 0 0 -1
    outer loop
      vertex -1.4494424387812614 -5.133340001106262 0
      vertex -1.4245054945349693 -5.003974750638008 0
      vertex -0.7669160813093185 -5.124786078929901 0
    endloop
  endfacet
  facet normal 0 0 -1
    outer loop
      vertex -1.4245054945349693 -5.003974750638008 0
      vertex -1.4086907729506493 -4.888717457652092 0
      vertex -0.905533455312252 -4.873388431966305 0
    endloop
  endfacet
  facet normal 0 0 -1
    outer loop
      vertex -1.4086907729506493 -4.888717457652092 0
      vertex -1.397177778184414 -4.744271129369736 0
      vertex -0.905533455312252 -4.873388431966305 0
    endloop
  endfacet
  facet normal 0 0 -1
    outer loop
      vertex -1.397177778184414 -4.744271129369736 0
      vertex -1.3894061297178268 -4.5732056722044945 0
      vertex -0.905533455312252 -4.873388431966305 0
    endloop
  endfacet
  facet normal 0 0 -1
    outer loop
      vertex -1.5791709497570992 -5.489381141960621 0
      vertex -0.6016140356659889 -5.352117486298084 0
      vertex -0.40994035452604294 -5.553185038268566 0
    endloop
  endfacet
  facet normal 0 0 -1
    outer loop
      vertex -1.4829751402139664 -5.258069150149822 0
      vertex -0.7669160813093185 -5.124786078929901 0
      vertex -0.6016140356659889 -5.352117486298084 0
    endloop
  endfacet
  facet normal 0 0 -1
    outer loop
      vertex -1.4245054945349693 -5.003974750638008 0
      vertex -0.905533455312252 -4.873388431966305 0
      vertex -0.7669160813093185 -5.124786078929901 0
    endloop
  endfacet
  facet normal 0 0 -1
    outer loop
      vertex -0.905533455312252 -4.873388431966305 0
      vertex -1.3894061297178268 -4.5732056722044945 0
      vertex -1.3848596811294556 -4.372721955180168 0
    endloop
  endfacet
  facet normal 0 0 -1
    outer loop
      vertex -1.3848596811294556 -4.372721955180168 0
      vertex -1.3833699971437454 -4.142532512545586 0
      vertex -1.1778287887573242 -4.210653625428677 0
    endloop
  endfacet
  facet normal 0 0 -1
    outer loop
      vertex -1.3833699971437454 -4.142532512545586 0
      vertex -1.1080805137753487 -4.186240002512932 0
      vertex -1.1778287887573242 -4.210653625428677 0
    endloop
  endfacet
  facet normal 0 0 -1
    outer loop
      vertex -1.3833699971437454 -4.142532512545586 0
      vertex -1.0843256413936615 -3.3094077184796333 0
      vertex -1.1080805137753487 -4.186240002512932 0
    endloop
  endfacet
  facet normal 0 0 -1
    outer loop
      vertex -0.905533455312252 -4.873388431966305 0
      vertex -1.3848596811294556 -4.372721955180168 0
      vertex -1.1778287887573242 -4.210653625428677 0
    endloop
  endfacet
  facet normal 0 0 -1
    outer loop
      vertex -1.1778287887573242 -4.210653625428677 0
      vertex -1.1080805137753487 -4.186240002512932 0
      vertex -1.032419167459011 -4.186240002512932 0
    endloop
  endfacet
  facet normal 0 0 1
    outer loop
      vertex -17 -7.5 2.4
      vertex -3.074791230261326 -6.107388272881508 2.4
      vertex -3.2904472202062607 -6.083997555077076 2.4
    endloop
  endfacet
  facet normal 0 0 1
    outer loop
      vertex -17 -7.5 2.4
      vertex -2.852316066622734 -6.115087226033211 2.4
      vertex -3.074791230261326 -6.107388272881508 2.4
    endloop
  endfacet
  facet normal 0 0 1
    outer loop
      vertex -17 -7.5 2.4
      vertex -3.2904472202062607 -6.083997555077076 2.4
      vertex -7.958829998970032 -6.0172000005841255 2.4
    endloop
  endfacet
  facet normal 0 0 1
    outer loop
      vertex -17 -7.5 2.4
      vertex 0.8821154907345772 -6.100511327385902 2.4
      vertex -2.852316066622734 -6.115087226033211 2.4
    endloop
  endfacet
  facet normal 0 0 1
    outer loop
      vertex -17 -7.5 2.4
      vertex 1.1960778161883354 -6.115453578531742 2.4
      vertex 0.8821154907345772 -6.100511327385902 2.4
    endloop
  endfacet
  facet normal 0 0 1
    outer loop
      vertex -7.958829998970032 -6.0172000005841255 2.4
      vertex -3.4991625249385834 -6.044500388205051 2.4
      vertex -3.7004597038030624 -5.988548815250397 2.4
    endloop
  endfacet
  facet normal 0 0 1
    outer loop
      vertex -7.958829998970032 -6.0172000005841255 2.4
      vertex -3.7004597038030624 -5.988548815250397 2.4
      vertex -4.133211247622967 -5.82590302079916 2.4
    endloop
  endfacet
  facet normal 0 0 1
    outer loop
      vertex -7.958829998970032 -6.0172000005841255 2.4
      vertex -3.2904472202062607 -6.083997555077076 2.4
      vertex -3.4991625249385834 -6.044500388205051 2.4
    endloop
  endfacet
  facet normal 0 0 1
    outer loop
      vertex -7.958829998970032 -6.0172000005841255 2.4
      vertex -6.481869995594025 -2.7305523604154587 2.4
      vertex -7.300001636147499 -2.4229881912469864 2.4
    endloop
  endfacet
  facet normal 0 0 1
    outer loop
      vertex -7.958829998970032 -6.0172000005841255 2.4
      vertex -4.133211247622967 -5.82590302079916 2.4
      vertex -3.9578291922807693 -4.233352035284042 2.4
    endloop
  endfacet
  facet normal 0 0 1
    outer loop
      vertex -7.958829998970032 -6.0172000005841255 2.4
      vertex -3.9578291922807693 -4.233352035284042 2.4
      vertex -6.481869995594025 -2.7305523604154587 2.4
    endloop
  endfacet
  facet normal 0 0 1
    outer loop
      vertex -17 -7.5 2.4
      vertex 1.6716868206858635 -6.082669071853161 2.4
      vertex 1.1960778161883354 -6.115453578531742 2.4
    endloop
  endfacet
  facet normal 0 0 1
    outer loop
      vertex -17 -7.5 2.4
      vertex 3.7760500013828278 -6.0172000005841255 2.4
      vertex 1.6716868206858635 -6.082669071853161 2.4
    endloop
  endfacet
  facet normal 0 0 1
    outer loop
      vertex -17 -7.5 2.4
      vertex 5.619410000741482 -6.0172000005841255 2.4
      vertex 3.7760500013828278 -6.0172000005841255 2.4
    endloop
  endfacet
  facet normal 0 0 1
    outer loop
      vertex -17 -7.5 2.4
      vertex 7.303989998996258 -6.0172000005841255 2.4
      vertex 5.619410000741482 -6.0172000005841255 2.4
    endloop
  endfacet
  facet normal 0 0 1
    outer loop
      vertex -2.852316066622734 -6.115087226033211 2.4
      vertex 0.8821154907345772 -6.100511327385902 2.4
      vertex -2.7063810527324677 -6.110092140734196 2.4
    endloop
  endfacet
  facet normal 0 0 1
    outer loop
      vertex -2.7063810527324677 -6.110092140734196 2.4
      vertex 0.8821154907345772 -6.100511327385902 2.4
      vertex -2.5639468282461166 -6.094853363931179 2.4
    endloop
  endfacet
  facet normal 0 0 1
    outer loop
      vertex -2.5639468282461166 -6.094853363931179 2.4
      vertex 0.5874474421143532 -6.055313020944595 2.4
      vertex -2.425021506845951 -6.068997405469418 2.4
    endloop
  endfacet
  facet normal 0 0 1
    outer loop
      vertex -2.425021506845951 -6.068997405469418 2.4
      vertex 0.5874474421143532 -6.055313020944595 2.4
      vertex -2.2900626733899117 -6.0322238728404045 2.4
    endloop
  endfacet
  facet normal 0 0 1
    outer loop
      vertex -2.2900626733899117 -6.0322238728404045 2.4
      vertex 0.3087363541126251 -5.978342115879059 2.4
      vertex -2.1601449102163315 -5.984527692198753 2.4
    endloop
  endfacet
  facet normal 0 0 1
    outer loop
      vertex -2.1601449102163315 -5.984527692198753 2.4
      vertex 0.3087363541126251 -5.978342115879059 2.4
      vertex -2.0379546508193016 -5.927372217178345 2.4
    endloop
  endfacet
  facet normal 0 0 1
    outer loop
      vertex -2.0379546508193016 -5.927372217178345 2.4
      vertex 0.04772841930389404 -5.868619486689568 2.4
      vertex -1.9246350228786469 -5.8610193729400635 2.4
    endloop
  endfacet
  facet normal 0 0 1
    outer loop
      vertex -1.9246350228786469 -5.8610193729400635 2.4
      vertex -0.19283757358789444 -5.726162277162075 2.4
      vertex -1.8200330063700676 -5.783873453736305 2.4
    endloop
  endfacet
  facet normal 0 0 1
    outer loop
      vertex -1.8200330063700676 -5.783873453736305 2.4
      vertex -0.19283757358789444 -5.726162277162075 2.4
      vertex -1.7256299257278442 -5.6950277760624886 2.4
    endloop
  endfacet
  facet normal 0 0 1
    outer loop
      vertex -1.7256299257278442 -5.6950277760624886 2.4
      vertex -0.40994035452604294 -5.553185038268566 2.4
      vertex -1.6448649317026138 -5.595842815935612 2.4
    endloop
  endfacet
  facet normal 0 0 1
    outer loop
      vertex -2.5639468282461166 -6.094853363931179 2.4
      vertex 0.8821154907345772 -6.100511327385902 2.4
      vertex 0.5874474421143532 -6.055313020944595 2.4
    endloop
  endfacet
  facet normal 0 0 1
    outer loop
      vertex -1.9246350228786469 -5.8610193729400635 2.4
      vertex 0.04772841930389404 -5.868619486689568 2.4
      vertex -0.19283757358789444 -5.726162277162075 2.4
    endloop
  endfacet
  facet normal 0 0 1
    outer loop
      vertex -1.7256299257278442 -5.6950277760624886 2.4
      vertex -0.19283757358789444 -5.726162277162075 2.4
      vertex -0.40994035452604294 -5.553185038268566 2.4
    endloop
  endfacet
  facet normal 0 0 1
    outer loop
      vertex -2.2900626733899117 -6.0322238728404045 2.4
      vertex 0.5874474421143532 -6.055313020944595 2.4
      vertex 0.3087363541126251 -5.978342115879059 2.4
    endloop
  endfacet
  facet normal 0 0 1
    outer loop
      vertex -2.0379546508193016 -5.927372217178345 2.4
      vertex 0.3087363541126251 -5.978342115879059 2.4
      vertex 0.04772841930389404 -5.868619486689568 2.4
    endloop
  endfacet
  facet normal 0 0 1
    outer loop
      vertex -3.2788216322660446 -4.455883733928204 2.4
      vertex -3.2342232689261436 -4.342199347913265 2.4
      vertex -3.349126808345318 -4.43908279389143 2.4
    endloop
  endfacet
  facet normal 0 0 1
    outer loop
      vertex -3.2788216322660446 -4.455883733928204 2.4
      vertex -3.2388134971261024 -4.462431751191616 2.4
      vertex -3.2383551374077797 -4.455997712910175 2.4
    endloop
  endfacet
  facet normal 0 0 1
    outer loop
      vertex -3.2788216322660446 -4.455883733928204 2.4
      vertex -3.2383551374077797 -4.455997712910175 2.4
      vertex -3.2342232689261436 -4.342199347913265 2.4
    endloop
  endfacet
  facet normal 0 0 1
    outer loop
      vertex -3.436129607260227 -4.413184821605682 2.4
      vertex -3.349126808345318 -4.43908279389143 2.4
      vertex -3.2316315174102783 -4.18915169686079 2.4
    endloop
  endfacet
  facet normal 0 0 1
    outer loop
      vertex -3.349126808345318 -4.43908279389143 2.4
      vertex -3.2342232689261436 -4.342199347913265 2.4
      vertex -3.2316315174102783 -4.18915169686079 2.4
    endloop
  endfacet
  facet normal 0 0 1
    outer loop
      vertex -3.9578291922807693 -4.233352035284042 2.4
      vertex -3.436129607260227 -4.413184821605682 2.4
      vertex -3.2307500019669533 -3.9982126727700233 2.4
    endloop
  endfacet
  facet normal 0 0 1
    outer loop
      vertex -3.436129607260227 -4.413184821605682 2.4
      vertex -3.2316315174102783 -4.18915169686079 2.4
      vertex -3.2307500019669533 -3.9982126727700233 2.4
    endloop
  endfacet
  facet normal 0 0 1
    outer loop
      vertex -1.6448649317026138 -5.595842815935612 2.4
      vertex -0.40994035452604294 -5.553185038268566 2.4
      vertex -1.5791709497570992 -5.489381141960621 2.4
    endloop
  endfacet
  facet normal 0 0 1
    outer loop
      vertex -1.5791709497570992 -5.489381141960621 2.4
      vertex -0.6016140356659889 -5.352117486298084 2.4
      vertex -1.5258212685585022 -5.376835599541664 2.4
    endloop
  endfacet
  facet normal 0 0 1
    outer loop
      vertex -1.5258212685585022 -5.376835599541664 2.4
      vertex -0.7669160813093185 -5.124786078929901 2.4
      vertex -1.4829751402139664 -5.258069150149822 2.4
    endloop
  endfacet
  facet normal 0 0 1
    outer loop
      vertex -1.4829751402139664 -5.258069150149822 2.4
      vertex -0.7669160813093185 -5.124786078929901 2.4
      vertex -1.4494424387812614 -5.133340001106262 2.4
    endloop
  endfacet
  facet normal 0 0 1
    outer loop
      vertex -1.4494424387812614 -5.133340001106262 2.4
      vertex -0.7669160813093185 -5.124786078929901 2.4
      vertex -1.4245054945349693 -5.003974750638008 2.4
    endloop
  endfacet
  facet normal 0 0 1
    outer loop
      vertex -1.4245054945349693 -5.003974750638008 2.4
      vertex -0.905533455312252 -4.873388431966305 2.4
      vertex -1.4086907729506493 -4.888717457652092 2.4
    endloop
  endfacet
  facet normal 0 0 1
    outer loop
      vertex -1.4086907729506493 -4.888717457652092 2.4
      vertex -0.905533455312252 -4.873388431966305 2.4
      vertex -1.397177778184414 -4.744271129369736 2.4
    endloop
  endfacet
  facet normal 0 0 1
    outer loop
      vertex -1.397177778184414 -4.744271129369736 2.4
      vertex -0.905533455312252 -4.873388431966305 2.4
      vertex -1.3894061297178268 -4.5732056722044945 2.4
    endloop
  endfacet
  facet normal 0 0 1
    outer loop
      vertex -1.5791709497570992 -5.489381141960621 2.4
      vertex -0.40994035452604294 -5.553185038268566 2.4
      vertex -0.6016140356659889 -5.352117486298084 2.4
    endloop
  endfacet
  facet normal 0 0 1
    outer loop
      vertex -1.5258212685585022 -5.376835599541664 2.4
      vertex -0.6016140356659889 -5.352117486298084 2.4
      vertex -0.7669160813093185 -5.124786078929901 2.4
    endloop
  endfacet
  facet normal 0 0 1
    outer loop
      vertex -1.4245054945349693 -5.003974750638008 2.4
      vertex -0.7669160813093185 -5.124786078929901 2.4
      vertex -0.905533455312252 -4.873388431966305 2.4
    endloop
  endfacet
  facet normal 0 0 1
    outer loop
      vertex -1.3894061297178268 -4.5732056722044945 2.4
      vertex -1.1778287887573242 -4.210653625428677 2.4
      vertex -1.3848596811294556 -4.372721955180168 2.4
    endloop
  endfacet
  facet normal 0 0 1
    outer loop
      vertex -1.3848596811294556 -4.372721955180168 2.4
      vertex -1.1778287887573242 -4.210653625428677 2.4
      vertex -1.3833699971437454 -4.142532512545586 2.4
    endloop
  endfacet
  facet normal 0 0 1
    outer loop
      vertex -1.3833699971437454 -4.142532512545586 2.4
      vertex -1.1778287887573242 -4.210653625428677 2.4
      vertex -1.0843256413936615 -3.3094077184796333 2.4
    endloop
  endfacet
  facet normal 0 0 1
    outer loop
      vertex -0.905533455312252 -4.873388431966305 2.4
      vertex -1.1778287887573242 -4.210653625428677 2.4
      vertex -1.3894061297178268 -4.5732056722044945 2.4
    endloop
  endfacet
  facet normal 0 0 1
    outer loop
      vertex -1.1778287887573242 -4.210653625428677 2.4
      vertex -1.032419167459011 -4.186240002512932 2.4
      vertex -1.1080805137753487 -4.186240002512932 2.4
    endloop
  endfacet
  facet normal 0 0 1
    outer loop
      vertex -1.1778287887573242 -4.210653625428677 2.4
      vertex -1.1080805137753487 -4.186240002512932 2.4
      vertex -1.0843256413936615 -3.3094077184796333 2.4
    endloop
  endfacet
  facet normal 0 0 -1
    outer loop
      vertex -7.958829998970032 -6.0172000005841255 0
      vertex -7.958829998970032 -2.0743329152464867 0
      vertex -7.64033904671669 -2.2612147629261017 0
    endloop
  endfacet
  facet normal 0 0 -1
    outer loop
      vertex -7.958829998970032 -6.0172000005841255 0
      vertex -7.64033904671669 -2.2612147629261017 0
      vertex -7.300001636147499 -2.4229881912469864 0
    endloop
  endfacet
  facet normal 0 0 -1
    outer loop
      vertex -3.9578291922807693 -4.233352035284042 0
      vertex -6.481869995594025 -2.7305523604154587 0
      vertex -4.011950001120567 -2.6075799986720085 0
    endloop
  endfacet
  facet normal 0 0 -1
    outer loop
      vertex -6.481869995594025 -2.7305523604154587 0
      vertex -6.481869995594025 -0.9459129646420479 0
      vertex -4.011950001120567 -2.6075799986720085 0
    endloop
  endfacet
  facet normal 0 0 -1
    outer loop
      vertex -6.481869995594025 -0.9459129646420479 0
      vertex -4.011950001120567 -0.99617999792099 0
      vertex -4.011950001120567 -2.6075799986720085 0
    endloop
  endfacet
  facet normal 0 0 -1
    outer loop
      vertex -6.481869995594025 -0.9459129646420479 0
      vertex -6.876150347292423 -0.7963463366031647 0
      vertex -4.011950001120567 -0.99617999792099 0
    endloop
  endfacet
  facet normal 0 0 -1
    outer loop
      vertex -7.213583238422871 -0.6188063398003578 0
      vertex -7.396981678903103 -0.49810681492090225 0
      vertex -3.2307500019669533 0.7880726754665375 0
    endloop
  endfacet
  facet normal 0 0 -1
    outer loop
      vertex -7.396981678903103 -0.49810681492090225 0
      vertex -7.585884168744087 -0.358330674469471 0
      vertex -3.2307500019669533 0.7880726754665375 0
    endloop
  endfacet
  facet normal 0 0 -1
    outer loop
      vertex -7.759335413575172 -0.20934628695249557 0
      vertex -3.2307500019669533 0.7880726754665375 0
      vertex -7.585884168744087 -0.358330674469471 0
    endloop
  endfacet
  facet normal 0 0 -1
    outer loop
      vertex -7.039754137396812 -0.7180821001529694 0
      vertex -3.2307500019669533 0.7880726754665375 0
      vertex -6.876150347292423 -0.7963463366031647 0
    endloop
  endfacet
  facet normal 0 0 -1
    outer loop
      vertex -7.213583238422871 -0.6188063398003578 0
      vertex -3.2307500019669533 0.7880726754665375 0
      vertex -7.039754137396812 -0.7180821001529694 0
    endloop
  endfacet
  facet normal 0 0 -1
    outer loop
      vertex -3.9578291922807693 -4.233352035284042 0
      vertex -4.011950001120567 -2.6075799986720085 0
      vertex -3.2307500019669533 -3.9982126727700233 0
    endloop
  endfacet
  facet normal 0 0 -1
    outer loop
      vertex -3.2307500019669533 -3.9982126727700233 0
      vertex -4.011950001120567 -2.6075799986720085 0
      vertex -3.2307500019669533 -2.6075799986720085 0
    endloop
  endfacet
  facet normal 0 0 -1
    outer loop
      vertex -1.3833699971437454 -4.142532512545586 0
      vertex -1.3833699971437454 -2.6075799986720085 0
      vertex -1.0843256413936615 -3.3094077184796333 0
    endloop
  endfacet
  facet normal 0 0 -1
    outer loop
      vertex -1.0843256413936615 -3.3094077184796333 0
      vertex -1.3833699971437454 -2.6075799986720085 0
      vertex -1.0186445340514183 -2.823421575129032 0
    endloop
  endfacet
  facet normal 0 0 -1
    outer loop
      vertex -1.0186445340514183 -2.823421575129032 0
      vertex -1.3833699971437454 -2.6075799986720085 0
      vertex -0.9596706256270409 -2.6075799986720085 0
    endloop
  endfacet
  facet normal 0 0 -1
    outer loop
      vertex -6.876150347292423 -0.7963463366031647 0
      vertex -3.2307500019669533 0.7880726754665375 0
      vertex -4.011950001120567 -0.99617999792099 0
    endloop
  endfacet
  facet normal 0 0 -1
    outer loop
      vertex -4.011950001120567 -0.99617999792099 0
      vertex -3.2307500019669533 0.7880726754665375 0
      vertex -3.2307500019669533 -0.99617999792099 0
    endloop
  endfacet
  facet normal 0 0 -1
    outer loop
      vertex -0.8584899976849556 -2.295899249613285 0
      vertex -0.8584899976849556 -0.99617999792099 0
      vertex -0.719861276447773 -1.991789773106575 0
    endloop
  endfacet
  facet normal 0 0 -1
    outer loop
      vertex -0.719861276447773 -1.991789773106575 0
      vertex -0.7829088047146797 -1.150959998369217 0
      vertex -0.4816843867301941 -1.6557254195213318 0
    endloop
  endfacet
  facet normal 0 0 -1
    outer loop
      vertex -0.719861276447773 -1.991789773106575 0
      vertex -0.8584899976849556 -0.99617999792099 0
      vertex -0.7829088047146797 -1.150959998369217 0
    endloop
  endfacet
  facet normal 0 0 -1
    outer loop
      vertex -0.4816843867301941 -1.6557254195213318 0
      vertex -0.7829088047146797 -1.150959998369217 0
      vertex -0.19510147720575333 -1.381114013493061 0
    endloop
  endfacet
  facet normal 0 0 -1
    outer loop
      vertex -0.7829088047146797 -1.150959998369217 0
      vertex 0.1306421384215355 -1.1674158722162247 0
      vertex -0.19510147720575333 -1.381114013493061 0
    endloop
  endfacet
  facet normal 0 0 -1
    outer loop
      vertex -0.7829088047146797 -1.150959998369217 0
      vertex 0.16996536403894424 -1.150959998369217 0
      vertex 0.1306421384215355 -1.1674158722162247 0
    endloop
  endfacet
  facet normal 0 0 -1
    outer loop
      vertex -1.3833699971437454 -0.99617999792099 0
      vertex -1.3833699971437454 -0.2863696366548538 0
      vertex -0.8584899976849556 -0.99617999792099 0
    endloop
  endfacet
  facet normal 0 0 -1
    outer loop
      vertex -0.7829088047146797 -1.150959998369217 0
      vertex -0.8584899976849556 -0.99617999792099 0
      vertex 0.5198287814855576 0.7054271399974823 0
    endloop
  endfacet
  facet normal 0 0 -1
    outer loop
      vertex -0.8584899976849556 -0.99617999792099 0
      vertex -1.3833699971437454 -0.2863696366548538 0
      vertex 0.5198287814855576 0.7054271399974823 0
    endloop
  endfacet
  facet normal 0 0 1
    outer loop
      vertex -7.958829998970032 -6.0172000005841255 2.4
      vertex -7.64033904671669 -2.2612147629261017 2.4
      vertex -7.958829998970032 -2.0743329152464867 2.4
    endloop
  endfacet
  facet normal 0 0 1
    outer loop
      vertex -7.958829998970032 -6.0172000005841255 2.4
      vertex -7.300001636147499 -2.4229881912469864 2.4
      vertex -7.64033904671669 -2.2612147629261017 2.4
    endloop
  endfacet
  facet normal 0 0 1
    outer loop
      vertex -3.9578291922807693 -4.233352035284042 2.4
      vertex -4.011950001120567 -2.6075799986720085 2.4
      vertex -6.481869995594025 -2.7305523604154587 2.4
    endloop
  endfacet
  facet normal 0 0 1
    outer loop
      vertex -6.481869995594025 -2.7305523604154587 2.4
      vertex -4.011950001120567 -2.6075799986720085 2.4
      vertex -4.011950001120567 -0.99617999792099 2.4
    endloop
  endfacet
  facet normal 0 0 1
    outer loop
      vertex -6.481869995594025 -2.7305523604154587 2.4
      vertex -4.011950001120567 -0.99617999792099 2.4
      vertex -6.481869995594025 -0.9459129646420479 2.4
    endloop
  endfacet
  facet normal 0 0 1
    outer loop
      vertex -7.213583238422871 -0.6188063398003578 2.4
      vertex -3.2307500019669533 0.7880726754665375 2.4
      vertex -7.396981678903103 -0.49810681492090225 2.4
    endloop
  endfacet
  facet normal 0 0 1
    outer loop
      vertex -7.396981678903103 -0.49810681492090225 2.4
      vertex -3.2307500019669533 0.7880726754665375 2.4
      vertex -7.585884168744087 -0.358330674469471 2.4
    endloop
  endfacet
  facet normal 0 0 1
    outer loop
      vertex -7.759335413575172 -0.20934628695249557 2.4
      vertex -7.585884168744087 -0.358330674469471 2.4
      vertex -3.2307500019669533 0.7880726754665375 2.4
    endloop
  endfacet
  facet normal 0 0 1
    outer loop
      vertex -7.039754137396812 -0.7180821001529694 2.4
      vertex -6.876150347292423 -0.7963463366031647 2.4
      vertex -3.2307500019669533 0.7880726754665375 2.4
    endloop
  endfacet
  facet normal 0 0 1
    outer loop
      vertex -7.213583238422871 -0.6188063398003578 2.4
      vertex -7.039754137396812 -0.7180821001529694 2.4
      vertex -3.2307500019669533 0.7880726754665375 2.4
    endloop
  endfacet
  facet normal 0 0 1
    outer loop
      vertex -6.481869995594025 -0.9459129646420479 2.4
      vertex -3.2307500019669533 0.7880726754665375 2.4
      vertex -6.876150347292423 -0.7963463366031647 2.4
    endloop
  endfacet
  facet normal 0 0 1
    outer loop
      vertex -3.9578291922807693 -4.233352035284042 2.4
      vertex -3.2307500019669533 -3.9982126727700233 2.4
      vertex -4.011950001120567 -2.6075799986720085 2.4
    endloop
  endfacet
  facet normal 0 0 1
    outer loop
      vertex -3.2307500019669533 -3.9982126727700233 2.4
      vertex -3.2307500019669533 -2.6075799986720085 2.4
      vertex -4.011950001120567 -2.6075799986720085 2.4
    endloop
  endfacet
  facet normal 0 0 1
    outer loop
      vertex -1.3833699971437454 -4.142532512545586 2.4
      vertex -1.0843256413936615 -3.3094077184796333 2.4
      vertex -1.3833699971437454 -2.6075799986720085 2.4
    endloop
  endfacet
  facet normal 0 0 1
    outer loop
      vertex -1.0843256413936615 -3.3094077184796333 2.4
      vertex -1.0186445340514183 -2.823421575129032 2.4
      vertex -1.3833699971437454 -2.6075799986720085 2.4
    endloop
  endfacet
  facet normal 0 0 1
    outer loop
      vertex -1.0186445340514183 -2.823421575129032 2.4
      vertex -0.9596706256270409 -2.6075799986720085 2.4
      vertex -1.3833699971437454 -2.6075799986720085 2.4
    endloop
  endfacet
  facet normal 0 0 1
    outer loop
      vertex -6.481869995594025 -0.9459129646420479 2.4
      vertex -4.011950001120567 -0.99617999792099 2.4
      vertex -3.2307500019669533 -0.99617999792099 2.4
    endloop
  endfacet
  facet normal 0 0 1
    outer loop
      vertex -6.481869995594025 -0.9459129646420479 2.4
      vertex -3.2307500019669533 -0.99617999792099 2.4
      vertex -3.2307500019669533 0.7880726754665375 2.4
    endloop
  endfacet
  facet normal 0 0 1
    outer loop
      vertex -0.8584899976849556 -2.295899249613285 2.4
      vertex -0.719861276447773 -1.991789773106575 2.4
      vertex -0.8584899976849556 -0.99617999792099 2.4
    endloop
  endfacet
  facet normal 0 0 1
    outer loop
      vertex -0.719861276447773 -1.991789773106575 2.4
      vertex -0.4816843867301941 -1.6557254195213318 2.4
      vertex -0.7829088047146797 -1.150959998369217 2.4
    endloop
  endfacet
  facet normal 0 0 1
    outer loop
      vertex -0.719861276447773 -1.991789773106575 2.4
      vertex -0.7829088047146797 -1.150959998369217 2.4
      vertex -0.8584899976849556 -0.99617999792099 2.4
    endloop
  endfacet
  facet normal 0 0 1
    outer loop
      vertex -0.4816843867301941 -1.6557254195213318 2.4
      vertex -0.19510147720575333 -1.381114013493061 2.4
      vertex -0.7829088047146797 -1.150959998369217 2.4
    endloop
  endfacet
  facet normal 0 0 1
    outer loop
      vertex -0.7829088047146797 -1.150959998369217 2.4
      vertex -0.19510147720575333 -1.381114013493061 2.4
      vertex 0.1306421384215355 -1.1674158722162247 2.4
    endloop
  endfacet
  facet normal 0 0 1
    outer loop
      vertex -0.7829088047146797 -1.150959998369217 2.4
      vertex 0.1306421384215355 -1.1674158722162247 2.4
      vertex 0.16996536403894424 -1.150959998369217 2.4
    endloop
  endfacet
  facet normal 0 0 1
    outer loop
      vertex -1.3833699971437454 -0.99617999792099 2.4
      vertex -0.8584899976849556 -0.99617999792099 2.4
      vertex -1.3833699971437454 -0.2863696366548538 2.4
    endloop
  endfacet
  facet normal 0 0 1
    outer loop
      vertex -0.7829088047146797 -1.150959998369217 2.4
      vertex 0.5198287814855576 0.7054271399974823 2.4
      vertex -0.8584899976849556 -0.99617999792099 2.4
    endloop
  endfacet
  facet normal 0 0 1
    outer loop
      vertex -0.8584899976849556 -0.99617999792099 2.4
      vertex 0.5198287814855576 0.7054271399974823 2.4
      vertex -1.3833699971437454 -0.2863696366548538 2.4
    endloop
  endfacet
  facet normal 0 0 -1
    outer loop
      vertex -18.96157056080646 -5.890180644032257 0
      vertex -19 5.5 0
      vertex -18.96157056080646 5.890180644032257 0
    endloop
  endfacet
  facet normal 0 0 -1
    outer loop
      vertex -18.847759065022572 -6.265366864730179 0
      vertex -18.96157056080646 5.890180644032257 0
      vertex -18.847759065022572 6.265366864730179 0
    endloop
  endfacet
  facet normal -1 0 0
    outer loop
      vertex -19 -5.5 0
      vertex -19 5.5 2.4
      vertex -19 5.5 0
    endloop
  endfacet
  facet normal 0 0 -1
    outer loop
      vertex -17 -7.5 0
      vertex -17 7.5 0
      vertex -9.802129998803139 0.6719999983906746 0
    endloop
  endfacet
  facet normal 0 0 -1
    outer loop
      vertex -18.66293922460509 -6.611140466039204 0
      vertex -18.847759065022572 6.265366864730179 0
      vertex -18.66293922460509 6.611140466039204 0
    endloop
  endfacet
  facet normal 0 0 -1
    outer loop
      vertex -18.414213562373096 -6.914213562373095 0
      vertex -18.66293922460509 6.611140466039204 0
      vertex -18.414213562373096 6.914213562373095 0
    endloop
  endfacet
  facet normal 0 0 -1
    outer loop
      vertex -18.111140466039203 -7.162939224605091 0
      vertex -18.414213562373096 6.914213562373095 0
      vertex -18.111140466039203 7.162939224605091 0
    endloop
  endfacet
  facet normal 0 0 -1
    outer loop
      vertex -17.76536686473018 -7.347759065022574 0
      vertex -18.111140466039203 7.162939224605091 0
      vertex -17.76536686473018 7.347759065022574 0
    endloop
  endfacet
  facet normal 0 0 -1
    outer loop
      vertex -17.390180644032256 -7.461570560806461 0
      vertex -17.76536686473018 7.347759065022574 0
      vertex -17.390180644032256 7.461570560806461 0
    endloop
  endfacet
  facet normal 0 0 -1
    outer loop
      vertex -17 -7.5 0
      vertex -17.390180644032256 7.461570560806461 0
      vertex -17 7.5 0
    endloop
  endfacet
  facet normal 0 0 -1
    outer loop
      vertex -9.802129998803139 0.6719999983906746 0
      vertex -17 7.5 0
      vertex -8.293854668736458 0.6719999983906746 0
    endloop
  endfacet
  facet normal 0 0 -1
    outer loop
      vertex -17 7.5 0
      vertex -3.2307500019669533 0.7880726754665375 0
      vertex -8.293854668736458 0.6719999983906746 0
    endloop
  endfacet
  facet normal 0 0 1
    outer loop
      vertex -18.96157056080646 -5.890180644032257 2.4
      vertex -18.96157056080646 5.890180644032257 2.4
      vertex -19 5.5 2.4
    endloop
  endfacet
  facet normal 0 0 1
    outer loop
      vertex -18.847759065022572 -6.265366864730179 2.4
      vertex -18.847759065022572 6.265366864730179 2.4
      vertex -18.96157056080646 5.890180644032257 2.4
    endloop
  endfacet
  facet normal 0 0 1
    outer loop
      vertex -17 -7.5 2.4
      vertex -9.802129998803139 0.6719999983906746 2.4
      vertex -17 7.5 2.4
    endloop
  endfacet
  facet normal 0 0 1
    outer loop
      vertex -18.66293922460509 -6.611140466039204 2.4
      vertex -18.66293922460509 6.611140466039204 2.4
      vertex -18.847759065022572 6.265366864730179 2.4
    endloop
  endfacet
  facet normal 0 0 1
    outer loop
      vertex -18.414213562373096 -6.914213562373095 2.4
      vertex -18.414213562373096 6.914213562373095 2.4
      vertex -18.66293922460509 6.611140466039204 2.4
    endloop
  endfacet
  facet normal 0 0 1
    outer loop
      vertex -18.111140466039203 -7.162939224605091 2.4
      vertex -18.111140466039203 7.162939224605091 2.4
      vertex -18.414213562373096 6.914213562373095 2.4
    endloop
  endfacet
  facet normal 0 0 1
    outer loop
      vertex -17.76536686473018 -7.347759065022574 2.4
      vertex -17.76536686473018 7.347759065022574 2.4
      vertex -18.111140466039203 7.162939224605091 2.4
    endloop
  endfacet
  facet normal 0 0 1
    outer loop
      vertex -17.390180644032256 -7.461570560806461 2.4
      vertex -17.390180644032256 7.461570560806461 2.4
      vertex -17.76536686473018 7.347759065022574 2.4
    endloop
  endfacet
  facet normal 0 0 1
    outer loop
      vertex -17 -7.5 2.4
      vertex -17 7.5 2.4
      vertex -17.390180644032256 7.461570560806461 2.4
    endloop
  endfacet
  facet normal 0 0 1
    outer loop
      vertex -9.802129998803139 0.6719999983906746 2.4
      vertex -8.293854668736458 0.6719999983906746 2.4
      vertex -17 7.5 2.4
    endloop
  endfacet
  facet normal 0 0 1
    outer loop
      vertex -17 7.5 2.4
      vertex -8.293854668736458 0.6719999983906746 2.4
      vertex -3.2307500019669533 0.7880726754665375 2.4
    endloop
  endfacet
  facet normal -0.9951847266721969 0.09801714032956063 1.408419263936858e-20
    outer loop
      vertex -19 5.5 0
      vertex -18.96157056080646 5.890180644032257 2.4
      vertex -18.96157056080646 5.890180644032257 0
    endloop
  endfacet
  facet normal -0.9951847266721969 0.09801714032956063 0
    outer loop
      vertex -19 5.5 0
      vertex -19 5.5 2.4
      vertex -18.96157056080646 5.890180644032257 2.4
    endloop
  endfacet
  facet normal -0.9569403357322077 0.2902846772544659 -2.4143463782532686e-19
    outer loop
      vertex -18.96157056080646 5.890180644032257 0
      vertex -18.847759065022572 6.265366864730179 2.4
      vertex -18.847759065022572 6.265366864730179 0
    endloop
  endfacet
  facet normal -0.8819212643483559 0.47139673682599603 4.956636405845545e-18
    outer loop
      vertex -18.847759065022572 6.265366864730179 0
      vertex -18.66293922460509 6.611140466039204 2.4
      vertex -18.66293922460509 6.611140466039204 0
    endloop
  endfacet
  facet normal -0.7730104533627387 0.6343932841636433 -3.4978473672407507e-19
    outer loop
      vertex -18.66293922460509 6.611140466039204 0
      vertex -18.414213562373096 6.914213562373095 2.4
      vertex -18.414213562373096 6.914213562373095 0
    endloop
  endfacet
  facet normal -0.6343932841636427 0.7730104533627392 -7.00601310109269e-18
    outer loop
      vertex -18.414213562373096 6.914213562373095 0
      vertex -18.111140466039203 7.162939224605091 2.4
      vertex -18.111140466039203 7.162939224605091 0
    endloop
  endfacet
  facet normal -0.4713967368259997 0.8819212643483539 -2.8221359315777237e-18
    outer loop
      vertex -18.111140466039203 7.162939224605091 0
      vertex -17.76536686473018 7.347759065022574 2.4
      vertex -17.76536686473018 7.347759065022574 0
    endloop
  endfacet
  facet normal -0.2902846772544611 0.9569403357322092 3.594634866415353e-18
    outer loop
      vertex -17.76536686473018 7.347759065022574 0
      vertex -17.390180644032256 7.461570560806461 2.4
      vertex -17.390180644032256 7.461570560806461 0
    endloop
  endfacet
  facet normal -0.09801714032956085 0.9951847266721969 6.116316224030831e-19
    outer loop
      vertex -17.390180644032256 7.461570560806461 0
      vertex -17 7.5 2.4
      vertex -17 7.5 0
    endloop
  endfacet
  facet normal -0.9569403357322077 0.2902846772544659 0
    outer loop
      vertex -18.96157056080646 5.890180644032257 0
      vertex -18.96157056080646 5.890180644032257 2.4
      vertex -18.847759065022572 6.265366864730179 2.4
    endloop
  endfacet
  facet normal -0.8819212643483559 0.47139673682599603 0
    outer loop
      vertex -18.847759065022572 6.265366864730179 0
      vertex -18.847759065022572 6.265366864730179 2.4
      vertex -18.66293922460509 6.611140466039204 2.4
    endloop
  endfacet
  facet normal -0.7730104533627387 0.6343932841636433 0
    outer loop
      vertex -18.66293922460509 6.611140466039204 0
      vertex -18.66293922460509 6.611140466039204 2.4
      vertex -18.414213562373096 6.914213562373095 2.4
    endloop
  endfacet
  facet normal -0.6343932841636427 0.7730104533627392 0
    outer loop
      vertex -18.414213562373096 6.914213562373095 0
      vertex -18.414213562373096 6.914213562373095 2.4
      vertex -18.111140466039203 7.162939224605091 2.4
    endloop
  endfacet
  facet normal -0.4713967368259997 0.8819212643483539 0
    outer loop
      vertex -18.111140466039203 7.162939224605091 0
      vertex -18.111140466039203 7.162939224605091 2.4
      vertex -17.76536686473018 7.347759065022574 2.4
    endloop
  endfacet
  facet normal -0.2902846772544611 0.9569403357322092 0
    outer loop
      vertex -17.76536686473018 7.347759065022574 0
      vertex -17.76536686473018 7.347759065022574 2.4
      vertex -17.390180644032256 7.461570560806461 2.4
    endloop
  endfacet
  facet normal -0.09801714032956085 0.9951847266721969 0
    outer loop
      vertex -17.390180644032256 7.461570560806461 0
      vertex -17.390180644032256 7.461570560806461 2.4
      vertex -17 7.5 2.4
    endloop
  endfacet
  facet normal 0 0 -1
    outer loop
      vertex -8.120028086006641 0.2671768292784691 0
      vertex -8.293854668736458 0.6719999983906746 0
      vertex -3.2307500019669533 0.7880726754665375 0
    endloop
  endfacet
  facet normal 0 0 -1
    outer loop
      vertex -7.759335413575172 -0.20934628695249557 0
      vertex -7.90389296412468 -0.05671601742506027 0
      vertex -3.2307500019669533 0.7880726754665375 0
    endloop
  endfacet
  facet normal 0 0 -1
    outer loop
      vertex -7.90389296412468 -0.05671601742506027 0
      vertex -8.02363334596157 0.10192029178142548 0
      vertex -3.2307500019669533 0.7880726754665375 0
    endloop
  endfacet
  facet normal 0 0 -1
    outer loop
      vertex -8.02363334596157 0.10192029178142548 0
      vertex -8.120028086006641 0.2671768292784691 0
      vertex -3.2307500019669533 0.7880726754665375 0
    endloop
  endfacet
  facet normal 0 0 -1
    outer loop
      vertex -17 7.5 0
      vertex 0.5198287814855576 0.7054271399974823 0
      vertex -3.2307500019669533 0.7880726754665375 0
    endloop
  endfacet
  facet normal 0 0 -1
    outer loop
      vertex -17 7.5 0
      vertex -0.81106948107481 2.116379998624325 0
      vertex 0.5198287814855576 0.7054271399974823 0
    endloop
  endfacet
  facet normal 0 0 -1
    outer loop
      vertex -1.3833699971437454 -0.2863696366548538 0
      vertex -3.2307500019669533 0.7880726754665375 0
      vertex 0.5198287814855576 0.7054271399974823 0
    endloop
  endfacet
  facet normal 0 0 1
    outer loop
      vertex -8.120028086006641 0.2671768292784691 2.4
      vertex -3.2307500019669533 0.7880726754665375 2.4
      vertex -8.293854668736458 0.6719999983906746 2.4
    endloop
  endfacet
  facet normal 0 0 1
    outer loop
      vertex -7.759335413575172 -0.20934628695249557 2.4
      vertex -3.2307500019669533 0.7880726754665375 2.4
      vertex -7.90389296412468 -0.05671601742506027 2.4
    endloop
  endfacet
  facet normal 0 0 1
    outer loop
      vertex -7.90389296412468 -0.05671601742506027 2.4
      vertex -3.2307500019669533 0.7880726754665375 2.4
      vertex -8.02363334596157 0.10192029178142548 2.4
    endloop
  endfacet
  facet normal 0 0 1
    outer loop
      vertex -8.02363334596157 0.10192029178142548 2.4
      vertex -3.2307500019669533 0.7880726754665375 2.4
      vertex -8.120028086006641 0.2671768292784691 2.4
    endloop
  endfacet
  facet normal 0 0 1
    outer loop
      vertex -17 7.5 2.4
      vertex -3.2307500019669533 0.7880726754665375 2.4
      vertex 0.5198287814855576 0.7054271399974823 2.4
    endloop
  endfacet
  facet normal 0 0 1
    outer loop
      vertex -17 7.5 2.4
      vertex -1.3333685592470452 1.9044729304738914 2.4
      vertex -1.697056274847714 2.202943725152286 2.4
    endloop
  endfacet
  facet normal 0 0 1
    outer loop
      vertex -17 7.5 2.4
      vertex -0.9184402376762154 1.6826891219729117 2.4
      vertex -1.3333685592470452 1.9044729304738914 2.4
    endloop
  endfacet
  facet normal 0 0 1
    outer loop
      vertex -17 7.5 2.4
      vertex 0.5198287814855576 0.7054271399974823 2.4
      vertex -0.9184402376762154 1.6826891219729117 2.4
    endloop
  endfacet
  facet normal 0 0 1
    outer loop
      vertex -1.3833699971437454 -0.2863696366548538 2.4
      vertex 0.5198287814855576 0.7054271399974823 2.4
      vertex -3.2307500019669533 0.7880726754665375 2.4
    endloop
  endfacet
  facet normal 0 0 1
    outer loop
      vertex 0.5198287814855576 0.7054271399974823 2.4
      vertex -0.5 1.5557566635859637 2.4
      vertex -0.9184402376762154 1.6826891219729117 2.4
    endloop
  endfacet
  facet normal 0 0 1
    outer loop
      vertex 0.5198287814855576 0.7054271399974823 2.4
      vertex -0.5 1.7865994392074749 2.4
      vertex -0.5 1.5557566635859637 2.4
    endloop
  endfacet
  facet normal 0 1 0
    outer loop
      vertex -17 7.5 0
      vertex -17 7.5 2.4
      vertex 17 7.5 2.4
    endloop
  endfacet
  facet normal 0 0 -1
    outer loop
      vertex -17 7.5 0
      vertex 17 7.5 0
      vertex -0.81106948107481 2.116379998624325 0
    endloop
  endfacet
  facet normal 0 0 1
    outer loop
      vertex -17 7.5 2.4
      vertex -2.2173108780270883 2.9815597623237844 2.4
      vertex -2.353884672967753 3.4317832271612922 2.4
    endloop
  endfacet
  facet normal 0 0 1
    outer loop
      vertex -17 7.5 2.4
      vertex -2.353884672967753 3.4317832271612922 2.4
      vertex -2.4 3.9 2.4
    endloop
  endfacet
  facet normal 0 0 1
    outer loop
      vertex -17 7.5 2.4
      vertex -2.4 3.9 2.4
      vertex -2.4 5.1 2.4
    endloop
  endfacet
  facet normal 0 0 1
    outer loop
      vertex -17 7.5 2.4
      vertex -1.697056274847714 2.202943725152286 2.4
      vertex -1.9955270695261085 2.5666314407529547 2.4
    endloop
  endfacet
  facet normal 0 0 1
    outer loop
      vertex -17 7.5 2.4
      vertex -1.9955270695261085 2.5666314407529547 2.4
      vertex -2.2173108780270883 2.9815597623237844 2.4
    endloop
  endfacet
  facet normal 0 0 1
    outer loop
      vertex -17 7.5 2.4
      vertex -2.4 5.1 2.4
      vertex -2.353884672967753 5.568216772838708 2.4
    endloop
  endfacet
  facet normal 0 0 1
    outer loop
      vertex -17 7.5 2.4
      vertex -2.353884672967753 5.568216772838708 2.4
      vertex -2.2173108780270883 6.018440237676216 2.4
    endloop
  endfacet
  facet normal 0 0 1
    outer loop
      vertex -17 7.5 2.4
      vertex -2.2173108780270883 6.018440237676216 2.4
      vertex -1.9955270695261085 6.433368559247045 2.4
    endloop
  endfacet
  facet normal 0 0 1
    outer loop
      vertex -17 7.5 2.4
      vertex -1.9955270695261085 6.433368559247045 2.4
      vertex -1.697056274847714 6.797056274847714 2.4
    endloop
  endfacet
  facet normal 0 0 1
    outer loop
      vertex -17 7.5 2.4
      vertex -1.697056274847714 6.797056274847714 2.4
      vertex -1.3333685592470452 7.095527069526108 2.4
    endloop
  endfacet
  facet normal 0 0 1
    outer loop
      vertex -17 7.5 2.4
      vertex -1.3333685592470452 7.095527069526108 2.4
      vertex -0.9184402376762154 7.317310878027088 2.4
    endloop
  endfacet
  facet normal 0 0 1
    outer loop
      vertex -17 7.5 2.4
      vertex -0.9184402376762154 7.317310878027088 2.4
      vertex -0.5 7.444243336414036 2.4
    endloop
  endfacet
  facet normal 0 0 1
    outer loop
      vertex -0.5 2.116379998624325 2.4
      vertex 0.5 7.444243336414036 2.4
      vertex -0.5 7.444243336414036 2.4
    endloop
  endfacet
  facet normal 0 0 1
    outer loop
      vertex -17 7.5 2.4
      vertex -0.5 7.444243336414036 2.4
      vertex 17 7.5 2.4
    endloop
  endfacet
  facet normal 0 0 -1
    outer loop
      vertex -17 -7.5 0
      vertex 7.303989998996258 -6.0172000005841255 0
      vertex 17 -7.5 0
    endloop
  endfacet
  facet normal 0 0 -1
    outer loop
      vertex 1.6716868206858635 -6.082669071853161 0
      vertex 2.1114866137504578 -5.980517461895943 0
      vertex 3.7760500013828278 -6.0172000005841255 0
    endloop
  endfacet
  facet normal 0 0 -1
    outer loop
      vertex 2.1114866137504578 -5.980517461895943 0
      vertex 2.5086034014821053 -5.805190742015839 0
      vertex 3.7760500013828278 -6.0172000005841255 0
    endloop
  endfacet
  facet normal 0 0 -1
    outer loop
      vertex 2.5086034014821053 -5.805190742015839 0
      vertex 2.8552008867263794 -5.555942818522453 0
      vertex 3.7760500013828278 -6.0172000005841255 0
    endloop
  endfacet
  facet normal 0 0 -1
    outer loop
      vertex 3.7760500013828278 -6.0172000005841255 0
      vertex 2.8552008867263794 -5.555942818522453 0
      vertex 3.1413720175623894 -5.2396529242396355 0
    endloop
  endfacet
  facet normal 0 0 -1
    outer loop
      vertex 0.9184545949101448 -4.461913920938969 0
      vertex 0.8865736946463585 -4.4210663586854935 0
      vertex 1.7023057341575623 -4.186240002512932 0
    endloop
  endfacet
  facet normal 0 0 -1
    outer loop
      vertex 0.8865736946463585 -4.4210663586854935 0
      vertex 0.8529917150735855 -4.363783322274685 0
      vertex 1.7023057341575623 -4.186240002512932 0
    endloop
  endfacet
  facet normal 0 0 -1
    outer loop
      vertex 0.8529917150735855 -4.363783322274685 0
      vertex 0.8196023181080818 -4.288440965116024 0
      vertex 1.7023057341575623 -4.186240002512932 0
    endloop
  endfacet
  facet normal 0 0 -1
    outer loop
      vertex 0.8196023181080818 -4.288440965116024 0
      vertex 0.7855293527245522 -4.186240002512932 0
      vertex 1.7023057341575623 -4.186240002512932 0
    endloop
  endfacet
  facet normal 0 0 -1
    outer loop
      vertex 0.982483021914959 -4.513828307390213 0
      vertex 1.7023057341575623 -4.186240002512932 0
      vertex 1.020494356751442 -4.532501749694347 0
    endloop
  endfacet
  facet normal 0 0 -1
    outer loop
      vertex 1.1172803193330765 -4.5563251078128815 0
      vertex 1.7023057341575623 -4.186240002512932 0
      vertex 1.1770101115107536 -4.559690296649933 0
    endloop
  endfacet
  facet normal 0 0 -1
    outer loop
      vertex 1.0645126327872276 -4.546778738498688 0
      vertex 1.7023057341575623 -4.186240002512932 0
      vertex 1.1172803193330765 -4.5563251078128815 0
    endloop
  endfacet
  facet normal 0 0 -1
    outer loop
      vertex 1.020494356751442 -4.532501749694347 0
      vertex 1.7023057341575623 -4.186240002512932 0
      vertex 1.0645126327872276 -4.546778738498688 0
    endloop
  endfacet
  facet normal 0 0 -1
    outer loop
      vertex 1.1770101115107536 -4.559690296649933 0
      vertex 1.7023057341575623 -4.186240002512932 0
      vertex 1.2788910493254662 -4.552141726016998 0
    endloop
  endfacet
  facet normal 0 0 -1
    outer loop
      vertex 1.2788910493254662 -4.552141726016998 0
      vertex 1.7023057341575623 -4.186240002512932 0
      vertex 1.364614725112915 -4.531692139804363 0
    endloop
  endfacet
  facet normal 0 0 -1
    outer loop
      vertex 1.364614725112915 -4.531692139804363 0
      vertex 1.7023057341575623 -4.186240002512932 0
      vertex 1.4410359039902687 -4.498907409608364 0
    endloop
  endfacet
  facet normal 0 0 -1
    outer loop
      vertex 0.982483021914959 -4.513828307390213 0
      vertex 0.9491729140281677 -4.490912608802319 0
      vertex 1.7023057341575623 -4.186240002512932 0
    endloop
  endfacet
  facet normal 0 0 -1
    outer loop
      vertex 0.9491729140281677 -4.490912608802319 0
      vertex 0.9184545949101448 -4.461913920938969 0
      vertex 1.7023057341575623 -4.186240002512932 0
    endloop
  endfacet
  facet normal 0 0 -1
    outer loop
      vertex 1.4410359039902687 -4.498907409608364 0
      vertex 1.7023057341575623 -4.186240002512932 0
      vertex 1.5129438936710358 -4.4520144164562225 0
    endloop
  endfacet
  facet normal 0 0 -1
    outer loop
      vertex 1.5129438936710358 -4.4520144164562225 0
      vertex 1.7023057341575623 -4.186240002512932 0
      vertex 1.5815022811293602 -4.389137849211693 0
    endloop
  endfacet
  facet normal 0 0 -1
    outer loop
      vertex 1.5815022811293602 -4.389137849211693 0
      vertex 1.7023057341575623 -4.186240002512932 0
      vertex 1.6410082057118416 -4.3131881430745125 0
    endloop
  endfacet
  facet normal 0 0 -1
    outer loop
      vertex 1.6410082057118416 -4.3131881430745125 0
      vertex 1.7023057341575623 -4.186240002512932 0
      vertex 1.6892205253243446 -4.2236708998680115 0
    endloop
  endfacet
  facet normal 0 0 -1
    outer loop
      vertex 3.7760500013828278 -6.0172000005841255 0
      vertex 3.1413720175623894 -5.2396529242396355 0
      vertex 3.3249550238251686 -4.9432070553302765 0
    endloop
  endfacet
  facet normal 0 0 -1
    outer loop
      vertex 3.7760500013828278 -6.0172000005841255 0
      vertex 3.3249550238251686 -4.9432070553302765 0
      vertex 3.463917337357998 -4.625955320894718 0
    endloop
  endfacet
  facet normal 0 0 -1
    outer loop
      vertex 3.7760500013828278 -6.0172000005841255 0
      vertex 3.463917337357998 -4.625955320894718 0
      vertex 3.5616913735866547 -4.28513316065073 0
    endloop
  endfacet
  facet normal 0 0 -1
    outer loop
      vertex 3.7760500013828278 -6.0172000005841255 0
      vertex 3.5616913735866547 -4.28513316065073 0
      vertex 3.6192856580018997 -3.922728642821312 0
    endloop
  endfacet
  facet normal 0 0 -1
    outer loop
      vertex 3.7760500013828278 -6.0172000005841255 0
      vertex 3.6192856580018997 -3.922728642821312 0
      vertex 3.6382001638412476 -3.538288727402687 0
    endloop
  endfacet
  facet normal 0 0 -1
    outer loop
      vertex 3.7760500013828278 -6.0172000005841255 0
      vertex 3.6382001638412476 -3.538288727402687 0
      vertex 3.613566115498543 -3.0874735936522484 0
    endloop
  endfacet
  facet normal 0 -1 0
    outer loop
      vertex -17 -7.5 2.4
      vertex 17 -7.5 0
      vertex 17 -7.5 2.4
    endloop
  endfacet
  facet normal 0 0 -1
    outer loop
      vertex 5.619410000741482 -6.0172000005841255 0
      vertex 5.619410000741482 -1.061439998447895 0
      vertex 7.303989998996258 -6.0172000005841255 0
    endloop
  endfacet
  facet normal 0 0 1
    outer loop
      vertex -17 -7.5 2.4
      vertex 17 -7.5 2.4
      vertex 7.303989998996258 -6.0172000005841255 2.4
    endloop
  endfacet
  facet normal 0 0 1
    outer loop
      vertex 1.6716868206858635 -6.082669071853161 2.4
      vertex 3.7760500013828278 -6.0172000005841255 2.4
      vertex 2.1114866137504578 -5.980517461895943 2.4
    endloop
  endfacet
  facet normal 0 0 1
    outer loop
      vertex 2.1114866137504578 -5.980517461895943 2.4
      vertex 3.7760500013828278 -6.0172000005841255 2.4
      vertex 2.5086034014821053 -5.805190742015839 2.4
    endloop
  endfacet
  facet normal 0 0 1
    outer loop
      vertex 2.5086034014821053 -5.805190742015839 2.4
      vertex 3.7760500013828278 -6.0172000005841255 2.4
      vertex 2.8552008867263794 -5.555942818522453 2.4
    endloop
  endfacet
  facet normal 0 0 1
    outer loop
      vertex 3.7760500013828278 -6.0172000005841255 2.4
      vertex 3.1413720175623894 -5.2396529242396355 2.4
      vertex 2.8552008867263794 -5.555942818522453 2.4
    endloop
  endfacet
  facet normal 0 0 1
    outer loop
      vertex 1.020494356751442 -4.532501749694347 2.4
      vertex 1.0645126327872276 -4.546778738498688 2.4
      vertex 0.7855293527245522 -4.186240002512932 2.4
    endloop
  endfacet
  facet normal 0 0 1
    outer loop
      vertex 0.982483021914959 -4.513828307390213 2.4
      vertex 1.020494356751442 -4.532501749694347 2.4
      vertex 0.7855293527245522 -4.186240002512932 2.4
    endloop
  endfacet
  facet normal 0 0 1
    outer loop
      vertex 1.1172803193330765 -4.5563251078128815 2.4
      vertex 1.1770101115107536 -4.559690296649933 2.4
      vertex 0.7855293527245522 -4.186240002512932 2.4
    endloop
  endfacet
  facet normal 0 0 1
    outer loop
      vertex 1.0645126327872276 -4.546778738498688 2.4
      vertex 1.1172803193330765 -4.5563251078128815 2.4
      vertex 0.7855293527245522 -4.186240002512932 2.4
    endloop
  endfacet
  facet normal 0 0 1
    outer loop
      vertex 1.1770101115107536 -4.559690296649933 2.4
      vertex 1.2788910493254662 -4.552141726016998 2.4
      vertex 0.7855293527245522 -4.186240002512932 2.4
    endloop
  endfacet
  facet normal 0 0 1
    outer loop
      vertex 0.7855293527245522 -4.186240002512932 2.4
      vertex 1.2788910493254662 -4.552141726016998 2.4
      vertex 1.364614725112915 -4.531692139804363 2.4
    endloop
  endfacet
  facet normal 0 0 1
    outer loop
      vertex 0.9491729140281677 -4.490912608802319 2.4
      vertex 0.7855293527245522 -4.186240002512932 2.4
      vertex 0.9184545949101448 -4.461913920938969 2.4
    endloop
  endfacet
  facet normal 0 0 1
    outer loop
      vertex 0.9184545949101448 -4.461913920938969 2.4
      vertex 0.7855293527245522 -4.186240002512932 2.4
      vertex 0.8865736946463585 -4.4210663586854935 2.4
    endloop
  endfacet
  facet normal 0 0 1
    outer loop
      vertex 0.8865736946463585 -4.4210663586854935 2.4
      vertex 0.7855293527245522 -4.186240002512932 2.4
      vertex 0.8529917150735855 -4.363783322274685 2.4
    endloop
  endfacet
  facet normal 0 0 1
    outer loop
      vertex 0.8529917150735855 -4.363783322274685 2.4
      vertex 0.7855293527245522 -4.186240002512932 2.4
      vertex 0.8196023181080818 -4.288440965116024 2.4
    endloop
  endfacet
  facet normal 0 0 1
    outer loop
      vertex 0.982483021914959 -4.513828307390213 2.4
      vertex 0.7855293527245522 -4.186240002512932 2.4
      vertex 0.9491729140281677 -4.490912608802319 2.4
    endloop
  endfacet
  facet normal 0 0 1
    outer loop
      vertex 0.7855293527245522 -4.186240002512932 2.4
      vertex 1.364614725112915 -4.531692139804363 2.4
      vertex 1.4410359039902687 -4.498907409608364 2.4
    endloop
  endfacet
  facet normal 0 0 1
    outer loop
      vertex 1.4410359039902687 -4.498907409608364 2.4
      vertex 1.5129438936710358 -4.4520144164562225 2.4
      vertex 1.5815022811293602 -4.389137849211693 2.4
    endloop
  endfacet
  facet normal 0 0 1
    outer loop
      vertex 0.7855293527245522 -4.186240002512932 2.4
      vertex 1.4410359039902687 -4.498907409608364 2.4
      vertex 1.5815022811293602 -4.389137849211693 2.4
    endloop
  endfacet
  facet normal 0 0 1
    outer loop
      vertex 0.7855293527245522 -4.186240002512932 2.4
      vertex 1.5815022811293602 -4.389137849211693 2.4
      vertex 1.6410082057118416 -4.3131881430745125 2.4
    endloop
  endfacet
  facet normal 0 0 1
    outer loop
      vertex 0.7855293527245522 -4.186240002512932 2.4
      vertex 1.6410082057118416 -4.3131881430745125 2.4
      vertex 1.6892205253243446 -4.2236708998680115 2.4
    endloop
  endfacet
  facet normal 0 0 1
    outer loop
      vertex 0.7855293527245522 -4.186240002512932 2.4
      vertex 1.6892205253243446 -4.2236708998680115 2.4
      vertex 1.7023057341575623 -4.186240002512932 2.4
    endloop
  endfacet
  facet normal 0 0 1
    outer loop
      vertex 3.7760500013828278 -6.0172000005841255 2.4
      vertex 3.3249550238251686 -4.9432070553302765 2.4
      vertex 3.1413720175623894 -5.2396529242396355 2.4
    endloop
  endfacet
  facet normal 0 0 1
    outer loop
      vertex 3.7760500013828278 -6.0172000005841255 2.4
      vertex 3.463917337357998 -4.625955320894718 2.4
      vertex 3.3249550238251686 -4.9432070553302765 2.4
    endloop
  endfacet
  facet normal 0 0 1
    outer loop
      vertex 3.7760500013828278 -6.0172000005841255 2.4
      vertex 3.5616913735866547 -4.28513316065073 2.4
      vertex 3.463917337357998 -4.625955320894718 2.4
    endloop
  endfacet
  facet normal 0 0 1
    outer loop
      vertex 3.7760500013828278 -6.0172000005841255 2.4
      vertex 3.6192856580018997 -3.922728642821312 2.4
      vertex 3.5616913735866547 -4.28513316065073 2.4
    endloop
  endfacet
  facet normal 0 0 1
    outer loop
      vertex 3.7760500013828278 -6.0172000005841255 2.4
      vertex 3.6382001638412476 -3.538288727402687 2.4
      vertex 3.6192856580018997 -3.922728642821312 2.4
    endloop
  endfacet
  facet normal 0 0 1
    outer loop
      vertex 3.7760500013828278 -6.0172000005841255 2.4
      vertex 3.613566115498543 -3.0874735936522484 2.4
      vertex 3.6382001638412476 -3.538288727402687 2.4
    endloop
  endfacet
  facet normal 0 0 1
    outer loop
      vertex 5.619410000741482 -6.0172000005841255 2.4
      vertex 7.303989998996258 -6.0172000005841255 2.4
      vertex 7.303989998996258 -1.061439998447895 2.4
    endloop
  endfacet
  facet normal 0 0 -1
    outer loop
      vertex 0.8001415580511093 -2.7864599972963333 0
      vertex 0.8072729110717773 -2.76545986533165 0
      vertex 0.849444255232811 -2.685784839093685 0
    endloop
  endfacet
  facet normal 0 0 -1
    outer loop
      vertex 0.8001415580511093 -2.7864599972963333 0
      vertex 1.6868357211351395 -2.7798807844519615 0
      vertex 1.6889685615897179 -2.7864599972963333 0
    endloop
  endfacet
  facet normal 0 0 -1
    outer loop
      vertex 0.8001415580511093 -2.7864599972963333 0
      vertex 1.6453998014330864 -2.6990016996860504 0
      vertex 1.6868357211351395 -2.7798807844519615 0
    endloop
  endfacet
  facet normal 0 0 -1
    outer loop
      vertex 0.8001415580511093 -2.7864599972963333 0
      vertex 0.849444255232811 -2.685784839093685 0
      vertex 0.9006037563085556 -2.6204489544034004 0
    endloop
  endfacet
  facet normal 0 0 -1
    outer loop
      vertex 0.8001415580511093 -2.7864599972963333 0
      vertex 0.9006037563085556 -2.6204489544034004 0
      vertex 0.9602345004677773 -2.5660139322280884 0
    endloop
  endfacet
  facet normal 0 0 -1
    outer loop
      vertex 0.8001415580511093 -2.7864599972963333 0
      vertex 0.9602345004677773 -2.5660139322280884 0
      vertex 1.0222285985946655 -2.5253730714321136 0
    endloop
  endfacet
  facet normal 0 0 -1
    outer loop
      vertex 0.8001415580511093 -2.7864599972963333 0
      vertex 1.0222285985946655 -2.5253730714321136 0
      vertex 1.0861299335956573 -2.4975820258259773 0
    endloop
  endfacet
  facet normal 0 0 -1
    outer loop
      vertex 0.8001415580511093 -2.7864599972963333 0
      vertex 1.0861299335956573 -2.4975820258259773 0
      vertex 1.1564409583806992 -2.4804547280073166 0
    endloop
  endfacet
  facet normal 0 0 -1
    outer loop
      vertex 0.8001415580511093 -2.7864599972963333 0
      vertex 1.1564409583806992 -2.4804547280073166 0
      vertex 1.2372265011072159 -2.47430407255888 0
    endloop
  endfacet
  facet normal 0 0 -1
    outer loop
      vertex 0.8001415580511093 -2.7864599972963333 0
      vertex 1.3265978321433067 -2.4810487404465675 0
      vertex 1.4027644917368889 -2.4996320232748985 0
    endloop
  endfacet
  facet normal 0 0 -1
    outer loop
      vertex 0.8001415580511093 -2.7864599972963333 0
      vertex 1.2372265011072159 -2.47430407255888 0
      vertex 1.3265978321433067 -2.4810487404465675 0
    endloop
  endfacet
  facet normal 0 0 -1
    outer loop
      vertex 0.8001415580511093 -2.7864599972963333 0
      vertex 1.4696603491902351 -2.5291240960359573 0
      vertex 1.5929938107728958 -2.6292006224393845 0
    endloop
  endfacet
  facet normal 0 0 -1
    outer loop
      vertex 0.8001415580511093 -2.7864599972963333 0
      vertex 1.5929938107728958 -2.6292006224393845 0
      vertex 1.6453998014330864 -2.6990016996860504 0
    endloop
  endfacet
  facet normal 0 0 -1
    outer loop
      vertex 0.8001415580511093 -2.7864599972963333 0
      vertex 1.4027644917368889 -2.4996320232748985 0
      vertex 1.4696603491902351 -2.5291240960359573 0
    endloop
  endfacet
  facet normal 0 0 -1
    outer loop
      vertex 1.5929938107728958 -2.6292006224393845 0
      vertex 1.4696603491902351 -2.5291240960359573 0
      vertex 1.5324885994195938 -2.571466639637947 0
    endloop
  endfacet
  facet normal 0 0 -1
    outer loop
      vertex 3.7760500013828278 -6.0172000005841255 0
      vertex 3.613566115498543 -3.0874735936522484 0
      vertex 3.7760500013828278 -1.6659044123747773 0
    endloop
  endfacet
  facet normal 0 0 -1
    outer loop
      vertex 3.4086201190948486 -2.280302658677101 0
      vertex 3.2240646556019783 -1.9290539398789406 0
      vertex 3.7760500013828278 -1.6659044123747773 0
    endloop
  endfacet
  facet normal 0 0 -1
    outer loop
      vertex 3.613566115498543 -3.0874735936522484 0
      vertex 3.5378698334097862 -2.667582206428051 0
      vertex 3.7760500013828278 -1.6659044123747773 0
    endloop
  endfacet
  facet normal 0 0 -1
    outer loop
      vertex 3.5378698334097862 -2.667582206428051 0
      vertex 3.4086201190948486 -2.280302658677101 0
      vertex 3.7760500013828278 -1.6659044123747773 0
    endloop
  endfacet
  facet normal 0 0 -1
    outer loop
      vertex 1.1708033457398415 -0.9070663899183273 0
      vertex 1.2718241587281227 -0.777303583920002 0
      vertex 1.3070054724812508 -0.8976756110787392 0
    endloop
  endfacet
  facet normal 0 0 -1
    outer loop
      vertex 1.3070054724812508 -0.8976756110787392 0
      vertex 1.2718241587281227 -0.777303583920002 0
      vertex 1.3620029240846634 -0.9017118737101555 0
    endloop
  endfacet
  facet normal 0 0 -1
    outer loop
      vertex 2.985493592917919 -1.6198876798152924 0
      vertex 2.7060244157910347 -1.3610927239060402 0
      vertex 3.7760500013828278 -1.6659044123747773 0
    endloop
  endfacet
  facet normal 0 0 -1
    outer loop
      vertex 3.2240646556019783 -1.9290539398789406 0
      vertex 2.985493592917919 -1.6198876798152924 0
      vertex 3.7760500013828278 -1.6659044123747773 0
    endloop
  endfacet
  facet normal 0 0 -1
    outer loop
      vertex 2.7060244157910347 -1.3610927239060402 0
      vertex 3.3236906826496124 -1.150959998369217 0
      vertex 3.7760500013828278 -1.6659044123747773 0
    endloop
  endfacet
  facet normal 0 0 -1
    outer loop
      vertex 2.7060244157910347 -1.3610927239060402 0
      vertex 2.3955408483743668 -1.15789096057415 0
      vertex 3.3236906826496124 -1.150959998369217 0
    endloop
  endfacet
  facet normal 0 0 -1
    outer loop
      vertex 2.3955408483743668 -1.15789096057415 0
      vertex 2.3793606236577034 -1.150959998369217 0
      vertex 3.3236906826496124 -1.150959998369217 0
    endloop
  endfacet
  facet normal 0 0 -1
    outer loop
      vertex 3.3236906826496124 -1.150959998369217 0
      vertex 2.3128103390336037 0.26900000125169754 0
      vertex 2.351744592189789 0.26900000125169754 0
    endloop
  endfacet
  facet normal 0 0 -1
    outer loop
      vertex 3.3236906826496124 -1.150959998369217 0
      vertex 2.351744592189789 0.26900000125169754 0
      vertex 3.7760500013828278 0.6475799977779388 0
    endloop
  endfacet
  facet normal 0 0 -1
    outer loop
      vertex 3.3236906826496124 -1.150959998369217 0
      vertex 3.7760500013828278 0.6475799977779388 0
      vertex 3.7760500013828278 -1.6659044123747773 0
    endloop
  endfacet
  facet normal 0 0 -1
    outer loop
      vertex 7.303989998996258 -6.0172000005841255 0
      vertex 5.619410000741482 -1.061439998447895 0
      vertex 7.303989998996258 -1.061439998447895 0
    endloop
  endfacet
  facet normal 0 0 1
    outer loop
      vertex 0.8001415580511093 -2.7864599972963333 2.4
      vertex 1.6889685615897179 -2.7864599972963333 2.4
      vertex 0.8072729110717773 -2.76545986533165 2.4
    endloop
  endfacet
  facet normal 0 0 1
    outer loop
      vertex 0.8072729110717773 -2.76545986533165 2.4
      vertex 1.6889685615897179 -2.7864599972963333 2.4
      vertex 0.849444255232811 -2.685784839093685 2.4
    endloop
  endfacet
  facet normal 0 0 1
    outer loop
      vertex 1.6889685615897179 -2.7864599972963333 2.4
      vertex 1.6868357211351395 -2.7798807844519615 2.4
      vertex 1.6453998014330864 -2.6990016996860504 2.4
    endloop
  endfacet
  facet normal 0 0 1
    outer loop
      vertex 0.849444255232811 -2.685784839093685 2.4
      vertex 1.6889685615897179 -2.7864599972963333 2.4
      vertex 0.9006037563085556 -2.6204489544034004 2.4
    endloop
  endfacet
  facet normal 0 0 1
    outer loop
      vertex 0.9006037563085556 -2.6204489544034004 2.4
      vertex 1.0222285985946655 -2.5253730714321136 2.4
      vertex 0.9602345004677773 -2.5660139322280884 2.4
    endloop
  endfacet
  facet normal 0 0 1
    outer loop
      vertex 0.9006037563085556 -2.6204489544034004 2.4
      vertex 1.6889685615897179 -2.7864599972963333 2.4
      vertex 1.0222285985946655 -2.5253730714321136 2.4
    endloop
  endfacet
  facet normal 0 0 1
    outer loop
      vertex 1.0222285985946655 -2.5253730714321136 2.4
      vertex 1.6889685615897179 -2.7864599972963333 2.4
      vertex 1.0861299335956573 -2.4975820258259773 2.4
    endloop
  endfacet
  facet normal 0 0 1
    outer loop
      vertex 1.0861299335956573 -2.4975820258259773 2.4
      vertex 1.6889685615897179 -2.7864599972963333 2.4
      vertex 1.1564409583806992 -2.4804547280073166 2.4
    endloop
  endfacet
  facet normal 0 0 1
    outer loop
      vertex 1.1564409583806992 -2.4804547280073166 2.4
      vertex 1.6889685615897179 -2.7864599972963333 2.4
      vertex 1.2372265011072159 -2.47430407255888 2.4
    endloop
  endfacet
  facet normal 0 0 1
    outer loop
      vertex 1.6889685615897179 -2.7864599972963333 2.4
      vertex 1.4027644917368889 -2.4996320232748985 2.4
      vertex 1.3265978321433067 -2.4810487404465675 2.4
    endloop
  endfacet
  facet normal 0 0 1
    outer loop
      vertex 1.6889685615897179 -2.7864599972963333 2.4
      vertex 1.3265978321433067 -2.4810487404465675 2.4
      vertex 1.2372265011072159 -2.47430407255888 2.4
    endloop
  endfacet
  facet normal 0 0 1
    outer loop
      vertex 1.6889685615897179 -2.7864599972963333 2.4
      vertex 1.5929938107728958 -2.6292006224393845 2.4
      vertex 1.5324885994195938 -2.571466639637947 2.4
    endloop
  endfacet
  facet normal 0 0 1
    outer loop
      vertex 1.6889685615897179 -2.7864599972963333 2.4
      vertex 1.5324885994195938 -2.571466639637947 2.4
      vertex 1.4696603491902351 -2.5291240960359573 2.4
    endloop
  endfacet
  facet normal 0 0 1
    outer loop
      vertex 1.6889685615897179 -2.7864599972963333 2.4
      vertex 1.6453998014330864 -2.6990016996860504 2.4
      vertex 1.5929938107728958 -2.6292006224393845 2.4
    endloop
  endfacet
  facet normal 0 0 1
    outer loop
      vertex 1.6889685615897179 -2.7864599972963333 2.4
      vertex 1.4696603491902351 -2.5291240960359573 2.4
      vertex 1.4027644917368889 -2.4996320232748985 2.4
    endloop
  endfacet
  facet normal 0 0 1
    outer loop
      vertex 3.7760500013828278 -6.0172000005841255 2.4
      vertex 3.7760500013828278 -1.6659044123747773 2.4
      vertex 3.613566115498543 -3.0874735936522484 2.4
    endloop
  endfacet
  facet normal 0 0 1
    outer loop
      vertex 3.4086201190948486 -2.280302658677101 2.4
      vertex 3.7760500013828278 -1.6659044123747773 2.4
      vertex 3.2240646556019783 -1.9290539398789406 2.4
    endloop
  endfacet
  facet normal 0 0 1
    outer loop
      vertex 3.613566115498543 -3.0874735936522484 2.4
      vertex 3.7760500013828278 -1.6659044123747773 2.4
      vertex 3.5378698334097862 -2.667582206428051 2.4
    endloop
  endfacet
  facet normal 0 0 1
    outer loop
      vertex 3.5378698334097862 -2.667582206428051 2.4
      vertex 3.7760500013828278 -1.6659044123747773 2.4
      vertex 3.4086201190948486 -2.280302658677101 2.4
    endloop
  endfacet
  facet normal 0 0 1
    outer loop
      vertex 1.1708033457398415 -0.9070663899183273 2.4
      vertex 1.3070054724812508 -0.8976756110787392 2.4
      vertex 1.2718241587281227 -0.777303583920002 2.4
    endloop
  endfacet
  facet normal 0 0 1
    outer loop
      vertex 1.3070054724812508 -0.8976756110787392 2.4
      vertex 1.3620029240846634 -0.9017118737101555 2.4
      vertex 1.2718241587281227 -0.777303583920002 2.4
    endloop
  endfacet
  facet normal 0 0 1
    outer loop
      vertex 2.985493592917919 -1.6198876798152924 2.4
      vertex 3.7760500013828278 -1.6659044123747773 2.4
      vertex 2.7060244157910347 -1.3610927239060402 2.4
    endloop
  endfacet
  facet normal 0 0 1
    outer loop
      vertex 3.2240646556019783 -1.9290539398789406 2.4
      vertex 3.7760500013828278 -1.6659044123747773 2.4
      vertex 2.985493592917919 -1.6198876798152924 2.4
    endloop
  endfacet
  facet normal 0 0 1
    outer loop
      vertex 2.7060244157910347 -1.3610927239060402 2.4
      vertex 3.7760500013828278 -1.6659044123747773 2.4
      vertex 3.3236906826496124 -1.150959998369217 2.4
    endloop
  endfacet
  facet normal 0 0 1
    outer loop
      vertex 2.7060244157910347 -1.3610927239060402 2.4
      vertex 3.3236906826496124 -1.150959998369217 2.4
      vertex 2.3955408483743668 -1.15789096057415 2.4
    endloop
  endfacet
  facet normal 0 0 1
    outer loop
      vertex 2.3955408483743668 -1.15789096057415 2.4
      vertex 3.3236906826496124 -1.150959998369217 2.4
      vertex 2.3793606236577034 -1.150959998369217 2.4
    endloop
  endfacet
  facet normal 0 0 1
    outer loop
      vertex 3.3236906826496124 -1.150959998369217 2.4
      vertex 2.351744592189789 0.26900000125169754 2.4
      vertex 2.3128103390336037 0.26900000125169754 2.4
    endloop
  endfacet
  facet normal 0 0 1
    outer loop
      vertex 3.3236906826496124 -1.150959998369217 2.4
      vertex 3.7760500013828278 0.6475799977779388 2.4
      vertex 2.351744592189789 0.26900000125169754 2.4
    endloop
  endfacet
  facet normal 0 0 1
    outer loop
      vertex 3.3236906826496124 -1.150959998369217 2.4
      vertex 3.7760500013828278 -1.6659044123747773 2.4
      vertex 3.7760500013828278 0.6475799977779388 2.4
    endloop
  endfacet
  facet normal 0 0 1
    outer loop
      vertex 5.619410000741482 -6.0172000005841255 2.4
      vertex 7.303989998996258 -1.061439998447895 2.4
      vertex 5.619410000741482 -1.061439998447895 2.4
    endloop
  endfacet
  facet normal 0 0 -1
    outer loop
      vertex 7.303989998996258 -6.0172000005841255 0
      vertex 9.208370000123978 -6.0172000005841255 0
      vertex 17 -7.5 0
    endloop
  endfacet
  facet normal 0 0 -1
    outer loop
      vertex 9.208370000123978 -6.0172000005841255 0
      vertex 9.208370000123978 -1.061439998447895 0
      vertex 17 -7.5 0
    endloop
  endfacet
  facet normal 0.09801714032956085 -0.9951847266721969 0
    outer loop
      vertex 17 -7.5 0
      vertex 17.390180644032256 -7.461570560806461 0
      vertex 17 -7.5 2.4
    endloop
  endfacet
  facet normal 0.2902846772544611 -0.9569403357322092 0
    outer loop
      vertex 17.390180644032256 -7.461570560806461 0
      vertex 17.76536686473018 -7.347759065022574 0
      vertex 17.390180644032256 -7.461570560806461 2.4
    endloop
  endfacet
  facet normal 0.4713967368259997 -0.8819212643483539 0
    outer loop
      vertex 17.76536686473018 -7.347759065022574 0
      vertex 18.111140466039203 -7.162939224605091 0
      vertex 17.76536686473018 -7.347759065022574 2.4
    endloop
  endfacet
  facet normal 0.6343932841636427 -0.7730104533627392 0
    outer loop
      vertex 18.111140466039203 -7.162939224605091 0
      vertex 18.414213562373096 -6.914213562373095 0
      vertex 18.111140466039203 -7.162939224605091 2.4
    endloop
  endfacet
  facet normal 0.7730104533627387 -0.6343932841636433 0
    outer loop
      vertex 18.414213562373096 -6.914213562373095 0
      vertex 18.66293922460509 -6.611140466039204 0
      vertex 18.414213562373096 -6.914213562373095 2.4
    endloop
  endfacet
  facet normal 0.8819212643483559 -0.47139673682599603 0
    outer loop
      vertex 18.66293922460509 -6.611140466039204 0
      vertex 18.847759065022572 -6.265366864730179 0
      vertex 18.66293922460509 -6.611140466039204 2.4
    endloop
  endfacet
  facet normal 0.9569403357322077 -0.2902846772544659 0
    outer loop
      vertex 18.847759065022572 -6.265366864730179 0
      vertex 18.96157056080646 -5.890180644032257 0
      vertex 18.847759065022572 -6.265366864730179 2.4
    endloop
  endfacet
  facet normal 0.9951847266721969 -0.09801714032956063 0
    outer loop
      vertex 18.96157056080646 -5.890180644032257 0
      vertex 19 -5.5 0
      vertex 18.96157056080646 -5.890180644032257 2.4
    endloop
  endfacet
  facet normal 0.09801714032956085 -0.9951847266721969 0
    outer loop
      vertex 17.390180644032256 -7.461570560806461 0
      vertex 17.390180644032256 -7.461570560806461 2.4
      vertex 17 -7.5 2.4
    endloop
  endfacet
  facet normal 0.2902846772544611 -0.9569403357322092 0
    outer loop
      vertex 17.76536686473018 -7.347759065022574 0
      vertex 17.76536686473018 -7.347759065022574 2.4
      vertex 17.390180644032256 -7.461570560806461 2.4
    endloop
  endfacet
  facet normal 0.4713967368259997 -0.8819212643483539 0
    outer loop
      vertex 18.111140466039203 -7.162939224605091 0
      vertex 18.111140466039203 -7.162939224605091 2.4
      vertex 17.76536686473018 -7.347759065022574 2.4
    endloop
  endfacet
  facet normal 0.6343932841636427 -0.7730104533627392 0
    outer loop
      vertex 18.414213562373096 -6.914213562373095 0
      vertex 18.414213562373096 -6.914213562373095 2.4
      vertex 18.111140466039203 -7.162939224605091 2.4
    endloop
  endfacet
  facet normal 0.7730104533627387 -0.6343932841636433 0
    outer loop
      vertex 18.66293922460509 -6.611140466039204 0
      vertex 18.66293922460509 -6.611140466039204 2.4
      vertex 18.414213562373096 -6.914213562373095 2.4
    endloop
  endfacet
  facet normal 0.8819212643483559 -0.47139673682599603 0
    outer loop
      vertex 18.847759065022572 -6.265366864730179 0
      vertex 18.847759065022572 -6.265366864730179 2.4
      vertex 18.66293922460509 -6.611140466039204 2.4
    endloop
  endfacet
  facet normal 0.9569403357322077 -0.2902846772544659 0
    outer loop
      vertex 18.96157056080646 -5.890180644032257 0
      vertex 18.96157056080646 -5.890180644032257 2.4
      vertex 18.847759065022572 -6.265366864730179 2.4
    endloop
  endfacet
  facet normal 0.9951847266721969 -0.09801714032956063 0
    outer loop
      vertex 19 -5.5 0
      vertex 19 -5.5 2.4
      vertex 18.96157056080646 -5.890180644032257 2.4
    endloop
  endfacet
  facet normal 0 0 1
    outer loop
      vertex 7.303989998996258 -6.0172000005841255 2.4
      vertex 17 -7.5 2.4
      vertex 9.208370000123978 -6.0172000005841255 2.4
    endloop
  endfacet
  facet normal 0 0 1
    outer loop
      vertex 9.208370000123978 -6.0172000005841255 2.4
      vertex 17 -7.5 2.4
      vertex 10.978250004351139 -1.061439998447895 2.4
    endloop
  endfacet
  facet normal 0 0 -1
    outer loop
      vertex 9.208370000123978 -1.061439998447895 0
      vertex 10.978250004351139 -1.061439998447895 0
      vertex 17 -7.5 0
    endloop
  endfacet
  facet normal 0 0 -1
    outer loop
      vertex 17 -7.5 0
      vertex 17 7.5 0
      vertex 17.390180644032256 -7.461570560806461 0
    endloop
  endfacet
  facet normal 0 0 -1
    outer loop
      vertex 17.390180644032256 -7.461570560806461 0
      vertex 17.390180644032256 7.461570560806461 0
      vertex 17.76536686473018 -7.347759065022574 0
    endloop
  endfacet
  facet normal 0 0 -1
    outer loop
      vertex 17.76536686473018 -7.347759065022574 0
      vertex 17.76536686473018 7.347759065022574 0
      vertex 18.111140466039203 -7.162939224605091 0
    endloop
  endfacet
  facet normal 0 0 -1
    outer loop
      vertex 18.111140466039203 -7.162939224605091 0
      vertex 18.111140466039203 7.162939224605091 0
      vertex 18.414213562373096 -6.914213562373095 0
    endloop
  endfacet
  facet normal 0 0 -1
    outer loop
      vertex 18.414213562373096 -6.914213562373095 0
      vertex 18.414213562373096 6.914213562373095 0
      vertex 18.66293922460509 -6.611140466039204 0
    endloop
  endfacet
  facet normal 0 0 -1
    outer loop
      vertex 18.66293922460509 -6.611140466039204 0
      vertex 18.66293922460509 6.611140466039204 0
      vertex 18.847759065022572 -6.265366864730179 0
    endloop
  endfacet
  facet normal 0 0 -1
    outer loop
      vertex 18.847759065022572 -6.265366864730179 0
      vertex 18.847759065022572 6.265366864730179 0
      vertex 18.96157056080646 -5.890180644032257 0
    endloop
  endfacet
  facet normal 0 0 -1
    outer loop
      vertex 18.96157056080646 -5.890180644032257 0
      vertex 18.96157056080646 5.890180644032257 0
      vertex 19 -5.5 0
    endloop
  endfacet
  facet normal 1 0 0
    outer loop
      vertex 19 -5.5 0
      vertex 19 5.5 0
      vertex 19 -5.5 2.4
    endloop
  endfacet
  facet normal 0 0 -1
    outer loop
      vertex 17 -7.5 0
      vertex 10.978250004351139 -1.061439998447895 0
      vertex 17 7.5 0
    endloop
  endfacet
  facet normal 0 0 1
    outer loop
      vertex 9.208370000123978 -6.0172000005841255 2.4
      vertex 10.978250004351139 -1.061439998447895 2.4
      vertex 9.208370000123978 -1.061439998447895 2.4
    endloop
  endfacet
  facet normal 0 0 1
    outer loop
      vertex 17 -7.5 2.4
      vertex 17.390180644032256 -7.461570560806461 2.4
      vertex 17 7.5 2.4
    endloop
  endfacet
  facet normal 0 0 1
    outer loop
      vertex 17.390180644032256 -7.461570560806461 2.4
      vertex 17.76536686473018 -7.347759065022574 2.4
      vertex 17.390180644032256 7.461570560806461 2.4
    endloop
  endfacet
  facet normal 0 0 1
    outer loop
      vertex 17.76536686473018 -7.347759065022574 2.4
      vertex 18.111140466039203 -7.162939224605091 2.4
      vertex 17.76536686473018 7.347759065022574 2.4
    endloop
  endfacet
  facet normal 0 0 1
    outer loop
      vertex 18.111140466039203 -7.162939224605091 2.4
      vertex 18.414213562373096 -6.914213562373095 2.4
      vertex 18.111140466039203 7.162939224605091 2.4
    endloop
  endfacet
  facet normal 0 0 1
    outer loop
      vertex 18.414213562373096 -6.914213562373095 2.4
      vertex 18.66293922460509 -6.611140466039204 2.4
      vertex 18.414213562373096 6.914213562373095 2.4
    endloop
  endfacet
  facet normal 0 0 1
    outer loop
      vertex 18.66293922460509 -6.611140466039204 2.4
      vertex 18.847759065022572 -6.265366864730179 2.4
      vertex 18.66293922460509 6.611140466039204 2.4
    endloop
  endfacet
  facet normal 0 0 1
    outer loop
      vertex 18.847759065022572 -6.265366864730179 2.4
      vertex 18.96157056080646 -5.890180644032257 2.4
      vertex 18.847759065022572 6.265366864730179 2.4
    endloop
  endfacet
  facet normal 0 0 1
    outer loop
      vertex 18.96157056080646 -5.890180644032257 2.4
      vertex 19 -5.5 2.4
      vertex 18.96157056080646 5.890180644032257 2.4
    endloop
  endfacet
  facet normal 0 0 1
    outer loop
      vertex 17 -7.5 2.4
      vertex 17 7.5 2.4
      vertex 10.978250004351139 -1.061439998447895 2.4
    endloop
  endfacet
  facet normal 0 0 -1
    outer loop
      vertex 2.351744592189789 0.26900000125169754 0
      vertex 1.506642870604992 2.116379998624325 0
      vertex 3.7760500013828278 0.6475799977779388 0
    endloop
  endfacet
  facet normal 0 0 -1
    outer loop
      vertex -0.81106948107481 2.116379998624325 0
      vertex 17 7.5 0
      vertex 1.506642870604992 2.116379998624325 0
    endloop
  endfacet
  facet normal 0 0 -1
    outer loop
      vertex 3.7760500013828278 0.6475799977779388 0
      vertex 1.506642870604992 2.116379998624325 0
      vertex 17 7.5 0
    endloop
  endfacet
  facet normal 0 0 1
    outer loop
      vertex 2.351744592189789 0.26900000125169754 2.4
      vertex 3.7760500013828278 0.6475799977779388 2.4
      vertex 1.5298262100651396 2.0657015577963245 2.4
    endloop
  endfacet
  facet normal 0 0 1
    outer loop
      vertex -0.5 2.116379998624325 2.4
      vertex 0.5 2.116379998624325 2.4
      vertex 0.5 7.444243336414036 2.4
    endloop
  endfacet
  facet normal 0 0 1
    outer loop
      vertex 17 7.5 2.4
      vertex 1.697056274847714 2.202943725152286 2.4
      vertex 1.5298262100651396 2.0657015577963245 2.4
    endloop
  endfacet
  facet normal 0 0 1
    outer loop
      vertex 3.7760500013828278 0.6475799977779388 2.4
      vertex 17 7.5 2.4
      vertex 1.5298262100651396 2.0657015577963245 2.4
    endloop
  endfacet
  facet normal 0 1 0
    outer loop
      vertex -17 7.5 0
      vertex 17 7.5 2.4
      vertex 17 7.5 0
    endloop
  endfacet
  facet normal 0 0 1
    outer loop
      vertex 17 7.5 2.4
      vertex 1.9955270695261085 2.5666314407529547 2.4
      vertex 1.697056274847714 2.202943725152286 2.4
    endloop
  endfacet
  facet normal 0 0 1
    outer loop
      vertex 17 7.5 2.4
      vertex 2.2173108780270883 2.9815597623237844 2.4
      vertex 1.9955270695261085 2.5666314407529547 2.4
    endloop
  endfacet
  facet normal 0 0 1
    outer loop
      vertex 17 7.5 2.4
      vertex 2.353884672967753 3.4317832271612922 2.4
      vertex 2.2173108780270883 2.9815597623237844 2.4
    endloop
  endfacet
  facet normal 0 0 1
    outer loop
      vertex 17 7.5 2.4
      vertex 2.4 3.9 2.4
      vertex 2.353884672967753 3.4317832271612922 2.4
    endloop
  endfacet
  facet normal 0 0 1
    outer loop
      vertex 17 7.5 2.4
      vertex 2.4 5.1 2.4
      vertex 2.4 3.9 2.4
    endloop
  endfacet
  facet normal 0 0 1
    outer loop
      vertex 17 7.5 2.4
      vertex 1.9955270695261085 6.433368559247045 2.4
      vertex 2.2173108780270883 6.018440237676216 2.4
    endloop
  endfacet
  facet normal 0 0 1
    outer loop
      vertex 17 7.5 2.4
      vertex -0.5 7.444243336414036 2.4
      vertex 0.5 7.444243336414036 2.4
    endloop
  endfacet
  facet normal 0 0 1
    outer loop
      vertex 17 7.5 2.4
      vertex 1.697056274847714 6.797056274847714 2.4
      vertex 1.9955270695261085 6.433368559247045 2.4
    endloop
  endfacet
  facet normal 0 0 1
    outer loop
      vertex 17 7.5 2.4
      vertex 1.3333685592470452 7.095527069526108 2.4
      vertex 1.697056274847714 6.797056274847714 2.4
    endloop
  endfacet
  facet normal 0 0 1
    outer loop
      vertex 17 7.5 2.4
      vertex 0.5 7.444243336414036 2.4
      vertex 0.9184402376762154 7.317310878027088 2.4
    endloop
  endfacet
  facet normal 0 0 1
    outer loop
      vertex 17 7.5 2.4
      vertex 0.9184402376762154 7.317310878027088 2.4
      vertex 1.3333685592470452 7.095527069526108 2.4
    endloop
  endfacet
  facet normal 0 0 1
    outer loop
      vertex 17 7.5 2.4
      vertex 2.353884672967753 5.568216772838708 2.4
      vertex 2.4 5.1 2.4
    endloop
  endfacet
  facet normal 0 0 1
    outer loop
      vertex 17 7.5 2.4
      vertex 2.2173108780270883 6.018440237676216 2.4
      vertex 2.353884672967753 5.568216772838708 2.4
    endloop
  endfacet
  facet normal 0 0 -1
    outer loop
      vertex 3.7760500013828278 0.6475799977779388 0
      vertex 17 7.5 0
      vertex 10.978250004351139 0.6475799977779388 0
    endloop
  endfacet
  facet normal 0 0 -1
    outer loop
      vertex 10.978250004351139 -1.061439998447895 0
      vertex 10.978250004351139 0.6475799977779388 0
      vertex 17 7.5 0
    endloop
  endfacet
  facet normal 0 0 -1
    outer loop
      vertex 19 -5.5 0
      vertex 18.96157056080646 5.890180644032257 0
      vertex 19 5.5 0
    endloop
  endfacet
  facet normal 1 0 0
    outer loop
      vertex 19 -5.5 2.4
      vertex 19 5.5 0
      vertex 19 5.5 2.4
    endloop
  endfacet
  facet normal 0 0 -1
    outer loop
      vertex 17.390180644032256 -7.461570560806461 0
      vertex 17 7.5 0
      vertex 17.390180644032256 7.461570560806461 0
    endloop
  endfacet
  facet normal 0 0 -1
    outer loop
      vertex 17.76536686473018 -7.347759065022574 0
      vertex 17.390180644032256 7.461570560806461 0
      vertex 17.76536686473018 7.347759065022574 0
    endloop
  endfacet
  facet normal 0 0 -1
    outer loop
      vertex 18.111140466039203 -7.162939224605091 0
      vertex 17.76536686473018 7.347759065022574 0
      vertex 18.111140466039203 7.162939224605091 0
    endloop
  endfacet
  facet normal 0 0 -1
    outer loop
      vertex 18.414213562373096 -6.914213562373095 0
      vertex 18.111140466039203 7.162939224605091 0
      vertex 18.414213562373096 6.914213562373095 0
    endloop
  endfacet
  facet normal 0 0 -1
    outer loop
      vertex 18.96157056080646 -5.890180644032257 0
      vertex 18.847759065022572 6.265366864730179 0
      vertex 18.96157056080646 5.890180644032257 0
    endloop
  endfacet
  facet normal 0 0 -1
    outer loop
      vertex 18.847759065022572 -6.265366864730179 0
      vertex 18.66293922460509 6.611140466039204 0
      vertex 18.847759065022572 6.265366864730179 0
    endloop
  endfacet
  facet normal 0 0 -1
    outer loop
      vertex 18.66293922460509 -6.611140466039204 0
      vertex 18.414213562373096 6.914213562373095 0
      vertex 18.66293922460509 6.611140466039204 0
    endloop
  endfacet
  facet normal 0 0 1
    outer loop
      vertex 3.7760500013828278 0.6475799977779388 2.4
      vertex 10.978250004351139 0.6475799977779388 2.4
      vertex 17 7.5 2.4
    endloop
  endfacet
  facet normal 0 0 1
    outer loop
      vertex 10.978250004351139 -1.061439998447895 2.4
      vertex 17 7.5 2.4
      vertex 10.978250004351139 0.6475799977779388 2.4
    endloop
  endfacet
  facet normal 0 0 1
    outer loop
      vertex 19 -5.5 2.4
      vertex 19 5.5 2.4
      vertex 18.96157056080646 5.890180644032257 2.4
    endloop
  endfacet
  facet normal 0 0 1
    outer loop
      vertex 17.390180644032256 -7.461570560806461 2.4
      vertex 17.390180644032256 7.461570560806461 2.4
      vertex 17 7.5 2.4
    endloop
  endfacet
  facet normal 0 0 1
    outer loop
      vertex 17.76536686473018 -7.347759065022574 2.4
      vertex 17.76536686473018 7.347759065022574 2.4
      vertex 17.390180644032256 7.461570560806461 2.4
    endloop
  endfacet
  facet normal 0 0 1
    outer loop
      vertex 18.111140466039203 -7.162939224605091 2.4
      vertex 18.111140466039203 7.162939224605091 2.4
      vertex 17.76536686473018 7.347759065022574 2.4
    endloop
  endfacet
  facet normal 0 0 1
    outer loop
      vertex 18.414213562373096 -6.914213562373095 2.4
      vertex 18.414213562373096 6.914213562373095 2.4
      vertex 18.111140466039203 7.162939224605091 2.4
    endloop
  endfacet
  facet normal 0 0 1
    outer loop
      vertex 18.96157056080646 -5.890180644032257 2.4
      vertex 18.96157056080646 5.890180644032257 2.4
      vertex 18.847759065022572 6.265366864730179 2.4
    endloop
  endfacet
  facet normal 0 0 1
    outer loop
      vertex 18.847759065022572 -6.265366864730179 2.4
      vertex 18.847759065022572 6.265366864730179 2.4
      vertex 18.66293922460509 6.611140466039204 2.4
    endloop
  endfacet
  facet normal 0 0 1
    outer loop
      vertex 18.66293922460509 -6.611140466039204 2.4
      vertex 18.66293922460509 6.611140466039204 2.4
      vertex 18.414213562373096 6.914213562373095 2.4
    endloop
  endfacet
  facet normal 0.9951847266721969 0.09801714032956063 0
    outer loop
      vertex 19 5.5 0
      vertex 18.96157056080646 5.890180644032257 0
      vertex 19 5.5 2.4
    endloop
  endfacet
  facet normal 0.9951847266721969 0.09801714032956063 0
    outer loop
      vertex 18.96157056080646 5.890180644032257 0
      vertex 18.96157056080646 5.890180644032257 2.4
      vertex 19 5.5 2.4
    endloop
  endfacet
  facet normal 0.9569403357322077 0.2902846772544659 0
    outer loop
      vertex 18.96157056080646 5.890180644032257 0
      vertex 18.847759065022572 6.265366864730179 0
      vertex 18.96157056080646 5.890180644032257 2.4
    endloop
  endfacet
  facet normal 0.8819212643483559 0.47139673682599603 0
    outer loop
      vertex 18.847759065022572 6.265366864730179 0
      vertex 18.66293922460509 6.611140466039204 0
      vertex 18.847759065022572 6.265366864730179 2.4
    endloop
  endfacet
  facet normal 0.7730104533627387 0.6343932841636433 0
    outer loop
      vertex 18.66293922460509 6.611140466039204 0
      vertex 18.414213562373096 6.914213562373095 0
      vertex 18.66293922460509 6.611140466039204 2.4
    endloop
  endfacet
  facet normal 0.09801714032956085 0.9951847266721969 -6.116316224030831e-19
    outer loop
      vertex 17 7.5 0
      vertex 17.390180644032256 7.461570560806461 2.4
      vertex 17.390180644032256 7.461570560806461 0
    endloop
  endfacet
  facet normal 0.2902846772544611 0.9569403357322092 -3.594634866415353e-18
    outer loop
      vertex 17.390180644032256 7.461570560806461 0
      vertex 17.76536686473018 7.347759065022574 2.4
      vertex 17.76536686473018 7.347759065022574 0
    endloop
  endfacet
  facet normal 0.6343932841636427 0.7730104533627392 0
    outer loop
      vertex 18.414213562373096 6.914213562373095 0
      vertex 18.111140466039203 7.162939224605091 0
      vertex 18.414213562373096 6.914213562373095 2.4
    endloop
  endfacet
  facet normal 0.4713967368259997 0.8819212643483539 2.8221359315777237e-18
    outer loop
      vertex 17.76536686473018 7.347759065022574 0
      vertex 18.111140466039203 7.162939224605091 2.4
      vertex 18.111140466039203 7.162939224605091 0
    endloop
  endfacet
  facet normal 0.9569403357322077 0.2902846772544659 0
    outer loop
      vertex 18.847759065022572 6.265366864730179 0
      vertex 18.847759065022572 6.265366864730179 2.4
      vertex 18.96157056080646 5.890180644032257 2.4
    endloop
  endfacet
  facet normal 0.8819212643483559 0.47139673682599603 0
    outer loop
      vertex 18.66293922460509 6.611140466039204 0
      vertex 18.66293922460509 6.611140466039204 2.4
      vertex 18.847759065022572 6.265366864730179 2.4
    endloop
  endfacet
  facet normal 0.09801714032956085 0.9951847266721969 0
    outer loop
      vertex 17 7.5 0
      vertex 17 7.5 2.4
      vertex 17.390180644032256 7.461570560806461 2.4
    endloop
  endfacet
  facet normal 0.2902846772544611 0.9569403357322092 0
    outer loop
      vertex 17.390180644032256 7.461570560806461 0
      vertex 17.390180644032256 7.461570560806461 2.4
      vertex 17.76536686473018 7.347759065022574 2.4
    endloop
  endfacet
  facet normal 0.6343932841636427 0.7730104533627392 0
    outer loop
      vertex 18.111140466039203 7.162939224605091 0
      vertex 18.111140466039203 7.162939224605091 2.4
      vertex 18.414213562373096 6.914213562373095 2.4
    endloop
  endfacet
  facet normal 0.7730104533627387 0.6343932841636433 0
    outer loop
      vertex 18.414213562373096 6.914213562373095 0
      vertex 18.414213562373096 6.914213562373095 2.4
      vertex 18.66293922460509 6.611140466039204 2.4
    endloop
  endfacet
  facet normal 0.4713967368259997 0.8819212643483539 0
    outer loop
      vertex 17.76536686473018 7.347759065022574 0
      vertex 17.76536686473018 7.347759065022574 2.4
      vertex 18.111140466039203 7.162939224605091 2.4
    endloop
  endfacet
  facet normal 1 0 0
    outer loop
      vertex -9.802129998803139 -6.0172000005841255 0
      vertex -9.802129998803139 0.6719999983906746 2.4
      vertex -9.802129998803139 -6.0172000005841255 2.4
    endloop
  endfacet
  facet normal 1 0 0
    outer loop
      vertex -9.802129998803139 -6.0172000005841255 0
      vertex -9.802129998803139 0.6719999983906746 0
      vertex -9.802129998803139 0.6719999983906746 2.4
    endloop
  endfacet
  facet normal 0 1 0
    outer loop
      vertex -9.802129998803139 -6.0172000005841255 0
      vertex -9.802129998803139 -6.0172000005841255 2.4
      vertex -7.958829998970032 -6.0172000005841255 0
    endloop
  endfacet
  facet normal 0 1 0
    outer loop
      vertex -7.958829998970032 -6.0172000005841255 0
      vertex -9.802129998803139 -6.0172000005841255 2.4
      vertex -7.958829998970032 -6.0172000005841255 2.4
    endloop
  endfacet
  facet normal -1 0 0
    outer loop
      vertex -7.958829998970032 -6.0172000005841255 0
      vertex -7.958829998970032 -6.0172000005841255 2.4
      vertex -7.958829998970032 -2.0743329152464867 2.4
    endloop
  endfacet
  facet normal 0.3518135654881253 0.9360700909325822 0
    outer loop
      vertex -3.7004597038030624 -5.988548815250397 0
      vertex -4.133211247622967 -5.82590302079916 0
      vertex -4.133211247622967 -5.82590302079916 2.4
    endloop
  endfacet
  facet normal 0.26780244716768625 0.9634738446325354 0
    outer loop
      vertex -3.7004597038030624 -5.988548815250397 0
      vertex -3.7004597038030624 -5.988548815250397 2.4
      vertex -3.4991625249385834 -6.044500388205051 0
    endloop
  endfacet
  facet normal 0.10783068405774687 0.9941692730997265 0
    outer loop
      vertex -3.074791230261326 -6.107388272881508 0
      vertex -3.2904472202062607 -6.083997555077076 0
      vertex -3.2904472202062607 -6.083997555077076 2.4
    endloop
  endfacet
  facet normal 0.034585196618337505 0.9994017531377813 0
    outer loop
      vertex -3.074791230261326 -6.107388272881508 0
      vertex -3.074791230261326 -6.107388272881508 2.4
      vertex -2.852316066622734 -6.115087226033211 0
    endloop
  endfacet
  facet normal -0.03420811564044521 0.999414731142347 0
    outer loop
      vertex -2.852316066622734 -6.115087226033211 0
      vertex -2.852316066622734 -6.115087226033211 2.4
      vertex -2.7063810527324677 -6.110092140734196 0
    endloop
  endfacet
  facet normal -0.10638105713796016 0.994325434997119 0
    outer loop
      vertex -2.7063810527324677 -6.110092140734196 0
      vertex -2.7063810527324677 -6.110092140734196 2.4
      vertex -2.5639468282461166 -6.094853363931179 0
    endloop
  endfacet
  facet normal -0.18297212167573268 0.9831181021064971 0
    outer loop
      vertex -2.5639468282461166 -6.094853363931179 0
      vertex -2.5639468282461166 -6.094853363931179 2.4
      vertex -2.425021506845951 -6.068997405469418 0
    endloop
  endfacet
  facet normal 0.1859393338730297 0.9825612266514763 0
    outer loop
      vertex -3.4991625249385834 -6.044500388205051 0
      vertex -3.4991625249385834 -6.044500388205051 2.4
      vertex -3.2904472202062607 -6.083997555077076 0
    endloop
  endfacet
  facet normal -0.26289500596905097 0.9648244481959051 0
    outer loop
      vertex -2.425021506845951 -6.068997405469418 0
      vertex -2.425021506845951 -6.068997405469418 2.4
      vertex -2.2900626733899117 -6.0322238728404045 0
    endloop
  endfacet
  facet normal -0.3446346613846241 0.9387368908124925 0
    outer loop
      vertex -2.2900626733899117 -6.0322238728404045 0
      vertex -2.2900626733899117 -6.0322238728404045 2.4
      vertex -2.1601449102163315 -5.984527692198753 0
    endloop
  endfacet
  facet normal -0.4236970703699519 0.905803948191837 0
    outer loop
      vertex -2.1601449102163315 -5.984527692198753 0
      vertex -2.1601449102163315 -5.984527692198753 2.4
      vertex -2.0379546508193016 -5.927372217178345 0
    endloop
  endfacet
  facet normal -0.5052892491160661 0.8629500418493079 0
    outer loop
      vertex -2.0379546508193016 -5.927372217178345 0
      vertex -2.0379546508193016 -5.927372217178345 2.4
      vertex -1.9246350228786469 -5.8610193729400635 0
    endloop
  endfacet
  facet normal -0.5935517731904404 0.8047958079801882 0
    outer loop
      vertex -1.9246350228786469 -5.8610193729400635 0
      vertex -1.9246350228786469 -5.8610193729400635 2.4
      vertex -1.8200330063700676 -5.783873453736305 0
    endloop
  endfacet
  facet normal -0.6853471891330581 0.7282164721752841 0
    outer loop
      vertex -1.8200330063700676 -5.783873453736305 0
      vertex -1.8200330063700676 -5.783873453736305 2.4
      vertex -1.7256299257278442 -5.6950277760624886 0
    endloop
  endfacet
  facet normal -0.7754354852397155 0.6314268035418256 0
    outer loop
      vertex -1.7256299257278442 -5.6950277760624886 0
      vertex -1.7256299257278442 -5.6950277760624886 2.4
      vertex -1.6448649317026138 -5.595842815935612 0
    endloop
  endfacet
  facet normal 0.6231452276150652 0.7821061470801572 0
    outer loop
      vertex -0.19283757358789444 -5.726162277162075 0
      vertex -0.40994035452604294 -5.553185038268566 0
      vertex -0.40994035452604294 -5.553185038268566 2.4
    endloop
  endfacet
  facet normal 0.5095365478064023 0.8604490144392832 0
    outer loop
      vertex -0.19283757358789444 -5.726162277162075 0
      vertex -0.19283757358789444 -5.726162277162075 2.4
      vertex 0.04772841930389404 -5.868619486689568 0
    endloop
  endfacet
  facet normal 0.26780244716768625 0.9634738446325354 0
    outer loop
      vertex -3.4991625249385834 -6.044500388205051 0
      vertex -3.7004597038030624 -5.988548815250397 2.4
      vertex -3.4991625249385834 -6.044500388205051 2.4
    endloop
  endfacet
  facet normal 0.3518135654881253 0.9360700909325822 0
    outer loop
      vertex -3.7004597038030624 -5.988548815250397 0
      vertex -4.133211247622967 -5.82590302079916 2.4
      vertex -3.7004597038030624 -5.988548815250397 2.4
    endloop
  endfacet
  facet normal 0.1859393338730297 0.9825612266514763 0
    outer loop
      vertex -3.2904472202062607 -6.083997555077076 0
      vertex -3.4991625249385834 -6.044500388205051 2.4
      vertex -3.2904472202062607 -6.083997555077076 2.4
    endloop
  endfacet
  facet normal 0.10783068405774687 0.9941692730997265 0
    outer loop
      vertex -3.074791230261326 -6.107388272881508 0
      vertex -3.2904472202062607 -6.083997555077076 2.4
      vertex -3.074791230261326 -6.107388272881508 2.4
    endloop
  endfacet
  facet normal 0.034585196618337505 0.9994017531377813 0
    outer loop
      vertex -2.852316066622734 -6.115087226033211 0
      vertex -3.074791230261326 -6.107388272881508 2.4
      vertex -2.852316066622734 -6.115087226033211 2.4
    endloop
  endfacet
  facet normal -0.03420811564044521 0.999414731142347 0
    outer loop
      vertex -2.7063810527324677 -6.110092140734196 0
      vertex -2.852316066622734 -6.115087226033211 2.4
      vertex -2.7063810527324677 -6.110092140734196 2.4
    endloop
  endfacet
  facet normal -0.10638105713796016 0.994325434997119 0
    outer loop
      vertex -2.5639468282461166 -6.094853363931179 0
      vertex -2.7063810527324677 -6.110092140734196 2.4
      vertex -2.5639468282461166 -6.094853363931179 2.4
    endloop
  endfacet
  facet normal -0.18297212167573268 0.9831181021064971 0
    outer loop
      vertex -2.425021506845951 -6.068997405469418 0
      vertex -2.5639468282461166 -6.094853363931179 2.4
      vertex -2.425021506845951 -6.068997405469418 2.4
    endloop
  endfacet
  facet normal -0.26289500596905097 0.9648244481959051 0
    outer loop
      vertex -2.2900626733899117 -6.0322238728404045 0
      vertex -2.425021506845951 -6.068997405469418 2.4
      vertex -2.2900626733899117 -6.0322238728404045 2.4
    endloop
  endfacet
  facet normal -0.3446346613846241 0.9387368908124925 0
    outer loop
      vertex -2.1601449102163315 -5.984527692198753 0
      vertex -2.2900626733899117 -6.0322238728404045 2.4
      vertex -2.1601449102163315 -5.984527692198753 2.4
    endloop
  endfacet
  facet normal -0.4236970703699519 0.905803948191837 0
    outer loop
      vertex -2.0379546508193016 -5.927372217178345 0
      vertex -2.1601449102163315 -5.984527692198753 2.4
      vertex -2.0379546508193016 -5.927372217178345 2.4
    endloop
  endfacet
  facet normal -0.5052892491160661 0.8629500418493079 0
    outer loop
      vertex -1.9246350228786469 -5.8610193729400635 0
      vertex -2.0379546508193016 -5.927372217178345 2.4
      vertex -1.9246350228786469 -5.8610193729400635 2.4
    endloop
  endfacet
  facet normal -0.5935517731904404 0.8047958079801882 0
    outer loop
      vertex -1.8200330063700676 -5.783873453736305 0
      vertex -1.9246350228786469 -5.8610193729400635 2.4
      vertex -1.8200330063700676 -5.783873453736305 2.4
    endloop
  endfacet
  facet normal -0.6853471891330581 0.7282164721752841 0
    outer loop
      vertex -1.7256299257278442 -5.6950277760624886 0
      vertex -1.8200330063700676 -5.783873453736305 2.4
      vertex -1.7256299257278442 -5.6950277760624886 2.4
    endloop
  endfacet
  facet normal -0.7754354852397155 0.6314268035418256 0
    outer loop
      vertex -1.6448649317026138 -5.595842815935612 0
      vertex -1.7256299257278442 -5.6950277760624886 2.4
      vertex -1.6448649317026138 -5.595842815935612 2.4
    endloop
  endfacet
  facet normal 0.5095365478064023 0.8604490144392832 0
    outer loop
      vertex -0.19283757358789444 -5.726162277162075 2.4
      vertex 0.04772841930389404 -5.868619486689568 2.4
      vertex 0.04772841930389404 -5.868619486689568 0
    endloop
  endfacet
  facet normal 0.6231452276150652 0.7821061470801572 0
    outer loop
      vertex -0.19283757358789444 -5.726162277162075 0
      vertex -0.40994035452604294 -5.553185038268566 2.4
      vertex -0.19283757358789444 -5.726162277162075 2.4
    endloop
  endfacet
  facet normal 0.9939906828810517 -0.10946470821986652 0
    outer loop
      vertex -4.133211247622967 -5.82590302079916 0
      vertex -3.9578291922807693 -4.233352035284042 0
      vertex -3.9578291922807693 -4.233352035284042 2.4
    endloop
  endfacet
  facet normal -0.32588763926084746 -0.9454085077769249 0
    outer loop
      vertex -3.9578291922807693 -4.233352035284042 0
      vertex -3.436129607260227 -4.413184821605682 0
      vertex -3.436129607260227 -4.413184821605682 2.4
    endloop
  endfacet
  facet normal -0.2852969288282941 -0.9584391803349565 0
    outer loop
      vertex -3.436129607260227 -4.413184821605682 0
      vertex -3.349126808345318 -4.43908279389143 0
      vertex -3.349126808345318 -4.43908279389143 2.4
    endloop
  endfacet
  facet normal -0.2324270768638426 -0.9726138256988379 0
    outer loop
      vertex -3.2788216322660446 -4.455883733928204 0
      vertex -3.2788216322660446 -4.455883733928204 2.4
      vertex -3.349126808345318 -4.43908279389143 0
    endloop
  endfacet
  facet normal -0.1615181532398844 -0.9868697412394288 0
    outer loop
      vertex -3.2788216322660446 -4.455883733928204 0
      vertex -3.2388134971261024 -4.462431751191616 0
      vertex -3.2388134971261024 -4.462431751191616 2.4
    endloop
  endfacet
  facet normal 0.9974720622575485 -0.0710597285082998 0
    outer loop
      vertex -3.2388134971261024 -4.462431751191616 0
      vertex -3.2383551374077797 -4.455997712910175 0
      vertex -3.2383551374077797 -4.455997712910175 2.4
    endloop
  endfacet
  facet normal 0.9993414908813703 -0.03628477095146339 0
    outer loop
      vertex -3.2383551374077797 -4.455997712910175 0
      vertex -3.2342232689261436 -4.342199347913265 0
      vertex -3.2342232689261436 -4.342199347913265 2.4
    endloop
  endfacet
  facet normal 0.9998566459407258 -0.016931850701036883 0
    outer loop
      vertex -3.2342232689261436 -4.342199347913265 0
      vertex -3.2316315174102783 -4.18915169686079 0
      vertex -3.2316315174102783 -4.18915169686079 2.4
    endloop
  endfacet
  facet normal 0.9999893430355964 -0.004616688774041808 0
    outer loop
      vertex -3.2316315174102783 -4.18915169686079 0
      vertex -3.2307500019669533 -3.9982126727700233 0
      vertex -3.2307500019669533 -3.9982126727700233 2.4
    endloop
  endfacet
  facet normal -0.8510186370512106 0.525135486699861 0
    outer loop
      vertex -1.6448649317026138 -5.595842815935612 0
      vertex -1.6448649317026138 -5.595842815935612 2.4
      vertex -1.5791709497570992 -5.489381141960621 0
    endloop
  endfacet
  facet normal -0.9036177957493137 0.42833967736499934 0
    outer loop
      vertex -1.5791709497570992 -5.489381141960621 0
      vertex -1.5791709497570992 -5.489381141960621 2.4
      vertex -1.5258212685585022 -5.376835599541664 0
    endloop
  endfacet
  facet normal -0.9406595036862819 0.3393518795066234 0
    outer loop
      vertex -1.5258212685585022 -5.376835599541664 0
      vertex -1.5258212685585022 -5.376835599541664 2.4
      vertex -1.4829751402139664 -5.258069150149822 0
    endloop
  endfacet
  facet normal -0.9657094236690423 0.2596253243364489 0
    outer loop
      vertex -1.4829751402139664 -5.258069150149822 0
      vertex -1.4829751402139664 -5.258069150149822 2.4
      vertex -1.4494424387812614 -5.133340001106262 0
    endloop
  endfacet
  facet normal -0.9819232862999814 0.1892793169415106 0
    outer loop
      vertex -1.4494424387812614 -5.133340001106262 0
      vertex -1.4494424387812614 -5.133340001106262 2.4
      vertex -1.4245054945349693 -5.003974750638008 0
    endloop
  endfacet
  facet normal -0.9907172608246837 0.13593862256193298 0
    outer loop
      vertex -1.4245054945349693 -5.003974750638008 0
      vertex -1.4245054945349693 -5.003974750638008 2.4
      vertex -1.4086907729506493 -4.888717457652092 0
    endloop
  endfacet
  facet normal -0.9968386660608617 0.07945233694487454 0
    outer loop
      vertex -1.4086907729506493 -4.888717457652092 0
      vertex -1.4086907729506493 -4.888717457652092 2.4
      vertex -1.397177778184414 -4.744271129369736 0
    endloop
  endfacet
  facet normal -0.9989696138430887 0.045384034838146195 0
    outer loop
      vertex -1.397177778184414 -4.744271129369736 0
      vertex -1.397177778184414 -4.744271129369736 2.4
      vertex -1.3894061297178268 -4.5732056722044945 0
    endloop
  endfacet
  facet normal 0.8087866600094984 0.5881021497926018 0
    outer loop
      vertex -0.6016140356659889 -5.352117486298084 0
      vertex -0.7669160813093185 -5.124786078929901 0
      vertex -0.7669160813093185 -5.124786078929901 2.4
    endloop
  endfacet
  facet normal 0.7238128570596957 0.6899963390881727 0
    outer loop
      vertex -0.6016140356659889 -5.352117486298084 0
      vertex -0.6016140356659889 -5.352117486298084 2.4
      vertex -0.40994035452604294 -5.553185038268566 0
    endloop
  endfacet
  facet normal 0.8757025597867383 0.4828509364006183 0
    outer loop
      vertex -0.7669160813093185 -5.124786078929901 0
      vertex -0.905533455312252 -4.873388431966305 0
      vertex -0.905533455312252 -4.873388431966305 2.4
    endloop
  endfacet
  facet normal -0.9997429669943758 0.022671566890762385 0
    outer loop
      vertex -1.3894061297178268 -4.5732056722044945 0
      vertex -1.3894061297178268 -4.5732056722044945 2.4
      vertex -1.3848596811294556 -4.372721955180168 0
    endloop
  endfacet
  facet normal -0.9999790601359129 0.006471420995161454 0
    outer loop
      vertex -1.3848596811294556 -4.372721955180168 0
      vertex -1.3848596811294556 -4.372721955180168 2.4
      vertex -1.3833699971437454 -4.142532512545586 0
    endloop
  endfacet
  facet normal 0.9249704276815228 0.3800390873511048 0
    outer loop
      vertex -0.905533455312252 -4.873388431966305 0
      vertex -1.1778287887573242 -4.210653625428677 0
      vertex -1.1778287887573242 -4.210653625428677 2.4
    endloop
  endfacet
  facet normal 0.16557800010144394 -0.9861966973593079 0
    outer loop
      vertex -1.1778287887573242 -4.210653625428677 0
      vertex -1.032419167459011 -4.186240002512932 0
      vertex -1.032419167459011 -4.186240002512932 2.4
    endloop
  endfacet
  facet normal 0 1 0
    outer loop
      vertex -1.1080805137753487 -4.186240002512932 0
      vertex -1.1080805137753487 -4.186240002512932 2.4
      vertex -1.032419167459011 -4.186240002512932 0
    endloop
  endfacet
  facet normal 0.9939906828810517 -0.10946470821986652 0
    outer loop
      vertex -4.133211247622967 -5.82590302079916 0
      vertex -3.9578291922807693 -4.233352035284042 2.4
      vertex -4.133211247622967 -5.82590302079916 2.4
    endloop
  endfacet
  facet normal -0.32588763926084746 -0.9454085077769249 0
    outer loop
      vertex -3.9578291922807693 -4.233352035284042 0
      vertex -3.436129607260227 -4.413184821605682 2.4
      vertex -3.9578291922807693 -4.233352035284042 2.4
    endloop
  endfacet
  facet normal -0.2852969288282941 -0.9584391803349565 0
    outer loop
      vertex -3.436129607260227 -4.413184821605682 0
      vertex -3.349126808345318 -4.43908279389143 2.4
      vertex -3.436129607260227 -4.413184821605682 2.4
    endloop
  endfacet
  facet normal -0.2324270768638426 -0.9726138256988379 0
    outer loop
      vertex -3.349126808345318 -4.43908279389143 0
      vertex -3.2788216322660446 -4.455883733928204 2.4
      vertex -3.349126808345318 -4.43908279389143 2.4
    endloop
  endfacet
  facet normal 0.9974720622575485 -0.0710597285082998 0
    outer loop
      vertex -3.2388134971261024 -4.462431751191616 0
      vertex -3.2383551374077797 -4.455997712910175 2.4
      vertex -3.2388134971261024 -4.462431751191616 2.4
    endloop
  endfacet
  facet normal -0.1615181532398844 -0.9868697412394288 0
    outer loop
      vertex -3.2788216322660446 -4.455883733928204 0
      vertex -3.2388134971261024 -4.462431751191616 2.4
      vertex -3.2788216322660446 -4.455883733928204 2.4
    endloop
  endfacet
  facet normal 0.9993414908813703 -0.03628477095146339 0
    outer loop
      vertex -3.2383551374077797 -4.455997712910175 0
      vertex -3.2342232689261436 -4.342199347913265 2.4
      vertex -3.2383551374077797 -4.455997712910175 2.4
    endloop
  endfacet
  facet normal 0.9998566459407258 -0.016931850701036883 0
    outer loop
      vertex -3.2342232689261436 -4.342199347913265 0
      vertex -3.2316315174102783 -4.18915169686079 2.4
      vertex -3.2342232689261436 -4.342199347913265 2.4
    endloop
  endfacet
  facet normal 0.9999893430355964 -0.004616688774041808 0
    outer loop
      vertex -3.2316315174102783 -4.18915169686079 0
      vertex -3.2307500019669533 -3.9982126727700233 2.4
      vertex -3.2316315174102783 -4.18915169686079 2.4
    endloop
  endfacet
  facet normal -0.8510186370512106 0.525135486699861 0
    outer loop
      vertex -1.5791709497570992 -5.489381141960621 0
      vertex -1.6448649317026138 -5.595842815935612 2.4
      vertex -1.5791709497570992 -5.489381141960621 2.4
    endloop
  endfacet
  facet normal -0.9036177957493137 0.42833967736499934 0
    outer loop
      vertex -1.5258212685585022 -5.376835599541664 0
      vertex -1.5791709497570992 -5.489381141960621 2.4
      vertex -1.5258212685585022 -5.376835599541664 2.4
    endloop
  endfacet
  facet normal -0.9406595036862819 0.3393518795066234 0
    outer loop
      vertex -1.4829751402139664 -5.258069150149822 0
      vertex -1.5258212685585022 -5.376835599541664 2.4
      vertex -1.4829751402139664 -5.258069150149822 2.4
    endloop
  endfacet
  facet normal -0.9657094236690423 0.2596253243364489 0
    outer loop
      vertex -1.4494424387812614 -5.133340001106262 0
      vertex -1.4829751402139664 -5.258069150149822 2.4
      vertex -1.4494424387812614 -5.133340001106262 2.4
    endloop
  endfacet
  facet normal -0.9819232862999814 0.1892793169415106 0
    outer loop
      vertex -1.4245054945349693 -5.003974750638008 0
      vertex -1.4494424387812614 -5.133340001106262 2.4
      vertex -1.4245054945349693 -5.003974750638008 2.4
    endloop
  endfacet
  facet normal -0.9907172608246837 0.13593862256193298 0
    outer loop
      vertex -1.4086907729506493 -4.888717457652092 0
      vertex -1.4245054945349693 -5.003974750638008 2.4
      vertex -1.4086907729506493 -4.888717457652092 2.4
    endloop
  endfacet
  facet normal -0.9968386660608617 0.07945233694487454 0
    outer loop
      vertex -1.397177778184414 -4.744271129369736 0
      vertex -1.4086907729506493 -4.888717457652092 2.4
      vertex -1.397177778184414 -4.744271129369736 2.4
    endloop
  endfacet
  facet normal 0.8087866600094984 0.5881021497926018 0
    outer loop
      vertex -0.6016140356659889 -5.352117486298084 0
      vertex -0.7669160813093185 -5.124786078929901 2.4
      vertex -0.6016140356659889 -5.352117486298084 2.4
    endloop
  endfacet
  facet normal 0.7238128570596957 0.6899963390881727 0
    outer loop
      vertex -0.40994035452604294 -5.553185038268566 0
      vertex -0.6016140356659889 -5.352117486298084 2.4
      vertex -0.40994035452604294 -5.553185038268566 2.4
    endloop
  endfacet
  facet normal 0.8757025597867383 0.4828509364006183 0
    outer loop
      vertex -0.7669160813093185 -5.124786078929901 0
      vertex -0.905533455312252 -4.873388431966305 2.4
      vertex -0.7669160813093185 -5.124786078929901 2.4
    endloop
  endfacet
  facet normal 0.9249704276815228 0.3800390873511048 0
    outer loop
      vertex -0.905533455312252 -4.873388431966305 0
      vertex -1.1778287887573242 -4.210653625428677 2.4
      vertex -0.905533455312252 -4.873388431966305 2.4
    endloop
  endfacet
  facet normal -0.9989696138430887 0.045384034838146195 0
    outer loop
      vertex -1.3894061297178268 -4.5732056722044945 0
      vertex -1.397177778184414 -4.744271129369736 2.4
      vertex -1.3894061297178268 -4.5732056722044945 2.4
    endloop
  endfacet
  facet normal -0.9997429669943758 0.022671566890762385 0
    outer loop
      vertex -1.3848596811294556 -4.372721955180168 0
      vertex -1.3894061297178268 -4.5732056722044945 2.4
      vertex -1.3848596811294556 -4.372721955180168 2.4
    endloop
  endfacet
  facet normal -0.9999790601359129 0.006471420995161454 0
    outer loop
      vertex -1.3833699971437454 -4.142532512545586 0
      vertex -1.3848596811294556 -4.372721955180168 2.4
      vertex -1.3833699971437454 -4.142532512545586 2.4
    endloop
  endfacet
  facet normal 0.16557800010144394 -0.9861966973593079 0
    outer loop
      vertex -1.1778287887573242 -4.210653625428677 0
      vertex -1.032419167459011 -4.186240002512932 2.4
      vertex -1.1778287887573242 -4.210653625428677 2.4
    endloop
  endfacet
  facet normal 0 1 0
    outer loop
      vertex -1.032419167459011 -4.186240002512932 0
      vertex -1.1080805137753487 -4.186240002512932 2.4
      vertex -1.032419167459011 -4.186240002512932 2.4
    endloop
  endfacet
  facet normal 0.9996332219320527 -0.027081757877643216 0
    outer loop
      vertex -1.1080805137753487 -4.186240002512932 0
      vertex -1.0843256413936615 -3.3094077184796333 2.4
      vertex -1.1080805137753487 -4.186240002512932 2.4
    endloop
  endfacet
  facet normal -1 0 0
    outer loop
      vertex -7.958829998970032 -6.0172000005841255 0
      vertex -7.958829998970032 -2.0743329152464867 2.4
      vertex -7.958829998970032 -2.0743329152464867 0
    endloop
  endfacet
  facet normal 0.429301809080352 0.903161091234746 0
    outer loop
      vertex -7.300001636147499 -2.4229881912469864 0
      vertex -7.64033904671669 -2.2612147629261017 0
      vertex -7.64033904671669 -2.2612147629261017 2.4
    endloop
  endfacet
  facet normal 0.5060827497178607 0.8624849276584543 0
    outer loop
      vertex -7.958829998970032 -2.0743329152464867 0
      vertex -7.958829998970032 -2.0743329152464867 2.4
      vertex -7.64033904671669 -2.2612147629261017 0
    endloop
  endfacet
  facet normal 0.35189047147840524 0.9360411828988646 0
    outer loop
      vertex -7.300001636147499 -2.4229881912469864 0
      vertex -7.300001636147499 -2.4229881912469864 2.4
      vertex -6.481869995594025 -2.7305523604154587 0
    endloop
  endfacet
  facet normal -1 0 0
    outer loop
      vertex -6.481869995594025 -2.7305523604154587 0
      vertex -6.481869995594025 -2.7305523604154587 2.4
      vertex -6.481869995594025 -0.9459129646420479 0
    endloop
  endfacet
  facet normal 0.429301809080352 0.903161091234746 0
    outer loop
      vertex -7.300001636147499 -2.4229881912469864 0
      vertex -7.64033904671669 -2.2612147629261017 2.4
      vertex -7.300001636147499 -2.4229881912469864 2.4
    endloop
  endfacet
  facet normal 0.5060827497178607 0.8624849276584543 0
    outer loop
      vertex -7.64033904671669 -2.2612147629261017 0
      vertex -7.958829998970032 -2.0743329152464867 2.4
      vertex -7.64033904671669 -2.2612147629261017 2.4
    endloop
  endfacet
  facet normal 0.35189047147840524 0.9360411828988646 0
    outer loop
      vertex -6.481869995594025 -2.7305523604154587 0
      vertex -7.300001636147499 -2.4229881912469864 2.4
      vertex -6.481869995594025 -2.7305523604154587 2.4
    endloop
  endfacet
  facet normal -0.5948108277269997 -0.8038657096920614 0
    outer loop
      vertex -7.396981678903103 -0.49810681492090225 0
      vertex -7.396981678903103 -0.49810681492090225 2.4
      vertex -7.585884168744087 -0.358330674469471 0
    endloop
  endfacet
  facet normal -0.5497520910894935 -0.8353278627836671 0
    outer loop
      vertex -7.213583238422871 -0.6188063398003578 0
      vertex -7.213583238422871 -0.6188063398003578 2.4
      vertex -7.396981678903103 -0.49810681492090225 0
    endloop
  endfacet
  facet normal -0.726046600097708 -0.6876455005935533 0
    outer loop
      vertex -7.759335413575172 -0.20934628695249557 0
      vertex -7.759335413575172 -0.20934628695249557 2.4
      vertex -7.90389296412468 -0.05671601742506027 0
    endloop
  endfacet
  facet normal -0.7981531857701418 -0.6024545559998477 0
    outer loop
      vertex -7.90389296412468 -0.05671601742506027 0
      vertex -7.90389296412468 -0.05671601742506027 2.4
      vertex -8.02363334596157 0.10192029178142548 0
    endloop
  endfacet
  facet normal -0.6515773575077735 -0.7585821954034956 0
    outer loop
      vertex -7.759335413575172 -0.20934628695249557 0
      vertex -7.585884168744087 -0.358330674469471 0
      vertex -7.585884168744087 -0.358330674469471 2.4
    endloop
  endfacet
  facet normal -0.354679135910224 -0.9349880804320325 0
    outer loop
      vertex -6.481869995594025 -0.9459129646420479 0
      vertex -6.481869995594025 -0.9459129646420479 2.4
      vertex -6.876150347292423 -0.7963463366031647 0
    endloop
  endfacet
  facet normal -0.4315405126886413 -0.9020935571815291 0
    outer loop
      vertex -7.039754137396812 -0.7180821001529694 0
      vertex -6.876150347292423 -0.7963463366031647 0
      vertex -6.876150347292423 -0.7963463366031647 2.4
    endloop
  endfacet
  facet normal -0.4959312215015096 -0.8683618045146969 0
    outer loop
      vertex -7.213583238422871 -0.6188063398003578 0
      vertex -7.039754137396812 -0.7180821001529694 0
      vertex -7.039754137396812 -0.7180821001529694 2.4
    endloop
  endfacet
  facet normal -0.4959312215015096 -0.8683618045146969 0
    outer loop
      vertex -7.213583238422871 -0.6188063398003578 0
      vertex -7.039754137396812 -0.7180821001529694 2.4
      vertex -7.213583238422871 -0.6188063398003578 2.4
    endloop
  endfacet
  facet normal -0.5948108277269997 -0.8038657096920614 0
    outer loop
      vertex -7.585884168744087 -0.358330674469471 0
      vertex -7.396981678903103 -0.49810681492090225 2.4
      vertex -7.585884168744087 -0.358330674469471 2.4
    endloop
  endfacet
  facet normal -0.5497520910894935 -0.8353278627836671 0
    outer loop
      vertex -7.396981678903103 -0.49810681492090225 0
      vertex -7.213583238422871 -0.6188063398003578 2.4
      vertex -7.396981678903103 -0.49810681492090225 2.4
    endloop
  endfacet
  facet normal -0.726046600097708 -0.6876455005935533 0
    outer loop
      vertex -7.90389296412468 -0.05671601742506027 0
      vertex -7.759335413575172 -0.20934628695249557 2.4
      vertex -7.90389296412468 -0.05671601742506027 2.4
    endloop
  endfacet
  facet normal -0.7981531857701418 -0.6024545559998477 0
    outer loop
      vertex -7.90389296412468 -0.05671601742506027 2.4
      vertex -8.02363334596157 0.10192029178142548 2.4
      vertex -8.02363334596157 0.10192029178142548 0
    endloop
  endfacet
  facet normal -0.6515773575077735 -0.7585821954034956 0
    outer loop
      vertex -7.759335413575172 -0.20934628695249557 0
      vertex -7.585884168744087 -0.358330674469471 2.4
      vertex -7.759335413575172 -0.20934628695249557 2.4
    endloop
  endfacet
  facet normal -1 0 0
    outer loop
      vertex -6.481869995594025 -0.9459129646420479 0
      vertex -6.481869995594025 -2.7305523604154587 2.4
      vertex -6.481869995594025 -0.9459129646420479 2.4
    endloop
  endfacet
  facet normal -0.354679135910224 -0.9349880804320325 0
    outer loop
      vertex -6.876150347292423 -0.7963463366031647 0
      vertex -6.481869995594025 -0.9459129646420479 2.4
      vertex -6.876150347292423 -0.7963463366031647 2.4
    endloop
  endfacet
  facet normal -0.4315405126886413 -0.9020935571815291 0
    outer loop
      vertex -7.039754137396812 -0.7180821001529694 0
      vertex -6.876150347292423 -0.7963463366031647 2.4
      vertex -7.039754137396812 -0.7180821001529694 2.4
    endloop
  endfacet
  facet normal 1 0 0
    outer loop
      vertex -3.2307500019669533 -3.9982126727700233 0
      vertex -3.2307500019669533 -2.6075799986720085 0
      vertex -3.2307500019669533 -2.6075799986720085 2.4
    endloop
  endfacet
  facet normal 0 1 0
    outer loop
      vertex -4.011950001120567 -2.6075799986720085 0
      vertex -4.011950001120567 -2.6075799986720085 2.4
      vertex -3.2307500019669533 -2.6075799986720085 0
    endloop
  endfacet
  facet normal -1 0 0
    outer loop
      vertex -1.3833699971437454 -4.142532512545586 0
      vertex -1.3833699971437454 -4.142532512545586 2.4
      vertex -1.3833699971437454 -2.6075799986720085 0
    endloop
  endfacet
  facet normal 0.9996332219320527 -0.027081757877643216 0
    outer loop
      vertex -1.1080805137753487 -4.186240002512932 0
      vertex -1.0843256413936615 -3.3094077184796333 0
      vertex -1.0843256413936615 -3.3094077184796333 2.4
    endloop
  endfacet
  facet normal 0.9909904536677087 -0.1339325230833385 0
    outer loop
      vertex -1.0843256413936615 -3.3094077184796333 0
      vertex -1.0186445340514183 -2.823421575129032 0
      vertex -1.0186445340514183 -2.823421575129032 2.4
    endloop
  endfacet
  facet normal 0 1 0
    outer loop
      vertex -1.3833699971437454 -2.6075799986720085 0
      vertex -1.3833699971437454 -2.6075799986720085 2.4
      vertex -0.9596706256270409 -2.6075799986720085 0
    endloop
  endfacet
  facet normal 0.964641164343797 -0.26356673548352744 0
    outer loop
      vertex -1.0186445340514183 -2.823421575129032 0
      vertex -0.9596706256270409 -2.6075799986720085 0
      vertex -0.9596706256270409 -2.6075799986720085 2.4
    endloop
  endfacet
  facet normal 0.9099183067279393 -0.4147875059369071 0
    outer loop
      vertex -0.8584899976849556 -2.295899249613285 0
      vertex -0.719861276447773 -1.991789773106575 0
      vertex -0.719861276447773 -1.991789773106575 2.4
    endloop
  endfacet
  facet normal -1 0 0
    outer loop
      vertex -0.8584899976849556 -2.295899249613285 0
      vertex -0.8584899976849556 -2.295899249613285 2.4
      vertex -0.8584899976849556 -0.99617999792099 0
    endloop
  endfacet
  facet normal 1 0 0
    outer loop
      vertex -3.2307500019669533 -3.9982126727700233 0
      vertex -3.2307500019669533 -2.6075799986720085 2.4
      vertex -3.2307500019669533 -3.9982126727700233 2.4
    endloop
  endfacet
  facet normal 1 0 0
    outer loop
      vertex -4.011950001120567 -2.6075799986720085 0
      vertex -4.011950001120567 -0.99617999792099 2.4
      vertex -4.011950001120567 -2.6075799986720085 2.4
    endloop
  endfacet
  facet normal 0 1 0
    outer loop
      vertex -3.2307500019669533 -2.6075799986720085 0
      vertex -4.011950001120567 -2.6075799986720085 2.4
      vertex -3.2307500019669533 -2.6075799986720085 2.4
    endloop
  endfacet
  facet normal -1 0 0
    outer loop
      vertex -1.3833699971437454 -2.6075799986720085 0
      vertex -1.3833699971437454 -4.142532512545586 2.4
      vertex -1.3833699971437454 -2.6075799986720085 2.4
    endloop
  endfacet
  facet normal 0.9909904536677087 -0.1339325230833385 0
    outer loop
      vertex -1.0843256413936615 -3.3094077184796333 0
      vertex -1.0186445340514183 -2.823421575129032 2.4
      vertex -1.0843256413936615 -3.3094077184796333 2.4
    endloop
  endfacet
  facet normal 0.964641164343797 -0.26356673548352744 0
    outer loop
      vertex -1.0186445340514183 -2.823421575129032 0
      vertex -0.9596706256270409 -2.6075799986720085 2.4
      vertex -1.0186445340514183 -2.823421575129032 2.4
    endloop
  endfacet
  facet normal 0 1 0
    outer loop
      vertex -0.9596706256270409 -2.6075799986720085 0
      vertex -1.3833699971437454 -2.6075799986720085 2.4
      vertex -0.9596706256270409 -2.6075799986720085 2.4
    endloop
  endfacet
  facet normal 0.9099183067279393 -0.4147875059369071 0
    outer loop
      vertex -0.8584899976849556 -2.295899249613285 0
      vertex -0.719861276447773 -1.991789773106575 2.4
      vertex -0.8584899976849556 -2.295899249613285 2.4
    endloop
  endfacet
  facet normal 0.8158740946121609 -0.5782295925848024 0
    outer loop
      vertex -0.719861276447773 -1.991789773106575 0
      vertex -0.4816843867301941 -1.6557254195213318 2.4
      vertex -0.719861276447773 -1.991789773106575 2.4
    endloop
  endfacet
  facet normal 1 0 0
    outer loop
      vertex -4.011950001120567 -2.6075799986720085 0
      vertex -4.011950001120567 -0.99617999792099 0
      vertex -4.011950001120567 -0.99617999792099 2.4
    endloop
  endfacet
  facet normal 0 -1 0
    outer loop
      vertex -4.011950001120567 -0.99617999792099 0
      vertex -3.2307500019669533 -0.99617999792099 0
      vertex -3.2307500019669533 -0.99617999792099 2.4
    endloop
  endfacet
  facet normal 0.8158740946121609 -0.5782295925848024 0
    outer loop
      vertex -0.719861276447773 -1.991789773106575 0
      vertex -0.4816843867301941 -1.6557254195213318 0
      vertex -0.4816843867301941 -1.6557254195213318 2.4
    endloop
  endfacet
  facet normal 0.6918652423277721 -0.7220266521803286 0
    outer loop
      vertex -0.4816843867301941 -1.6557254195213318 0
      vertex -0.19510147720575333 -1.381114013493061 0
      vertex -0.19510147720575333 -1.381114013493061 2.4
    endloop
  endfacet
  facet normal 0 -1 0
    outer loop
      vertex -1.3833699971437454 -0.99617999792099 0
      vertex -0.8584899976849556 -0.99617999792099 0
      vertex -0.8584899976849556 -0.99617999792099 2.4
    endloop
  endfacet
  facet normal 0 1 0
    outer loop
      vertex -0.7829088047146797 -1.150959998369217 0
      vertex 0.16996536403894424 -1.150959998369217 2.4
      vertex 0.16996536403894424 -1.150959998369217 0
    endloop
  endfacet
  facet normal -1 0 0
    outer loop
      vertex -1.3833699971437454 -0.99617999792099 0
      vertex -1.3833699971437454 -0.99617999792099 2.4
      vertex -1.3833699971437454 -0.2863696366548538 0
    endloop
  endfacet
  facet normal -0.5027548000274568 -0.8644290665227262 0
    outer loop
      vertex -1.3833699971437454 -0.2863696366548538 0
      vertex -1.3833699971437454 -0.2863696366548538 2.4
      vertex -3.2307500019669533 0.7880726754665375 0
    endloop
  endfacet
  facet normal 0.8185546668857774 -0.5744286355323123 0
    outer loop
      vertex -0.7829088047146797 -1.150959998369217 0
      vertex 0.5198287814855576 0.7054271399974823 0
      vertex -0.7829088047146797 -1.150959998369217 2.4
    endloop
  endfacet
  facet normal 0 -1 0
    outer loop
      vertex -4.011950001120567 -0.99617999792099 0
      vertex -3.2307500019669533 -0.99617999792099 2.4
      vertex -4.011950001120567 -0.99617999792099 2.4
    endloop
  endfacet
  facet normal 1 0 0
    outer loop
      vertex -3.2307500019669533 -0.99617999792099 0
      vertex -3.2307500019669533 0.7880726754665375 2.4
      vertex -3.2307500019669533 -0.99617999792099 2.4
    endloop
  endfacet
  facet normal 0 -1 0
    outer loop
      vertex -1.3833699971437454 -0.99617999792099 0
      vertex -0.8584899976849556 -0.99617999792099 2.4
      vertex -1.3833699971437454 -0.99617999792099 2.4
    endloop
  endfacet
  facet normal -1 0 0
    outer loop
      vertex -0.8584899976849556 -0.99617999792099 0
      vertex -0.8584899976849556 -2.295899249613285 2.4
      vertex -0.8584899976849556 -0.99617999792099 2.4
    endloop
  endfacet
  facet normal 0.6918652423277721 -0.7220266521803286 0
    outer loop
      vertex -0.4816843867301941 -1.6557254195213318 0
      vertex -0.19510147720575333 -1.381114013493061 2.4
      vertex -0.4816843867301941 -1.6557254195213318 2.4
    endloop
  endfacet
  facet normal 0.5485288587293097 -0.836131623095982 0
    outer loop
      vertex -0.19510147720575333 -1.381114013493061 0
      vertex 0.1306421384215355 -1.1674158722162247 2.4
      vertex -0.19510147720575333 -1.381114013493061 2.4
    endloop
  endfacet
  facet normal 0 1 0
    outer loop
      vertex -0.7829088047146797 -1.150959998369217 0
      vertex -0.7829088047146797 -1.150959998369217 2.4
      vertex 0.16996536403894424 -1.150959998369217 2.4
    endloop
  endfacet
  facet normal -1 0 0
    outer loop
      vertex -1.3833699971437454 -0.2863696366548538 0
      vertex -1.3833699971437454 -0.99617999792099 2.4
      vertex -1.3833699971437454 -0.2863696366548538 2.4
    endloop
  endfacet
  facet normal 0 -1 0
    outer loop
      vertex -9.802129998803139 0.6719999983906746 0
      vertex -8.293854668736458 0.6719999983906746 0
      vertex -8.293854668736458 0.6719999983906746 2.4
    endloop
  endfacet
  facet normal -0.8637900634669559 -0.5038518892053022 0
    outer loop
      vertex -8.02363334596157 0.10192029178142548 0
      vertex -8.02363334596157 0.10192029178142548 2.4
      vertex -8.120028086006641 0.2671768292784691 0
    endloop
  endfacet
  facet normal -0.9188728358852583 -0.39455381315123983 0
    outer loop
      vertex -8.120028086006641 0.2671768292784691 0
      vertex -8.120028086006641 0.2671768292784691 2.4
      vertex -8.293854668736458 0.6719999983906746 0
    endloop
  endfacet
  facet normal 0 -1 0
    outer loop
      vertex -9.802129998803139 0.6719999983906746 0
      vertex -8.293854668736458 0.6719999983906746 2.4
      vertex -9.802129998803139 0.6719999983906746 2.4
    endloop
  endfacet
  facet normal -0.8637900634669559 -0.5038518892053022 0
    outer loop
      vertex -8.120028086006641 0.2671768292784691 0
      vertex -8.02363334596157 0.10192029178142548 2.4
      vertex -8.120028086006641 0.2671768292784691 2.4
    endloop
  endfacet
  facet normal -0.9188728358852583 -0.39455381315123983 0
    outer loop
      vertex -8.293854668736458 0.6719999983906746 0
      vertex -8.120028086006641 0.2671768292784691 2.4
      vertex -8.293854668736458 0.6719999983906746 2.4
    endloop
  endfacet
  facet normal 1 0 0
    outer loop
      vertex -3.2307500019669533 -0.99617999792099 0
      vertex -3.2307500019669533 0.7880726754665375 0
      vertex -3.2307500019669533 0.7880726754665375 2.4
    endloop
  endfacet
  facet normal 0.7274423767503654 0.6861687755266773 0
    outer loop
      vertex -0.81106948107481 2.116379998624325 0
      vertex -0.81106948107481 2.116379998624325 2.4
      vertex 0.5198287814855576 0.7054271399974823 0
    endloop
  endfacet
  facet normal -0.5027548000274568 -0.8644290665227262 -2.164572372547243e-17
    outer loop
      vertex -1.3833699971437454 -0.2863696366548538 2.4
      vertex -3.2307500019669533 0.7880726754665375 2.4
      vertex -3.2307500019669533 0.7880726754665375 0
    endloop
  endfacet
  facet normal 0.7274423767503653 0.6861687755266774 -1.6529747596436708e-16
    outer loop
      vertex 0.5198287814855576 0.7054271399974823 0
      vertex -0.81106948107481 2.116379998624325 2.4
      vertex -0.5 1.7865994392074749 2.4
    endloop
  endfacet
  facet normal 0 -1 0
    outer loop
      vertex -0.81106948107481 2.116379998624325 0
      vertex -0.5 2.116379998624325 2.4
      vertex -0.81106948107481 2.116379998624325 2.4
    endloop
  endfacet
  facet normal 0 -1 0
    outer loop
      vertex -0.81106948107481 2.116379998624325 0
      vertex 0.5 2.116379998624325 2.4
      vertex -0.5 2.116379998624325 2.4
    endloop
  endfacet
  facet normal 0.15161400818140155 0.9884397768823198 0
    outer loop
      vertex 0.8821154907345772 -6.100511327385902 0
      vertex 0.5874474421143532 -6.055313020944595 0
      vertex 0.5874474421143532 -6.055313020944595 2.4
    endloop
  endfacet
  facet normal 0.047538689159772156 0.9988693973853491 0
    outer loop
      vertex 0.8821154907345772 -6.100511327385902 0
      vertex 0.8821154907345772 -6.100511327385902 2.4
      vertex 1.1960778161883354 -6.115453578531742 0
    endloop
  endfacet
  facet normal 0.3875305826660271 0.9218568476170959 0
    outer loop
      vertex 0.04772841930389404 -5.868619486689568 0
      vertex 0.04772841930389404 -5.868619486689568 2.4
      vertex 0.3087363541126251 -5.978342115879059 0
    endloop
  endfacet
  facet normal 0.26620245106237206 0.9639171411736517 0
    outer loop
      vertex 0.3087363541126251 -5.978342115879059 0
      vertex 0.3087363541126251 -5.978342115879059 2.4
      vertex 0.5874474421143532 -6.055313020944595 0
    endloop
  endfacet
  facet normal -0.06876845034449568 0.997632647940722 0
    outer loop
      vertex 1.1960778161883354 -6.115453578531742 0
      vertex 1.1960778161883354 -6.115453578531742 2.4
      vertex 1.6716868206858635 -6.082669071853161 0
    endloop
  endfacet
  facet normal -0.22624577302328405 0.9740702491037783 0
    outer loop
      vertex 1.6716868206858635 -6.082669071853161 0
      vertex 1.6716868206858635 -6.082669071853161 2.4
      vertex 2.1114866137504578 -5.980517461895943 0
    endloop
  endfacet
  facet normal -0.4038872794666956 0.9148087589682291 0
    outer loop
      vertex 2.1114866137504578 -5.980517461895943 0
      vertex 2.1114866137504578 -5.980517461895943 2.4
      vertex 2.5086034014821053 -5.805190742015839 0
    endloop
  endfacet
  facet normal -0.5838383309202267 0.8118699423850373 0
    outer loop
      vertex 2.5086034014821053 -5.805190742015839 0
      vertex 2.5086034014821053 -5.805190742015839 2.4
      vertex 2.8552008867263794 -5.555942818522453 0
    endloop
  endfacet
  facet normal 0 1 0
    outer loop
      vertex 3.7760500013828278 -6.0172000005841255 0
      vertex 3.7760500013828278 -6.0172000005841255 2.4
      vertex 5.619410000741482 -6.0172000005841255 0
    endloop
  endfacet
  facet normal 0.15161400818140155 0.9884397768823198 0
    outer loop
      vertex 0.8821154907345772 -6.100511327385902 0
      vertex 0.5874474421143532 -6.055313020944595 2.4
      vertex 0.8821154907345772 -6.100511327385902 2.4
    endloop
  endfacet
  facet normal 0.047538689159772156 0.9988693973853491 0
    outer loop
      vertex 1.1960778161883354 -6.115453578531742 0
      vertex 0.8821154907345772 -6.100511327385902 2.4
      vertex 1.1960778161883354 -6.115453578531742 2.4
    endloop
  endfacet
  facet normal 0.3875305826660271 0.9218568476170959 0
    outer loop
      vertex 0.3087363541126251 -5.978342115879059 0
      vertex 0.04772841930389404 -5.868619486689568 2.4
      vertex 0.3087363541126251 -5.978342115879059 2.4
    endloop
  endfacet
  facet normal 0.26620245106237206 0.9639171411736517 0
    outer loop
      vertex 0.5874474421143532 -6.055313020944595 0
      vertex 0.3087363541126251 -5.978342115879059 2.4
      vertex 0.5874474421143532 -6.055313020944595 2.4
    endloop
  endfacet
  facet normal -0.06876845034449568 0.997632647940722 0
    outer loop
      vertex 1.6716868206858635 -6.082669071853161 0
      vertex 1.1960778161883354 -6.115453578531742 2.4
      vertex 1.6716868206858635 -6.082669071853161 2.4
    endloop
  endfacet
  facet normal -0.22624577302328405 0.9740702491037783 0
    outer loop
      vertex 2.1114866137504578 -5.980517461895943 0
      vertex 1.6716868206858635 -6.082669071853161 2.4
      vertex 2.1114866137504578 -5.980517461895943 2.4
    endloop
  endfacet
  facet normal -0.4038872794666956 0.9148087589682291 0
    outer loop
      vertex 2.5086034014821053 -5.805190742015839 0
      vertex 2.1114866137504578 -5.980517461895943 2.4
      vertex 2.5086034014821053 -5.805190742015839 2.4
    endloop
  endfacet
  facet normal -0.5838383309202267 0.8118699423850373 0
    outer loop
      vertex 2.8552008867263794 -5.555942818522453 0
      vertex 2.5086034014821053 -5.805190742015839 2.4
      vertex 2.8552008867263794 -5.555942818522453 2.4
    endloop
  endfacet
  facet normal -0.4409268517774254 -0.8975430415203765 0
    outer loop
      vertex 0.982483021914959 -4.513828307390213 0
      vertex 1.020494356751442 -4.532501749694347 0
      vertex 1.020494356751442 -4.532501749694347 2.4
    endloop
  endfacet
  facet normal -0.17802330951243756 -0.9840262706199661 0
    outer loop
      vertex 1.0645126327872276 -4.546778738498688 0
      vertex 1.1172803193330765 -4.5563251078128815 0
      vertex 1.1172803193330765 -4.5563251078128815 2.4
    endloop
  endfacet
  facet normal -0.3085201676962868 -0.9512178016230852 0
    outer loop
      vertex 1.020494356751442 -4.532501749694347 0
      vertex 1.0645126327872276 -4.546778738498688 0
      vertex 1.0645126327872276 -4.546778738498688 2.4
    endloop
  endfacet
  facet normal -0.05625100093221003 -0.998416658962642 0
    outer loop
      vertex 1.1172803193330765 -4.5563251078128815 0
      vertex 1.1770101115107536 -4.559690296649933 0
      vertex 1.1770101115107536 -4.559690296649933 2.4
    endloop
  endfacet
  facet normal -0.6864601362665506 -0.7271674369200735 0
    outer loop
      vertex 0.9491729140281677 -4.490912608802319 0
      vertex 0.9491729140281677 -4.490912608802319 2.4
      vertex 0.9184545949101448 -4.461913920938969 0
    endloop
  endfacet
  facet normal -0.5667807119306476 -0.823868693775524 0
    outer loop
      vertex 0.982483021914959 -4.513828307390213 0
      vertex 0.982483021914959 -4.513828307390213 2.4
      vertex 0.9491729140281677 -4.490912608802319 0
    endloop
  endfacet
  facet normal -0.7883169435742984 -0.6152693690357715 0
    outer loop
      vertex 0.9184545949101448 -4.461913920938969 0
      vertex 0.9184545949101448 -4.461913920938969 2.4
      vertex 0.8865736946463585 -4.4210663586854935 0
    endloop
  endfacet
  facet normal -0.8626830642232401 -0.5057449265216617 0
    outer loop
      vertex 0.8865736946463585 -4.4210663586854935 0
      vertex 0.8865736946463585 -4.4210663586854935 2.4
      vertex 0.8529917150735855 -4.363783322274685 0
    endloop
  endfacet
  facet normal -0.9142437975463535 -0.40516450812974997 0
    outer loop
      vertex 0.8529917150735855 -4.363783322274685 0
      vertex 0.8529917150735855 -4.363783322274685 2.4
      vertex 0.8196023181080818 -4.288440965116024 0
    endloop
  endfacet
  facet normal -0.9486666501625028 -0.3162777052994021 0
    outer loop
      vertex 0.8196023181080818 -4.288440965116024 0
      vertex 0.8196023181080818 -4.288440965116024 2.4
      vertex 0.7855293527245522 -4.186240002512932 0
    endloop
  endfacet
  facet normal 0 1 0
    outer loop
      vertex 0.7855293527245522 -4.186240002512932 0
      vertex 0.7855293527245522 -4.186240002512932 2.4
      vertex 1.7023057341575623 -4.186240002512932 0
    endloop
  endfacet
  facet normal 0.07388954458763375 -0.9972664314016751 0
    outer loop
      vertex 1.1770101115107536 -4.559690296649933 0
      vertex 1.2788910493254662 -4.552141726016998 0
      vertex 1.2788910493254662 -4.552141726016998 2.4
    endloop
  endfacet
  facet normal 0.23204130769819437 -0.9727059327061348 0
    outer loop
      vertex 1.2788910493254662 -4.552141726016998 0
      vertex 1.364614725112915 -4.531692139804363 0
      vertex 1.364614725112915 -4.531692139804363 2.4
    endloop
  endfacet
  facet normal 0.39425246652830864 -0.9190021722696551 0
    outer loop
      vertex 1.364614725112915 -4.531692139804363 0
      vertex 1.4410359039902687 -4.498907409608364 0
      vertex 1.4410359039902687 -4.498907409608364 2.4
    endloop
  endfacet
  facet normal 0.5462389975729239 -0.8376293676385321 0
    outer loop
      vertex 1.4410359039902687 -4.498907409608364 0
      vertex 1.5129438936710358 -4.4520144164562225 0
      vertex 1.5129438936710358 -4.4520144164562225 2.4
    endloop
  endfacet
  facet normal 0.6759079027192859 -0.7369860969120221 0
    outer loop
      vertex 1.5129438936710358 -4.4520144164562225 0
      vertex 1.5815022811293602 -4.389137849211693 0
      vertex 1.5815022811293602 -4.389137849211693 2.4
    endloop
  endfacet
  facet normal 0.7871677327848237 -0.6167389727124437 0
    outer loop
      vertex 1.5815022811293602 -4.389137849211693 0
      vertex 1.6410082057118416 -4.3131881430745125 0
      vertex 1.6410082057118416 -4.3131881430745125 2.4
    endloop
  endfacet
  facet normal 0.8804270553856376 -0.4741816109308495 0
    outer loop
      vertex 1.6410082057118416 -4.3131881430745125 0
      vertex 1.6892205253243446 -4.2236708998680115 0
      vertex 1.6892205253243446 -4.2236708998680115 2.4
    endloop
  endfacet
  facet normal 0.9439810027279496 -0.3299997977101425 0
    outer loop
      vertex 1.6892205253243446 -4.2236708998680115 0
      vertex 1.7023057341575623 -4.186240002512932 0
      vertex 1.7023057341575623 -4.186240002512932 2.4
    endloop
  endfacet
  facet normal -0.7415310160162841 0.6709185884187868 0
    outer loop
      vertex 2.8552008867263794 -5.555942818522453 0
      vertex 2.8552008867263794 -5.555942818522453 2.4
      vertex 3.1413720175623894 -5.2396529242396355 0
    endloop
  endfacet
  facet normal -0.8501767053184079 0.5264974546319638 0
    outer loop
      vertex 3.1413720175623894 -5.2396529242396355 0
      vertex 3.1413720175623894 -5.2396529242396355 2.4
      vertex 3.3249550238251686 -4.9432070553302765 0
    endloop
  endfacet
  facet normal -0.9159826490667369 0.4012178792235999 0
    outer loop
      vertex 3.3249550238251686 -4.9432070553302765 0
      vertex 3.3249550238251686 -4.9432070553302765 2.4
      vertex 3.463917337357998 -4.625955320894718 0
    endloop
  endfacet
  facet normal -0.9612281704087886 0.2757542464089589 0
    outer loop
      vertex 3.463917337357998 -4.625955320894718 0
      vertex 3.463917337357998 -4.625955320894718 2.4
      vertex 3.5616913735866547 -4.28513316065073 0
    endloop
  endfacet
  facet normal -0.9876060779825689 0.1569529698090742 0
    outer loop
      vertex 3.5616913735866547 -4.28513316065073 0
      vertex 3.5616913735866547 -4.28513316065073 2.4
      vertex 3.6192856580018997 -3.922728642821312 0
    endloop
  endfacet
  facet normal -0.9987918649826589 0.049140720837835196 0
    outer loop
      vertex 3.6192856580018997 -3.922728642821312 0
      vertex 3.6192856580018997 -3.922728642821312 2.4
      vertex 3.6382001638412476 -3.538288727402687 0
    endloop
  endfacet
  facet normal -0.3085201676962868 -0.9512178016230852 0
    outer loop
      vertex 1.020494356751442 -4.532501749694347 0
      vertex 1.0645126327872276 -4.546778738498688 2.4
      vertex 1.020494356751442 -4.532501749694347 2.4
    endloop
  endfacet
  facet normal -0.17802330951243756 -0.9840262706199661 0
    outer loop
      vertex 1.0645126327872276 -4.546778738498688 0
      vertex 1.1172803193330765 -4.5563251078128815 2.4
      vertex 1.0645126327872276 -4.546778738498688 2.4
    endloop
  endfacet
  facet normal -0.05625100093221003 -0.998416658962642 0
    outer loop
      vertex 1.1172803193330765 -4.5563251078128815 0
      vertex 1.1770101115107536 -4.559690296649933 2.4
      vertex 1.1172803193330765 -4.5563251078128815 2.4
    endloop
  endfacet
  facet normal -0.5667807119306476 -0.823868693775524 0
    outer loop
      vertex 0.9491729140281677 -4.490912608802319 0
      vertex 0.982483021914959 -4.513828307390213 2.4
      vertex 0.9491729140281677 -4.490912608802319 2.4
    endloop
  endfacet
  facet normal -0.6864601362665506 -0.7271674369200735 0
    outer loop
      vertex 0.9184545949101448 -4.461913920938969 0
      vertex 0.9491729140281677 -4.490912608802319 2.4
      vertex 0.9184545949101448 -4.461913920938969 2.4
    endloop
  endfacet
  facet normal -0.4409268517774254 -0.8975430415203765 0
    outer loop
      vertex 0.982483021914959 -4.513828307390213 0
      vertex 1.020494356751442 -4.532501749694347 2.4
      vertex 0.982483021914959 -4.513828307390213 2.4
    endloop
  endfacet
  facet normal -0.7883169435742984 -0.6152693690357715 0
    outer loop
      vertex 0.8865736946463585 -4.4210663586854935 0
      vertex 0.9184545949101448 -4.461913920938969 2.4
      vertex 0.8865736946463585 -4.4210663586854935 2.4
    endloop
  endfacet
  facet normal -0.8626830642232401 -0.5057449265216617 0
    outer loop
      vertex 0.8529917150735855 -4.363783322274685 0
      vertex 0.8865736946463585 -4.4210663586854935 2.4
      vertex 0.8529917150735855 -4.363783322274685 2.4
    endloop
  endfacet
  facet normal -0.9142437975463535 -0.40516450812974997 0
    outer loop
      vertex 0.8196023181080818 -4.288440965116024 0
      vertex 0.8529917150735855 -4.363783322274685 2.4
      vertex 0.8196023181080818 -4.288440965116024 2.4
    endloop
  endfacet
  facet normal -0.9486666501625028 -0.3162777052994021 0
    outer loop
      vertex 0.7855293527245522 -4.186240002512932 0
      vertex 0.8196023181080818 -4.288440965116024 2.4
      vertex 0.7855293527245522 -4.186240002512932 2.4
    endloop
  endfacet
  facet normal 0.07388954458763375 -0.9972664314016751 0
    outer loop
      vertex 1.1770101115107536 -4.559690296649933 0
      vertex 1.2788910493254662 -4.552141726016998 2.4
      vertex 1.1770101115107536 -4.559690296649933 2.4
    endloop
  endfacet
  facet normal 0.23204130769819437 -0.9727059327061348 0
    outer loop
      vertex 1.2788910493254662 -4.552141726016998 0
      vertex 1.364614725112915 -4.531692139804363 2.4
      vertex 1.2788910493254662 -4.552141726016998 2.4
    endloop
  endfacet
  facet normal 0.39425246652830864 -0.9190021722696551 0
    outer loop
      vertex 1.364614725112915 -4.531692139804363 0
      vertex 1.4410359039902687 -4.498907409608364 2.4
      vertex 1.364614725112915 -4.531692139804363 2.4
    endloop
  endfacet
  facet normal 0.5462389975729239 -0.8376293676385321 0
    outer loop
      vertex 1.4410359039902687 -4.498907409608364 0
      vertex 1.5129438936710358 -4.4520144164562225 2.4
      vertex 1.4410359039902687 -4.498907409608364 2.4
    endloop
  endfacet
  facet normal 0.6759079027192859 -0.7369860969120221 0
    outer loop
      vertex 1.5129438936710358 -4.4520144164562225 0
      vertex 1.5815022811293602 -4.389137849211693 2.4
      vertex 1.5129438936710358 -4.4520144164562225 2.4
    endloop
  endfacet
  facet normal 0 1 0
    outer loop
      vertex 1.7023057341575623 -4.186240002512932 0
      vertex 0.7855293527245522 -4.186240002512932 2.4
      vertex 1.7023057341575623 -4.186240002512932 2.4
    endloop
  endfacet
  facet normal 0.7871677327848237 -0.6167389727124437 0
    outer loop
      vertex 1.5815022811293602 -4.389137849211693 0
      vertex 1.6410082057118416 -4.3131881430745125 2.4
      vertex 1.5815022811293602 -4.389137849211693 2.4
    endloop
  endfacet
  facet normal 0.8804270553856376 -0.4741816109308495 0
    outer loop
      vertex 1.6410082057118416 -4.3131881430745125 0
      vertex 1.6892205253243446 -4.2236708998680115 2.4
      vertex 1.6410082057118416 -4.3131881430745125 2.4
    endloop
  endfacet
  facet normal 0.9439810027279496 -0.3299997977101425 0
    outer loop
      vertex 1.6892205253243446 -4.2236708998680115 0
      vertex 1.7023057341575623 -4.186240002512932 2.4
      vertex 1.6892205253243446 -4.2236708998680115 2.4
    endloop
  endfacet
  facet normal -0.7415310160162841 0.6709185884187868 0
    outer loop
      vertex 3.1413720175623894 -5.2396529242396355 0
      vertex 2.8552008867263794 -5.555942818522453 2.4
      vertex 3.1413720175623894 -5.2396529242396355 2.4
    endloop
  endfacet
  facet normal -0.8501767053184079 0.5264974546319638 0
    outer loop
      vertex 3.3249550238251686 -4.9432070553302765 0
      vertex 3.1413720175623894 -5.2396529242396355 2.4
      vertex 3.3249550238251686 -4.9432070553302765 2.4
    endloop
  endfacet
  facet normal -0.9159826490667369 0.4012178792235999 0
    outer loop
      vertex 3.463917337357998 -4.625955320894718 0
      vertex 3.3249550238251686 -4.9432070553302765 2.4
      vertex 3.463917337357998 -4.625955320894718 2.4
    endloop
  endfacet
  facet normal -0.9612281704087886 0.2757542464089589 0
    outer loop
      vertex 3.5616913735866547 -4.28513316065073 0
      vertex 3.463917337357998 -4.625955320894718 2.4
      vertex 3.5616913735866547 -4.28513316065073 2.4
    endloop
  endfacet
  facet normal 1 0 0
    outer loop
      vertex 3.7760500013828278 -6.0172000005841255 0
      vertex 3.7760500013828278 -1.6659044123747773 2.4
      vertex 3.7760500013828278 -6.0172000005841255 2.4
    endloop
  endfacet
  facet normal -0.9876060779825689 0.1569529698090742 0
    outer loop
      vertex 3.6192856580018997 -3.922728642821312 0
      vertex 3.5616913735866547 -4.28513316065073 2.4
      vertex 3.6192856580018997 -3.922728642821312 2.4
    endloop
  endfacet
  facet normal 0 1 0
    outer loop
      vertex 7.303989998996258 -6.0172000005841255 0
      vertex 7.303989998996258 -6.0172000005841255 2.4
      vertex 9.208370000123978 -6.0172000005841255 0
    endloop
  endfacet
  facet normal 0 1 0
    outer loop
      vertex 5.619410000741482 -6.0172000005841255 0
      vertex 3.7760500013828278 -6.0172000005841255 2.4
      vertex 5.619410000741482 -6.0172000005841255 2.4
    endloop
  endfacet
  facet normal 0 1 0
    outer loop
      vertex 9.208370000123978 -6.0172000005841255 0
      vertex 7.303989998996258 -6.0172000005841255 2.4
      vertex 9.208370000123978 -6.0172000005841255 2.4
    endloop
  endfacet
  facet normal -1 0 0
    outer loop
      vertex 5.619410000741482 -6.0172000005841255 0
      vertex 5.619410000741482 -6.0172000005841255 2.4
      vertex 5.619410000741482 -1.061439998447895 0
    endloop
  endfacet
  facet normal -1 0 0
    outer loop
      vertex 9.208370000123978 -6.0172000005841255 0
      vertex 9.208370000123978 -6.0172000005841255 2.4
      vertex 9.208370000123978 -1.061439998447895 0
    endloop
  endfacet
  facet normal 1 0 0
    outer loop
      vertex 7.303989998996258 -6.0172000005841255 0
      vertex 7.303989998996258 -1.061439998447895 2.4
      vertex 7.303989998996258 -6.0172000005841255 2.4
    endloop
  endfacet
  facet normal -0.9468921227199434 0.3215514079131356 0
    outer loop
      vertex 0.8001415580511093 -2.7864599972963333 0
      vertex 0.8001415580511093 -2.7864599972963333 2.4
      vertex 0.8072729110717773 -2.76545986533165 0
    endloop
  endfacet
  facet normal -0.8838317287160175 0.46780495435048175 0
    outer loop
      vertex 0.8072729110717773 -2.76545986533165 0
      vertex 0.8072729110717773 -2.76545986533165 2.4
      vertex 0.849444255232811 -2.685784839093685 0
    endloop
  endfacet
  facet normal 0 -1 0
    outer loop
      vertex 0.8001415580511093 -2.7864599972963333 0
      vertex 1.6889685615897179 -2.7864599972963333 0
      vertex 1.6889685615897179 -2.7864599972963333 2.4
    endloop
  endfacet
  facet normal 0.9512634714030346 0.30837932481644775 0
    outer loop
      vertex 1.6889685615897179 -2.7864599972963333 0
      vertex 1.6868357211351395 -2.7798807844519615 0
      vertex 1.6868357211351395 -2.7798807844519615 2.4
    endloop
  endfacet
  facet normal -0.7873466509256315 0.6165105443349624 0
    outer loop
      vertex 0.849444255232811 -2.685784839093685 0
      vertex 0.849444255232811 -2.685784839093685 2.4
      vertex 0.9006037563085556 -2.6204489544034004 0
    endloop
  endfacet
  facet normal -0.6741988447030886 0.7385498749583678 0
    outer loop
      vertex 0.9006037563085556 -2.6204489544034004 0
      vertex 0.9006037563085556 -2.6204489544034004 2.4
      vertex 0.9602345004677773 -2.5660139322280884 0
    endloop
  endfacet
  facet normal -0.5482531222642358 0.8363124499417172 0
    outer loop
      vertex 0.9602345004677773 -2.5660139322280884 0
      vertex 0.9602345004677773 -2.5660139322280884 2.4
      vertex 1.0222285985946655 -2.5253730714321136 0
    endloop
  endfacet
  facet normal -0.3988209305666965 0.9170288247061343 0
    outer loop
      vertex 1.0222285985946655 -2.5253730714321136 0
      vertex 1.0222285985946655 -2.5253730714321136 2.4
      vertex 1.0861299335956573 -2.4975820258259773 0
    endloop
  endfacet
  facet normal -0.23667272094934416 0.971589431374402 0
    outer loop
      vertex 1.0861299335956573 -2.4975820258259773 0
      vertex 1.0861299335956573 -2.4975820258259773 2.4
      vertex 1.1564409583806992 -2.4804547280073166 0
    endloop
  endfacet
  facet normal -0.07591588588122272 0.9971142252875892 0
    outer loop
      vertex 1.1564409583806992 -2.4804547280073166 0
      vertex 1.1564409583806992 -2.4804547280073166 2.4
      vertex 1.2372265011072159 -2.47430407255888 0
    endloop
  endfacet
  facet normal 0.40340197432994507 0.9150228669856848 0
    outer loop
      vertex 1.4696603491902351 -2.5291240960359573 0
      vertex 1.4027644917368889 -2.4996320232748985 0
      vertex 1.4027644917368889 -2.4996320232748985 2.4
    endloop
  endfacet
  facet normal 0.7996964335112116 0.6004045421459172 0
    outer loop
      vertex 1.6453998014330864 -2.6990016996860504 0
      vertex 1.5929938107728958 -2.6292006224393845 0
      vertex 1.5929938107728958 -2.6292006224393845 2.4
    endloop
  endfacet
  facet normal 0.8899985017177922 0.4559634491273233 0
    outer loop
      vertex 1.6868357211351395 -2.7798807844519615 0
      vertex 1.6453998014330864 -2.6990016996860504 0
      vertex 1.6453998014330864 -2.6990016996860504 2.4
    endloop
  endfacet
  facet normal 0.6903443989487452 0.723480898738934 0
    outer loop
      vertex 1.5929938107728958 -2.6292006224393845 0
      vertex 1.5324885994195938 -2.571466639637947 0
      vertex 1.5324885994195938 -2.571466639637947 2.4
    endloop
  endfacet
  facet normal 0.5588694936680766 0.8292556234643137 0
    outer loop
      vertex 1.4696603491902351 -2.5291240960359573 0
      vertex 1.4696603491902351 -2.5291240960359573 2.4
      vertex 1.5324885994195938 -2.571466639637947 0
    endloop
  endfacet
  facet normal 0.07525391704794065 0.9971644036812294 0
    outer loop
      vertex 1.2372265011072159 -2.47430407255888 0
      vertex 1.2372265011072159 -2.47430407255888 2.4
      vertex 1.3265978321433067 -2.4810487404465675 0
    endloop
  endfacet
  facet normal 0.2370289995312925 0.9715025750769755 0
    outer loop
      vertex 1.3265978321433067 -2.4810487404465675 0
      vertex 1.3265978321433067 -2.4810487404465675 2.4
      vertex 1.4027644917368889 -2.4996320232748985 0
    endloop
  endfacet
  facet normal -0.9985103872890012 -0.054561950807948414 0
    outer loop
      vertex 3.6382001638412476 -3.538288727402687 0
      vertex 3.6382001638412476 -3.538288727402687 2.4
      vertex 3.613566115498543 -3.0874735936522484 0
    endloop
  endfacet
  facet normal -0.9841359549027207 -0.1774159583231174 0
    outer loop
      vertex 3.613566115498543 -3.0874735936522484 0
      vertex 3.613566115498543 -3.0874735936522484 2.4
      vertex 3.5378698334097862 -2.667582206428051 0
    endloop
  endfacet
  facet normal -0.9485682168118176 -0.31657280056007425 0
    outer loop
      vertex 3.5378698334097862 -2.667582206428051 0
      vertex 3.5378698334097862 -2.667582206428051 2.4
      vertex 3.4086201190948486 -2.280302658677101 0
    endloop
  endfacet
  facet normal -0.8852423838303021 -0.46513000534306975 0
    outer loop
      vertex 3.4086201190948486 -2.280302658677101 0
      vertex 3.4086201190948486 -2.280302658677101 2.4
      vertex 3.2240646556019783 -1.9290539398789406 0
    endloop
  endfacet
  facet normal -0.7916938524634016 -0.6109180337587503 0
    outer loop
      vertex 3.2240646556019783 -1.9290539398789406 0
      vertex 3.2240646556019783 -1.9290539398789406 2.4
      vertex 2.985493592917919 -1.6198876798152924 0
    endloop
  endfacet
  facet normal 1 0 0
    outer loop
      vertex 3.7760500013828278 -6.0172000005841255 0
      vertex 3.7760500013828278 -1.6659044123747773 0
      vertex 3.7760500013828278 0.6475799977779388 2.4
    endloop
  endfacet
  facet normal -0.9468921227199434 0.3215514079131356 0
    outer loop
      vertex 0.8072729110717773 -2.76545986533165 0
      vertex 0.8001415580511093 -2.7864599972963333 2.4
      vertex 0.8072729110717773 -2.76545986533165 2.4
    endloop
  endfacet
  facet normal 0 -1 0
    outer loop
      vertex 0.8001415580511093 -2.7864599972963333 0
      vertex 1.6889685615897179 -2.7864599972963333 2.4
      vertex 0.8001415580511093 -2.7864599972963333 2.4
    endloop
  endfacet
  facet normal 0.9512634714030346 0.30837932481644775 0
    outer loop
      vertex 1.6889685615897179 -2.7864599972963333 0
      vertex 1.6868357211351395 -2.7798807844519615 2.4
      vertex 1.6889685615897179 -2.7864599972963333 2.4
    endloop
  endfacet
  facet normal 0.8899985017177922 0.4559634491273233 0
    outer loop
      vertex 1.6868357211351395 -2.7798807844519615 0
      vertex 1.6453998014330864 -2.6990016996860504 2.4
      vertex 1.6868357211351395 -2.7798807844519615 2.4
    endloop
  endfacet
  facet normal -0.8838317287160175 0.46780495435048175 0
    outer loop
      vertex 0.849444255232811 -2.685784839093685 0
      vertex 0.8072729110717773 -2.76545986533165 2.4
      vertex 0.849444255232811 -2.685784839093685 2.4
    endloop
  endfacet
  facet normal -0.7873466509256315 0.6165105443349624 0
    outer loop
      vertex 0.9006037563085556 -2.6204489544034004 0
      vertex 0.849444255232811 -2.685784839093685 2.4
      vertex 0.9006037563085556 -2.6204489544034004 2.4
    endloop
  endfacet
  facet normal -0.6741988447030886 0.7385498749583678 0
    outer loop
      vertex 0.9602345004677773 -2.5660139322280884 0
      vertex 0.9006037563085556 -2.6204489544034004 2.4
      vertex 0.9602345004677773 -2.5660139322280884 2.4
    endloop
  endfacet
  facet normal -0.5482531222642358 0.8363124499417172 0
    outer loop
      vertex 1.0222285985946655 -2.5253730714321136 0
      vertex 0.9602345004677773 -2.5660139322280884 2.4
      vertex 1.0222285985946655 -2.5253730714321136 2.4
    endloop
  endfacet
  facet normal -0.3988209305666965 0.9170288247061343 0
    outer loop
      vertex 1.0861299335956573 -2.4975820258259773 0
      vertex 1.0222285985946655 -2.5253730714321136 2.4
      vertex 1.0861299335956573 -2.4975820258259773 2.4
    endloop
  endfacet
  facet normal -0.23667272094934416 0.971589431374402 0
    outer loop
      vertex 1.1564409583806992 -2.4804547280073166 0
      vertex 1.0861299335956573 -2.4975820258259773 2.4
      vertex 1.1564409583806992 -2.4804547280073166 2.4
    endloop
  endfacet
  facet normal 0.40340197432994507 0.9150228669856848 0
    outer loop
      vertex 1.4696603491902351 -2.5291240960359573 0
      vertex 1.4027644917368889 -2.4996320232748985 2.4
      vertex 1.4696603491902351 -2.5291240960359573 2.4
    endloop
  endfacet
  facet normal 0.7996964335112116 0.6004045421459172 0
    outer loop
      vertex 1.6453998014330864 -2.6990016996860504 0
      vertex 1.5929938107728958 -2.6292006224393845 2.4
      vertex 1.6453998014330864 -2.6990016996860504 2.4
    endloop
  endfacet
  facet normal 0.5588694936680766 0.8292556234643137 0
    outer loop
      vertex 1.5324885994195938 -2.571466639637947 0
      vertex 1.4696603491902351 -2.5291240960359573 2.4
      vertex 1.5324885994195938 -2.571466639637947 2.4
    endloop
  endfacet
  facet normal 0.6903443989487452 0.723480898738934 0
    outer loop
      vertex 1.5929938107728958 -2.6292006224393845 0
      vertex 1.5324885994195938 -2.571466639637947 2.4
      vertex 1.5929938107728958 -2.6292006224393845 2.4
    endloop
  endfacet
  facet normal -0.07591588588122272 0.9971142252875892 0
    outer loop
      vertex 1.2372265011072159 -2.47430407255888 0
      vertex 1.1564409583806992 -2.4804547280073166 2.4
      vertex 1.2372265011072159 -2.47430407255888 2.4
    endloop
  endfacet
  facet normal 0.07525391704794065 0.9971644036812294 0
    outer loop
      vertex 1.3265978321433067 -2.4810487404465675 0
      vertex 1.2372265011072159 -2.47430407255888 2.4
      vertex 1.3265978321433067 -2.4810487404465675 2.4
    endloop
  endfacet
  facet normal 0.2370289995312925 0.9715025750769755 0
    outer loop
      vertex 1.4027644917368889 -2.4996320232748985 0
      vertex 1.3265978321433067 -2.4810487404465675 2.4
      vertex 1.4027644917368889 -2.4996320232748985 2.4
    endloop
  endfacet
  facet normal -0.9987918649826589 0.049140720837835196 0
    outer loop
      vertex 3.6382001638412476 -3.538288727402687 0
      vertex 3.6192856580018997 -3.922728642821312 2.4
      vertex 3.6382001638412476 -3.538288727402687 2.4
    endloop
  endfacet
  facet normal -0.9985103872890012 -0.054561950807948414 0
    outer loop
      vertex 3.613566115498543 -3.0874735936522484 0
      vertex 3.6382001638412476 -3.538288727402687 2.4
      vertex 3.613566115498543 -3.0874735936522484 2.4
    endloop
  endfacet
  facet normal -0.9841359549027207 -0.1774159583231174 0
    outer loop
      vertex 3.5378698334097862 -2.667582206428051 0
      vertex 3.613566115498543 -3.0874735936522484 2.4
      vertex 3.5378698334097862 -2.667582206428051 2.4
    endloop
  endfacet
  facet normal -0.9485682168118176 -0.31657280056007425 0
    outer loop
      vertex 3.4086201190948486 -2.280302658677101 0
      vertex 3.5378698334097862 -2.667582206428051 2.4
      vertex 3.4086201190948486 -2.280302658677101 2.4
    endloop
  endfacet
  facet normal -0.8852423838303021 -0.46513000534306975 0
    outer loop
      vertex 3.2240646556019783 -1.9290539398789406 0
      vertex 3.4086201190948486 -2.280302658677101 2.4
      vertex 3.2240646556019783 -1.9290539398789406 2.4
    endloop
  endfacet
  facet normal 1 0 0
    outer loop
      vertex 3.7760500013828278 -6.0172000005841255 0
      vertex 3.7760500013828278 0.6475799977779388 2.4
      vertex 3.7760500013828278 -1.6659044123747773 2.4
    endloop
  endfacet
  facet normal 0.5485288587293097 -0.836131623095982 0
    outer loop
      vertex -0.19510147720575333 -1.381114013493061 0
      vertex 0.1306421384215355 -1.1674158722162247 0
      vertex 0.1306421384215355 -1.1674158722162247 2.4
    endloop
  endfacet
  facet normal 0.3860380544580205 -0.9224828564858355 0
    outer loop
      vertex 0.1306421384215355 -1.1674158722162247 0
      vertex 0.16996536403894424 -1.150959998369217 0
      vertex 0.16996536403894424 -1.150959998369217 2.4
    endloop
  endfacet
  facet normal 0.06878407604998249 -0.9976315707123298 0
    outer loop
      vertex 1.1708033457398415 -0.9070663899183273 0
      vertex 1.3070054724812508 -0.8976756110787392 0
      vertex 1.3070054724812508 -0.8976756110787392 2.4
    endloop
  endfacet
  facet normal -0.7890745799308917 0.6142974094906203 0
    outer loop
      vertex 1.1708033457398415 -0.9070663899183273 0
      vertex 1.1708033457398415 -0.9070663899183273 2.4
      vertex 1.2718241587281227 -0.777303583920002 0
    endloop
  endfacet
  facet normal -0.07319314601062224 -0.9973177845486703 0
    outer loop
      vertex 1.3070054724812508 -0.8976756110787392 0
      vertex 1.3620029240846634 -0.9017118737101555 0
      vertex 1.3620029240846634 -0.9017118737101555 2.4
    endloop
  endfacet
  facet normal 0.8096637738220975 0.5868940052174322 0
    outer loop
      vertex 1.3620029240846634 -0.9017118737101555 0
      vertex 1.2718241587281227 -0.777303583920002 0
      vertex 1.2718241587281227 -0.777303583920002 2.4
    endloop
  endfacet
  facet normal -0.6794464778969159 -0.7337250736300864 0
    outer loop
      vertex 2.985493592917919 -1.6198876798152924 0
      vertex 2.985493592917919 -1.6198876798152924 2.4
      vertex 2.7060244157910347 -1.3610927239060402 0
    endloop
  endfacet
  facet normal -0.5476141881172257 -0.8367309609263371 0
    outer loop
      vertex 2.7060244157910347 -1.3610927239060402 0
      vertex 2.7060244157910347 -1.3610927239060402 2.4
      vertex 2.3955408483743668 -1.15789096057415 0
    endloop
  endfacet
  facet normal -0.39375515638636127 -0.9192153593250888 0
    outer loop
      vertex 2.3955408483743668 -1.15789096057415 0
      vertex 2.3955408483743668 -1.15789096057415 2.4
      vertex 2.3793606236577034 -1.150959998369217 0
    endloop
  endfacet
  facet normal 0 1 0
    outer loop
      vertex 2.3793606236577034 -1.150959998369217 0
      vertex 3.3236906826496124 -1.150959998369217 2.4
      vertex 3.3236906826496124 -1.150959998369217 0
    endloop
  endfacet
  facet normal -0.8146487561172482 -0.5799546569833026 1.3269766493790184e-17
    outer loop
      vertex 3.3236906826496124 -1.150959998369217 0
      vertex 2.3128103390336037 0.26900000125169754 2.4
      vertex 2.3128103390336037 0.26900000125169754 0
    endloop
  endfacet
  facet normal 1 0 0
    outer loop
      vertex 3.7760500013828278 -1.6659044123747773 0
      vertex 3.7760500013828278 0.6475799977779388 0
      vertex 3.7760500013828278 0.6475799977779388 2.4
    endloop
  endfacet
  facet normal 0.3860380544580205 -0.9224828564858355 0
    outer loop
      vertex 0.1306421384215355 -1.1674158722162247 0
      vertex 0.16996536403894424 -1.150959998369217 2.4
      vertex 0.1306421384215355 -1.1674158722162247 2.4
    endloop
  endfacet
  facet normal 0.06878407604998249 -0.9976315707123298 0
    outer loop
      vertex 1.1708033457398415 -0.9070663899183273 0
      vertex 1.3070054724812508 -0.8976756110787392 2.4
      vertex 1.1708033457398415 -0.9070663899183273 2.4
    endloop
  endfacet
  facet normal -0.07319314601062224 -0.9973177845486703 0
    outer loop
      vertex 1.3070054724812508 -0.8976756110787392 0
      vertex 1.3620029240846634 -0.9017118737101555 2.4
      vertex 1.3070054724812508 -0.8976756110787392 2.4
    endloop
  endfacet
  facet normal 0.8096637738220975 0.5868940052174322 0
    outer loop
      vertex 1.3620029240846634 -0.9017118737101555 0
      vertex 1.2718241587281227 -0.777303583920002 2.4
      vertex 1.3620029240846634 -0.9017118737101555 2.4
    endloop
  endfacet
  facet normal 0.8185546668857774 -0.5744286355323123 0
    outer loop
      vertex -0.7829088047146797 -1.150959998369217 2.4
      vertex 0.5198287814855576 0.7054271399974823 0
      vertex 0.5198287814855576 0.7054271399974823 2.4
    endloop
  endfacet
  facet normal -0.7890745799308917 0.6142974094906203 0
    outer loop
      vertex 1.2718241587281227 -0.777303583920002 0
      vertex 1.1708033457398415 -0.9070663899183273 2.4
      vertex 1.2718241587281227 -0.777303583920002 2.4
    endloop
  endfacet
  facet normal -0.6794464778969159 -0.7337250736300864 0
    outer loop
      vertex 2.7060244157910347 -1.3610927239060402 0
      vertex 2.985493592917919 -1.6198876798152924 2.4
      vertex 2.7060244157910347 -1.3610927239060402 2.4
    endloop
  endfacet
  facet normal -0.7916938524634016 -0.6109180337587503 0
    outer loop
      vertex 2.985493592917919 -1.6198876798152924 0
      vertex 3.2240646556019783 -1.9290539398789406 2.4
      vertex 2.985493592917919 -1.6198876798152924 2.4
    endloop
  endfacet
  facet normal -0.5476141881172257 -0.8367309609263371 0
    outer loop
      vertex 2.3955408483743668 -1.15789096057415 0
      vertex 2.7060244157910347 -1.3610927239060402 2.4
      vertex 2.3955408483743668 -1.15789096057415 2.4
    endloop
  endfacet
  facet normal -0.39375515638636127 -0.9192153593250888 0
    outer loop
      vertex 2.3793606236577034 -1.150959998369217 0
      vertex 2.3955408483743668 -1.15789096057415 2.4
      vertex 2.3793606236577034 -1.150959998369217 2.4
    endloop
  endfacet
  facet normal 0 1 0
    outer loop
      vertex 2.3793606236577034 -1.150959998369217 0
      vertex 2.3793606236577034 -1.150959998369217 2.4
      vertex 3.3236906826496124 -1.150959998369217 2.4
    endloop
  endfacet
  facet normal -0.8146487561172482 -0.5799546569833026 0
    outer loop
      vertex 3.3236906826496124 -1.150959998369217 0
      vertex 3.3236906826496124 -1.150959998369217 2.4
      vertex 2.3128103390336037 0.26900000125169754 2.4
    endloop
  endfacet
  facet normal 1 0 0
    outer loop
      vertex 7.303989998996258 -6.0172000005841255 0
      vertex 7.303989998996258 -1.061439998447895 0
      vertex 7.303989998996258 -1.061439998447895 2.4
    endloop
  endfacet
  facet normal -1 0 0
    outer loop
      vertex 5.619410000741482 -1.061439998447895 0
      vertex 5.619410000741482 -6.0172000005841255 2.4
      vertex 5.619410000741482 -1.061439998447895 2.4
    endloop
  endfacet
  facet normal -1 0 0
    outer loop
      vertex 9.208370000123978 -1.061439998447895 0
      vertex 9.208370000123978 -6.0172000005841255 2.4
      vertex 9.208370000123978 -1.061439998447895 2.4
    endloop
  endfacet
  facet normal 0 1 0
    outer loop
      vertex 5.619410000741482 -1.061439998447895 0
      vertex 5.619410000741482 -1.061439998447895 2.4
      vertex 7.303989998996258 -1.061439998447895 0
    endloop
  endfacet
  facet normal 0 1 0
    outer loop
      vertex 7.303989998996258 -1.061439998447895 0
      vertex 5.619410000741482 -1.061439998447895 2.4
      vertex 7.303989998996258 -1.061439998447895 2.4
    endloop
  endfacet
  facet normal 0 1 0
    outer loop
      vertex 9.208370000123978 -1.061439998447895 0
      vertex 9.208370000123978 -1.061439998447895 2.4
      vertex 10.978250004351139 -1.061439998447895 0
    endloop
  endfacet
  facet normal -1 0 0
    outer loop
      vertex 10.978250004351139 -1.061439998447895 0
      vertex 10.978250004351139 -1.061439998447895 2.4
      vertex 10.978250004351139 0.6475799977779388 0
    endloop
  endfacet
  facet normal 0 1 0
    outer loop
      vertex 10.978250004351139 -1.061439998447895 0
      vertex 9.208370000123978 -1.061439998447895 2.4
      vertex 10.978250004351139 -1.061439998447895 2.4
    endloop
  endfacet
  facet normal -1 0 0
    outer loop
      vertex 10.978250004351139 -1.061439998447895 2.4
      vertex 10.978250004351139 0.6475799977779388 2.4
      vertex 10.978250004351139 0.6475799977779388 0
    endloop
  endfacet
  facet normal 0 1 0
    outer loop
      vertex 2.3128103390336037 0.26900000125169754 0
      vertex 2.3128103390336037 0.26900000125169754 2.4
      vertex 2.351744592189789 0.26900000125169754 0
    endloop
  endfacet
  facet normal -0.9093655304476554 -0.4159979952279268 0
    outer loop
      vertex 2.351744592189789 0.26900000125169754 0
      vertex 2.351744592189789 0.26900000125169754 2.4
      vertex 1.506642870604992 2.116379998624325 0
    endloop
  endfacet
  facet normal 0.7274423767503653 0.6861687755266773 0
    outer loop
      vertex 0.5198287814855576 0.7054271399974823 0
      vertex -0.5 1.7865994392074749 2.4
      vertex 0.5198287814855576 0.7054271399974823 2.4
    endloop
  endfacet
  facet normal 0 1 0
    outer loop
      vertex 2.351744592189789 0.26900000125169754 0
      vertex 2.3128103390336037 0.26900000125169754 2.4
      vertex 2.351744592189789 0.26900000125169754 2.4
    endloop
  endfacet
  facet normal -0.9093655304476554 -0.4159979952279268 1.8650070403739743e-17
    outer loop
      vertex 1.506642870604992 2.116379998624325 0
      vertex 2.351744592189789 0.26900000125169754 2.4
      vertex 1.5298262100651396 2.0657015577963245 2.4
    endloop
  endfacet
  facet normal 0 -1 0
    outer loop
      vertex -0.81106948107481 2.116379998624325 0
      vertex 1.506642870604992 2.116379998624325 0
      vertex 1.506642870604992 2.116379998624325 2.4
    endloop
  endfacet
  facet normal 0 -1 0
    outer loop
      vertex -0.81106948107481 2.116379998624325 0
      vertex 1.506642870604992 2.116379998624325 2.4
      vertex 0.5 2.116379998624325 2.4
    endloop
  endfacet
  facet normal -0.9093655304476551 -0.4159979952279275 0
    outer loop
      vertex 1.506642870604992 2.116379998624325 0
      vertex 1.5298262100651396 2.0657015577963245 2.4
      vertex 1.506642870604992 2.116379998624325 2.4
    endloop
  endfacet
  facet normal 0 -1 0
    outer loop
      vertex 3.7760500013828278 0.6475799977779388 0
      vertex 10.978250004351139 0.6475799977779388 0
      vertex 10.978250004351139 0.6475799977779388 2.4
    endloop
  endfacet
  facet normal 0 -1 0
    outer loop
      vertex 3.7760500013828278 0.6475799977779388 0
      vertex 10.978250004351139 0.6475799977779388 2.4
      vertex 3.7760500013828278 0.6475799977779388 2.4
    endloop
  endfacet
  facet normal 0 0 -1
    outer loop
      vertex -0.5 2.116379998624325 2.4
      vertex -0.5 1.7865994392074749 2.4
      vertex -0.81106948107481 2.116379998624325 2.4
    endloop
  endfacet
  facet normal -0.471396736825998 -0.8819212643483548 0
    outer loop
      vertex -1.3333685592470452 1.9044729304738914 7.699999999999999
      vertex -1.3333685592470452 1.9044729304738914 2.4
      vertex -0.9184402376762154 1.6826891219729117 2.4
    endloop
  endfacet
  facet normal -0.29028467725446216 -0.9569403357322088 0
    outer loop
      vertex -0.5 1.5557566635859637 7.699999999999999
      vertex -0.9184402376762154 1.6826891219729117 2.4
      vertex -0.5 1.5557566635859637 2.4
    endloop
  endfacet
  facet normal 1 0 0
    outer loop
      vertex -0.5 1.5557566635859637 7.699999999999999
      vertex -0.5 1.5557566635859637 2.4
      vertex -0.5 1.7865994392074749 2.4
    endloop
  endfacet
  facet normal 1 0 0
    outer loop
      vertex -0.5 1.5557566635859637 7.699999999999999
      vertex -0.5 1.7865994392074749 2.4
      vertex -0.5 2.116379998624325 2.4
    endloop
  endfacet
  facet normal -0.9951847266721968 -0.09801714032956073 0
    outer loop
      vertex -2.4 3.9 7.699999999999999
      vertex -2.4 3.9 2.4
      vertex -2.353884672967753 3.4317832271612922 2.4
    endloop
  endfacet
  facet normal -0.773010453362737 -0.6343932841636455 0
    outer loop
      vertex -1.9955270695261085 2.5666314407529547 7.699999999999999
      vertex -1.9955270695261085 2.5666314407529547 2.4
      vertex -1.697056274847714 2.202943725152286 2.4
    endloop
  endfacet
  facet normal -0.6343932841636456 -0.7730104533627369 0
    outer loop
      vertex -1.697056274847714 2.202943725152286 7.699999999999999
      vertex -1.697056274847714 2.202943725152286 2.4
      vertex -1.3333685592470452 1.9044729304738914 2.4
    endloop
  endfacet
  facet normal -0.8819212643483547 -0.4713967368259981 0
    outer loop
      vertex -2.2173108780270883 2.9815597623237844 7.699999999999999
      vertex -2.2173108780270883 2.9815597623237844 2.4
      vertex -1.9955270695261085 2.5666314407529547 2.4
    endloop
  endfacet
  facet normal -0.956940335732209 -0.2902846772544619 0
    outer loop
      vertex -2.353884672967753 3.4317832271612922 7.699999999999999
      vertex -2.353884672967753 3.4317832271612922 2.4
      vertex -2.2173108780270883 2.9815597623237844 2.4
    endloop
  endfacet
  facet normal 1 0 0
    outer loop
      vertex -0.5 1.5557566635859637 7.699999999999999
      vertex -0.5 2.116379998624325 2.4
      vertex -0.5 7.444243336414036 2.4
    endloop
  endfacet
  facet normal -1 0 0
    outer loop
      vertex -2.4 5.1 7.699999999999999
      vertex -2.4 5.1 2.4
      vertex -2.4 3.9 2.4
    endloop
  endfacet
  facet normal -0.9951847266721968 0.09801714032956056 0
    outer loop
      vertex -2.353884672967753 5.568216772838708 7.699999999999999
      vertex -2.353884672967753 5.568216772838708 2.4
      vertex -2.4 5.1 2.4
    endloop
  endfacet
  facet normal -0.956940335732209 0.29028467725446216 0
    outer loop
      vertex -2.2173108780270883 6.018440237676216 7.699999999999999
      vertex -2.2173108780270883 6.018440237676216 2.4
      vertex -2.353884672967753 5.568216772838708 2.4
    endloop
  endfacet
  facet normal -0.8819212643483547 0.4713967368259985 0
    outer loop
      vertex -1.9955270695261085 6.433368559247045 7.699999999999999
      vertex -1.9955270695261085 6.433368559247045 2.4
      vertex -2.2173108780270883 6.018440237676216 2.4
    endloop
  endfacet
  facet normal -0.7730104533627373 0.634393284163645 0
    outer loop
      vertex -1.697056274847714 6.797056274847714 7.699999999999999
      vertex -1.697056274847714 6.797056274847714 2.4
      vertex -1.9955270695261085 6.433368559247045 2.4
    endloop
  endfacet
  facet normal -0.634393284163645 0.7730104533627374 0
    outer loop
      vertex -1.3333685592470452 7.095527069526108 7.699999999999999
      vertex -1.3333685592470452 7.095527069526108 2.4
      vertex -1.697056274847714 6.797056274847714 2.4
    endloop
  endfacet
  facet normal -0.4713967368259987 0.8819212643483545 0
    outer loop
      vertex -0.9184402376762154 7.317310878027088 7.699999999999999
      vertex -0.9184402376762154 7.317310878027088 2.4
      vertex -1.3333685592470452 7.095527069526108 2.4
    endloop
  endfacet
  facet normal -0.29028467725446216 0.9569403357322088 0
    outer loop
      vertex -0.9184402376762154 7.317310878027088 7.699999999999999
      vertex -0.5 7.444243336414036 2.4
      vertex -0.9184402376762154 7.317310878027088 2.4
    endloop
  endfacet
  facet normal -0.6343932841636456 -0.7730104533627369 2.7226422863036583e-18
    outer loop
      vertex -1.697056274847714 2.202943725152286 7.699999999999999
      vertex -1.3333685592470452 1.9044729304738914 2.4
      vertex -1.3333685592470452 1.9044729304738914 7.699999999999999
    endloop
  endfacet
  facet normal -0.471396736825998 -0.8819212643483548 1.713634517426464e-18
    outer loop
      vertex -1.3333685592470452 1.9044729304738914 7.699999999999999
      vertex -0.9184402376762154 1.6826891219729117 2.4
      vertex -0.9184402376762154 1.6826891219729117 7.699999999999999
    endloop
  endfacet
  facet normal -0.29028467725446216 -0.9569403357322088 0
    outer loop
      vertex -0.9184402376762154 1.6826891219729117 7.699999999999999
      vertex -0.9184402376762154 1.6826891219729117 2.4
      vertex -0.5 1.5557566635859637 7.699999999999999
    endloop
  endfacet
  facet normal -0.773010453362737 -0.6343932841636455 0
    outer loop
      vertex -1.697056274847714 2.202943725152286 7.699999999999999
      vertex -1.9955270695261085 2.5666314407529547 7.699999999999999
      vertex -1.697056274847714 2.202943725152286 2.4
    endloop
  endfacet
  facet normal -0.8819212643483547 -0.4713967368259981 0
    outer loop
      vertex -1.9955270695261085 2.5666314407529547 7.699999999999999
      vertex -2.2173108780270883 2.9815597623237844 7.699999999999999
      vertex -1.9955270695261085 2.5666314407529547 2.4
    endloop
  endfacet
  facet normal -0.956940335732209 -0.2902846772544619 0
    outer loop
      vertex -2.2173108780270883 2.9815597623237844 7.699999999999999
      vertex -2.353884672967753 3.4317832271612922 7.699999999999999
      vertex -2.2173108780270883 2.9815597623237844 2.4
    endloop
  endfacet
  facet normal -0.9951847266721968 -0.09801714032956073 0
    outer loop
      vertex -2.353884672967753 3.4317832271612922 7.699999999999999
      vertex -2.4 3.9 7.699999999999999
      vertex -2.353884672967753 3.4317832271612922 2.4
    endloop
  endfacet
  facet normal 0 0 -1
    outer loop
      vertex -1.5000396291529257 1.6550320467831279 7.699999999999999
      vertex -1.3333685592470452 1.9044729304738914 7.699999999999999
      vertex -1.0332452673857424 1.405525262219526 7.699999999999999
    endloop
  endfacet
  facet normal 0 0 -1
    outer loop
      vertex -1.9091883092036783 1.9908116907963214 7.699999999999999
      vertex -1.697056274847714 2.202943725152286 7.699999999999999
      vertex -1.5000396291529257 1.6550320467831279 7.699999999999999
    endloop
  endfacet
  facet normal 0 0 -1
    outer loop
      vertex -1.5000396291529257 1.6550320467831279 7.699999999999999
      vertex -1.697056274847714 2.202943725152286 7.699999999999999
      vertex -1.3333685592470452 1.9044729304738914 7.699999999999999
    endloop
  endfacet
  facet normal 0 0 -1
    outer loop
      vertex -1.0332452673857424 1.405525262219526 7.699999999999999
      vertex -0.9184402376762154 1.6826891219729117 7.699999999999999
      vertex -0.5267438694435462 1.251879742911278 7.699999999999999
    endloop
  endfacet
  facet normal 0 0 -1
    outer loop
      vertex -0.9184402376762154 1.6826891219729117 7.699999999999999
      vertex -0.5 1.5557566635859637 7.699999999999999
      vertex -0.5267438694435462 1.251879742911278 7.699999999999999
    endloop
  endfacet
  facet normal 0 0 -1
    outer loop
      vertex -0.5267438694435462 1.251879742911278 7.699999999999999
      vertex -0.5 1.5557566635859637 7.699999999999999
      vertex -0.5 1.2492457016785825 7.699999999999999
    endloop
  endfacet
  facet normal 0 0 -1
    outer loop
      vertex -1.0332452673857424 1.405525262219526 7.699999999999999
      vertex -1.3333685592470452 1.9044729304738914 7.699999999999999
      vertex -0.9184402376762154 1.6826891219729117 7.699999999999999
    endloop
  endfacet
  facet normal -0.4713967368259976 -0.881921264348355 -1.2522946779540996e-17
    outer loop
      vertex -1.5000396291529257 1.6550320467831279 8.1
      vertex -1.0332452673857424 1.405525262219526 7.699999999999999
      vertex -1.0332452673857424 1.405525262219526 8.1
    endloop
  endfacet
  facet normal -0.4713967368259976 -0.881921264348355 0
    outer loop
      vertex -1.5000396291529257 1.6550320467831279 7.699999999999999
      vertex -1.0332452673857424 1.405525262219526 7.699999999999999
      vertex -1.5000396291529257 1.6550320467831279 8.1
    endloop
  endfacet
  facet normal -0.6343932841636447 -0.7730104533627375 0
    outer loop
      vertex -1.5000396291529257 1.6550320467831279 7.699999999999999
      vertex -1.5000396291529257 1.6550320467831279 8.1
      vertex -1.9091883092036783 1.9908116907963214 8.1
    endloop
  endfacet
  facet normal -0.6343932841636447 -0.7730104533627375 0
    outer loop
      vertex -1.9091883092036783 1.9908116907963214 7.699999999999999
      vertex -1.5000396291529257 1.6550320467831279 7.699999999999999
      vertex -1.9091883092036783 1.9908116907963214 8.1
    endloop
  endfacet
  facet normal -0.29028467725446233 -0.9569403357322089 1.0785040764506462e-17
    outer loop
      vertex -1.0332452673857424 1.405525262219526 8.1
      vertex -0.5267438694435462 1.251879742911278 7.699999999999999
      vertex -0.5267438694435462 1.251879742911278 8.1
    endloop
  endfacet
  facet normal -0.29028467725446233 -0.9569403357322089 0
    outer loop
      vertex -1.0332452673857424 1.405525262219526 7.699999999999999
      vertex -0.5267438694435462 1.251879742911278 7.699999999999999
      vertex -1.0332452673857424 1.405525262219526 8.1
    endloop
  endfacet
  facet normal -0.09801714032955523 -0.9951847266721975 4.4658748869130205e-19
    outer loop
      vertex -0.5267438694435462 1.251879742911278 7.699999999999999
      vertex -0.5 1.2492457016785825 7.699999999999999
      vertex -0.5 1.2492457016785825 8.1
    endloop
  endfacet
  facet normal -0.09801714032955523 -0.9951847266721975 0
    outer loop
      vertex -0.5267438694435462 1.251879742911278 7.699999999999999
      vertex -0.5 1.2492457016785825 8.1
      vertex -0.5267438694435462 1.251879742911278 8.1
    endloop
  endfacet
  facet normal 1 0 0
    outer loop
      vertex -0.5 1.2492457016785825 7.699999999999999
      vertex -0.5 1.5557566635859637 7.699999999999999
      vertex -0.5 1.2492457016785825 8.1
    endloop
  endfacet
  facet normal -0.16891292966725285 -0.5568313048904037 0.8132695248718448
    outer loop
      vertex -1.0332452673857424 1.405525262219526 8.1
      vertex -0.5267438694435462 1.251879742911278 8.1
      vertex -0.5 1.4167934877722965 8.218468131581414
    endloop
  endfacet
  facet normal -0.0567704004190287 -0.5763995484272119 0.8151936470613406
    outer loop
      vertex -0.5267438694435462 1.251879742911278 8.1
      vertex -0.5 1.2492457016785825 8.1
      vertex -0.5 1.4167934877722965 8.218468131581414
    endloop
  endfacet
  facet normal 1 0 0
    outer loop
      vertex -0.5 1.5557566635859637 7.699999999999999
      vertex -0.5 1.4167934877722965 8.218468131581414
      vertex -0.5 1.2492457016785825 8.1
    endloop
  endfacet
  facet normal 1 0 0
    outer loop
      vertex -0.5 1.5557566635859637 7.699999999999999
      vertex -0.5 2.266138957707227 8.8
      vertex -0.5 1.4167934877722965 8.218468131581414
    endloop
  endfacet
  facet normal -0.16891292966725285 -0.5568313048904034 0.8132695248718449
    outer loop
      vertex -1.0332452673857424 1.405525262219526 8.1
      vertex -0.5 1.4167934877722965 8.218468131581414
      vertex -0.5 2.266138957707227 8.8
    endloop
  endfacet
  facet normal -0.27682082975664807 -0.5178953461170412 0.8094162332713318
    outer loop
      vertex -1.5000396291529257 1.6550320467831279 8.1
      vertex -1.0332452673857424 1.405525262219526 8.1
      vertex -0.7232716871700197 2.3338676835536685 8.8
    endloop
  endfacet
  facet normal -0.16891292966725263 -0.5568313048904036 0.8132695248718449
    outer loop
      vertex -1.0332452673857424 1.405525262219526 8.1
      vertex -0.5 2.266138957707227 8.8
      vertex -0.7232716871700197 2.3338676835536685 8.8
    endloop
  endfacet
  facet normal 0 0 -1
    outer loop
      vertex -2.494474737780474 2.8667547326142575 7.699999999999999
      vertex -2.4 3.9 7.699999999999999
      vertex -2.353884672967753 3.4317832271612922 7.699999999999999
    endloop
  endfacet
  facet normal 0 0 -1
    outer loop
      vertex -1.9091883092036783 1.9908116907963214 7.699999999999999
      vertex -1.9955270695261085 2.5666314407529547 7.699999999999999
      vertex -1.697056274847714 2.202943725152286 7.699999999999999
    endloop
  endfacet
  facet normal 0 0 -1
    outer loop
      vertex -2.244967953216872 2.399960370847074 7.699999999999999
      vertex -1.9955270695261085 2.5666314407529547 7.699999999999999
      vertex -1.9091883092036783 1.9908116907963214 7.699999999999999
    endloop
  endfacet
  facet normal 0 0 -1
    outer loop
      vertex -2.244967953216872 2.399960370847074 7.699999999999999
      vertex -2.2173108780270883 2.9815597623237844 7.699999999999999
      vertex -1.9955270695261085 2.5666314407529547 7.699999999999999
    endloop
  endfacet
  facet normal 0 0 -1
    outer loop
      vertex -2.494474737780474 2.8667547326142575 7.699999999999999
      vertex -2.353884672967753 3.4317832271612922 7.699999999999999
      vertex -2.244967953216872 2.399960370847074 7.699999999999999
    endloop
  endfacet
  facet normal 0 0 -1
    outer loop
      vertex -2.244967953216872 2.399960370847074 7.699999999999999
      vertex -2.353884672967753 3.4317832271612922 7.699999999999999
      vertex -2.2173108780270883 2.9815597623237844 7.699999999999999
    endloop
  endfacet
  facet normal -0.881921264348355 -0.4713967368259974 0
    outer loop
      vertex -2.494474737780474 2.8667547326142575 7.699999999999999
      vertex -2.244967953216872 2.399960370847074 7.699999999999999
      vertex -2.494474737780474 2.8667547326142575 8.1
    endloop
  endfacet
  facet normal -0.9569403357322089 -0.29028467725446233 1.0785040764506462e-17
    outer loop
      vertex -2.494474737780474 2.8667547326142575 7.699999999999999
      vertex -2.648120257088722 3.3732561305564537 8.1
      vertex -2.648120257088722 3.3732561305564537 7.699999999999999
    endloop
  endfacet
  facet normal -0.9569403357322089 -0.29028467725446233 0
    outer loop
      vertex -2.494474737780474 2.8667547326142575 7.699999999999999
      vertex -2.494474737780474 2.8667547326142575 8.1
      vertex -2.648120257088722 3.3732561305564537 8.1
    endloop
  endfacet
  facet normal -0.9951847266721969 -0.09801714032956071 0
    outer loop
      vertex -2.648120257088722 3.3732561305564537 7.699999999999999
      vertex -2.648120257088722 3.3732561305564537 8.1
      vertex -2.6999999999999997 3.9 8.1
    endloop
  endfacet
  facet normal -0.9951847266721969 -0.09801714032956071 6.681157837805325e-18
    outer loop
      vertex -2.648120257088722 3.3732561305564537 7.699999999999999
      vertex -2.6999999999999997 3.9 8.1
      vertex -2.6999999999999997 3.9 7.699999999999999
    endloop
  endfacet
  facet normal -0.6444329082782034 -0.06347110150585902 0.7620220771091409
    outer loop
      vertex -2.648120257088722 3.3732561305564537 8.1
      vertex -1.853684179962105 3.7112792913895176 8.8
      vertex -2.6999999999999997 3.9 8.1
    endloop
  endfacet
  facet normal -0.7730104533627373 -0.634393284163645 0
    outer loop
      vertex -2.244967953216872 2.399960370847074 7.699999999999999
      vertex -1.9091883092036783 1.9908116907963214 7.699999999999999
      vertex -2.244967953216872 2.399960370847074 8.1
    endloop
  endfacet
  facet normal -0.7730104533627373 -0.634393284163645 -4.55588067272241e-17
    outer loop
      vertex -2.244967953216872 2.399960370847074 8.1
      vertex -1.9091883092036783 1.9908116907963214 7.699999999999999
      vertex -1.9091883092036783 1.9908116907963214 8.1
    endloop
  endfacet
  facet normal -0.881921264348355 -0.4713967368259974 0
    outer loop
      vertex -2.244967953216872 2.399960370847074 7.699999999999999
      vertex -2.244967953216872 2.399960370847074 8.1
      vertex -2.494474737780474 2.8667547326142575 8.1
    endloop
  endfacet
  facet normal -0.4679811374639821 -0.38406219402456143 0.7959207787832641
    outer loop
      vertex -2.244967953216872 2.399960370847074 8.1
      vertex -1.9091883092036783 1.9908116907963214 8.1
      vertex -1.3364318164425748 2.743568183557425 8.8
    endloop
  endfacet
  facet normal -0.37754605509694067 -0.46004119920745545 0.8036299343058995
    outer loop
      vertex -1.9091883092036783 1.9908116907963214 8.1
      vertex -1.5000396291529257 1.6550320467831279 8.1
      vertex -1.050027740407048 2.5085224327481894 8.8
    endloop
  endfacet
  facet normal -0.3775460550969408 -0.4600411992074552 0.8036299343058994
    outer loop
      vertex -1.9091883092036783 1.9908116907963214 8.1
      vertex -1.050027740407048 2.5085224327481894 8.8
      vertex -1.3364318164425748 2.743568183557425 8.8
    endloop
  endfacet
  facet normal -0.5448541013112446 -0.29123058461932083 0.7863324709476295
    outer loop
      vertex -2.494474737780474 2.8667547326142575 8.1
      vertex -2.244967953216872 2.399960370847074 8.1
      vertex -1.5714775672518104 3.029972259592952 8.8
    endloop
  endfacet
  facet normal -0.46798113746398207 -0.38406219402456154 0.7959207787832642
    outer loop
      vertex -2.244967953216872 2.399960370847074 8.1
      vertex -1.3364318164425748 2.743568183557425 8.8
      vertex -1.5714775672518104 3.029972259592952 8.8
    endloop
  endfacet
  facet normal -0.2768208297566477 -0.5178953461170415 0.8094162332713316
    outer loop
      vertex -1.5000396291529257 1.6550320467831279 8.1
      vertex -0.7232716871700197 2.3338676835536685 8.8
      vertex -1.050027740407048 2.5085224327481894 8.8
    endloop
  endfacet
  facet normal -0.6047863727666173 -0.18345994046966724 0.7749683177773555
    outer loop
      vertex -2.494474737780474 2.8667547326142575 8.1
      vertex -1.7461323164463316 3.35672831282998 8.8
      vertex -2.648120257088722 3.3732561305564537 8.1
    endloop
  endfacet
  facet normal -0.5448541013112446 -0.29123058461932083 0.7863324709476295
    outer loop
      vertex -2.494474737780474 2.8667547326142575 8.1
      vertex -1.5714775672518104 3.029972259592952 8.8
      vertex -1.7461323164463316 3.35672831282998 8.8
    endloop
  endfacet
  facet normal -0.6047863727666173 -0.18345994046966713 0.7749683177773556
    outer loop
      vertex -2.648120257088722 3.3732561305564537 8.1
      vertex -1.7461323164463316 3.35672831282998 8.8
      vertex -1.853684179962105 3.7112792913895176 8.8
    endloop
  endfacet
  facet normal -0.6444329082782034 -0.06347110150585909 0.762022077109141
    outer loop
      vertex -2.6999999999999997 3.9 8.1
      vertex -1.853684179962105 3.7112792913895176 8.8
      vertex -1.8899999999999997 4.08 8.8
    endloop
  endfacet
  facet normal 0 0 1
    outer loop
      vertex -1.5714775672518104 3.029972259592952 8.8
      vertex -1.3364318164425748 2.743568183557425 8.8
      vertex -1.5714775672518104 5.970027740407048 8.8
    endloop
  endfacet
  facet normal 0 0 1
    outer loop
      vertex -1.3364318164425748 2.743568183557425 8.8
      vertex -1.050027740407048 2.5085224327481894 8.8
      vertex -1.3364318164425748 6.256431816442575 8.8
    endloop
  endfacet
  facet normal 1 0 0
    outer loop
      vertex -0.5 1.5557566635859637 7.699999999999999
      vertex -0.5 6.733861042292773 8.8
      vertex -0.5 2.266138957707227 8.8
    endloop
  endfacet
  facet normal 0 0 1
    outer loop
      vertex -1.050027740407048 2.5085224327481894 8.8
      vertex -0.7232716871700197 2.3338676835536685 8.8
      vertex -1.050027740407048 6.491477567251811 8.8
    endloop
  endfacet
  facet normal 0 0 1
    outer loop
      vertex -0.7232716871700197 2.3338676835536685 8.8
      vertex -0.5 2.266138957707227 8.8
      vertex -0.5 6.733861042292773 8.8
    endloop
  endfacet
  facet normal -1 0 0
    outer loop
      vertex -2.4 3.9 7.699999999999999
      vertex -2.4 5.1 7.699999999999999
      vertex -2.4 3.9 2.4
    endloop
  endfacet
  facet normal -0.9951847266721968 0.09801714032956056 0
    outer loop
      vertex -2.4 5.1 7.699999999999999
      vertex -2.353884672967753 5.568216772838708 7.699999999999999
      vertex -2.4 5.1 2.4
    endloop
  endfacet
  facet normal -0.956940335732209 0.29028467725446216 0
    outer loop
      vertex -2.353884672967753 5.568216772838708 7.699999999999999
      vertex -2.2173108780270883 6.018440237676216 7.699999999999999
      vertex -2.353884672967753 5.568216772838708 2.4
    endloop
  endfacet
  facet normal 1 0 0
    outer loop
      vertex -0.5 1.5557566635859637 7.699999999999999
      vertex -0.5 7.444243336414036 2.4
      vertex -0.5 7.444243336414036 7.699999999999999
    endloop
  endfacet
  facet normal -0.8819212643483547 0.4713967368259985 0
    outer loop
      vertex -2.2173108780270883 6.018440237676216 7.699999999999999
      vertex -1.9955270695261085 6.433368559247045 7.699999999999999
      vertex -2.2173108780270883 6.018440237676216 2.4
    endloop
  endfacet
  facet normal -0.7730104533627373 0.634393284163645 0
    outer loop
      vertex -1.9955270695261085 6.433368559247045 7.699999999999999
      vertex -1.697056274847714 6.797056274847714 7.699999999999999
      vertex -1.9955270695261085 6.433368559247045 2.4
    endloop
  endfacet
  facet normal -0.634393284163645 0.7730104533627374 0
    outer loop
      vertex -1.697056274847714 6.797056274847714 7.699999999999999
      vertex -1.3333685592470452 7.095527069526108 7.699999999999999
      vertex -1.697056274847714 6.797056274847714 2.4
    endloop
  endfacet
  facet normal -0.4713967368259987 0.8819212643483545 0
    outer loop
      vertex -1.3333685592470452 7.095527069526108 7.699999999999999
      vertex -0.9184402376762154 7.317310878027088 7.699999999999999
      vertex -1.3333685592470452 7.095527069526108 2.4
    endloop
  endfacet
  facet normal -0.29028467725446216 0.9569403357322088 1.3466907482117991e-19
    outer loop
      vertex -0.9184402376762154 7.317310878027088 7.699999999999999
      vertex -0.5 7.444243336414036 7.699999999999999
      vertex -0.5 7.444243336414036 2.4
    endloop
  endfacet
  facet normal 0 0 -1
    outer loop
      vertex -2.648120257088722 3.3732561305564537 7.699999999999999
      vertex -2.6999999999999997 3.9 7.699999999999999
      vertex -2.6999999999999997 5.1 7.699999999999999
    endloop
  endfacet
  facet normal 0 0 -1
    outer loop
      vertex -2.494474737780474 2.8667547326142575 7.699999999999999
      vertex -2.648120257088722 3.3732561305564537 7.699999999999999
      vertex -2.648120257088722 5.626743869443546 7.699999999999999
    endloop
  endfacet
  facet normal 0 0 -1
    outer loop
      vertex -2.494474737780474 2.8667547326142575 7.699999999999999
      vertex -2.494474737780474 6.1332452673857425 7.699999999999999
      vertex -2.4 3.9 7.699999999999999
    endloop
  endfacet
  facet normal 0 0 -1
    outer loop
      vertex -2.648120257088722 3.3732561305564537 7.699999999999999
      vertex -2.6999999999999997 5.1 7.699999999999999
      vertex -2.648120257088722 5.626743869443546 7.699999999999999
    endloop
  endfacet
  facet normal 0 0 -1
    outer loop
      vertex -2.494474737780474 2.8667547326142575 7.699999999999999
      vertex -2.648120257088722 5.626743869443546 7.699999999999999
      vertex -2.494474737780474 6.1332452673857425 7.699999999999999
    endloop
  endfacet
  facet normal 0 0 -1
    outer loop
      vertex -2.4 3.9 7.699999999999999
      vertex -2.494474737780474 6.1332452673857425 7.699999999999999
      vertex -2.4 5.1 7.699999999999999
    endloop
  endfacet
  facet normal 0 0 -1
    outer loop
      vertex -2.4 5.1 7.699999999999999
      vertex -2.494474737780474 6.1332452673857425 7.699999999999999
      vertex -2.353884672967753 5.568216772838708 7.699999999999999
    endloop
  endfacet
  facet normal -1 0 0
    outer loop
      vertex -2.6999999999999997 3.9 7.699999999999999
      vertex -2.6999999999999997 3.9 8.1
      vertex -2.6999999999999997 5.1 8.1
    endloop
  endfacet
  facet normal -1 0 0
    outer loop
      vertex -2.6999999999999997 3.9 7.699999999999999
      vertex -2.6999999999999997 5.1 8.1
      vertex -2.6999999999999997 5.1 7.699999999999999
    endloop
  endfacet
  facet normal -0.653863031641934 0 0.7566129366142369
    outer loop
      vertex -2.6999999999999997 3.9 8.1
      vertex -1.8899999999999997 4.92 8.8
      vertex -2.6999999999999997 5.1 8.1
    endloop
  endfacet
  facet normal -0.9951847266721969 0.09801714032956071 0
    outer loop
      vertex -2.6999999999999997 5.1 7.699999999999999
      vertex -2.6999999999999997 5.1 8.1
      vertex -2.648120257088722 5.626743869443546 8.1
    endloop
  endfacet
  facet normal -0.9951847266721969 0.09801714032956071 -6.681157837805325e-18
    outer loop
      vertex -2.6999999999999997 5.1 7.699999999999999
      vertex -2.648120257088722 5.626743869443546 8.1
      vertex -2.648120257088722 5.626743869443546 7.699999999999999
    endloop
  endfacet
  facet normal -0.9569403357322089 0.2902846772544621 0
    outer loop
      vertex -2.648120257088722 5.626743869443546 7.699999999999999
      vertex -2.648120257088722 5.626743869443546 8.1
      vertex -2.494474737780474 6.1332452673857425 8.1
    endloop
  endfacet
  facet normal -0.6444329082782034 0.06347110150585902 0.7620220771091409
    outer loop
      vertex -2.6999999999999997 5.1 8.1
      vertex -1.853684179962105 5.288720708610482 8.8
      vertex -2.648120257088722 5.626743869443546 8.1
    endloop
  endfacet
  facet normal 0 0 1
    outer loop
      vertex -1.7461323164463316 3.35672831282998 8.8
      vertex -1.853684179962105 5.288720708610482 8.8
      vertex -1.853684179962105 3.7112792913895176 8.8
    endloop
  endfacet
  facet normal -0.653863031641934 -5.2346246274890164e-17 0.7566129366142369
    outer loop
      vertex -2.6999999999999997 3.9 8.1
      vertex -1.8899999999999997 4.08 8.8
      vertex -1.8899999999999997 4.92 8.8
    endloop
  endfacet
  facet normal 0 0 1
    outer loop
      vertex -1.8899999999999997 4.08 8.8
      vertex -1.853684179962105 3.7112792913895176 8.8
      vertex -1.8899999999999997 4.92 8.8
    endloop
  endfacet
  facet normal 0 0 1
    outer loop
      vertex -1.7461323164463316 3.35672831282998 8.8
      vertex -1.5714775672518104 3.029972259592952 8.8
      vertex -1.7461323164463316 5.64327168717002 8.8
    endloop
  endfacet
  facet normal 0 0 1
    outer loop
      vertex -1.853684179962105 3.7112792913895176 8.8
      vertex -1.853684179962105 5.288720708610482 8.8
      vertex -1.8899999999999997 4.92 8.8
    endloop
  endfacet
  facet normal 0 0 1
    outer loop
      vertex -1.7461323164463316 3.35672831282998 8.8
      vertex -1.7461323164463316 5.64327168717002 8.8
      vertex -1.853684179962105 5.288720708610482 8.8
    endloop
  endfacet
  facet normal 0 0 1
    outer loop
      vertex -1.5714775672518104 3.029972259592952 8.8
      vertex -1.5714775672518104 5.970027740407048 8.8
      vertex -1.7461323164463316 5.64327168717002 8.8
    endloop
  endfacet
  facet normal 1 0 0
    outer loop
      vertex -0.5 1.5557566635859637 7.699999999999999
      vertex -0.5 7.5832065122277035 8.218468131581414
      vertex -0.5 6.733861042292773 8.8
    endloop
  endfacet
  facet normal 1 0 0
    outer loop
      vertex -0.5 1.5557566635859637 7.699999999999999
      vertex -0.5 7.444243336414036 7.699999999999999
      vertex -0.5 7.5832065122277035 8.218468131581414
    endloop
  endfacet
  facet normal -0.6444329082782035 0.06347110150585915 0.762022077109141
    outer loop
      vertex -2.6999999999999997 5.1 8.1
      vertex -1.8899999999999997 4.92 8.8
      vertex -1.853684179962105 5.288720708610482 8.8
    endloop
  endfacet
  facet normal 0 0 1
    outer loop
      vertex -1.3364318164425748 2.743568183557425 8.8
      vertex -1.3364318164425748 6.256431816442575 8.8
      vertex -1.5714775672518104 5.970027740407048 8.8
    endloop
  endfacet
  facet normal -0.6047863727666173 0.1834599404696671 0.7749683177773555
    outer loop
      vertex -2.648120257088722 5.626743869443546 8.1
      vertex -1.7461323164463316 5.64327168717002 8.8
      vertex -2.494474737780474 6.1332452673857425 8.1
    endloop
  endfacet
  facet normal -0.6047863727666174 0.18345994046966668 0.7749683177773556
    outer loop
      vertex -2.648120257088722 5.626743869443546 8.1
      vertex -1.853684179962105 5.288720708610482 8.8
      vertex -1.7461323164463316 5.64327168717002 8.8
    endloop
  endfacet
  facet normal 0 0 1
    outer loop
      vertex -1.050027740407048 2.5085224327481894 8.8
      vertex -1.050027740407048 6.491477567251811 8.8
      vertex -1.3364318164425748 6.256431816442575 8.8
    endloop
  endfacet
  facet normal 0 0 1
    outer loop
      vertex -0.7232716871700197 2.3338676835536685 8.8
      vertex -0.7232716871700197 6.6661323164463315 8.8
      vertex -1.050027740407048 6.491477567251811 8.8
    endloop
  endfacet
  facet normal 0 0 1
    outer loop
      vertex -0.7232716871700197 2.3338676835536685 8.8
      vertex -0.5 6.733861042292773 8.8
      vertex -0.7232716871700197 6.6661323164463315 8.8
    endloop
  endfacet
  facet normal 0 0 -1
    outer loop
      vertex -2.353884672967753 5.568216772838708 7.699999999999999
      vertex -2.494474737780474 6.1332452673857425 7.699999999999999
      vertex -2.2173108780270883 6.018440237676216 7.699999999999999
    endloop
  endfacet
  facet normal 0 0 -1
    outer loop
      vertex -2.2173108780270883 6.018440237676216 7.699999999999999
      vertex -2.494474737780474 6.1332452673857425 7.699999999999999
      vertex -2.244967953216872 6.600039629152926 7.699999999999999
    endloop
  endfacet
  facet normal 0 0 -1
    outer loop
      vertex -2.2173108780270883 6.018440237676216 7.699999999999999
      vertex -2.244967953216872 6.600039629152926 7.699999999999999
      vertex -1.9955270695261085 6.433368559247045 7.699999999999999
    endloop
  endfacet
  facet normal 0 0 -1
    outer loop
      vertex -2.244967953216872 6.600039629152926 7.699999999999999
      vertex -1.697056274847714 6.797056274847714 7.699999999999999
      vertex -1.9955270695261085 6.433368559247045 7.699999999999999
    endloop
  endfacet
  facet normal 0 0 -1
    outer loop
      vertex -2.244967953216872 6.600039629152926 7.699999999999999
      vertex -1.9091883092036783 7.009188309203679 7.699999999999999
      vertex -1.697056274847714 6.797056274847714 7.699999999999999
    endloop
  endfacet
  facet normal 0 0 -1
    outer loop
      vertex -1.697056274847714 6.797056274847714 7.699999999999999
      vertex -1.9091883092036783 7.009188309203679 7.699999999999999
      vertex -1.3333685592470452 7.095527069526108 7.699999999999999
    endloop
  endfacet
  facet normal 0 0 -1
    outer loop
      vertex -1.9091883092036783 7.009188309203679 7.699999999999999
      vertex -1.5000396291529257 7.344967953216872 7.699999999999999
      vertex -1.3333685592470452 7.095527069526108 7.699999999999999
    endloop
  endfacet
  facet normal 0 0 -1
    outer loop
      vertex -1.5000396291529257 7.344967953216872 7.699999999999999
      vertex -0.9184402376762154 7.317310878027088 7.699999999999999
      vertex -1.3333685592470452 7.095527069526108 7.699999999999999
    endloop
  endfacet
  facet normal 0 0 -1
    outer loop
      vertex -1.5000396291529257 7.344967953216872 7.699999999999999
      vertex -1.0332452673857424 7.594474737780474 7.699999999999999
      vertex -0.9184402376762154 7.317310878027088 7.699999999999999
    endloop
  endfacet
  facet normal 0 0 -1
    outer loop
      vertex -1.0332452673857424 7.594474737780474 7.699999999999999
      vertex -0.5 7.444243336414036 7.699999999999999
      vertex -0.9184402376762154 7.317310878027088 7.699999999999999
    endloop
  endfacet
  facet normal 0 0 -1
    outer loop
      vertex -1.0332452673857424 7.594474737780474 7.699999999999999
      vertex -0.5267438694435462 7.748120257088722 7.699999999999999
      vertex -0.5 7.444243336414036 7.699999999999999
    endloop
  endfacet
  facet normal 0 0 -1
    outer loop
      vertex -0.5267438694435462 7.748120257088722 7.699999999999999
      vertex -0.5 7.750754298321418 7.699999999999999
      vertex -0.5 7.444243336414036 7.699999999999999
    endloop
  endfacet
  facet normal -0.9569403357322089 0.2902846772544621 -1.6248095909858862e-17
    outer loop
      vertex -2.648120257088722 5.626743869443546 7.699999999999999
      vertex -2.494474737780474 6.1332452673857425 8.1
      vertex -2.494474737780474 6.1332452673857425 7.699999999999999
    endloop
  endfacet
  facet normal -0.881921264348355 0.4713967368259974 0
    outer loop
      vertex -2.494474737780474 6.1332452673857425 7.699999999999999
      vertex -2.494474737780474 6.1332452673857425 8.1
      vertex -2.244967953216872 6.600039629152926 8.1
    endloop
  endfacet
  facet normal -0.881921264348355 0.4713967368259974 1.2005672234923518e-17
    outer loop
      vertex -2.494474737780474 6.1332452673857425 7.699999999999999
      vertex -2.244967953216872 6.600039629152926 8.1
      vertex -2.244967953216872 6.600039629152926 7.699999999999999
    endloop
  endfacet
  facet normal -0.7730104533627373 0.634393284163645 0
    outer loop
      vertex -2.244967953216872 6.600039629152926 7.699999999999999
      vertex -2.244967953216872 6.600039629152926 8.1
      vertex -1.9091883092036783 7.009188309203679 8.1
    endloop
  endfacet
  facet normal -0.5448541013112446 0.2912305846193209 0.7863324709476296
    outer loop
      vertex -1.5714775672518104 5.970027740407048 8.8
      vertex -2.244967953216872 6.600039629152926 8.1
      vertex -2.494474737780474 6.1332452673857425 8.1
    endloop
  endfacet
  facet normal -0.5448541013112445 0.29123058461932116 0.7863324709476296
    outer loop
      vertex -1.7461323164463316 5.64327168717002 8.8
      vertex -1.5714775672518104 5.970027740407048 8.8
      vertex -2.494474737780474 6.1332452673857425 8.1
    endloop
  endfacet
  facet normal -0.4679811374639823 0.38406219402456104 0.7959207787832641
    outer loop
      vertex -1.5714775672518104 5.970027740407048 8.8
      vertex -1.3364318164425748 6.256431816442575 8.8
      vertex -2.244967953216872 6.600039629152926 8.1
    endloop
  endfacet
  facet normal -0.4679811374639821 0.38406219402456143 0.7959207787832641
    outer loop
      vertex -2.244967953216872 6.600039629152926 8.1
      vertex -1.3364318164425748 6.256431816442575 8.8
      vertex -1.9091883092036783 7.009188309203679 8.1
    endloop
  endfacet
  facet normal -0.3775460550969408 0.4600411992074553 0.8036299343058995
    outer loop
      vertex -1.9091883092036783 7.009188309203679 8.1
      vertex -1.3364318164425748 6.256431816442575 8.8
      vertex -1.050027740407048 6.491477567251811 8.8
    endloop
  endfacet
  facet normal -0.7730104533627373 0.634393284163645 4.55588067272241e-17
    outer loop
      vertex -2.244967953216872 6.600039629152926 7.699999999999999
      vertex -1.9091883092036783 7.009188309203679 8.1
      vertex -1.9091883092036783 7.009188309203679 7.699999999999999
    endloop
  endfacet
  facet normal -0.6343932841636447 0.7730104533627375 9.744349962569963e-18
    outer loop
      vertex -1.9091883092036783 7.009188309203679 7.699999999999999
      vertex -1.5000396291529257 7.344967953216872 8.1
      vertex -1.5000396291529257 7.344967953216872 7.699999999999999
    endloop
  endfacet
  facet normal -0.6343932841636447 0.7730104533627375 0
    outer loop
      vertex -1.9091883092036783 7.009188309203679 7.699999999999999
      vertex -1.9091883092036783 7.009188309203679 8.1
      vertex -1.5000396291529257 7.344967953216872 8.1
    endloop
  endfacet
  facet normal -0.4713967368259976 0.881921264348355 1.2522946779540996e-17
    outer loop
      vertex -1.5000396291529257 7.344967953216872 7.699999999999999
      vertex -1.0332452673857424 7.594474737780474 8.1
      vertex -1.0332452673857424 7.594474737780474 7.699999999999999
    endloop
  endfacet
  facet normal -0.4713967368259976 0.881921264348355 0
    outer loop
      vertex -1.5000396291529257 7.344967953216872 7.699999999999999
      vertex -1.5000396291529257 7.344967953216872 8.1
      vertex -1.0332452673857424 7.594474737780474 8.1
    endloop
  endfacet
  facet normal -0.29028467725446233 0.9569403357322089 -1.0785040764506462e-17
    outer loop
      vertex -1.0332452673857424 7.594474737780474 7.699999999999999
      vertex -0.5267438694435462 7.748120257088722 8.1
      vertex -0.5267438694435462 7.748120257088722 7.699999999999999
    endloop
  endfacet
  facet normal -0.29028467725446233 0.9569403357322089 0
    outer loop
      vertex -1.0332452673857424 7.594474737780474 7.699999999999999
      vertex -1.0332452673857424 7.594474737780474 8.1
      vertex -0.5267438694435462 7.748120257088722 8.1
    endloop
  endfacet
  facet normal 1 0 0
    outer loop
      vertex -0.5 7.444243336414036 7.699999999999999
      vertex -0.5 7.750754298321418 7.699999999999999
      vertex -0.5 7.750754298321418 8.1
    endloop
  endfacet
  facet normal -0.0980171403295716 0.9951847266721959 0
    outer loop
      vertex -0.5267438694435462 7.748120257088722 7.699999999999999
      vertex -0.5267438694435462 7.748120257088722 8.1
      vertex -0.5 7.750754298321418 7.699999999999999
    endloop
  endfacet
  facet normal -0.0980171403295716 0.9951847266721959 0
    outer loop
      vertex -0.5 7.750754298321418 7.699999999999999
      vertex -0.5267438694435462 7.748120257088722 8.1
      vertex -0.5 7.750754298321418 8.1
    endloop
  endfacet
  facet normal -0.16891292966725285 0.5568313048904037 0.8132695248718448
    outer loop
      vertex -1.0332452673857424 7.594474737780474 8.1
      vertex -0.5 7.5832065122277035 8.218468131581414
      vertex -0.5267438694435462 7.748120257088722 8.1
    endloop
  endfacet
  facet normal 1 0 0
    outer loop
      vertex -0.5 7.444243336414036 7.699999999999999
      vertex -0.5 7.750754298321418 8.1
      vertex -0.5 7.5832065122277035 8.218468131581414
    endloop
  endfacet
  facet normal -0.05677040041903813 0.5763995484272104 0.8151936470613407
    outer loop
      vertex -0.5267438694435462 7.748120257088722 8.1
      vertex -0.5 7.5832065122277035 8.218468131581414
      vertex -0.5 7.750754298321418 8.1
    endloop
  endfacet
  facet normal -0.37754605509694067 0.46004119920745545 0.8036299343058995
    outer loop
      vertex -1.9091883092036783 7.009188309203679 8.1
      vertex -1.050027740407048 6.491477567251811 8.8
      vertex -1.5000396291529257 7.344967953216872 8.1
    endloop
  endfacet
  facet normal -0.27682082975664807 0.5178953461170412 0.8094162332713318
    outer loop
      vertex -1.5000396291529257 7.344967953216872 8.1
      vertex -0.7232716871700197 6.6661323164463315 8.8
      vertex -1.0332452673857424 7.594474737780474 8.1
    endloop
  endfacet
  facet normal -0.2768208297566477 0.5178953461170416 0.8094162332713316
    outer loop
      vertex -1.5000396291529257 7.344967953216872 8.1
      vertex -1.050027740407048 6.491477567251811 8.8
      vertex -0.7232716871700197 6.6661323164463315 8.8
    endloop
  endfacet
  facet normal -0.16891292966725263 0.5568313048904034 0.8132695248718448
    outer loop
      vertex -0.7232716871700197 6.6661323164463315 8.8
      vertex -0.5 6.733861042292773 8.8
      vertex -0.5 7.5832065122277035 8.218468131581414
    endloop
  endfacet
  facet normal -0.16891292966725277 0.5568313048904036 0.8132695248718449
    outer loop
      vertex -0.7232716871700197 6.6661323164463315 8.8
      vertex -0.5 7.5832065122277035 8.218468131581414
      vertex -1.0332452673857424 7.594474737780474 8.1
    endloop
  endfacet
  facet normal 0 0 -1
    outer loop
      vertex 0.5 1.5557566635859637 2.4
      vertex 0.5 2.116379998624325 2.4
      vertex 0.9184402376762154 1.6826891219729117 2.4
    endloop
  endfacet
  facet normal 0 0 -1
    outer loop
      vertex 0.9184402376762154 1.6826891219729117 2.4
      vertex 0.5 2.116379998624325 2.4
      vertex 1.3333685592470452 1.9044729304738914 2.4
    endloop
  endfacet
  facet normal 0 0 -1
    outer loop
      vertex 1.3333685592470452 1.9044729304738914 2.4
      vertex 1.506642870604992 2.116379998624325 2.4
      vertex 1.5298262100651396 2.0657015577963245 2.4
    endloop
  endfacet
  facet normal 0.29028467725446216 -0.9569403357322088 1.3466907482117991e-19
    outer loop
      vertex 0.5 1.5557566635859637 2.4
      vertex 0.9184402376762154 1.6826891219729117 2.4
      vertex 0.9184402376762154 1.6826891219729117 7.699999999999999
    endloop
  endfacet
  facet normal 0.471396736825998 -0.8819212643483548 0
    outer loop
      vertex 0.9184402376762154 1.6826891219729117 2.4
      vertex 1.3333685592470452 1.9044729304738914 2.4
      vertex 0.9184402376762154 1.6826891219729117 7.699999999999999
    endloop
  endfacet
  facet normal 0.6343932841636458 -0.7730104533627367 0
    outer loop
      vertex 1.3333685592470452 1.9044729304738914 2.4
      vertex 1.5298262100651396 2.0657015577963245 2.4
      vertex 1.3333685592470452 1.9044729304738914 7.699999999999999
    endloop
  endfacet
  facet normal 0 0 -1
    outer loop
      vertex 1.3333685592470452 1.9044729304738914 2.4
      vertex 0.5 2.116379998624325 2.4
      vertex 1.506642870604992 2.116379998624325 2.4
    endloop
  endfacet
  facet normal 0.6343932841636454 -0.7730104533627372 -3.7486429241622124e-17
    outer loop
      vertex 1.3333685592470452 1.9044729304738914 7.699999999999999
      vertex 1.5298262100651396 2.0657015577963245 2.4
      vertex 1.697056274847714 2.202943725152286 2.4
    endloop
  endfacet
  facet normal 0.773010453362737 -0.6343932841636455 0
    outer loop
      vertex 1.697056274847714 2.202943725152286 7.699999999999999
      vertex 1.697056274847714 2.202943725152286 2.4
      vertex 1.9955270695261085 2.5666314407529547 2.4
    endloop
  endfacet
  facet normal 0.8819212643483547 -0.4713967368259981 0
    outer loop
      vertex 1.9955270695261085 2.5666314407529547 7.699999999999999
      vertex 1.9955270695261085 2.5666314407529547 2.4
      vertex 2.2173108780270883 2.9815597623237844 2.4
    endloop
  endfacet
  facet normal -1 0 0
    outer loop
      vertex 0.5 1.5557566635859637 2.4
      vertex 0.5 7.444243336414036 7.699999999999999
      vertex 0.5 2.116379998624325 2.4
    endloop
  endfacet
  facet normal 0.956940335732209 -0.2902846772544619 0
    outer loop
      vertex 2.2173108780270883 2.9815597623237844 7.699999999999999
      vertex 2.2173108780270883 2.9815597623237844 2.4
      vertex 2.353884672967753 3.4317832271612922 2.4
    endloop
  endfacet
  facet normal 0.9951847266721968 -0.09801714032956073 0
    outer loop
      vertex 2.353884672967753 3.4317832271612922 7.699999999999999
      vertex 2.353884672967753 3.4317832271612922 2.4
      vertex 2.4 3.9 2.4
    endloop
  endfacet
  facet normal -1 0 0
    outer loop
      vertex 0.5 7.444243336414036 7.699999999999999
      vertex 0.5 7.444243336414036 2.4
      vertex 0.5 2.116379998624325 2.4
    endloop
  endfacet
  facet normal 0.956940335732209 0.29028467725446216 0
    outer loop
      vertex 2.353884672967753 5.568216772838708 7.699999999999999
      vertex 2.353884672967753 5.568216772838708 2.4
      vertex 2.2173108780270883 6.018440237676216 2.4
    endloop
  endfacet
  facet normal 1 0 0
    outer loop
      vertex 2.4 3.9 7.699999999999999
      vertex 2.4 3.9 2.4
      vertex 2.4 5.1 2.4
    endloop
  endfacet
  facet normal 0.9951847266721968 0.09801714032956056 0
    outer loop
      vertex 2.4 5.1 7.699999999999999
      vertex 2.4 5.1 2.4
      vertex 2.353884672967753 5.568216772838708 2.4
    endloop
  endfacet
  facet normal 0.8819212643483547 0.4713967368259985 0
    outer loop
      vertex 2.2173108780270883 6.018440237676216 7.699999999999999
      vertex 2.2173108780270883 6.018440237676216 2.4
      vertex 1.9955270695261085 6.433368559247045 2.4
    endloop
  endfacet
  facet normal 0.7730104533627373 0.634393284163645 0
    outer loop
      vertex 1.9955270695261085 6.433368559247045 7.699999999999999
      vertex 1.9955270695261085 6.433368559247045 2.4
      vertex 1.697056274847714 6.797056274847714 2.4
    endloop
  endfacet
  facet normal 0.29028467725446216 0.9569403357322088 0
    outer loop
      vertex 0.5 7.444243336414036 7.699999999999999
      vertex 0.9184402376762154 7.317310878027088 2.4
      vertex 0.5 7.444243336414036 2.4
    endloop
  endfacet
  facet normal 0.634393284163645 0.7730104533627374 0
    outer loop
      vertex 1.697056274847714 6.797056274847714 7.699999999999999
      vertex 1.697056274847714 6.797056274847714 2.4
      vertex 1.3333685592470452 7.095527069526108 2.4
    endloop
  endfacet
  facet normal 0.4713967368259987 0.8819212643483545 0
    outer loop
      vertex 1.3333685592470452 7.095527069526108 7.699999999999999
      vertex 1.3333685592470452 7.095527069526108 2.4
      vertex 0.9184402376762154 7.317310878027088 2.4
    endloop
  endfacet
  facet normal 0.29028467725446216 -0.9569403357322088 0
    outer loop
      vertex 0.5 1.5557566635859637 2.4
      vertex 0.9184402376762154 1.6826891219729117 7.699999999999999
      vertex 0.5 1.5557566635859637 7.699999999999999
    endloop
  endfacet
  facet normal 0.471396736825998 -0.8819212643483548 0
    outer loop
      vertex 1.3333685592470452 1.9044729304738914 2.4
      vertex 1.3333685592470452 1.9044729304738914 7.699999999999999
      vertex 0.9184402376762154 1.6826891219729117 7.699999999999999
    endloop
  endfacet
  facet normal 0.6343932841636456 -0.7730104533627369 -2.7226422863036583e-18
    outer loop
      vertex 1.3333685592470452 1.9044729304738914 7.699999999999999
      vertex 1.697056274847714 2.202943725152286 2.4
      vertex 1.697056274847714 2.202943725152286 7.699999999999999
    endloop
  endfacet
  facet normal 0.773010453362737 -0.6343932841636455 -4.660493080414705e-19
    outer loop
      vertex 1.697056274847714 2.202943725152286 7.699999999999999
      vertex 1.9955270695261085 2.5666314407529547 2.4
      vertex 1.9955270695261085 2.5666314407529547 7.699999999999999
    endloop
  endfacet
  facet normal 0.8819212643483547 -0.4713967368259981 -4.573457137460498e-19
    outer loop
      vertex 1.9955270695261085 2.5666314407529547 7.699999999999999
      vertex 2.2173108780270883 2.9815597623237844 2.4
      vertex 2.2173108780270883 2.9815597623237844 7.699999999999999
    endloop
  endfacet
  facet normal -1 0 0
    outer loop
      vertex 0.5 1.5557566635859637 2.4
      vertex 0.5 1.5557566635859637 7.699999999999999
      vertex 0.5 7.444243336414036 7.699999999999999
    endloop
  endfacet
  facet normal 0.956940335732209 -0.2902846772544619 5.711200591819606e-19
    outer loop
      vertex 2.2173108780270883 2.9815597623237844 7.699999999999999
      vertex 2.353884672967753 3.4317832271612922 2.4
      vertex 2.353884672967753 3.4317832271612922 7.699999999999999
    endloop
  endfacet
  facet normal 0.9951847266721968 -0.09801714032956073 1.1435120092168006e-19
    outer loop
      vertex 2.353884672967753 3.4317832271612922 7.699999999999999
      vertex 2.4 3.9 2.4
      vertex 2.4 3.9 7.699999999999999
    endloop
  endfacet
  facet normal 0 0 -1
    outer loop
      vertex 0.5 1.2492457016785825 7.699999999999999
      vertex 0.5 1.5557566635859637 7.699999999999999
      vertex 0.5267438694435462 1.251879742911278 7.699999999999999
    endloop
  endfacet
  facet normal 0 0 -1
    outer loop
      vertex 0.5 1.5557566635859637 7.699999999999999
      vertex 1.0332452673857424 1.405525262219526 7.699999999999999
      vertex 0.5267438694435462 1.251879742911278 7.699999999999999
    endloop
  endfacet
  facet normal 0 0 -1
    outer loop
      vertex 0.5 1.5557566635859637 7.699999999999999
      vertex 0.9184402376762154 1.6826891219729117 7.699999999999999
      vertex 1.0332452673857424 1.405525262219526 7.699999999999999
    endloop
  endfacet
  facet normal 0 0 -1
    outer loop
      vertex 0.9184402376762154 1.6826891219729117 7.699999999999999
      vertex 1.5000396291529257 1.6550320467831279 7.699999999999999
      vertex 1.0332452673857424 1.405525262219526 7.699999999999999
    endloop
  endfacet
  facet normal 0 0 -1
    outer loop
      vertex 0.9184402376762154 1.6826891219729117 7.699999999999999
      vertex 1.3333685592470452 1.9044729304738914 7.699999999999999
      vertex 1.5000396291529257 1.6550320467831279 7.699999999999999
    endloop
  endfacet
  facet normal 0 0 -1
    outer loop
      vertex 1.3333685592470452 1.9044729304738914 7.699999999999999
      vertex 1.9091883092036783 1.9908116907963214 7.699999999999999
      vertex 1.5000396291529257 1.6550320467831279 7.699999999999999
    endloop
  endfacet
  facet normal 0.09801714032955523 -0.9951847266721975 -4.4658748869130205e-19
    outer loop
      vertex 0.5 1.2492457016785825 7.699999999999999
      vertex 0.5267438694435462 1.251879742911278 7.699999999999999
      vertex 0.5267438694435462 1.251879742911278 8.1
    endloop
  endfacet
  facet normal 0.09801714032955523 -0.9951847266721975 0
    outer loop
      vertex 0.5 1.2492457016785825 7.699999999999999
      vertex 0.5267438694435462 1.251879742911278 8.1
      vertex 0.5 1.2492457016785825 8.1
    endloop
  endfacet
  facet normal -1 0 0
    outer loop
      vertex 0.5 1.2492457016785825 7.699999999999999
      vertex 0.5 1.2492457016785825 8.1
      vertex 0.5 1.5557566635859637 7.699999999999999
    endloop
  endfacet
  facet normal 0.29028467725446233 -0.9569403357322089 0
    outer loop
      vertex 0.5267438694435462 1.251879742911278 7.699999999999999
      vertex 1.0332452673857424 1.405525262219526 7.699999999999999
      vertex 0.5267438694435462 1.251879742911278 8.1
    endloop
  endfacet
  facet normal 0.29028467725446233 -0.9569403357322089 -1.0785040764506462e-17
    outer loop
      vertex 0.5267438694435462 1.251879742911278 8.1
      vertex 1.0332452673857424 1.405525262219526 7.699999999999999
      vertex 1.0332452673857424 1.405525262219526 8.1
    endloop
  endfacet
  facet normal 0.0567704004190287 -0.5763995484272119 0.8151936470613406
    outer loop
      vertex 0.5 1.2492457016785825 8.1
      vertex 0.5267438694435462 1.251879742911278 8.1
      vertex 0.5 1.4167934877722965 8.218468131581414
    endloop
  endfacet
  facet normal -1 0 0
    outer loop
      vertex 0.5 1.5557566635859637 7.699999999999999
      vertex 0.5 1.2492457016785825 8.1
      vertex 0.5 1.4167934877722965 8.218468131581414
    endloop
  endfacet
  facet normal 0.16891292966725285 -0.5568313048904037 0.8132695248718448
    outer loop
      vertex 0.5 1.4167934877722965 8.218468131581414
      vertex 0.5267438694435462 1.251879742911278 8.1
      vertex 1.0332452673857424 1.405525262219526 8.1
    endloop
  endfacet
  facet normal 0.4713967368259976 -0.881921264348355 0
    outer loop
      vertex 1.0332452673857424 1.405525262219526 7.699999999999999
      vertex 1.5000396291529257 1.6550320467831279 7.699999999999999
      vertex 1.0332452673857424 1.405525262219526 8.1
    endloop
  endfacet
  facet normal 0.6343932841636447 -0.7730104533627375 0
    outer loop
      vertex 1.5000396291529257 1.6550320467831279 7.699999999999999
      vertex 1.9091883092036783 1.9908116907963214 7.699999999999999
      vertex 1.5000396291529257 1.6550320467831279 8.1
    endloop
  endfacet
  facet normal 0.4713967368259976 -0.881921264348355 1.2522946779540996e-17
    outer loop
      vertex 1.0332452673857424 1.405525262219526 8.1
      vertex 1.5000396291529257 1.6550320467831279 7.699999999999999
      vertex 1.5000396291529257 1.6550320467831279 8.1
    endloop
  endfacet
  facet normal 0.6343932841636447 -0.7730104533627375 0
    outer loop
      vertex 1.9091883092036783 1.9908116907963214 7.699999999999999
      vertex 1.9091883092036783 1.9908116907963214 8.1
      vertex 1.5000396291529257 1.6550320467831279 8.1
    endloop
  endfacet
  facet normal 0.16891292966725285 -0.5568313048904036 0.8132695248718448
    outer loop
      vertex 0.5 1.4167934877722965 8.218468131581414
      vertex 1.0332452673857424 1.405525262219526 8.1
      vertex 0.7232716871700197 2.3338676835536685 8.8
    endloop
  endfacet
  facet normal 0.27682082975664807 -0.5178953461170412 0.8094162332713318
    outer loop
      vertex 1.0332452673857424 1.405525262219526 8.1
      vertex 1.5000396291529257 1.6550320467831279 8.1
      vertex 0.7232716871700197 2.3338676835536685 8.8
    endloop
  endfacet
  facet normal 0.16891292966725255 -0.5568313048904034 0.8132695248718448
    outer loop
      vertex 0.5 1.4167934877722965 8.218468131581414
      vertex 0.7232716871700197 2.3338676835536685 8.8
      vertex 0.5 2.266138957707227 8.8
    endloop
  endfacet
  facet normal 0 0 -1
    outer loop
      vertex 1.3333685592470452 1.9044729304738914 7.699999999999999
      vertex 1.697056274847714 2.202943725152286 7.699999999999999
      vertex 1.9091883092036783 1.9908116907963214 7.699999999999999
    endloop
  endfacet
  facet normal 0 0 -1
    outer loop
      vertex 1.9091883092036783 1.9908116907963214 7.699999999999999
      vertex 1.697056274847714 2.202943725152286 7.699999999999999
      vertex 2.244967953216872 2.399960370847074 7.699999999999999
    endloop
  endfacet
  facet normal 0 0 -1
    outer loop
      vertex 1.697056274847714 2.202943725152286 7.699999999999999
      vertex 1.9955270695261085 2.5666314407529547 7.699999999999999
      vertex 2.244967953216872 2.399960370847074 7.699999999999999
    endloop
  endfacet
  facet normal 0 0 -1
    outer loop
      vertex 1.9955270695261085 2.5666314407529547 7.699999999999999
      vertex 2.2173108780270883 2.9815597623237844 7.699999999999999
      vertex 2.244967953216872 2.399960370847074 7.699999999999999
    endloop
  endfacet
  facet normal 0 0 -1
    outer loop
      vertex 2.244967953216872 2.399960370847074 7.699999999999999
      vertex 2.2173108780270883 2.9815597623237844 7.699999999999999
      vertex 2.494474737780474 2.8667547326142575 7.699999999999999
    endloop
  endfacet
  facet normal 0 0 -1
    outer loop
      vertex 2.494474737780474 2.8667547326142575 7.699999999999999
      vertex 2.2173108780270883 2.9815597623237844 7.699999999999999
      vertex 2.353884672967753 3.4317832271612922 7.699999999999999
    endloop
  endfacet
  facet normal 0 0 -1
    outer loop
      vertex 2.494474737780474 2.8667547326142575 7.699999999999999
      vertex 2.353884672967753 3.4317832271612922 7.699999999999999
      vertex 2.4 3.9 7.699999999999999
    endloop
  endfacet
  facet normal 0.7730104533627373 -0.634393284163645 0
    outer loop
      vertex 1.9091883092036783 1.9908116907963214 7.699999999999999
      vertex 2.244967953216872 2.399960370847074 7.699999999999999
      vertex 1.9091883092036783 1.9908116907963214 8.1
    endloop
  endfacet
  facet normal 0.7730104533627373 -0.634393284163645 4.55588067272241e-17
    outer loop
      vertex 1.9091883092036783 1.9908116907963214 8.1
      vertex 2.244967953216872 2.399960370847074 7.699999999999999
      vertex 2.244967953216872 2.399960370847074 8.1
    endloop
  endfacet
  facet normal 0.881921264348355 -0.4713967368259974 0
    outer loop
      vertex 2.244967953216872 2.399960370847074 7.699999999999999
      vertex 2.494474737780474 2.8667547326142575 7.699999999999999
      vertex 2.244967953216872 2.399960370847074 8.1
    endloop
  endfacet
  facet normal 0.2768208297566477 -0.5178953461170416 0.8094162332713316
    outer loop
      vertex 0.7232716871700197 2.3338676835536685 8.8
      vertex 1.5000396291529257 1.6550320467831279 8.1
      vertex 1.050027740407048 2.5085224327481894 8.8
    endloop
  endfacet
  facet normal 0.37754605509694067 -0.46004119920745545 0.8036299343058995
    outer loop
      vertex 1.050027740407048 2.5085224327481894 8.8
      vertex 1.5000396291529257 1.6550320467831279 8.1
      vertex 1.9091883092036783 1.9908116907963214 8.1
    endloop
  endfacet
  facet normal 0.4679811374639821 -0.3840621940245615 0.7959207787832641
    outer loop
      vertex 1.3364318164425748 2.743568183557425 8.8
      vertex 1.9091883092036783 1.9908116907963214 8.1
      vertex 2.244967953216872 2.399960370847074 8.1
    endloop
  endfacet
  facet normal 0.3775460550969408 -0.46004119920745523 0.8036299343058995
    outer loop
      vertex 1.050027740407048 2.5085224327481894 8.8
      vertex 1.9091883092036783 1.9908116907963214 8.1
      vertex 1.3364318164425748 2.743568183557425 8.8
    endloop
  endfacet
  facet normal 0.5448541013112446 -0.29123058461932083 0.7863324709476295
    outer loop
      vertex 2.244967953216872 2.399960370847074 8.1
      vertex 2.494474737780474 2.8667547326142575 8.1
      vertex 1.5714775672518104 3.029972259592952 8.8
    endloop
  endfacet
  facet normal 0.4679811374639821 -0.3840621940245615 0.7959207787832642
    outer loop
      vertex 1.3364318164425748 2.743568183557425 8.8
      vertex 2.244967953216872 2.399960370847074 8.1
      vertex 1.5714775672518104 3.029972259592952 8.8
    endloop
  endfacet
  facet normal -1 0 0
    outer loop
      vertex 0.5 1.5557566635859637 7.699999999999999
      vertex 0.5 1.4167934877722965 8.218468131581414
      vertex 0.5 7.444243336414036 7.699999999999999
    endloop
  endfacet
  facet normal -1 0 0
    outer loop
      vertex 0.5 1.4167934877722965 8.218468131581414
      vertex 0.5 2.266138957707227 8.8
      vertex 0.5 7.444243336414036 7.699999999999999
    endloop
  endfacet
  facet normal 0 0 1
    outer loop
      vertex 0.5 2.266138957707227 8.8
      vertex 0.7232716871700197 2.3338676835536685 8.8
      vertex 0.7232716871700197 6.6661323164463315 8.8
    endloop
  endfacet
  facet normal 0 0 1
    outer loop
      vertex 0.7232716871700197 2.3338676835536685 8.8
      vertex 1.050027740407048 2.5085224327481894 8.8
      vertex 0.7232716871700197 6.6661323164463315 8.8
    endloop
  endfacet
  facet normal 0 0 1
    outer loop
      vertex 1.050027740407048 2.5085224327481894 8.8
      vertex 1.3364318164425748 2.743568183557425 8.8
      vertex 1.050027740407048 6.491477567251811 8.8
    endloop
  endfacet
  facet normal 0.6047863727666173 -0.18345994046966724 0.7749683177773556
    outer loop
      vertex 2.494474737780474 2.8667547326142575 8.1
      vertex 2.648120257088722 3.3732561305564537 8.1
      vertex 1.7461323164463316 3.35672831282998 8.8
    endloop
  endfacet
  facet normal 0.5448541013112447 -0.291230584619321 0.7863324709476295
    outer loop
      vertex 2.494474737780474 2.8667547326142575 8.1
      vertex 1.7461323164463316 3.35672831282998 8.8
      vertex 1.5714775672518104 3.029972259592952 8.8
    endloop
  endfacet
  facet normal 0.6047863727666174 -0.18345994046966704 0.7749683177773558
    outer loop
      vertex 1.7461323164463316 3.35672831282998 8.8
      vertex 2.648120257088722 3.3732561305564537 8.1
      vertex 1.853684179962105 3.7112792913895176 8.8
    endloop
  endfacet
  facet normal 0.6444329082782034 -0.06347110150585919 0.762022077109141
    outer loop
      vertex 1.853684179962105 3.7112792913895176 8.8
      vertex 2.6999999999999997 3.9 8.1
      vertex 1.8899999999999997 4.08 8.8
    endloop
  endfacet
  facet normal 0.881921264348355 -0.4713967368259974 0
    outer loop
      vertex 2.494474737780474 2.8667547326142575 7.699999999999999
      vertex 2.494474737780474 2.8667547326142575 8.1
      vertex 2.244967953216872 2.399960370847074 8.1
    endloop
  endfacet
  facet normal 0.9569403357322089 -0.29028467725446233 0
    outer loop
      vertex 2.494474737780474 2.8667547326142575 7.699999999999999
      vertex 2.648120257088722 3.3732561305564537 7.699999999999999
      vertex 2.494474737780474 2.8667547326142575 8.1
    endloop
  endfacet
  facet normal 0.9569403357322089 -0.29028467725446233 -1.0785040764506462e-17
    outer loop
      vertex 2.494474737780474 2.8667547326142575 8.1
      vertex 2.648120257088722 3.3732561305564537 7.699999999999999
      vertex 2.648120257088722 3.3732561305564537 8.1
    endloop
  endfacet
  facet normal 0.9951847266721969 -0.09801714032956071 0
    outer loop
      vertex 2.648120257088722 3.3732561305564537 7.699999999999999
      vertex 2.6999999999999997 3.9 7.699999999999999
      vertex 2.648120257088722 3.3732561305564537 8.1
    endloop
  endfacet
  facet normal 0.9951847266721969 -0.09801714032956071 -6.681157837805325e-18
    outer loop
      vertex 2.648120257088722 3.3732561305564537 8.1
      vertex 2.6999999999999997 3.9 7.699999999999999
      vertex 2.6999999999999997 3.9 8.1
    endloop
  endfacet
  facet normal 0.6444329082782034 -0.06347110150585895 0.7620220771091409
    outer loop
      vertex 1.853684179962105 3.7112792913895176 8.8
      vertex 2.648120257088722 3.3732561305564537 8.1
      vertex 2.6999999999999997 3.9 8.1
    endloop
  endfacet
  facet normal 0.9951847266721968 0.09801714032956056 1.562363144430203e-19
    outer loop
      vertex 2.4 5.1 7.699999999999999
      vertex 2.353884672967753 5.568216772838708 2.4
      vertex 2.353884672967753 5.568216772838708 7.699999999999999
    endloop
  endfacet
  facet normal 1 0 0
    outer loop
      vertex 2.4 3.9 7.699999999999999
      vertex 2.4 5.1 2.4
      vertex 2.4 5.1 7.699999999999999
    endloop
  endfacet
  facet normal 0.956940335732209 0.29028467725446216 -1.29261836027382e-18
    outer loop
      vertex 2.353884672967753 5.568216772838708 7.699999999999999
      vertex 2.2173108780270883 6.018440237676216 2.4
      vertex 2.2173108780270883 6.018440237676216 7.699999999999999
    endloop
  endfacet
  facet normal 0.8819212643483547 0.4713967368259985 9.97651041972039e-19
    outer loop
      vertex 2.2173108780270883 6.018440237676216 7.699999999999999
      vertex 1.9955270695261085 6.433368559247045 2.4
      vertex 1.9955270695261085 6.433368559247045 7.699999999999999
    endloop
  endfacet
  facet normal 0.7730104533627373 0.634393284163645 -2.6008835975843532e-18
    outer loop
      vertex 1.9955270695261085 6.433368559247045 7.699999999999999
      vertex 1.697056274847714 6.797056274847714 2.4
      vertex 1.697056274847714 6.797056274847714 7.699999999999999
    endloop
  endfacet
  facet normal 0.4713967368259987 0.8819212643483545 0
    outer loop
      vertex 0.9184402376762154 7.317310878027088 7.699999999999999
      vertex 1.3333685592470452 7.095527069526108 7.699999999999999
      vertex 0.9184402376762154 7.317310878027088 2.4
    endloop
  endfacet
  facet normal 0.29028467725446216 0.9569403357322088 -1.3466907482117991e-19
    outer loop
      vertex 0.5 7.444243336414036 7.699999999999999
      vertex 0.9184402376762154 7.317310878027088 7.699999999999999
      vertex 0.9184402376762154 7.317310878027088 2.4
    endloop
  endfacet
  facet normal 0.634393284163645 0.7730104533627374 0
    outer loop
      vertex 1.3333685592470452 7.095527069526108 7.699999999999999
      vertex 1.697056274847714 6.797056274847714 7.699999999999999
      vertex 1.3333685592470452 7.095527069526108 2.4
    endloop
  endfacet
  facet normal 0 0 -1
    outer loop
      vertex 2.494474737780474 2.8667547326142575 7.699999999999999
      vertex 2.4 3.9 7.699999999999999
      vertex 2.4 5.1 7.699999999999999
    endloop
  endfacet
  facet normal 0 0 -1
    outer loop
      vertex 2.494474737780474 2.8667547326142575 7.699999999999999
      vertex 2.494474737780474 6.1332452673857425 7.699999999999999
      vertex 2.648120257088722 3.3732561305564537 7.699999999999999
    endloop
  endfacet
  facet normal 0 0 -1
    outer loop
      vertex 2.648120257088722 3.3732561305564537 7.699999999999999
      vertex 2.648120257088722 5.626743869443546 7.699999999999999
      vertex 2.6999999999999997 3.9 7.699999999999999
    endloop
  endfacet
  facet normal 0 0 -1
    outer loop
      vertex 2.494474737780474 2.8667547326142575 7.699999999999999
      vertex 2.4 5.1 7.699999999999999
      vertex 2.494474737780474 6.1332452673857425 7.699999999999999
    endloop
  endfacet
  facet normal 0 0 -1
    outer loop
      vertex 2.6999999999999997 3.9 7.699999999999999
      vertex 2.648120257088722 5.626743869443546 7.699999999999999
      vertex 2.6999999999999997 5.1 7.699999999999999
    endloop
  endfacet
  facet normal 0 0 -1
    outer loop
      vertex 2.648120257088722 3.3732561305564537 7.699999999999999
      vertex 2.494474737780474 6.1332452673857425 7.699999999999999
      vertex 2.648120257088722 5.626743869443546 7.699999999999999
    endloop
  endfacet
  facet normal 0 0 -1
    outer loop
      vertex 2.4 5.1 7.699999999999999
      vertex 2.353884672967753 5.568216772838708 7.699999999999999
      vertex 2.494474737780474 6.1332452673857425 7.699999999999999
    endloop
  endfacet
  facet normal 0 0 1
    outer loop
      vertex 1.3364318164425748 2.743568183557425 8.8
      vertex 1.5714775672518104 3.029972259592952 8.8
      vertex 1.3364318164425748 6.256431816442575 8.8
    endloop
  endfacet
  facet normal 0 0 1
    outer loop
      vertex 1.5714775672518104 3.029972259592952 8.8
      vertex 1.7461323164463316 3.35672831282998 8.8
      vertex 1.5714775672518104 5.970027740407048 8.8
    endloop
  endfacet
  facet normal 0 0 1
    outer loop
      vertex 1.7461323164463316 3.35672831282998 8.8
      vertex 1.853684179962105 3.7112792913895176 8.8
      vertex 1.7461323164463316 5.64327168717002 8.8
    endloop
  endfacet
  facet normal 0 0 1
    outer loop
      vertex 1.853684179962105 3.7112792913895176 8.8
      vertex 1.8899999999999997 4.08 8.8
      vertex 1.853684179962105 5.288720708610482 8.8
    endloop
  endfacet
  facet normal 0.653863031641934 0 0.7566129366142369
    outer loop
      vertex 1.8899999999999997 4.08 8.8
      vertex 2.6999999999999997 5.1 8.1
      vertex 1.8899999999999997 4.92 8.8
    endloop
  endfacet
  facet normal 0 0 1
    outer loop
      vertex 1.8899999999999997 4.08 8.8
      vertex 1.8899999999999997 4.92 8.8
      vertex 1.853684179962105 5.288720708610482 8.8
    endloop
  endfacet
  facet normal 0 0 1
    outer loop
      vertex 1.853684179962105 3.7112792913895176 8.8
      vertex 1.853684179962105 5.288720708610482 8.8
      vertex 1.7461323164463316 5.64327168717002 8.8
    endloop
  endfacet
  facet normal 0 0 1
    outer loop
      vertex 0.5 2.266138957707227 8.8
      vertex 0.7232716871700197 6.6661323164463315 8.8
      vertex 0.5 6.733861042292773 8.8
    endloop
  endfacet
  facet normal 0 0 1
    outer loop
      vertex 1.050027740407048 2.5085224327481894 8.8
      vertex 1.050027740407048 6.491477567251811 8.8
      vertex 0.7232716871700197 6.6661323164463315 8.8
    endloop
  endfacet
  facet normal -1 0 0
    outer loop
      vertex 0.5 2.266138957707227 8.8
      vertex 0.5 6.733861042292773 8.8
      vertex 0.5 7.444243336414036 7.699999999999999
    endloop
  endfacet
  facet normal 0 0 1
    outer loop
      vertex 1.7461323164463316 3.35672831282998 8.8
      vertex 1.7461323164463316 5.64327168717002 8.8
      vertex 1.5714775672518104 5.970027740407048 8.8
    endloop
  endfacet
  facet normal 0 0 1
    outer loop
      vertex 1.5714775672518104 3.029972259592952 8.8
      vertex 1.5714775672518104 5.970027740407048 8.8
      vertex 1.3364318164425748 6.256431816442575 8.8
    endloop
  endfacet
  facet normal 0 0 1
    outer loop
      vertex 1.3364318164425748 2.743568183557425 8.8
      vertex 1.3364318164425748 6.256431816442575 8.8
      vertex 1.050027740407048 6.491477567251811 8.8
    endloop
  endfacet
  facet normal 0.6444329082782035 0.06347110150585926 0.762022077109141
    outer loop
      vertex 1.853684179962105 5.288720708610482 8.8
      vertex 1.8899999999999997 4.92 8.8
      vertex 2.6999999999999997 5.1 8.1
    endloop
  endfacet
  facet normal 0.6047863727666173 0.18345994046966718 0.7749683177773555
    outer loop
      vertex 1.7461323164463316 5.64327168717002 8.8
      vertex 2.648120257088722 5.626743869443546 8.1
      vertex 2.494474737780474 6.1332452673857425 8.1
    endloop
  endfacet
  facet normal 0.6047863727666174 0.1834599404696668 0.7749683177773556
    outer loop
      vertex 1.853684179962105 5.288720708610482 8.8
      vertex 2.648120257088722 5.626743869443546 8.1
      vertex 1.7461323164463316 5.64327168717002 8.8
    endloop
  endfacet
  facet normal 1 0 0
    outer loop
      vertex 2.6999999999999997 3.9 7.699999999999999
      vertex 2.6999999999999997 5.1 7.699999999999999
      vertex 2.6999999999999997 3.9 8.1
    endloop
  endfacet
  facet normal 1 0 0
    outer loop
      vertex 2.6999999999999997 3.9 8.1
      vertex 2.6999999999999997 5.1 7.699999999999999
      vertex 2.6999999999999997 5.1 8.1
    endloop
  endfacet
  facet normal 0.653863031641934 3.664237239242312e-17 0.7566129366142369
    outer loop
      vertex 1.8899999999999997 4.08 8.8
      vertex 2.6999999999999997 3.9 8.1
      vertex 2.6999999999999997 5.1 8.1
    endloop
  endfacet
  facet normal 0.9951847266721969 0.09801714032956071 0
    outer loop
      vertex 2.6999999999999997 5.1 7.699999999999999
      vertex 2.648120257088722 5.626743869443546 7.699999999999999
      vertex 2.6999999999999997 5.1 8.1
    endloop
  endfacet
  facet normal 0.9951847266721969 0.09801714032956071 6.681157837805325e-18
    outer loop
      vertex 2.6999999999999997 5.1 8.1
      vertex 2.648120257088722 5.626743869443546 7.699999999999999
      vertex 2.648120257088722 5.626743869443546 8.1
    endloop
  endfacet
  facet normal 0.9569403357322089 0.2902846772544621 0
    outer loop
      vertex 2.648120257088722 5.626743869443546 7.699999999999999
      vertex 2.494474737780474 6.1332452673857425 7.699999999999999
      vertex 2.648120257088722 5.626743869443546 8.1
    endloop
  endfacet
  facet normal 0.6444329082782034 0.06347110150585898 0.762022077109141
    outer loop
      vertex 1.853684179962105 5.288720708610482 8.8
      vertex 2.6999999999999997 5.1 8.1
      vertex 2.648120257088722 5.626743869443546 8.1
    endloop
  endfacet
  facet normal 0 0 -1
    outer loop
      vertex 2.353884672967753 5.568216772838708 7.699999999999999
      vertex 2.2173108780270883 6.018440237676216 7.699999999999999
      vertex 2.244967953216872 6.600039629152926 7.699999999999999
    endloop
  endfacet
  facet normal 0 0 -1
    outer loop
      vertex 2.353884672967753 5.568216772838708 7.699999999999999
      vertex 2.244967953216872 6.600039629152926 7.699999999999999
      vertex 2.494474737780474 6.1332452673857425 7.699999999999999
    endloop
  endfacet
  facet normal 0 0 -1
    outer loop
      vertex 2.2173108780270883 6.018440237676216 7.699999999999999
      vertex 1.9955270695261085 6.433368559247045 7.699999999999999
      vertex 2.244967953216872 6.600039629152926 7.699999999999999
    endloop
  endfacet
  facet normal 0 0 -1
    outer loop
      vertex 1.9955270695261085 6.433368559247045 7.699999999999999
      vertex 1.697056274847714 6.797056274847714 7.699999999999999
      vertex 1.9091883092036783 7.009188309203679 7.699999999999999
    endloop
  endfacet
  facet normal 0 0 -1
    outer loop
      vertex 1.9955270695261085 6.433368559247045 7.699999999999999
      vertex 1.9091883092036783 7.009188309203679 7.699999999999999
      vertex 2.244967953216872 6.600039629152926 7.699999999999999
    endloop
  endfacet
  facet normal 0 0 -1
    outer loop
      vertex 0.5 7.444243336414036 7.699999999999999
      vertex 0.5 7.750754298321418 7.699999999999999
      vertex 0.5267438694435462 7.748120257088722 7.699999999999999
    endloop
  endfacet
  facet normal 0 0 -1
    outer loop
      vertex 0.5 7.444243336414036 7.699999999999999
      vertex 0.5267438694435462 7.748120257088722 7.699999999999999
      vertex 0.9184402376762154 7.317310878027088 7.699999999999999
    endloop
  endfacet
  facet normal 0 0 -1
    outer loop
      vertex 0.9184402376762154 7.317310878027088 7.699999999999999
      vertex 1.0332452673857424 7.594474737780474 7.699999999999999
      vertex 1.3333685592470452 7.095527069526108 7.699999999999999
    endloop
  endfacet
  facet normal 0 0 -1
    outer loop
      vertex 0.5267438694435462 7.748120257088722 7.699999999999999
      vertex 1.0332452673857424 7.594474737780474 7.699999999999999
      vertex 0.9184402376762154 7.317310878027088 7.699999999999999
    endloop
  endfacet
  facet normal 0 0 -1
    outer loop
      vertex 1.3333685592470452 7.095527069526108 7.699999999999999
      vertex 1.5000396291529257 7.344967953216872 7.699999999999999
      vertex 1.697056274847714 6.797056274847714 7.699999999999999
    endloop
  endfacet
  facet normal 0 0 -1
    outer loop
      vertex 1.697056274847714 6.797056274847714 7.699999999999999
      vertex 1.5000396291529257 7.344967953216872 7.699999999999999
      vertex 1.9091883092036783 7.009188309203679 7.699999999999999
    endloop
  endfacet
  facet normal 0 0 -1
    outer loop
      vertex 1.3333685592470452 7.095527069526108 7.699999999999999
      vertex 1.0332452673857424 7.594474737780474 7.699999999999999
      vertex 1.5000396291529257 7.344967953216872 7.699999999999999
    endloop
  endfacet
  facet normal 0.881921264348355 0.4713967368259974 0
    outer loop
      vertex 2.244967953216872 6.600039629152926 7.699999999999999
      vertex 2.244967953216872 6.600039629152926 8.1
      vertex 2.494474737780474 6.1332452673857425 8.1
    endloop
  endfacet
  facet normal 0.7730104533627373 0.634393284163645 -4.55588067272241e-17
    outer loop
      vertex 1.9091883092036783 7.009188309203679 7.699999999999999
      vertex 2.244967953216872 6.600039629152926 8.1
      vertex 2.244967953216872 6.600039629152926 7.699999999999999
    endloop
  endfacet
  facet normal 0.5448541013112446 0.29123058461932083 0.7863324709476296
    outer loop
      vertex 1.5714775672518104 5.970027740407048 8.8
      vertex 2.494474737780474 6.1332452673857425 8.1
      vertex 2.244967953216872 6.600039629152926 8.1
    endloop
  endfacet
  facet normal 0.4679811374639823 0.38406219402456104 0.7959207787832641
    outer loop
      vertex 1.3364318164425748 6.256431816442575 8.8
      vertex 1.5714775672518104 5.970027740407048 8.8
      vertex 2.244967953216872 6.600039629152926 8.1
    endloop
  endfacet
  facet normal 0.5448541013112445 0.29123058461932116 0.7863324709476296
    outer loop
      vertex 1.5714775672518104 5.970027740407048 8.8
      vertex 1.7461323164463316 5.64327168717002 8.8
      vertex 2.494474737780474 6.1332452673857425 8.1
    endloop
  endfacet
  facet normal 0.46798113746398207 0.3840621940245615 0.7959207787832641
    outer loop
      vertex 1.3364318164425748 6.256431816442575 8.8
      vertex 2.244967953216872 6.600039629152926 8.1
      vertex 1.9091883092036783 7.009188309203679 8.1
    endloop
  endfacet
  facet normal 0.37754605509694084 0.4600411992074553 0.8036299343058994
    outer loop
      vertex 1.050027740407048 6.491477567251811 8.8
      vertex 1.3364318164425748 6.256431816442575 8.8
      vertex 1.9091883092036783 7.009188309203679 8.1
    endloop
  endfacet
  facet normal -1 0 0
    outer loop
      vertex 0.5 6.733861042292773 8.8
      vertex 0.5 7.5832065122277035 8.218468131581414
      vertex 0.5 7.444243336414036 7.699999999999999
    endloop
  endfacet
  facet normal -1 0 0
    outer loop
      vertex 0.5 7.444243336414036 7.699999999999999
      vertex 0.5 7.750754298321418 8.1
      vertex 0.5 7.750754298321418 7.699999999999999
    endloop
  endfacet
  facet normal 0.0980171403295716 0.9951847266721959 0
    outer loop
      vertex 0.5 7.750754298321418 7.699999999999999
      vertex 0.5 7.750754298321418 8.1
      vertex 0.5267438694435462 7.748120257088722 7.699999999999999
    endloop
  endfacet
  facet normal 0.0980171403295716 0.9951847266721959 0
    outer loop
      vertex 0.5267438694435462 7.748120257088722 7.699999999999999
      vertex 0.5 7.750754298321418 8.1
      vertex 0.5267438694435462 7.748120257088722 8.1
    endloop
  endfacet
  facet normal 0.29028467725446233 0.9569403357322089 1.0785040764506462e-17
    outer loop
      vertex 0.5267438694435462 7.748120257088722 7.699999999999999
      vertex 1.0332452673857424 7.594474737780474 8.1
      vertex 1.0332452673857424 7.594474737780474 7.699999999999999
    endloop
  endfacet
  facet normal 0.29028467725446233 0.9569403357322089 0
    outer loop
      vertex 0.5267438694435462 7.748120257088722 7.699999999999999
      vertex 0.5267438694435462 7.748120257088722 8.1
      vertex 1.0332452673857424 7.594474737780474 8.1
    endloop
  endfacet
  facet normal -1 0 0
    outer loop
      vertex 0.5 7.444243336414036 7.699999999999999
      vertex 0.5 7.5832065122277035 8.218468131581414
      vertex 0.5 7.750754298321418 8.1
    endloop
  endfacet
  facet normal 0.05677040041903813 0.5763995484272104 0.8151936470613407
    outer loop
      vertex 0.5 7.750754298321418 8.1
      vertex 0.5 7.5832065122277035 8.218468131581414
      vertex 0.5267438694435462 7.748120257088722 8.1
    endloop
  endfacet
  facet normal 0.16891292966725285 0.5568313048904037 0.8132695248718448
    outer loop
      vertex 0.5 7.5832065122277035 8.218468131581414
      vertex 1.0332452673857424 7.594474737780474 8.1
      vertex 0.5267438694435462 7.748120257088722 8.1
    endloop
  endfacet
  facet normal 0.6343932841636447 0.7730104533627375 -9.744349962569963e-18
    outer loop
      vertex 1.5000396291529257 7.344967953216872 7.699999999999999
      vertex 1.9091883092036783 7.009188309203679 8.1
      vertex 1.9091883092036783 7.009188309203679 7.699999999999999
    endloop
  endfacet
  facet normal 0.6343932841636447 0.7730104533627375 0
    outer loop
      vertex 1.5000396291529257 7.344967953216872 7.699999999999999
      vertex 1.5000396291529257 7.344967953216872 8.1
      vertex 1.9091883092036783 7.009188309203679 8.1
    endloop
  endfacet
  facet normal 0.7730104533627373 0.634393284163645 0
    outer loop
      vertex 1.9091883092036783 7.009188309203679 7.699999999999999
      vertex 1.9091883092036783 7.009188309203679 8.1
      vertex 2.244967953216872 6.600039629152926 8.1
    endloop
  endfacet
  facet normal 0.4713967368259976 0.881921264348355 -1.2522946779540996e-17
    outer loop
      vertex 1.0332452673857424 7.594474737780474 7.699999999999999
      vertex 1.5000396291529257 7.344967953216872 8.1
      vertex 1.5000396291529257 7.344967953216872 7.699999999999999
    endloop
  endfacet
  facet normal 0.4713967368259976 0.881921264348355 0
    outer loop
      vertex 1.0332452673857424 7.594474737780474 7.699999999999999
      vertex 1.0332452673857424 7.594474737780474 8.1
      vertex 1.5000396291529257 7.344967953216872 8.1
    endloop
  endfacet
  facet normal 0.27682082975664807 0.5178953461170412 0.8094162332713318
    outer loop
      vertex 0.7232716871700197 6.6661323164463315 8.8
      vertex 1.5000396291529257 7.344967953216872 8.1
      vertex 1.0332452673857424 7.594474737780474 8.1
    endloop
  endfacet
  facet normal 0.16891292966725266 0.5568313048904036 0.8132695248718448
    outer loop
      vertex 0.5 6.733861042292773 8.8
      vertex 0.7232716871700197 6.6661323164463315 8.8
      vertex 1.0332452673857424 7.594474737780474 8.1
    endloop
  endfacet
  facet normal 0.2768208297566477 0.5178953461170416 0.8094162332713316
    outer loop
      vertex 0.7232716871700197 6.6661323164463315 8.8
      vertex 1.050027740407048 6.491477567251811 8.8
      vertex 1.5000396291529257 7.344967953216872 8.1
    endloop
  endfacet
  facet normal 0.16891292966725285 0.5568313048904034 0.8132695248718449
    outer loop
      vertex 0.5 6.733861042292773 8.8
      vertex 1.0332452673857424 7.594474737780474 8.1
      vertex 0.5 7.5832065122277035 8.218468131581414
    endloop
  endfacet
  facet normal 0.3775460550969407 0.4600411992074554 0.8036299343058995
    outer loop
      vertex 1.050027740407048 6.491477567251811 8.8
      vertex 1.9091883092036783 7.009188309203679 8.1
      vertex 1.5000396291529257 7.344967953216872 8.1
    endloop
  endfacet
  facet normal 0.9569403357322089 0.2902846772544621 1.6248095909858862e-17
    outer loop
      vertex 2.648120257088722 5.626743869443546 8.1
      vertex 2.494474737780474 6.1332452673857425 7.699999999999999
      vertex 2.494474737780474 6.1332452673857425 8.1
    endloop
  endfacet
  facet normal 0.881921264348355 0.4713967368259974 -1.2005672234923518e-17
    outer loop
      vertex 2.244967953216872 6.600039629152926 7.699999999999999
      vertex 2.494474737780474 6.1332452673857425 8.1
      vertex 2.494474737780474 6.1332452673857425 7.699999999999999
    endloop
  endfacet
endsolid OpenSCAD_Model
