solid OpenSCAD_Model
  facet normal -0.2902846772544611 -0.9569403357322092 0
    outer loop
      vertex -14.23268343236509 -4.273879532511287 0
      vertex -14.045090322016128 -4.33078528040323 0
      vertex -14.23268343236509 -4.273879532511287 1.2
    endloop
  endfacet
  facet normal -0.47139673682599764 -0.881921264348355 0
    outer loop
      vertex -14.405570233019603 -4.1814696123025445 0
      vertex -14.23268343236509 -4.273879532511287 0
      vertex -14.405570233019603 -4.1814696123025445 1.2
    endloop
  endfacet
  facet normal -0.09801714032956085 -0.9951847266721969 0
    outer loop
      vertex -14.045090322016128 -4.33078528040323 0
      vertex -13.85 -4.35 0
      vertex -14.045090322016128 -4.33078528040323 1.2
    endloop
  endfacet
  facet normal -0.6343932841636445 -0.7730104533627378 -8.530653689077567e-19
    outer loop
      vertex -14.405570233019603 -4.1814696123025445 0
      vertex -14.557106781186548 -4.0571067811865476 1.2
      vertex -14.557106781186548 -4.0571067811865476 0
    endloop
  endfacet
  facet normal -0.7730104533627397 -0.6343932841636422 1.5526348423559025e-18
    outer loop
      vertex -14.557106781186548 -4.0571067811865476 0
      vertex -14.681469612302545 -3.905570233019602 1.2
      vertex -14.681469612302545 -3.905570233019602 0
    endloop
  endfacet
  facet normal -0.8819212643483559 -0.47139673682599603 -4.956636405845545e-18
    outer loop
      vertex -14.681469612302545 -3.905570233019602 0
      vertex -14.773879532511286 -3.7326834323650893 1.2
      vertex -14.773879532511286 -3.7326834323650893 0
    endloop
  endfacet
  facet normal -0.9569403357322077 -0.2902846772544659 2.4143463782532686e-19
    outer loop
      vertex -14.773879532511286 -3.7326834323650893 0
      vertex -14.83078528040323 -3.545090322016128 1.2
      vertex -14.83078528040323 -3.545090322016128 0
    endloop
  endfacet
  facet normal -0.9951847266721969 -0.09801714032956063 -1.408419263936858e-20
    outer loop
      vertex -14.83078528040323 -3.545090322016128 0
      vertex -14.85 -3.3499999999999996 1.2
      vertex -14.85 -3.3499999999999996 0
    endloop
  endfacet
  facet normal -0.47139673682599764 -0.881921264348355 0
    outer loop
      vertex -14.23268343236509 -4.273879532511287 0
      vertex -14.23268343236509 -4.273879532511287 1.2
      vertex -14.405570233019603 -4.1814696123025445 1.2
    endloop
  endfacet
  facet normal -0.2902846772544611 -0.9569403357322092 0
    outer loop
      vertex -14.045090322016128 -4.33078528040323 0
      vertex -14.045090322016128 -4.33078528040323 1.2
      vertex -14.23268343236509 -4.273879532511287 1.2
    endloop
  endfacet
  facet normal -0.09801714032956085 -0.9951847266721969 0
    outer loop
      vertex -13.85 -4.35 0
      vertex -13.85 -4.35 1.2
      vertex -14.045090322016128 -4.33078528040323 1.2
    endloop
  endfacet
  facet normal -0.6343932841636445 -0.7730104533627378 0
    outer loop
      vertex -14.405570233019603 -4.1814696123025445 0
      vertex -14.405570233019603 -4.1814696123025445 1.2
      vertex -14.557106781186548 -4.0571067811865476 1.2
    endloop
  endfacet
  facet normal -0.7730104533627397 -0.6343932841636422 0
    outer loop
      vertex -14.557106781186548 -4.0571067811865476 0
      vertex -14.557106781186548 -4.0571067811865476 1.2
      vertex -14.681469612302545 -3.905570233019602 1.2
    endloop
  endfacet
  facet normal -0.8819212643483559 -0.47139673682599603 0
    outer loop
      vertex -14.681469612302545 -3.905570233019602 0
      vertex -14.681469612302545 -3.905570233019602 1.2
      vertex -14.773879532511286 -3.7326834323650893 1.2
    endloop
  endfacet
  facet normal -0.9569403357322077 -0.2902846772544659 0
    outer loop
      vertex -14.773879532511286 -3.7326834323650893 0
      vertex -14.773879532511286 -3.7326834323650893 1.2
      vertex -14.83078528040323 -3.545090322016128 1.2
    endloop
  endfacet
  facet normal -0.9951847266721969 -0.09801714032956063 0
    outer loop
      vertex -14.83078528040323 -3.545090322016128 0
      vertex -14.83078528040323 -3.545090322016128 1.2
      vertex -14.85 -3.3499999999999996 1.2
    endloop
  endfacet
  facet normal 0 0 -1
    outer loop
      vertex -14.557106781186548 -4.0571067811865476 0
      vertex -14.681469612302545 -3.905570233019602 0
      vertex -14.681469612302545 3.905570233019602 0
    endloop
  endfacet
  facet normal 0 0 -1
    outer loop
      vertex -14.405570233019603 -4.1814696123025445 0
      vertex -14.557106781186548 -4.0571067811865476 0
      vertex -14.557106781186548 4.0571067811865476 0
    endloop
  endfacet
  facet normal 0 0 -1
    outer loop
      vertex -14.681469612302545 -3.905570233019602 0
      vertex -14.773879532511286 -3.7326834323650893 0
      vertex -14.773879532511286 3.7326834323650893 0
    endloop
  endfacet
  facet normal 0 0 -1
    outer loop
      vertex -14.773879532511286 -3.7326834323650893 0
      vertex -14.83078528040323 -3.545090322016128 0
      vertex -14.83078528040323 3.545090322016128 0
    endloop
  endfacet
  facet normal 0 0 -1
    outer loop
      vertex -14.83078528040323 -3.545090322016128 0
      vertex -14.85 -3.3499999999999996 0
      vertex -14.85 3.3499999999999996 0
    endloop
  endfacet
  facet normal 0 0 -1
    outer loop
      vertex -14.405570233019603 -4.1814696123025445 0
      vertex -14.405570233019603 4.1814696123025445 0
      vertex -14.23268343236509 -4.273879532511287 0
    endloop
  endfacet
  facet normal 0 0 -1
    outer loop
      vertex -14.23268343236509 -4.273879532511287 0
      vertex -14.23268343236509 4.273879532511287 0
      vertex -14.045090322016128 -4.33078528040323 0
    endloop
  endfacet
  facet normal 0 0 -1
    outer loop
      vertex -14.045090322016128 -4.33078528040323 0
      vertex -14.045090322016128 4.33078528040323 0
      vertex -13.85 -4.35 0
    endloop
  endfacet
  facet normal -1 0 0
    outer loop
      vertex -14.85 -3.3499999999999996 0
      vertex -14.85 -3.3499999999999996 1.2
      vertex -14.85 3.3499999999999996 1.2
    endloop
  endfacet
  facet normal 0 -1 0
    outer loop
      vertex -13.85 -4.35 0
      vertex 13.85 -4.35 0
      vertex -13.85 -4.35 1.2
    endloop
  endfacet
  facet normal 0 -1 0
    outer loop
      vertex -13.85 -4.35 1.2
      vertex 13.85 -4.35 0
      vertex -9.983510002493858 -4.35 1.2
    endloop
  endfacet
  facet normal 0 -1 0
    outer loop
      vertex 13.85 -4.35 0
      vertex -8.079130001366138 -4.35 1.2
      vertex -9.983510002493858 -4.35 1.2
    endloop
  endfacet
  facet normal 0 -1 0
    outer loop
      vertex 13.85 -4.35 0
      vertex -6.248029999434948 -4.35 1.2
      vertex -8.079130001366138 -4.35 1.2
    endloop
  endfacet
  facet normal 0 0 -1
    outer loop
      vertex -13.85 -4.35 0
      vertex -13.85 4.35 0
      vertex 13.85 -4.35 0
    endloop
  endfacet
  facet normal 0 0 1
    outer loop
      vertex -13.85 -4.35 1.2
      vertex -9.983510002493858 -4.35 1.2
      vertex -11.75338999927044 -0.377920001745224 1.2
    endloop
  endfacet
  facet normal 0 0 1
    outer loop
      vertex -14.557106781186548 -4.0571067811865476 1.2
      vertex -14.681469612302545 3.905570233019602 1.2
      vertex -14.681469612302545 -3.905570233019602 1.2
    endloop
  endfacet
  facet normal 0 0 1
    outer loop
      vertex -14.405570233019603 -4.1814696123025445 1.2
      vertex -14.557106781186548 4.0571067811865476 1.2
      vertex -14.557106781186548 -4.0571067811865476 1.2
    endloop
  endfacet
  facet normal 0 0 1
    outer loop
      vertex -14.681469612302545 -3.905570233019602 1.2
      vertex -14.773879532511286 3.7326834323650893 1.2
      vertex -14.773879532511286 -3.7326834323650893 1.2
    endloop
  endfacet
  facet normal 0 0 1
    outer loop
      vertex -14.773879532511286 -3.7326834323650893 1.2
      vertex -14.83078528040323 3.545090322016128 1.2
      vertex -14.83078528040323 -3.545090322016128 1.2
    endloop
  endfacet
  facet normal 0 0 1
    outer loop
      vertex -14.83078528040323 -3.545090322016128 1.2
      vertex -14.85 3.3499999999999996 1.2
      vertex -14.85 -3.3499999999999996 1.2
    endloop
  endfacet
  facet normal 0 0 1
    outer loop
      vertex -14.405570233019603 -4.1814696123025445 1.2
      vertex -14.23268343236509 -4.273879532511287 1.2
      vertex -14.405570233019603 4.1814696123025445 1.2
    endloop
  endfacet
  facet normal 0 0 1
    outer loop
      vertex -14.23268343236509 -4.273879532511287 1.2
      vertex -14.045090322016128 -4.33078528040323 1.2
      vertex -14.23268343236509 4.273879532511287 1.2
    endloop
  endfacet
  facet normal 0 0 1
    outer loop
      vertex -14.045090322016128 -4.33078528040323 1.2
      vertex -13.85 -4.35 1.2
      vertex -14.045090322016128 4.33078528040323 1.2
    endloop
  endfacet
  facet normal 0 0 1
    outer loop
      vertex -9.983510002493858 -4.35 1.2
      vertex -9.983510002493858 -0.377920001745224 1.2
      vertex -11.75338999927044 -0.377920001745224 1.2
    endloop
  endfacet
  facet normal 0 0 1
    outer loop
      vertex -8.079130001366138 -4.35 1.2
      vertex -6.313330002129078 -0.377920001745224 1.2
      vertex -8.079130001366138 -0.377920001745224 1.2
    endloop
  endfacet
  facet normal 0 0 1
    outer loop
      vertex -8.079130001366138 -4.35 1.2
      vertex -6.248029999434948 -4.35 1.2
      vertex -6.313330002129078 -0.377920001745224 1.2
    endloop
  endfacet
  facet normal 0 0 1
    outer loop
      vertex -4.404729999601841 -4.35 1.2
      vertex -3.4568900018930435 -4.35 1.2
      vertex -4.404729999601841 -2.8226206079125404 1.2
    endloop
  endfacet
  facet normal 0 0 1
    outer loop
      vertex -3.4568900018930435 -4.35 1.2
      vertex -3.4568900018930435 -2.7029086649417877 1.2
      vertex -4.404729999601841 -2.8226206079125404 1.2
    endloop
  endfacet
  facet normal 0 0 1
    outer loop
      vertex -1.6135900020599365 -4.35 1.2
      vertex -1.0482324673258456 -4.35 1.2
      vertex -1.0636194720864296 -4.3088193237781525 1.2
    endloop
  endfacet
  facet normal 0 0 1
    outer loop
      vertex -1.6135900020599365 -4.35 1.2
      vertex -1.0636194720864296 -4.3088193237781525 1.2
      vertex -1.1154188886284828 -4.105252668261528 1.2
    endloop
  endfacet
  facet normal 0 0 1
    outer loop
      vertex -1.6135900020599365 -4.35 1.2
      vertex -1.1154188886284828 -4.105252668261528 1.2
      vertex -1.1508592441678047 -3.8860067576169968 1.2
    endloop
  endfacet
  facet normal 0 0 1
    outer loop
      vertex -1.6135900020599365 -4.35 1.2
      vertex -1.1508592441678047 -3.8860067576169968 1.2
      vertex -1.17144413292408 -3.650282070040703 1.2
    endloop
  endfacet
  facet normal 0 0 1
    outer loop
      vertex -1.6135900020599365 -4.35 1.2
      vertex -1.17144413292408 -3.650282070040703 1.2
      vertex -1.6135900020599365 -2.4469878524541855 1.2
    endloop
  endfacet
  facet normal 0 0 1
    outer loop
      vertex -1.6135900020599365 -2.4469878524541855 1.2
      vertex -1.17144413292408 -3.650282070040703 1.2
      vertex -1.1780299991369247 -3.4014917090535164 1.2
    endloop
  endfacet
  facet normal 0 0 1
    outer loop
      vertex -4.404729999601841 -2.8226206079125404 1.2
      vertex -3.4568900018930435 -2.7029086649417877 1.2
      vertex -4.400814205408096 -2.626881130039692 1.2
    endloop
  endfacet
  facet normal 0 0 1
    outer loop
      vertex -4.400814205408096 -2.626881130039692 1.2
      vertex -3.4568900018930435 -2.7029086649417877 1.2
      vertex -4.389594979584217 -2.4591573029756546 1.2
    endloop
  endfacet
  facet normal 0 0 1
    outer loop
      vertex -4.389594979584217 -2.4591573029756546 1.2
      vertex -3.4568900018930435 -2.7029086649417877 1.2
      vertex -3.459427446126938 -2.457404986023903 1.2
    endloop
  endfacet
  facet normal 0 0 1
    outer loop
      vertex -4.389594979584217 -2.4591573029756546 1.2
      vertex -3.459427446126938 -2.457404986023903 1.2
      vertex -4.3717552945017815 -2.317471571266651 1.2
    endloop
  endfacet
  facet normal 0 0 1
    outer loop
      vertex -4.3717552945017815 -2.317471571266651 1.2
      vertex -3.4668210223317146 -2.256545253098011 1.2
      vertex -4.348667301237583 -2.203441344201565 1.2
    endloop
  endfacet
  facet normal 0 0 1
    outer loop
      vertex -4.3717552945017815 -2.317471571266651 1.2
      vertex -3.459427446126938 -2.457404986023903 1.2
      vertex -3.4668210223317146 -2.256545253098011 1.2
    endloop
  endfacet
  facet normal 0 0 1
    outer loop
      vertex -4.348667301237583 -2.203441344201565 1.2
      vertex -3.4668210223317146 -2.256545253098011 1.2
      vertex -4.322204798460007 -2.116896152496338 1.2
    endloop
  endfacet
  facet normal 0 0 1
    outer loop
      vertex -4.322204798460007 -2.116896152496338 1.2
      vertex -3.4668210223317146 -2.256545253098011 1.2
      vertex -4.292531341314316 -2.049044519662857 1.2
    endloop
  endfacet
  facet normal 0 0 1
    outer loop
      vertex -4.292531341314316 -2.049044519662857 1.2
      vertex -3.4668210223317146 -2.256545253098011 1.2
      vertex -4.259219340980053 -1.9926502332091331 1.2
    endloop
  endfacet
  facet normal 0 0 1
    outer loop
      vertex -3.4668210223317146 -2.256545253098011 1.2
      vertex -4.223126590251923 -1.946692980825901 1.2
      vertex -4.259219340980053 -1.9926502332091331 1.2
    endloop
  endfacet
  facet normal 0 0 1
    outer loop
      vertex -3.4668210223317146 -2.256545253098011 1.2
      vertex -4.183570310473442 -1.9086786583065987 1.2
      vertex -4.223126590251923 -1.946692980825901 1.2
    endloop
  endfacet
  facet normal 0 0 1
    outer loop
      vertex -3.4668210223317146 -2.256545253098011 1.2
      vertex -4.1371395364403725 -1.8752699047327042 1.2
      vertex -4.183570310473442 -1.9086786583065987 1.2
    endloop
  endfacet
  facet normal 0 0 1
    outer loop
      vertex -3.4668210223317146 -2.256545253098011 1.2
      vertex -4.082645006477833 -1.8457535207271576 1.2
      vertex -4.1371395364403725 -1.8752699047327042 1.2
    endloop
  endfacet
  facet normal 0 0 1
    outer loop
      vertex -3.4668210223317146 -2.256545253098011 1.2
      vertex -4.023344665765762 -1.8220310360193253 1.2
      vertex -4.082645006477833 -1.8457535207271576 1.2
    endloop
  endfacet
  facet normal 0 0 1
    outer loop
      vertex -3.4668210223317146 -2.256545253098011 1.2
      vertex -3.9598309472203255 -1.8047533854842186 1.2
      vertex -4.023344665765762 -1.8220310360193253 1.2
    endloop
  endfacet
  facet normal 0 0 1
    outer loop
      vertex -3.4668210223317146 -2.256545253098011 1.2
      vertex -3.8906118869781494 -1.7939729169011116 1.2
      vertex -3.9598309472203255 -1.8047533854842186 1.2
    endloop
  endfacet
  facet normal 0 0 1
    outer loop
      vertex -3.478528708219528 -2.101421073079109 1.2
      vertex -3.81401140242815 -1.7901703491806984 1.2
      vertex -3.8906118869781494 -1.7939729169011116 1.2
    endloop
  endfacet
  facet normal 0 0 1
    outer loop
      vertex -6.248029999434948 -4.35 1.2
      vertex -6.248029999434948 1.3311000019311905 1.2
      vertex -6.313330002129078 -0.377920001745224 1.2
    endloop
  endfacet
  facet normal 0 0 1
    outer loop
      vertex -3.4668210223317146 -2.256545253098011 1.2
      vertex -3.478528708219528 -2.101421073079109 1.2
      vertex -3.8906118869781494 -1.7939729169011116 1.2
    endloop
  endfacet
  facet normal 0 0 1
    outer loop
      vertex -3.478528708219528 -2.101421073079109 1.2
      vertex -3.4926765263080597 -1.998349703848362 1.2
      vertex -3.6220543384552 -1.8254336267709732 1.2
    endloop
  endfacet
  facet normal 0 0 1
    outer loop
      vertex -3.4926765263080597 -1.998349703848362 1.2
      vertex -3.5046593695878983 -1.950756996870041 1.2
      vertex -3.592824511229992 -1.841819554567337 1.2
    endloop
  endfacet
  facet normal 0 0 1
    outer loop
      vertex -3.478528708219528 -2.101421073079109 1.2
      vertex -3.7519481107592583 -1.79296063631773 1.2
      vertex -3.81401140242815 -1.7901703491806984 1.2
    endloop
  endfacet
  facet normal 0 0 1
    outer loop
      vertex -3.478528708219528 -2.101421073079109 1.2
      vertex -3.6991799399256706 -1.8006098195910454 1.2
      vertex -3.7519481107592583 -1.79296063631773 1.2
    endloop
  endfacet
  facet normal 0 0 1
    outer loop
      vertex -3.478528708219528 -2.101421073079109 1.2
      vertex -3.6563581377267838 -1.8117912784218788 1.2
      vertex -3.6991799399256706 -1.8006098195910454 1.2
    endloop
  endfacet
  facet normal 0 0 1
    outer loop
      vertex -3.478528708219528 -2.101421073079109 1.2
      vertex -3.6220543384552 -1.8254336267709732 1.2
      vertex -3.6563581377267838 -1.8117912784218788 1.2
    endloop
  endfacet
  facet normal 0 0 1
    outer loop
      vertex -3.4926765263080597 -1.998349703848362 1.2
      vertex -3.592824511229992 -1.841819554567337 1.2
      vertex -3.6220543384552 -1.8254336267709732 1.2
    endloop
  endfacet
  facet normal 0 0 1
    outer loop
      vertex -3.5148548260331154 -1.9269102811813354 1.2
      vertex -3.5460991263389587 -1.8812784552574158 1.2
      vertex -3.567076623439789 -1.8609997779130936 1.2
    endloop
  endfacet
  facet normal 0 0 1
    outer loop
      vertex -3.5046593695878983 -1.950756996870041 1.2
      vertex -3.5148548260331154 -1.9269102811813354 1.2
      vertex -3.592824511229992 -1.841819554567337 1.2
    endloop
  endfacet
  facet normal 0 0 1
    outer loop
      vertex -3.5148548260331154 -1.9269102811813354 1.2
      vertex -3.52922710031271 -1.9026282653212547 1.2
      vertex -3.5460991263389587 -1.8812784552574158 1.2
    endloop
  endfacet
  facet normal 0 0 1
    outer loop
      vertex -3.5148548260331154 -1.9269102811813354 1.2
      vertex -3.567076623439789 -1.8609997779130936 1.2
      vertex -3.592824511229992 -1.841819554567337 1.2
    endloop
  endfacet
  facet normal 0 0 1
    outer loop
      vertex -1.6135900020599365 -2.4469878524541855 1.2
      vertex -1.1780299991369247 -3.4014917090535164 1.2
      vertex -1.6160167381167412 -2.220153324306011 1.2
    endloop
  endfacet
  facet normal 0 0 1
    outer loop
      vertex -1.6160167381167412 -2.220153324306011 1.2
      vertex -1.1780299991369247 -3.4014917090535164 1.2
      vertex -1.1780299991369247 -0.31266000121831894 1.2
    endloop
  endfacet
  facet normal 0 0 1
    outer loop
      vertex -1.6160167381167412 -2.220153324306011 1.2
      vertex -1.1780299991369247 -0.31266000121831894 1.2
      vertex -1.6234597861766815 -2.0139183700084686 1.2
    endloop
  endfacet
  facet normal 0 0 1
    outer loop
      vertex -1.6234597861766815 -2.0139183700084686 1.2
      vertex -1.1780299991369247 -0.31266000121831894 1.2
      vertex -1.6361625418066978 -1.829024277627468 1.2
    endloop
  endfacet
  facet normal 0 0 1
    outer loop
      vertex -1.654676578938961 -1.663907341659069 1.2
      vertex -1.6361625418066978 -1.829024277627468 1.2
      vertex -1.1780299991369247 -0.31266000121831894 1.2
    endloop
  endfacet
  facet normal 0 0 1
    outer loop
      vertex -1.654676578938961 -1.663907341659069 1.2
      vertex -1.1780299991369247 -0.31266000121831894 1.2
      vertex -1.6800074204802513 -1.517322301864624 1.2
    endloop
  endfacet
  facet normal 0 0 1
    outer loop
      vertex -1.6800074204802513 -1.517322301864624 1.2
      vertex -1.1780299991369247 -0.31266000121831894 1.2
      vertex -1.7144917994737625 -1.3817753195762634 1.2
    endloop
  endfacet
  facet normal 0 0 1
    outer loop
      vertex -1.7144917994737625 -1.3817753195762634 1.2
      vertex -1.1780299991369247 -0.31266000121831894 1.2
      vertex -1.759440690279007 -1.2501797303557396 1.2
    endloop
  endfacet
  facet normal 0 0 1
    outer loop
      vertex -1.759440690279007 -1.2501797303557396 1.2
      vertex -1.1780299991369247 -0.31266000121831894 1.2
      vertex -1.8148254454135895 -1.1230004951357841 1.2
    endloop
  endfacet
  facet normal 0 0 1
    outer loop
      vertex -1.8148254454135895 -1.1230004951357841 1.2
      vertex -1.1780299991369247 -0.31266000121831894 1.2
      vertex -1.8804578483104706 -1.0007751733064651 1.2
    endloop
  endfacet
  facet normal 0 0 1
    outer loop
      vertex -1.8804578483104706 -1.0007751733064651 1.2
      vertex -1.1780299991369247 -0.31266000121831894 1.2
      vertex -1.958140842616558 -0.8807092308998108 1.2
    endloop
  endfacet
  facet normal 0 0 1
    outer loop
      vertex -1.958140842616558 -0.8807092308998108 1.2
      vertex -1.1780299991369247 -0.31266000121831894 1.2
      vertex -2.052963249385357 -0.762558676302433 1.2
    endloop
  endfacet
  facet normal 0 0 1
    outer loop
      vertex -2.052963249385357 -0.762558676302433 1.2
      vertex -1.1780299991369247 -0.31266000121831894 1.2
      vertex -2.1648524925112724 -0.6529546678066254 1.2
    endloop
  endfacet
  facet normal 0 0 -1
    outer loop
      vertex -14.83078528040323 -3.545090322016128 0
      vertex -14.85 3.3499999999999996 0
      vertex -14.83078528040323 3.545090322016128 0
    endloop
  endfacet
  facet normal 0 0 -1
    outer loop
      vertex -14.773879532511286 -3.7326834323650893 0
      vertex -14.83078528040323 3.545090322016128 0
      vertex -14.773879532511286 3.7326834323650893 0
    endloop
  endfacet
  facet normal 0 0 -1
    outer loop
      vertex -14.681469612302545 -3.905570233019602 0
      vertex -14.773879532511286 3.7326834323650893 0
      vertex -14.681469612302545 3.905570233019602 0
    endloop
  endfacet
  facet normal 0 0 -1
    outer loop
      vertex -14.557106781186548 -4.0571067811865476 0
      vertex -14.681469612302545 3.905570233019602 0
      vertex -14.557106781186548 4.0571067811865476 0
    endloop
  endfacet
  facet normal 0 0 -1
    outer loop
      vertex -14.405570233019603 -4.1814696123025445 0
      vertex -14.557106781186548 4.0571067811865476 0
      vertex -14.405570233019603 4.1814696123025445 0
    endloop
  endfacet
  facet normal 0 0 -1
    outer loop
      vertex -14.23268343236509 -4.273879532511287 0
      vertex -14.405570233019603 4.1814696123025445 0
      vertex -14.23268343236509 4.273879532511287 0
    endloop
  endfacet
  facet normal 0 0 -1
    outer loop
      vertex -14.045090322016128 -4.33078528040323 0
      vertex -14.23268343236509 4.273879532511287 0
      vertex -14.045090322016128 4.33078528040323 0
    endloop
  endfacet
  facet normal 0 0 -1
    outer loop
      vertex -13.85 -4.35 0
      vertex -14.045090322016128 4.33078528040323 0
      vertex -13.85 4.35 0
    endloop
  endfacet
  facet normal -1 0 0
    outer loop
      vertex -14.85 -3.3499999999999996 0
      vertex -14.85 3.3499999999999996 1.2
      vertex -14.85 3.3499999999999996 0
    endloop
  endfacet
  facet normal -0.9951847266721969 0.09801714032956063 1.408419263936858e-20
    outer loop
      vertex -14.85 3.3499999999999996 0
      vertex -14.83078528040323 3.545090322016128 1.2
      vertex -14.83078528040323 3.545090322016128 0
    endloop
  endfacet
  facet normal -0.9569403357322077 0.2902846772544659 -2.4143463782532686e-19
    outer loop
      vertex -14.83078528040323 3.545090322016128 0
      vertex -14.773879532511286 3.7326834323650893 1.2
      vertex -14.773879532511286 3.7326834323650893 0
    endloop
  endfacet
  facet normal -0.8819212643483559 0.47139673682599603 4.956636405845545e-18
    outer loop
      vertex -14.773879532511286 3.7326834323650893 0
      vertex -14.681469612302545 3.905570233019602 1.2
      vertex -14.681469612302545 3.905570233019602 0
    endloop
  endfacet
  facet normal -0.7730104533627397 0.6343932841636422 -1.5526348423559025e-18
    outer loop
      vertex -14.681469612302545 3.905570233019602 0
      vertex -14.557106781186548 4.0571067811865476 1.2
      vertex -14.557106781186548 4.0571067811865476 0
    endloop
  endfacet
  facet normal -0.6343932841636445 0.7730104533627378 8.530653689077567e-19
    outer loop
      vertex -14.557106781186548 4.0571067811865476 0
      vertex -14.405570233019603 4.1814696123025445 1.2
      vertex -14.405570233019603 4.1814696123025445 0
    endloop
  endfacet
  facet normal -0.47139673682599764 0.881921264348355 3.7171829289897885e-18
    outer loop
      vertex -14.405570233019603 4.1814696123025445 0
      vertex -14.23268343236509 4.273879532511287 1.2
      vertex -14.23268343236509 4.273879532511287 0
    endloop
  endfacet
  facet normal -0.2902846772544611 0.9569403357322092 3.594634866415353e-18
    outer loop
      vertex -14.23268343236509 4.273879532511287 0
      vertex -14.045090322016128 4.33078528040323 1.2
      vertex -14.045090322016128 4.33078528040323 0
    endloop
  endfacet
  facet normal -0.09801714032956085 0.9951847266721969 6.116316224030831e-19
    outer loop
      vertex -14.045090322016128 4.33078528040323 0
      vertex -13.85 4.35 1.2
      vertex -13.85 4.35 0
    endloop
  endfacet
  facet normal -0.9951847266721969 0.09801714032956063 0
    outer loop
      vertex -14.85 3.3499999999999996 0
      vertex -14.85 3.3499999999999996 1.2
      vertex -14.83078528040323 3.545090322016128 1.2
    endloop
  endfacet
  facet normal -0.9569403357322077 0.2902846772544659 0
    outer loop
      vertex -14.83078528040323 3.545090322016128 0
      vertex -14.83078528040323 3.545090322016128 1.2
      vertex -14.773879532511286 3.7326834323650893 1.2
    endloop
  endfacet
  facet normal -0.8819212643483559 0.47139673682599603 0
    outer loop
      vertex -14.773879532511286 3.7326834323650893 0
      vertex -14.773879532511286 3.7326834323650893 1.2
      vertex -14.681469612302545 3.905570233019602 1.2
    endloop
  endfacet
  facet normal -0.7730104533627397 0.6343932841636422 0
    outer loop
      vertex -14.681469612302545 3.905570233019602 0
      vertex -14.681469612302545 3.905570233019602 1.2
      vertex -14.557106781186548 4.0571067811865476 1.2
    endloop
  endfacet
  facet normal -0.6343932841636445 0.7730104533627378 0
    outer loop
      vertex -14.557106781186548 4.0571067811865476 0
      vertex -14.557106781186548 4.0571067811865476 1.2
      vertex -14.405570233019603 4.1814696123025445 1.2
    endloop
  endfacet
  facet normal -0.47139673682599764 0.881921264348355 0
    outer loop
      vertex -14.405570233019603 4.1814696123025445 0
      vertex -14.405570233019603 4.1814696123025445 1.2
      vertex -14.23268343236509 4.273879532511287 1.2
    endloop
  endfacet
  facet normal -0.2902846772544611 0.9569403357322092 0
    outer loop
      vertex -14.23268343236509 4.273879532511287 0
      vertex -14.23268343236509 4.273879532511287 1.2
      vertex -14.045090322016128 4.33078528040323 1.2
    endloop
  endfacet
  facet normal -0.09801714032956085 0.9951847266721969 0
    outer loop
      vertex -14.045090322016128 4.33078528040323 0
      vertex -14.045090322016128 4.33078528040323 1.2
      vertex -13.85 4.35 1.2
    endloop
  endfacet
  facet normal 0 1 0
    outer loop
      vertex -13.85 4.35 0
      vertex -13.85 4.35 1.2
      vertex 13.85 4.35 1.2
    endloop
  endfacet
  facet normal 0 0 1
    outer loop
      vertex -13.85 -4.35 1.2
      vertex -11.75338999927044 -0.377920001745224 1.2
      vertex -13.85 4.35 1.2
    endloop
  endfacet
  facet normal 0 0 1
    outer loop
      vertex -14.83078528040323 -3.545090322016128 1.2
      vertex -14.83078528040323 3.545090322016128 1.2
      vertex -14.85 3.3499999999999996 1.2
    endloop
  endfacet
  facet normal 0 0 1
    outer loop
      vertex -14.773879532511286 -3.7326834323650893 1.2
      vertex -14.773879532511286 3.7326834323650893 1.2
      vertex -14.83078528040323 3.545090322016128 1.2
    endloop
  endfacet
  facet normal 0 0 1
    outer loop
      vertex -14.681469612302545 -3.905570233019602 1.2
      vertex -14.681469612302545 3.905570233019602 1.2
      vertex -14.773879532511286 3.7326834323650893 1.2
    endloop
  endfacet
  facet normal 0 0 1
    outer loop
      vertex -14.557106781186548 -4.0571067811865476 1.2
      vertex -14.557106781186548 4.0571067811865476 1.2
      vertex -14.681469612302545 3.905570233019602 1.2
    endloop
  endfacet
  facet normal 0 0 1
    outer loop
      vertex -14.405570233019603 -4.1814696123025445 1.2
      vertex -14.405570233019603 4.1814696123025445 1.2
      vertex -14.557106781186548 4.0571067811865476 1.2
    endloop
  endfacet
  facet normal 0 0 1
    outer loop
      vertex -14.23268343236509 -4.273879532511287 1.2
      vertex -14.23268343236509 4.273879532511287 1.2
      vertex -14.405570233019603 4.1814696123025445 1.2
    endloop
  endfacet
  facet normal 0 0 1
    outer loop
      vertex -14.045090322016128 -4.33078528040323 1.2
      vertex -14.045090322016128 4.33078528040323 1.2
      vertex -14.23268343236509 4.273879532511287 1.2
    endloop
  endfacet
  facet normal 0 0 1
    outer loop
      vertex -13.85 -4.35 1.2
      vertex -13.85 4.35 1.2
      vertex -14.045090322016128 4.33078528040323 1.2
    endloop
  endfacet
  facet normal 0 0 1
    outer loop
      vertex -13.85 4.35 1.2
      vertex -11.75338999927044 -0.377920001745224 1.2
      vertex -11.75338999927044 1.3311000019311905 1.2
    endloop
  endfacet
  facet normal 0 0 1
    outer loop
      vertex -13.85 4.35 1.2
      vertex -11.75338999927044 1.3311000019311905 1.2
      vertex -6.313330002129078 1.3311000019311905 1.2
    endloop
  endfacet
  facet normal 0 0 1
    outer loop
      vertex -13.85 4.35 1.2
      vertex -6.313330002129078 1.3311000019311905 1.2
      vertex -6.248029999434948 1.3311000019311905 1.2
    endloop
  endfacet
  facet normal 0 0 1
    outer loop
      vertex -13.85 4.35 1.2
      vertex -6.248029999434948 1.3311000019311905 1.2
      vertex -4.404729999601841 1.3311000019311905 1.2
    endloop
  endfacet
  facet normal 0 0 1
    outer loop
      vertex -4.404729999601841 -0.470505066215992 1.2
      vertex -4.137562304735184 -0.33980030566453934 1.2
      vertex -4.404729999601841 1.3311000019311905 1.2
    endloop
  endfacet
  facet normal 0 0 1
    outer loop
      vertex -4.137562304735184 -0.33980030566453934 1.2
      vertex -3.7934651523828506 -0.24498268216848373 1.2
      vertex -4.404729999601841 1.3311000019311905 1.2
    endloop
  endfacet
  facet normal 0 0 1
    outer loop
      vertex -4.404729999601841 1.3311000019311905 1.2
      vertex -3.7934651523828506 -0.24498268216848373 1.2
      vertex -3.4408935606479645 -0.21446751803159714 1.2
    endloop
  endfacet
  facet normal 0 0 1
    outer loop
      vertex -6.313330002129078 -0.377920001745224 1.2
      vertex -6.248029999434948 1.3311000019311905 1.2
      vertex -6.313330002129078 1.3311000019311905 1.2
    endloop
  endfacet
  facet normal 0 0 1
    outer loop
      vertex -2.1648524925112724 -0.6529546678066254 1.2
      vertex -1.1780299991369247 -0.31266000121831894 1.2
      vertex -2.289631575345993 -0.555251769721508 1.2
    endloop
  endfacet
  facet normal 0 0 1
    outer loop
      vertex -2.4260297417640686 -0.469046451151371 1.2
      vertex -1.1780299991369247 -0.31266000121831894 1.2
      vertex -2.5745238065719604 -0.3929597809910774 1.2
    endloop
  endfacet
  facet normal 0 0 1
    outer loop
      vertex -2.4260297417640686 -0.469046451151371 1.2
      vertex -2.289631575345993 -0.555251769721508 1.2
      vertex -1.1780299991369247 -0.31266000121831894 1.2
    endloop
  endfacet
  facet normal 0 0 1
    outer loop
      vertex -2.5745238065719604 -0.3929597809910774 1.2
      vertex -1.1780299991369247 -0.31266000121831894 1.2
      vertex -2.7339408546686172 -0.32831788808107376 1.2
    endloop
  endfacet
  facet normal 0 0 1
    outer loop
      vertex -4.404729999601841 1.3311000019311905 1.2
      vertex -3.4408935606479645 -0.21446751803159714 1.2
      vertex -3.250393606722355 -0.2216779813170433 1.2
    endloop
  endfacet
  facet normal 0 0 1
    outer loop
      vertex -4.404729999601841 1.3311000019311905 1.2
      vertex -3.250393606722355 -0.2216779813170433 1.2
      vertex -3.0731049329042435 -0.24264749139547348 1.2
    endloop
  endfacet
  facet normal 0 0 1
    outer loop
      vertex -2.9007375240325928 -0.2781028524041176 1.2
      vertex -4.404729999601841 1.3311000019311905 1.2
      vertex -3.0731049329042435 -0.24264749139547348 1.2
    endloop
  endfacet
  facet normal 0 0 1
    outer loop
      vertex -2.9007375240325928 -0.2781028524041176 1.2
      vertex -2.7339408546686172 -0.32831788808107376 1.2
      vertex -4.404729999601841 1.3311000019311905 1.2
    endloop
  endfacet
  facet normal 0 0 1
    outer loop
      vertex -2.7339408546686172 -0.32831788808107376 1.2
      vertex -1.1780299991369247 -0.31266000121831894 1.2
      vertex -4.404729999601841 1.3311000019311905 1.2
    endloop
  endfacet
  facet normal 0 0 1
    outer loop
      vertex 0.896951749920845 1.4328000023961067 1.2
      vertex -1.1780299991369247 -0.31266000121831894 1.2
      vertex 0.09132833033800125 -0.31266000121831894 1.2
    endloop
  endfacet
  facet normal 0 0 1
    outer loop
      vertex 0.896951749920845 1.4328000023961067 1.2
      vertex -4.404729999601841 1.3311000019311905 1.2
      vertex -1.1780299991369247 -0.31266000121831894 1.2
    endloop
  endfacet
  facet normal 0 0 1
    outer loop
      vertex -13.85 4.35 1.2
      vertex -4.404729999601841 1.3311000019311905 1.2
      vertex 0.896951749920845 1.4328000023961067 1.2
    endloop
  endfacet
  facet normal 0 0 1
    outer loop
      vertex -13.85 4.35 1.2
      vertex 0.896951749920845 1.4328000023961067 1.2
      vertex 3.1999933049082756 1.4328000023961067 1.2
    endloop
  endfacet
  facet normal 0 0 1
    outer loop
      vertex -13.85 4.35 1.2
      vertex 3.1999933049082756 1.4328000023961067 1.2
      vertex 6.95184999704361 1.2497400045394897 1.2
    endloop
  endfacet
  facet normal 0 -1 0
    outer loop
      vertex 13.85 -4.35 0
      vertex -4.404729999601841 -4.35 1.2
      vertex -6.248029999434948 -4.35 1.2
    endloop
  endfacet
  facet normal 0 -1 0
    outer loop
      vertex 13.85 -4.35 0
      vertex -3.4568900018930435 -4.35 1.2
      vertex -4.404729999601841 -4.35 1.2
    endloop
  endfacet
  facet normal 0 -1 0
    outer loop
      vertex 13.85 -4.35 0
      vertex -1.6135900020599365 -4.35 1.2
      vertex -3.4568900018930435 -4.35 1.2
    endloop
  endfacet
  facet normal 0 -1 0
    outer loop
      vertex 13.85 -4.35 0
      vertex -1.0482324673258456 -4.35 1.2
      vertex -1.6135900020599365 -4.35 1.2
    endloop
  endfacet
  facet normal 0 -1 0
    outer loop
      vertex 13.85 -4.35 0
      vertex 3.4523300006985664 -4.35 1.2
      vertex -1.0482324673258456 -4.35 1.2
    endloop
  endfacet
  facet normal 0.09801714032956085 -0.9951847266721969 0
    outer loop
      vertex 13.85 -4.35 0
      vertex 14.045090322016128 -4.33078528040323 0
      vertex 13.85 -4.35 1.2
    endloop
  endfacet
  facet normal 0.2902846772544611 -0.9569403357322092 0
    outer loop
      vertex 14.045090322016128 -4.33078528040323 0
      vertex 14.23268343236509 -4.273879532511287 0
      vertex 14.045090322016128 -4.33078528040323 1.2
    endloop
  endfacet
  facet normal 0.47139673682599764 -0.881921264348355 0
    outer loop
      vertex 14.23268343236509 -4.273879532511287 0
      vertex 14.405570233019603 -4.1814696123025445 0
      vertex 14.23268343236509 -4.273879532511287 1.2
    endloop
  endfacet
  facet normal 0.6343932841636445 -0.7730104533627378 0
    outer loop
      vertex 14.405570233019603 -4.1814696123025445 0
      vertex 14.557106781186548 -4.0571067811865476 0
      vertex 14.405570233019603 -4.1814696123025445 1.2
    endloop
  endfacet
  facet normal 0.7730104533627397 -0.6343932841636422 0
    outer loop
      vertex 14.557106781186548 -4.0571067811865476 0
      vertex 14.681469612302545 -3.905570233019602 0
      vertex 14.557106781186548 -4.0571067811865476 1.2
    endloop
  endfacet
  facet normal 0.8819212643483559 -0.47139673682599603 0
    outer loop
      vertex 14.681469612302545 -3.905570233019602 0
      vertex 14.773879532511286 -3.7326834323650893 0
      vertex 14.681469612302545 -3.905570233019602 1.2
    endloop
  endfacet
  facet normal 0.9569403357322077 -0.2902846772544659 0
    outer loop
      vertex 14.773879532511286 -3.7326834323650893 0
      vertex 14.83078528040323 -3.545090322016128 0
      vertex 14.773879532511286 -3.7326834323650893 1.2
    endloop
  endfacet
  facet normal 0.9951847266721969 -0.09801714032956063 0
    outer loop
      vertex 14.83078528040323 -3.545090322016128 0
      vertex 14.85 -3.3499999999999996 0
      vertex 14.83078528040323 -3.545090322016128 1.2
    endloop
  endfacet
  facet normal 0 -1 0
    outer loop
      vertex 13.85 -4.35 0
      vertex 7.797911021737976 -4.35 1.2
      vertex 3.4523300006985664 -4.35 1.2
    endloop
  endfacet
  facet normal 0 -1 0
    outer loop
      vertex 13.85 -4.35 0
      vertex 9.594397812086687 -4.35 1.2
      vertex 7.797911021737976 -4.35 1.2
    endloop
  endfacet
  facet normal 0 -1 0
    outer loop
      vertex 13.85 -4.35 0
      vertex 13.85 -4.35 1.2
      vertex 9.594397812086687 -4.35 1.2
    endloop
  endfacet
  facet normal 0.09801714032956085 -0.9951847266721969 0
    outer loop
      vertex 14.045090322016128 -4.33078528040323 0
      vertex 14.045090322016128 -4.33078528040323 1.2
      vertex 13.85 -4.35 1.2
    endloop
  endfacet
  facet normal 0.2902846772544611 -0.9569403357322092 0
    outer loop
      vertex 14.23268343236509 -4.273879532511287 0
      vertex 14.23268343236509 -4.273879532511287 1.2
      vertex 14.045090322016128 -4.33078528040323 1.2
    endloop
  endfacet
  facet normal 0.47139673682599764 -0.881921264348355 0
    outer loop
      vertex 14.405570233019603 -4.1814696123025445 0
      vertex 14.405570233019603 -4.1814696123025445 1.2
      vertex 14.23268343236509 -4.273879532511287 1.2
    endloop
  endfacet
  facet normal 0.6343932841636445 -0.7730104533627378 0
    outer loop
      vertex 14.557106781186548 -4.0571067811865476 0
      vertex 14.557106781186548 -4.0571067811865476 1.2
      vertex 14.405570233019603 -4.1814696123025445 1.2
    endloop
  endfacet
  facet normal 0.7730104533627397 -0.6343932841636422 0
    outer loop
      vertex 14.681469612302545 -3.905570233019602 0
      vertex 14.681469612302545 -3.905570233019602 1.2
      vertex 14.557106781186548 -4.0571067811865476 1.2
    endloop
  endfacet
  facet normal 0.8819212643483559 -0.47139673682599603 0
    outer loop
      vertex 14.773879532511286 -3.7326834323650893 0
      vertex 14.773879532511286 -3.7326834323650893 1.2
      vertex 14.681469612302545 -3.905570233019602 1.2
    endloop
  endfacet
  facet normal 0.9569403357322077 -0.2902846772544659 0
    outer loop
      vertex 14.83078528040323 -3.545090322016128 0
      vertex 14.83078528040323 -3.545090322016128 1.2
      vertex 14.773879532511286 -3.7326834323650893 1.2
    endloop
  endfacet
  facet normal 0.9951847266721969 -0.09801714032956063 0
    outer loop
      vertex 14.85 -3.3499999999999996 0
      vertex 14.85 -3.3499999999999996 1.2
      vertex 14.83078528040323 -3.545090322016128 1.2
    endloop
  endfacet
  facet normal 0 0 -1
    outer loop
      vertex 13.85 -4.35 0
      vertex 13.85 4.35 0
      vertex 14.045090322016128 -4.33078528040323 0
    endloop
  endfacet
  facet normal 0 0 -1
    outer loop
      vertex 14.045090322016128 -4.33078528040323 0
      vertex 14.045090322016128 4.33078528040323 0
      vertex 14.23268343236509 -4.273879532511287 0
    endloop
  endfacet
  facet normal 0 0 -1
    outer loop
      vertex 14.23268343236509 -4.273879532511287 0
      vertex 14.23268343236509 4.273879532511287 0
      vertex 14.405570233019603 -4.1814696123025445 0
    endloop
  endfacet
  facet normal 0 0 -1
    outer loop
      vertex 14.405570233019603 -4.1814696123025445 0
      vertex 14.405570233019603 4.1814696123025445 0
      vertex 14.557106781186548 -4.0571067811865476 0
    endloop
  endfacet
  facet normal 0 0 -1
    outer loop
      vertex 14.557106781186548 -4.0571067811865476 0
      vertex 14.557106781186548 4.0571067811865476 0
      vertex 14.681469612302545 -3.905570233019602 0
    endloop
  endfacet
  facet normal 0 0 -1
    outer loop
      vertex 14.681469612302545 -3.905570233019602 0
      vertex 14.681469612302545 3.905570233019602 0
      vertex 14.773879532511286 -3.7326834323650893 0
    endloop
  endfacet
  facet normal 0 0 -1
    outer loop
      vertex 14.773879532511286 -3.7326834323650893 0
      vertex 14.773879532511286 3.7326834323650893 0
      vertex 14.83078528040323 -3.545090322016128 0
    endloop
  endfacet
  facet normal 0 0 -1
    outer loop
      vertex 14.83078528040323 -3.545090322016128 0
      vertex 14.83078528040323 3.545090322016128 0
      vertex 14.85 -3.3499999999999996 0
    endloop
  endfacet
  facet normal 1 0 0
    outer loop
      vertex 14.85 -3.3499999999999996 0
      vertex 14.85 3.3499999999999996 0
      vertex 14.85 -3.3499999999999996 1.2
    endloop
  endfacet
  facet normal 0 0 1
    outer loop
      vertex 0.7786950692534447 -3.7763430774211884 1.2
      vertex 0.8116595074534416 -3.8029729202389717 1.2
      vertex 0.7300090044736862 -3.70881474763155 1.2
    endloop
  endfacet
  facet normal 0 0 1
    outer loop
      vertex 0.7786950692534447 -3.7763430774211884 1.2
      vertex 0.7405826672911644 -3.7303629592061043 1.2
      vertex 0.7558632791042328 -3.7521952763199806 1.2
    endloop
  endfacet
  facet normal 0 0 1
    outer loop
      vertex 0.8427557125687599 -3.8224100321531296 1.2
      vertex 0.7208598032593727 -3.6793339997529984 1.2
      vertex 0.8116595074534416 -3.8029729202389717 1.2
    endloop
  endfacet
  facet normal 0 0 1
    outer loop
      vertex 0.8756945133209229 -3.8369444087147713 1.2
      vertex 0.9170123636722565 -3.8488658368587494 1.2
      vertex 0.7036546468734741 -3.5854236036539078 1.2
    endloop
  endfacet
  facet normal 0 0 1
    outer loop
      vertex 0.9170123636722565 -3.8488658368587494 1.2
      vertex 0.9687397256493568 -3.857122577726841 1.2
      vertex 0.7036546468734741 -3.5854236036539078 1.2
    endloop
  endfacet
  facet normal 0 0 1
    outer loop
      vertex 0.9687397256493568 -3.857122577726841 1.2
      vertex 1.0302096903324127 -3.8601566404104233 1.2
      vertex 0.7036546468734741 -3.5854236036539078 1.2
    endloop
  endfacet
  facet normal 0 0 1
    outer loop
      vertex 0.7786950692534447 -3.7763430774211884 1.2
      vertex 0.7300090044736862 -3.70881474763155 1.2
      vertex 0.7405826672911644 -3.7303629592061043 1.2
    endloop
  endfacet
  facet normal 0 0 1
    outer loop
      vertex 0.8756945133209229 -3.8369444087147713 1.2
      vertex 0.7036546468734741 -3.5854236036539078 1.2
      vertex 0.8427557125687599 -3.8224100321531296 1.2
    endloop
  endfacet
  facet normal 0 0 1
    outer loop
      vertex 0.7300090044736862 -3.70881474763155 1.2
      vertex 0.8116595074534416 -3.8029729202389717 1.2
      vertex 0.7208598032593727 -3.6793339997529984 1.2
    endloop
  endfacet
  facet normal 0 0 1
    outer loop
      vertex 0.8427557125687599 -3.8224100321531296 1.2
      vertex 0.7036546468734741 -3.5854236036539078 1.2
      vertex 0.7208598032593727 -3.6793339997529984 1.2
    endloop
  endfacet
  facet normal 0 0 1
    outer loop
      vertex 1.0302096903324127 -3.8601566404104233 1.2
      vertex 0.6876495704054832 -3.4313786923885345 1.2
      vertex 0.7036546468734741 -3.5854236036539078 1.2
    endloop
  endfacet
  facet normal 0 0 1
    outer loop
      vertex 1.0302096903324127 -3.8601566404104233 1.2
      vertex 1.104681819677353 -3.85598636418581 1.2
      vertex 0.6876495704054832 -3.4313786923885345 1.2
    endloop
  endfacet
  facet normal 0 0 1
    outer loop
      vertex 1.104681819677353 -3.85598636418581 1.2
      vertex 1.172438956797123 -3.8441443145275116 1.2
      vertex 0.6876495704054832 -3.4313786923885345 1.2
    endloop
  endfacet
  facet normal 0 0 1
    outer loop
      vertex 1.172438956797123 -3.8441443145275116 1.2
      vertex 1.2360138073563576 -3.8248471543192863 1.2
      vertex 0.6876495704054832 -3.4313786923885345 1.2
    endloop
  endfacet
  facet normal 0 0 1
    outer loop
      vertex 1.2360138073563576 -3.8248471543192863 1.2
      vertex 1.297238551080227 -3.7976878210902214 1.2
      vertex 0.6876495704054832 -3.4313786923885345 1.2
    endloop
  endfacet
  facet normal 0 0 1
    outer loop
      vertex 1.297238551080227 -3.7976878210902214 1.2
      vertex 1.357910379767418 -3.761495441198349 1.2
      vertex 0.6876495704054832 -3.4313786923885345 1.2
    endloop
  endfacet
  facet normal 0 0 1
    outer loop
      vertex 1.357910379767418 -3.761495441198349 1.2
      vertex 1.4133944883942604 -3.719244562089443 1.2
      vertex 0.6876495704054832 -3.4313786923885345 1.2
    endloop
  endfacet
  facet normal 0 0 1
    outer loop
      vertex 0.6876495704054832 -3.4313786923885345 1.2
      vertex 1.4133944883942604 -3.719244562089443 1.2
      vertex 1.4583293423056602 -3.675800174474716 1.2
    endloop
  endfacet
  facet normal 0 0 1
    outer loop
      vertex 0.6876495704054832 -3.4313786923885345 1.2
      vertex 1.4583293423056602 -3.675800174474716 1.2
      vertex 1.4937430769205093 -3.6315845772624016 1.2
    endloop
  endfacet
  facet normal 0 0 1
    outer loop
      vertex 0.6876495704054832 -3.4313786923885345 1.2
      vertex 1.4937430769205093 -3.6315845772624016 1.2
      vertex 1.5215666890144348 -3.5854254961013794 1.2
    endloop
  endfacet
  facet normal 0 0 1
    outer loop
      vertex 0.6876495704054832 -3.4313786923885345 1.2
      vertex 1.5215666890144348 -3.5854254961013794 1.2
      vertex 1.540914997458458 -3.540681876242161 1.2
    endloop
  endfacet
  facet normal 0 0 1
    outer loop
      vertex 0.6876495704054832 -3.4313786923885345 1.2
      vertex 1.540914997458458 -3.540681876242161 1.2
      vertex 1.5600274428725243 -3.463924914598465 1.2
    endloop
  endfacet
  facet normal 0 0 1
    outer loop
      vertex 0.6876495704054832 -3.4313786923885345 1.2
      vertex 1.57997328042984 -3.3150714486837387 1.2
      vertex 0.6753912791609764 -3.2214625403285027 1.2
    endloop
  endfacet
  facet normal 0 0 1
    outer loop
      vertex 0.6876495704054832 -3.4313786923885345 1.2
      vertex 1.5600274428725243 -3.463924914598465 1.2
      vertex 1.57997328042984 -3.3150714486837387 1.2
    endloop
  endfacet
  facet normal 0 0 1
    outer loop
      vertex 0.6753912791609764 -3.2214625403285027 1.2
      vertex 1.57997328042984 -3.3150714486837387 1.2
      vertex 1.5958135202527046 -3.098580852150917 1.2
    endloop
  endfacet
  facet normal 0 0 1
    outer loop
      vertex 0.6753912791609764 -3.2214625403285027 1.2
      vertex 1.5958135202527046 -3.098580852150917 1.2
      vertex 0.6678326204419136 -2.9597541242837906 1.2
    endloop
  endfacet
  facet normal 0 0 1
    outer loop
      vertex 3.4523300006985664 -4.35 1.2
      vertex 3.4741145446896553 -3.532382294535637 1.2
      vertex 3.4523300006985664 -3.536781795322895 1.2
    endloop
  endfacet
  facet normal 0 0 1
    outer loop
      vertex 3.4523300006985664 -4.35 1.2
      vertex 3.7630292251706123 -3.4462045207619667 1.2
      vertex 3.4741145446896553 -3.532382294535637 1.2
    endloop
  endfacet
  facet normal 0 0 1
    outer loop
      vertex 3.4523300006985664 -4.35 1.2
      vertex 7.797911021737976 -4.35 1.2
      vertex 3.7630292251706123 -3.4462045207619667 1.2
    endloop
  endfacet
  facet normal 0 0 1
    outer loop
      vertex 7.797911021737976 -4.35 1.2
      vertex 4.025579363107681 -3.3354629576206207 1.2
      vertex 3.7630292251706123 -3.4462045207619667 1.2
    endloop
  endfacet
  facet normal 0 0 1
    outer loop
      vertex 7.797911021737976 -4.35 1.2
      vertex 4.260800376534462 -3.197649821639061 1.2
      vertex 4.025579363107681 -3.3354629576206207 1.2
    endloop
  endfacet
  facet normal 0 0 1
    outer loop
      vertex 7.797911021737976 -4.35 1.2
      vertex 4.45878691226244 -3.0363888144493103 1.2
      vertex 4.260800376534462 -3.197649821639061 1.2
    endloop
  endfacet
  facet normal 0 0 1
    outer loop
      vertex 7.797911021737976 -4.35 1.2
      vertex 7.853298023343086 -3.9287469759583473 1.2
      vertex 4.671986632049084 -2.7926211655139923 1.2
    endloop
  endfacet
  facet normal 0 0 1
    outer loop
      vertex 7.797911021737976 -4.35 1.2
      vertex 4.573741428554058 -2.9168741777539253 1.2
      vertex 4.45878691226244 -3.0363888144493103 1.2
    endloop
  endfacet
  facet normal 0 0 1
    outer loop
      vertex 7.797911021737976 -4.35 1.2
      vertex 4.671986632049084 -2.7926211655139923 1.2
      vertex 4.573741428554058 -2.9168741777539253 1.2
    endloop
  endfacet
  facet normal 0 0 1
    outer loop
      vertex 4.671986632049084 -2.7926211655139923 1.2
      vertex 7.853298023343086 -3.9287469759583473 1.2
      vertex 4.7563311830163 -2.659994773566723 1.2
    endloop
  endfacet
  facet normal 0 0 1
    outer loop
      vertex 4.7563311830163 -2.659994773566723 1.2
      vertex 7.853298023343086 -3.9287469759583473 1.2
      vertex 4.825828105211258 -2.5197092294692993 1.2
    endloop
  endfacet
  facet normal 0 0 1
    outer loop
      vertex 4.825828105211258 -2.5197092294692993 1.2
      vertex 7.853298023343086 -3.9287469759583473 1.2
      vertex 7.960109032690525 -3.4010428860783577 1.2
    endloop
  endfacet
  facet normal 0 0 1
    outer loop
      vertex 0.6678326204419136 -2.9597541242837906 1.2
      vertex 1.5958135202527046 -3.098580852150917 1.2
      vertex 1.605674222111702 -2.821063816547394 1.2
    endloop
  endfacet
  facet normal 0 0 1
    outer loop
      vertex 0.6678326204419136 -2.9597541242837906 1.2
      vertex 1.605674222111702 -2.821063816547394 1.2
      vertex 0.6652700006961823 -2.646807089447975 1.2
    endloop
  endfacet
  facet normal 0 0 1
    outer loop
      vertex 0.6652700006961823 -2.646807089447975 1.2
      vertex 1.605674222111702 -2.821063816547394 1.2
      vertex 1.6090300008654594 -2.4837191328406334 1.2
    endloop
  endfacet
  facet normal 0 0 1
    outer loop
      vertex 0.6652700006961823 -2.646807089447975 1.2
      vertex 1.6090300008654594 -2.4837191328406334 1.2
      vertex 1.4372859373688698 -0.4836999997496605 1.2
    endloop
  endfacet
  facet normal 0 0 1
    outer loop
      vertex 3.4523300006985664 -2.2933135330677032 1.2
      vertex 3.469864636659622 -2.2839627861976624 1.2
      vertex 3.4523300006985664 -2.155960001051426 1.2
    endloop
  endfacet
  facet normal 0 0 1
    outer loop
      vertex 3.469864636659622 -2.2839627861976624 1.2
      vertex 3.5532037541270256 -2.220516659319401 1.2
      vertex 3.4523300006985664 -2.155960001051426 1.2
    endloop
  endfacet
  facet normal 0 0 1
    outer loop
      vertex 3.4523300006985664 -2.155960001051426 1.2
      vertex 3.5532037541270256 -2.220516659319401 1.2
      vertex 3.611518181860447 -2.155960001051426 1.2
    endloop
  endfacet
  facet normal 0 0 1
    outer loop
      vertex 0.6652700006961823 -2.646807089447975 1.2
      vertex 1.4372859373688698 -0.4836999997496605 1.2
      vertex 0.6652700006961823 -0.4836999997496605 1.2
    endloop
  endfacet
  facet normal 0 0 1
    outer loop
      vertex 1.6090300008654594 -0.31266000121831894 1.2
      vertex 1.4372859373688698 -0.4836999997496605 1.2
      vertex 1.6090300008654594 -2.4837191328406334 1.2
    endloop
  endfacet
  facet normal 0 0 1
    outer loop
      vertex 4.825828105211258 -2.5197092294692993 1.2
      vertex 7.960109032690525 -3.4010428860783577 1.2
      vertex 4.879362054169178 -2.3738978877663612 1.2
    endloop
  endfacet
  facet normal 0 0 1
    outer loop
      vertex 4.879362054169178 -2.3738978877663612 1.2
      vertex 7.960109032690525 -3.4010428860783577 1.2
      vertex 4.918647602200508 -2.220815360546112 1.2
    endloop
  endfacet
  facet normal 0 0 1
    outer loop
      vertex 4.918647602200508 -2.220815360546112 1.2
      vertex 8.104455836117268 -2.8708285465836525 1.2
      vertex 4.947382748126984 -2.0562316477298737 1.2
    endloop
  endfacet
  facet normal 0 0 1
    outer loop
      vertex 4.918647602200508 -2.220815360546112 1.2
      vertex 7.960109032690525 -3.4010428860783577 1.2
      vertex 8.104455836117268 -2.8708285465836525 1.2
    endloop
  endfacet
  facet normal 0 0 1
    outer loop
      vertex 8.286080911755562 -2.3382233157753944 1.2
      vertex 4.947382748126984 -2.0562316477298737 1.2
      vertex 8.104455836117268 -2.8708285465836525 1.2
    endloop
  endfacet
  facet normal 0 0 1
    outer loop
      vertex 8.286080911755562 -2.3382233157753944 1.2
      vertex 4.967059276998043 -1.8786840364336967 1.2
      vertex 4.947382748126984 -2.0562316477298737 1.2
    endloop
  endfacet
  facet normal 0 0 1
    outer loop
      vertex 8.286080911755562 -2.3382233157753944 1.2
      vertex 4.978521220386028 -1.6871169954538345 1.2
      vertex 4.967059276998043 -1.8786840364336967 1.2
    endloop
  endfacet
  facet normal 0 0 1
    outer loop
      vertex 4.978521220386028 -1.6871169954538345 1.2
      vertex 8.286080911755562 -2.3382233157753944 1.2
      vertex 4.982210002839565 -1.4836321473121643 1.2
    endloop
  endfacet
  facet normal 0 0 1
    outer loop
      vertex 4.982210002839565 -1.4836321473121643 1.2
      vertex 8.286080911755562 -2.3382233157753944 1.2
      vertex 6.95184999704361 -0.5121999979019165 1.2
    endloop
  endfacet
  facet normal 0 0 1
    outer loop
      vertex 4.982210002839565 -1.4836321473121643 1.2
      vertex 6.95184999704361 -0.5121999979019165 1.2
      vertex 4.982210002839565 -0.31266000121831894 1.2
    endloop
  endfacet
  facet normal 0 0 1
    outer loop
      vertex 13.85 -4.35 1.2
      vertex 9.642261363565922 -4.017967402935028 1.2
      vertex 9.594397812086687 -4.35 1.2
    endloop
  endfacet
  facet normal 0 0 1
    outer loop
      vertex 13.85 -4.35 1.2
      vertex 9.712162926793098 -3.6583400145173073 1.2
      vertex 9.642261363565922 -4.017967402935028 1.2
    endloop
  endfacet
  facet normal 0 0 1
    outer loop
      vertex 13.85 -4.35 1.2
      vertex 9.802839435636997 -3.280868873000145 1.2
      vertex 9.712162926793098 -3.6583400145173073 1.2
    endloop
  endfacet
  facet normal 0 0 1
    outer loop
      vertex 13.85 -4.35 1.2
      vertex 9.912680983543396 -2.90029039978981 1.2
      vertex 9.802839435636997 -3.280868873000145 1.2
    endloop
  endfacet
  facet normal 0 0 1
    outer loop
      vertex 13.85 -4.35 1.2
      vertex 10.040409736335278 -2.5294038876891136 1.2
      vertex 9.912680983543396 -2.90029039978981 1.2
    endloop
  endfacet
  facet normal 0 0 1
    outer loop
      vertex 13.85 -4.35 1.2
      vertex 10.186267338693142 -2.167289301753044 1.2
      vertex 10.040409736335278 -2.5294038876891136 1.2
    endloop
  endfacet
  facet normal 0 0 1
    outer loop
      vertex 8.286080911755562 -2.3382233157753944 1.2
      vertex 8.499816328287125 -1.815428838133812 1.2
      vertex 6.95184999704361 -0.5121999979019165 1.2
    endloop
  endfacet
  facet normal 0 0 1
    outer loop
      vertex 8.499816328287125 -1.815428838133812 1.2
      vertex 8.740794621407986 -1.314520113170147 1.2
      vertex 6.95184999704361 -0.5121999979019165 1.2
    endloop
  endfacet
  facet normal 0 0 1
    outer loop
      vertex 8.740794621407986 -1.314520113170147 1.2
      vertex 9.00912930071354 -0.8355108872056007 1.2
      vertex 6.95184999704361 -0.5121999979019165 1.2
    endloop
  endfacet
  facet normal 0 0 1
    outer loop
      vertex 9.218366630375385 -0.5121999979019165 1.2
      vertex 6.95184999704361 -0.5121999979019165 1.2
      vertex 9.00912930071354 -0.8355108872056007 1.2
    endloop
  endfacet
  facet normal 0 0 1
    outer loop
      vertex 13.85 -4.35 1.2
      vertex 10.350291550159454 -1.8138100132346153 1.2
      vertex 10.186267338693142 -2.167289301753044 1.2
    endloop
  endfacet
  facet normal 0 0 1
    outer loop
      vertex 13.85 -4.35 1.2
      vertex 10.533066906034946 -1.4678406491875648 1.2
      vertex 10.350291550159454 -1.8138100132346153 1.2
    endloop
  endfacet
  facet normal 0 0 1
    outer loop
      vertex 13.85 -4.35 1.2
      vertex 10.724811807274818 -1.1412822753190994 1.2
      vertex 10.533066906034946 -1.4678406491875648 1.2
    endloop
  endfacet
  facet normal 0 0 1
    outer loop
      vertex 13.85 -4.35 1.2
      vertex 10.91418220102787 -0.848368838429451 1.2
      vertex 10.724811807274818 -1.1412822753190994 1.2
    endloop
  endfacet
  facet normal 0 0 1
    outer loop
      vertex 13.85 -4.35 1.2
      vertex 11.099908165633678 -0.5905072689056396 1.2
      vertex 10.91418220102787 -0.848368838429451 1.2
    endloop
  endfacet
  facet normal 0 0 1
    outer loop
      vertex 13.85 -4.35 1.2
      vertex 11.281211383640766 -0.3678824082016945 1.2
      vertex 11.099908165633678 -0.5905072689056396 1.2
    endloop
  endfacet
  facet normal 0 0 1
    outer loop
      vertex 13.85 -4.35 1.2
      vertex 11.561930000782013 -0.0688377395272255 1.2
      vertex 11.281211383640766 -0.3678824082016945 1.2
    endloop
  endfacet
  facet normal 0 0 1
    outer loop
      vertex 13.85 -4.35 1.2
      vertex 14.045090322016128 -4.33078528040323 1.2
      vertex 13.85 4.35 1.2
    endloop
  endfacet
  facet normal 0 0 1
    outer loop
      vertex 14.045090322016128 -4.33078528040323 1.2
      vertex 14.23268343236509 -4.273879532511287 1.2
      vertex 14.045090322016128 4.33078528040323 1.2
    endloop
  endfacet
  facet normal 0 0 1
    outer loop
      vertex 14.23268343236509 -4.273879532511287 1.2
      vertex 14.405570233019603 -4.1814696123025445 1.2
      vertex 14.23268343236509 4.273879532511287 1.2
    endloop
  endfacet
  facet normal 0 0 1
    outer loop
      vertex 14.405570233019603 -4.1814696123025445 1.2
      vertex 14.557106781186548 -4.0571067811865476 1.2
      vertex 14.405570233019603 4.1814696123025445 1.2
    endloop
  endfacet
  facet normal 0 0 1
    outer loop
      vertex 14.557106781186548 -4.0571067811865476 1.2
      vertex 14.681469612302545 -3.905570233019602 1.2
      vertex 14.557106781186548 4.0571067811865476 1.2
    endloop
  endfacet
  facet normal 0 0 1
    outer loop
      vertex 14.681469612302545 -3.905570233019602 1.2
      vertex 14.773879532511286 -3.7326834323650893 1.2
      vertex 14.681469612302545 3.905570233019602 1.2
    endloop
  endfacet
  facet normal 0 0 1
    outer loop
      vertex 14.773879532511286 -3.7326834323650893 1.2
      vertex 14.83078528040323 -3.545090322016128 1.2
      vertex 14.773879532511286 3.7326834323650893 1.2
    endloop
  endfacet
  facet normal 0 0 1
    outer loop
      vertex 14.83078528040323 -3.545090322016128 1.2
      vertex 14.85 -3.3499999999999996 1.2
      vertex 14.83078528040323 3.545090322016128 1.2
    endloop
  endfacet
  facet normal 0 0 -1
    outer loop
      vertex -13.85 4.35 0
      vertex 13.85 4.35 0
      vertex 13.85 -4.35 0
    endloop
  endfacet
  facet normal 0 1 0
    outer loop
      vertex -13.85 4.35 0
      vertex 13.85 4.35 1.2
      vertex 13.85 4.35 0
    endloop
  endfacet
  facet normal 0 0 -1
    outer loop
      vertex 14.85 -3.3499999999999996 0
      vertex 14.83078528040323 3.545090322016128 0
      vertex 14.85 3.3499999999999996 0
    endloop
  endfacet
  facet normal 0 0 -1
    outer loop
      vertex 14.83078528040323 -3.545090322016128 0
      vertex 14.773879532511286 3.7326834323650893 0
      vertex 14.83078528040323 3.545090322016128 0
    endloop
  endfacet
  facet normal 0 0 -1
    outer loop
      vertex 14.23268343236509 -4.273879532511287 0
      vertex 14.045090322016128 4.33078528040323 0
      vertex 14.23268343236509 4.273879532511287 0
    endloop
  endfacet
  facet normal 0 0 -1
    outer loop
      vertex 14.405570233019603 -4.1814696123025445 0
      vertex 14.23268343236509 4.273879532511287 0
      vertex 14.405570233019603 4.1814696123025445 0
    endloop
  endfacet
  facet normal 0 0 -1
    outer loop
      vertex 14.045090322016128 -4.33078528040323 0
      vertex 13.85 4.35 0
      vertex 14.045090322016128 4.33078528040323 0
    endloop
  endfacet
  facet normal 0 0 -1
    outer loop
      vertex 14.557106781186548 -4.0571067811865476 0
      vertex 14.405570233019603 4.1814696123025445 0
      vertex 14.557106781186548 4.0571067811865476 0
    endloop
  endfacet
  facet normal 0 0 -1
    outer loop
      vertex 14.681469612302545 -3.905570233019602 0
      vertex 14.557106781186548 4.0571067811865476 0
      vertex 14.681469612302545 3.905570233019602 0
    endloop
  endfacet
  facet normal 0 0 -1
    outer loop
      vertex 14.773879532511286 -3.7326834323650893 0
      vertex 14.681469612302545 3.905570233019602 0
      vertex 14.773879532511286 3.7326834323650893 0
    endloop
  endfacet
  facet normal 1 0 0
    outer loop
      vertex 14.85 -3.3499999999999996 1.2
      vertex 14.85 3.3499999999999996 0
      vertex 14.85 3.3499999999999996 1.2
    endloop
  endfacet
  facet normal 0.9951847266721969 0.09801714032956063 0
    outer loop
      vertex 14.85 3.3499999999999996 0
      vertex 14.83078528040323 3.545090322016128 0
      vertex 14.85 3.3499999999999996 1.2
    endloop
  endfacet
  facet normal 0.9569403357322077 0.2902846772544659 0
    outer loop
      vertex 14.83078528040323 3.545090322016128 0
      vertex 14.773879532511286 3.7326834323650893 0
      vertex 14.83078528040323 3.545090322016128 1.2
    endloop
  endfacet
  facet normal 0.8819212643483559 0.47139673682599603 0
    outer loop
      vertex 14.773879532511286 3.7326834323650893 0
      vertex 14.681469612302545 3.905570233019602 0
      vertex 14.773879532511286 3.7326834323650893 1.2
    endloop
  endfacet
  facet normal 0.7730104533627397 0.6343932841636422 0
    outer loop
      vertex 14.681469612302545 3.905570233019602 0
      vertex 14.557106781186548 4.0571067811865476 0
      vertex 14.681469612302545 3.905570233019602 1.2
    endloop
  endfacet
  facet normal 0.09801714032956085 0.9951847266721969 -6.116316224030831e-19
    outer loop
      vertex 13.85 4.35 0
      vertex 14.045090322016128 4.33078528040323 1.2
      vertex 14.045090322016128 4.33078528040323 0
    endloop
  endfacet
  facet normal 0.47139673682599764 0.881921264348355 -3.7171829289897885e-18
    outer loop
      vertex 14.23268343236509 4.273879532511287 0
      vertex 14.405570233019603 4.1814696123025445 1.2
      vertex 14.405570233019603 4.1814696123025445 0
    endloop
  endfacet
  facet normal 0.2902846772544611 0.9569403357322092 -3.594634866415353e-18
    outer loop
      vertex 14.045090322016128 4.33078528040323 0
      vertex 14.23268343236509 4.273879532511287 1.2
      vertex 14.23268343236509 4.273879532511287 0
    endloop
  endfacet
  facet normal 0.6343932841636445 0.7730104533627378 0
    outer loop
      vertex 14.557106781186548 4.0571067811865476 0
      vertex 14.405570233019603 4.1814696123025445 0
      vertex 14.557106781186548 4.0571067811865476 1.2
    endloop
  endfacet
  facet normal 0.9951847266721969 0.09801714032956063 0
    outer loop
      vertex 14.83078528040323 3.545090322016128 0
      vertex 14.83078528040323 3.545090322016128 1.2
      vertex 14.85 3.3499999999999996 1.2
    endloop
  endfacet
  facet normal 0.9569403357322077 0.2902846772544659 0
    outer loop
      vertex 14.773879532511286 3.7326834323650893 0
      vertex 14.773879532511286 3.7326834323650893 1.2
      vertex 14.83078528040323 3.545090322016128 1.2
    endloop
  endfacet
  facet normal 0.09801714032956085 0.9951847266721969 0
    outer loop
      vertex 13.85 4.35 0
      vertex 13.85 4.35 1.2
      vertex 14.045090322016128 4.33078528040323 1.2
    endloop
  endfacet
  facet normal 0.8819212643483559 0.47139673682599603 0
    outer loop
      vertex 14.681469612302545 3.905570233019602 0
      vertex 14.681469612302545 3.905570233019602 1.2
      vertex 14.773879532511286 3.7326834323650893 1.2
    endloop
  endfacet
  facet normal 0.7730104533627397 0.6343932841636422 0
    outer loop
      vertex 14.557106781186548 4.0571067811865476 0
      vertex 14.557106781186548 4.0571067811865476 1.2
      vertex 14.681469612302545 3.905570233019602 1.2
    endloop
  endfacet
  facet normal 0.2902846772544611 0.9569403357322092 0
    outer loop
      vertex 14.045090322016128 4.33078528040323 0
      vertex 14.045090322016128 4.33078528040323 1.2
      vertex 14.23268343236509 4.273879532511287 1.2
    endloop
  endfacet
  facet normal 0.47139673682599764 0.881921264348355 0
    outer loop
      vertex 14.23268343236509 4.273879532511287 0
      vertex 14.23268343236509 4.273879532511287 1.2
      vertex 14.405570233019603 4.1814696123025445 1.2
    endloop
  endfacet
  facet normal 0.6343932841636445 0.7730104533627378 0
    outer loop
      vertex 14.405570233019603 4.1814696123025445 0
      vertex 14.405570233019603 4.1814696123025445 1.2
      vertex 14.557106781186548 4.0571067811865476 1.2
    endloop
  endfacet
  facet normal 0 0 1
    outer loop
      vertex 1.4372859373688698 -0.4836999997496605 1.2
      vertex 1.6090300008654594 -0.31266000121831894 1.2
      vertex 3.1999933049082756 1.4328000023961067 1.2
    endloop
  endfacet
  facet normal 0 0 1
    outer loop
      vertex 1.6090300008654594 -0.31266000121831894 1.2
      vertex 4.982210002839565 -0.31266000121831894 1.2
      vertex 3.1999933049082756 1.4328000023961067 1.2
    endloop
  endfacet
  facet normal 0 0 1
    outer loop
      vertex 4.982210002839565 -0.31266000121831894 1.2
      vertex 6.95184999704361 -0.5121999979019165 1.2
      vertex 6.95184999704361 1.2497400045394897 1.2
    endloop
  endfacet
  facet normal 0 0 1
    outer loop
      vertex 4.982210002839565 -0.31266000121831894 1.2
      vertex 6.95184999704361 1.2497400045394897 1.2
      vertex 3.1999933049082756 1.4328000023961067 1.2
    endloop
  endfacet
  facet normal 0 0 1
    outer loop
      vertex -13.85 4.35 1.2
      vertex 6.95184999704361 1.2497400045394897 1.2
      vertex 13.85 4.35 1.2
    endloop
  endfacet
  facet normal 0 0 1
    outer loop
      vertex 13.85 -4.35 1.2
      vertex 13.85 4.35 1.2
      vertex 11.561930000782013 -0.0688377395272255 1.2
    endloop
  endfacet
  facet normal 0 0 1
    outer loop
      vertex 13.85 4.35 1.2
      vertex 11.561930000782013 1.2497400045394897 1.2
      vertex 11.561930000782013 -0.0688377395272255 1.2
    endloop
  endfacet
  facet normal 0 0 1
    outer loop
      vertex 14.85 -3.3499999999999996 1.2
      vertex 14.85 3.3499999999999996 1.2
      vertex 14.83078528040323 3.545090322016128 1.2
    endloop
  endfacet
  facet normal 0 0 1
    outer loop
      vertex 14.83078528040323 -3.545090322016128 1.2
      vertex 14.83078528040323 3.545090322016128 1.2
      vertex 14.773879532511286 3.7326834323650893 1.2
    endloop
  endfacet
  facet normal 0 0 1
    outer loop
      vertex 14.23268343236509 -4.273879532511287 1.2
      vertex 14.23268343236509 4.273879532511287 1.2
      vertex 14.045090322016128 4.33078528040323 1.2
    endloop
  endfacet
  facet normal 0 0 1
    outer loop
      vertex 14.405570233019603 -4.1814696123025445 1.2
      vertex 14.405570233019603 4.1814696123025445 1.2
      vertex 14.23268343236509 4.273879532511287 1.2
    endloop
  endfacet
  facet normal 0 0 1
    outer loop
      vertex 14.045090322016128 -4.33078528040323 1.2
      vertex 14.045090322016128 4.33078528040323 1.2
      vertex 13.85 4.35 1.2
    endloop
  endfacet
  facet normal 0 0 1
    outer loop
      vertex 14.557106781186548 -4.0571067811865476 1.2
      vertex 14.557106781186548 4.0571067811865476 1.2
      vertex 14.405570233019603 4.1814696123025445 1.2
    endloop
  endfacet
  facet normal 0 0 1
    outer loop
      vertex 14.681469612302545 -3.905570233019602 1.2
      vertex 14.681469612302545 3.905570233019602 1.2
      vertex 14.557106781186548 4.0571067811865476 1.2
    endloop
  endfacet
  facet normal 0 0 1
    outer loop
      vertex 14.773879532511286 -3.7326834323650893 1.2
      vertex 14.773879532511286 3.7326834323650893 1.2
      vertex 14.681469612302545 3.905570233019602 1.2
    endloop
  endfacet
  facet normal 0 0 1
    outer loop
      vertex 13.85 4.35 1.2
      vertex 6.95184999704361 1.2497400045394897 1.2
      vertex 11.561930000782013 1.2497400045394897 1.2
    endloop
  endfacet
  facet normal 0 0 -1
    outer loop
      vertex -9.983510002493858 -5.3336800038814545 1.2
      vertex -9.983510002493858 -4.35 1.2
      vertex -8.079130001366138 -5.3336800038814545 1.2
    endloop
  endfacet
  facet normal 0 0 -1
    outer loop
      vertex -8.079130001366138 -5.3336800038814545 1.2
      vertex -9.983510002493858 -4.35 1.2
      vertex -8.079130001366138 -4.35 1.2
    endloop
  endfacet
  facet normal 0 -1 0
    outer loop
      vertex -9.983510002493858 -5.3336800038814545 1.2
      vertex -8.079130001366138 -5.3336800038814545 1.2
      vertex -9.983510002493858 -5.3336800038814545 2
    endloop
  endfacet
  facet normal 1 0 0
    outer loop
      vertex -8.079130001366138 -5.3336800038814545 1.2
      vertex -8.079130001366138 -4.35 1.2
      vertex -8.079130001366138 -5.3336800038814545 2
    endloop
  endfacet
  facet normal -1 0 0
    outer loop
      vertex -9.983510002493858 -5.3336800038814545 1.2
      vertex -9.983510002493858 -0.377920001745224 2
      vertex -9.983510002493858 -4.35 1.2
    endloop
  endfacet
  facet normal 1 0 0
    outer loop
      vertex -8.079130001366138 -5.3336800038814545 2
      vertex -8.079130001366138 -4.35 1.2
      vertex -8.079130001366138 -0.377920001745224 1.2
    endloop
  endfacet
  facet normal 0 -1 0
    outer loop
      vertex -8.079130001366138 -5.3336800038814545 1.2
      vertex -8.079130001366138 -5.3336800038814545 2
      vertex -9.983510002493858 -5.3336800038814545 2
    endloop
  endfacet
  facet normal -1 0 0
    outer loop
      vertex -9.983510002493858 -5.3336800038814545 1.2
      vertex -9.983510002493858 -5.3336800038814545 2
      vertex -9.983510002493858 -0.377920001745224 2
    endloop
  endfacet
  facet normal 0 0 1
    outer loop
      vertex -9.983510002493858 -5.3336800038814545 2
      vertex -8.079130001366138 -5.3336800038814545 2
      vertex -9.983510002493858 -0.377920001745224 2
    endloop
  endfacet
  facet normal -1 0 0
    outer loop
      vertex -9.983510002493858 -0.377920001745224 2
      vertex -9.983510002493858 -0.377920001745224 1.2
      vertex -9.983510002493858 -4.35 1.2
    endloop
  endfacet
  facet normal 1 0 0
    outer loop
      vertex -8.079130001366138 -5.3336800038814545 2
      vertex -8.079130001366138 -0.377920001745224 1.2
      vertex -8.079130001366138 -0.377920001745224 2
    endloop
  endfacet
  facet normal 0 0 1
    outer loop
      vertex -8.079130001366138 -5.3336800038814545 2
      vertex -8.079130001366138 -0.377920001745224 2
      vertex -9.983510002493858 -0.377920001745224 2
    endloop
  endfacet
  facet normal 0 0 -1
    outer loop
      vertex -6.248029999434948 -5.3336800038814545 1.2
      vertex -6.248029999434948 -4.35 1.2
      vertex -4.404729999601841 -5.3336800038814545 1.2
    endloop
  endfacet
  facet normal 0 0 -1
    outer loop
      vertex -4.404729999601841 -5.3336800038814545 1.2
      vertex -6.248029999434948 -4.35 1.2
      vertex -4.404729999601841 -4.35 1.2
    endloop
  endfacet
  facet normal 0 -1 0
    outer loop
      vertex -6.248029999434948 -5.3336800038814545 1.2
      vertex -4.404729999601841 -5.3336800038814545 1.2
      vertex -6.248029999434948 -5.3336800038814545 2
    endloop
  endfacet
  facet normal 1 0 0
    outer loop
      vertex -4.404729999601841 -5.3336800038814545 1.2
      vertex -4.404729999601841 -4.35 1.2
      vertex -4.404729999601841 -5.3336800038814545 2
    endloop
  endfacet
  facet normal 1 0 0
    outer loop
      vertex -4.404729999601841 -5.3336800038814545 2
      vertex -4.404729999601841 -4.35 1.2
      vertex -4.404729999601841 -2.8226206079125404 1.2
    endloop
  endfacet
  facet normal 0 0 -1
    outer loop
      vertex -3.4568900018930435 -5.3336800038814545 1.2
      vertex -3.4568900018930435 -4.35 1.2
      vertex -1.6135900020599365 -5.3336800038814545 1.2
    endloop
  endfacet
  facet normal 0 0 -1
    outer loop
      vertex -1.6135900020599365 -5.3336800038814545 1.2
      vertex -3.4568900018930435 -4.35 1.2
      vertex -1.6135900020599365 -4.35 1.2
    endloop
  endfacet
  facet normal 0 0 -1
    outer loop
      vertex -0.19218514114618301 -5.289906293153763 1.2
      vertex -0.5254745110869408 -5.100505068898201 1.2
      vertex -1.0482324673258456 -4.35 1.2
    endloop
  endfacet
  facet normal 0 0 -1
    outer loop
      vertex -0.19218514114618301 -5.289906293153763 1.2
      vertex -1.0482324673258456 -4.35 1.2
      vertex 0.18817759305238724 -5.398268923163414 1.2
    endloop
  endfacet
  facet normal 0 0 -1
    outer loop
      vertex 0.18817759305238724 -5.398268923163414 1.2
      vertex -1.0482324673258456 -4.35 1.2
      vertex 0.6086882054805756 -5.432562589645386 1.2
    endloop
  endfacet
  facet normal 0 0 -1
    outer loop
      vertex -0.7962378636002541 -4.8322983756661415 1.2
      vertex -0.9904297292232513 -4.504699103534222 1.2
      vertex -1.0482324673258456 -4.35 1.2
    endloop
  endfacet
  facet normal 0 0 -1
    outer loop
      vertex -0.5254745110869408 -5.100505068898201 1.2
      vertex -0.7962378636002541 -4.8322983756661415 1.2
      vertex -1.0482324673258456 -4.35 1.2
    endloop
  endfacet
  facet normal 0 -1 0
    outer loop
      vertex -3.4568900018930435 -5.3336800038814545 1.2
      vertex -1.6135900020599365 -5.3336800038814545 1.2
      vertex -3.4568900018930435 -5.3336800038814545 2
    endloop
  endfacet
  facet normal 1 0 0
    outer loop
      vertex -1.6135900020599365 -5.3336800038814545 1.2
      vertex -1.6135900020599365 -4.35 1.2
      vertex -1.6135900020599365 -5.3336800038814545 2
    endloop
  endfacet
  facet normal -0.2739906855854846 -0.9617323454123794 0
    outer loop
      vertex -0.19218514114618301 -5.289906293153763 1.2
      vertex 0.18817759305238724 -5.398268923163414 1.2
      vertex -0.19218514114618301 -5.289906293153763 2
    endloop
  endfacet
  facet normal -0.4940730306112349 -0.8694204048805331 0
    outer loop
      vertex -0.19218514114618301 -5.289906293153763 1.2
      vertex -0.5254745110869408 -5.100505068898201 2
      vertex -0.5254745110869408 -5.100505068898201 1.2
    endloop
  endfacet
  facet normal -0.7037446304825803 -0.7104530210133083 0
    outer loop
      vertex -0.5254745110869408 -5.100505068898201 1.2
      vertex -0.7962378636002541 -4.8322983756661415 2
      vertex -0.7962378636002541 -4.8322983756661415 1.2
    endloop
  endfacet
  facet normal -0.9367454369950462 -0.35001140876971404 1.3932201856732634e-16
    outer loop
      vertex -0.9904297292232513 -4.504699103534222 1.2
      vertex -1.0636194720864296 -4.3088193237781525 2
      vertex -1.0482324673258456 -4.35 1.2
    endloop
  endfacet
  facet normal -0.936745436995047 -0.3500114087697116 0
    outer loop
      vertex -1.0636194720864296 -4.3088193237781525 2
      vertex -1.0636194720864296 -4.3088193237781525 1.2
      vertex -1.0482324673258456 -4.35 1.2
    endloop
  endfacet
  facet normal -0.8602236212639086 -0.5099169750259424 0
    outer loop
      vertex -0.7962378636002541 -4.8322983756661415 1.2
      vertex -0.9904297292232513 -4.504699103534222 2
      vertex -0.9904297292232513 -4.504699103534222 1.2
    endloop
  endfacet
  facet normal -1 0 0
    outer loop
      vertex -3.4568900018930435 -5.3336800038814545 1.2
      vertex -3.4568900018930435 -2.7029086649417877 2
      vertex -3.4568900018930435 -4.35 1.2
    endloop
  endfacet
  facet normal -1 0 0
    outer loop
      vertex -3.4568900018930435 -2.7029086649417877 2
      vertex -3.4568900018930435 -2.7029086649417877 1.2
      vertex -3.4568900018930435 -4.35 1.2
    endloop
  endfacet
  facet normal 1 0 0
    outer loop
      vertex -1.6135900020599365 -5.3336800038814545 2
      vertex -1.6135900020599365 -4.35 1.2
      vertex -1.6135900020599365 -2.4469878524541855 1.2
    endloop
  endfacet
  facet normal -0.9691171442655193 -0.2466008124290037 0
    outer loop
      vertex -1.1154188886284828 -4.105252668261528 2
      vertex -1.1154188886284828 -4.105252668261528 1.2
      vertex -1.0636194720864296 -4.3088193237781525 1.2
    endloop
  endfacet
  facet normal -0.9871857721283571 -0.15957522147043823 0
    outer loop
      vertex -1.1508592441678047 -3.8860067576169968 2
      vertex -1.1508592441678047 -3.8860067576169968 1.2
      vertex -1.1154188886284828 -4.105252668261528 1.2
    endloop
  endfacet
  facet normal -0.9962087566249269 -0.08699490343587431 0
    outer loop
      vertex -1.17144413292408 -3.650282070040703 2
      vertex -1.17144413292408 -3.650282070040703 1.2
      vertex -1.1508592441678047 -3.8860067576169968 1.2
    endloop
  endfacet
  facet normal -0.9996498125815335 -0.02646227892123394 0
    outer loop
      vertex -1.1780299991369247 -3.4014917090535164 2
      vertex -1.1780299991369247 -3.4014917090535164 1.2
      vertex -1.17144413292408 -3.650282070040703 1.2
    endloop
  endfacet
  facet normal 0 -1 0
    outer loop
      vertex -4.404729999601841 -5.3336800038814545 1.2
      vertex -4.404729999601841 -5.3336800038814545 2
      vertex -6.248029999434948 -5.3336800038814545 2
    endloop
  endfacet
  facet normal 0 0 1
    outer loop
      vertex -6.248029999434948 -5.3336800038814545 2
      vertex -4.404729999601841 -5.3336800038814545 2
      vertex -4.404729999601841 -2.8226206079125404 2
    endloop
  endfacet
  facet normal -1 0 0
    outer loop
      vertex -6.248029999434948 -5.3336800038814545 1.2
      vertex -6.248029999434948 -5.3336800038814545 2
      vertex -6.248029999434948 1.3311000019311905 2
    endloop
  endfacet
  facet normal 1 0 0
    outer loop
      vertex -4.404729999601841 -5.3336800038814545 2
      vertex -4.404729999601841 -2.8226206079125404 1.2
      vertex -4.404729999601841 -2.8226206079125404 2
    endloop
  endfacet
  facet normal 0 0 1
    outer loop
      vertex -6.248029999434948 -5.3336800038814545 2
      vertex -4.404729999601841 -2.8226206079125404 2
      vertex -4.400814205408096 -2.626881130039692 2
    endloop
  endfacet
  facet normal 0 0 1
    outer loop
      vertex -6.248029999434948 -5.3336800038814545 2
      vertex -4.400814205408096 -2.626881130039692 2
      vertex -4.389594979584217 -2.4591573029756546 2
    endloop
  endfacet
  facet normal 0 0 1
    outer loop
      vertex -6.248029999434948 -5.3336800038814545 2
      vertex -4.389594979584217 -2.4591573029756546 2
      vertex -4.3717552945017815 -2.317471571266651 2
    endloop
  endfacet
  facet normal 0 0 1
    outer loop
      vertex -6.248029999434948 -5.3336800038814545 2
      vertex -4.3717552945017815 -2.317471571266651 2
      vertex -4.348667301237583 -2.203441344201565 2
    endloop
  endfacet
  facet normal 0 0 1
    outer loop
      vertex -6.248029999434948 -5.3336800038814545 2
      vertex -4.348667301237583 -2.203441344201565 2
      vertex -4.322204798460007 -2.116896152496338 2
    endloop
  endfacet
  facet normal 0 0 1
    outer loop
      vertex -6.248029999434948 -5.3336800038814545 2
      vertex -4.322204798460007 -2.116896152496338 2
      vertex -4.292531341314316 -2.049044519662857 2
    endloop
  endfacet
  facet normal 0 -1 0
    outer loop
      vertex -1.6135900020599365 -5.3336800038814545 1.2
      vertex -1.6135900020599365 -5.3336800038814545 2
      vertex -3.4568900018930435 -5.3336800038814545 2
    endloop
  endfacet
  facet normal -1 0 0
    outer loop
      vertex -3.4568900018930435 -5.3336800038814545 1.2
      vertex -3.4568900018930435 -5.3336800038814545 2
      vertex -3.4568900018930435 -2.7029086649417877 2
    endloop
  endfacet
  facet normal -0.4940730306112349 -0.8694204048805331 0
    outer loop
      vertex -0.19218514114618301 -5.289906293153763 1.2
      vertex -0.19218514114618301 -5.289906293153763 2
      vertex -0.5254745110869408 -5.100505068898201 2
    endloop
  endfacet
  facet normal -0.7037446304825803 -0.7104530210133083 0
    outer loop
      vertex -0.5254745110869408 -5.100505068898201 1.2
      vertex -0.5254745110869408 -5.100505068898201 2
      vertex -0.7962378636002541 -4.8322983756661415 2
    endloop
  endfacet
  facet normal -0.9367454369950464 -0.35001140876971354 0
    outer loop
      vertex -0.9904297292232513 -4.504699103534222 1.2
      vertex -0.9904297292232513 -4.504699103534222 2
      vertex -1.0636194720864296 -4.3088193237781525 2
    endloop
  endfacet
  facet normal -0.9691171442655193 -0.2466008124290037 0
    outer loop
      vertex -1.0636194720864296 -4.3088193237781525 2
      vertex -1.1154188886284828 -4.105252668261528 2
      vertex -1.0636194720864296 -4.3088193237781525 1.2
    endloop
  endfacet
  facet normal -0.8602236212639086 -0.5099169750259424 0
    outer loop
      vertex -0.7962378636002541 -4.8322983756661415 1.2
      vertex -0.7962378636002541 -4.8322983756661415 2
      vertex -0.9904297292232513 -4.504699103534222 2
    endloop
  endfacet
  facet normal 0 0 1
    outer loop
      vertex -3.4568900018930435 -5.3336800038814545 2
      vertex -1.6135900020599365 -5.3336800038814545 2
      vertex -3.4568900018930435 -2.7029086649417877 2
    endloop
  endfacet
  facet normal 0 0 1
    outer loop
      vertex -0.5254745110869408 -5.100505068898201 2
      vertex 0.7558632791042328 -3.7521952763199806 2
      vertex -0.7962378636002541 -4.8322983756661415 2
    endloop
  endfacet
  facet normal 0 0 1
    outer loop
      vertex -0.7962378636002541 -4.8322983756661415 2
      vertex 0.7300090044736862 -3.70881474763155 2
      vertex -0.9904297292232513 -4.504699103534222 2
    endloop
  endfacet
  facet normal -0.9871857721283571 -0.15957522147043823 0
    outer loop
      vertex -1.1154188886284828 -4.105252668261528 2
      vertex -1.1508592441678047 -3.8860067576169968 2
      vertex -1.1154188886284828 -4.105252668261528 1.2
    endloop
  endfacet
  facet normal -0.9962087566249269 -0.08699490343587431 0
    outer loop
      vertex -1.1508592441678047 -3.8860067576169968 2
      vertex -1.17144413292408 -3.650282070040703 2
      vertex -1.1508592441678047 -3.8860067576169968 1.2
    endloop
  endfacet
  facet normal 1 0 0
    outer loop
      vertex -1.6135900020599365 -5.3336800038814545 2
      vertex -1.6135900020599365 -2.4469878524541855 1.2
      vertex -1.6135900020599365 -2.4469878524541855 2
    endloop
  endfacet
  facet normal -0.9996498125815335 -0.02646227892123394 0
    outer loop
      vertex -1.17144413292408 -3.650282070040703 2
      vertex -1.1780299991369247 -3.4014917090535164 2
      vertex -1.17144413292408 -3.650282070040703 1.2
    endloop
  endfacet
  facet normal 0 0 1
    outer loop
      vertex -1.6135900020599365 -5.3336800038814545 2
      vertex -1.6135900020599365 -2.4469878524541855 2
      vertex -3.4568900018930435 -2.7029086649417877 2
    endloop
  endfacet
  facet normal 0 0 1
    outer loop
      vertex -1.0636194720864296 -4.3088193237781525 2
      vertex 0.7208598032593727 -3.6793339997529984 2
      vertex -1.1154188886284828 -4.105252668261528 2
    endloop
  endfacet
  facet normal 0 0 1
    outer loop
      vertex -0.9904297292232513 -4.504699103534222 2
      vertex 0.7300090044736862 -3.70881474763155 2
      vertex -1.0636194720864296 -4.3088193237781525 2
    endloop
  endfacet
  facet normal 0 0 1
    outer loop
      vertex -1.1154188886284828 -4.105252668261528 2
      vertex 0.7036546468734741 -3.5854236036539078 2
      vertex -1.1508592441678047 -3.8860067576169968 2
    endloop
  endfacet
  facet normal 0 0 1
    outer loop
      vertex -1.1508592441678047 -3.8860067576169968 2
      vertex 0.7036546468734741 -3.5854236036539078 2
      vertex -1.17144413292408 -3.650282070040703 2
    endloop
  endfacet
  facet normal 0 0 1
    outer loop
      vertex -1.17144413292408 -3.650282070040703 2
      vertex 0.6876495704054832 -3.4313786923885345 2
      vertex -1.1780299991369247 -3.4014917090535164 2
    endloop
  endfacet
  facet normal -1 0 0
    outer loop
      vertex -6.248029999434948 -5.3336800038814545 1.2
      vertex -6.248029999434948 1.3311000019311905 2
      vertex -6.248029999434948 -4.35 1.2
    endloop
  endfacet
  facet normal 0.9997999573780695 -0.020001130638298604 0
    outer loop
      vertex -4.404729999601841 -2.8226206079125404 2
      vertex -4.404729999601841 -2.8226206079125404 1.2
      vertex -4.400814205408096 -2.626881130039692 1.2
    endloop
  endfacet
  facet normal 0.9977702723111068 -0.06674191855363411 0
    outer loop
      vertex -4.400814205408096 -2.626881130039692 2
      vertex -4.400814205408096 -2.626881130039692 1.2
      vertex -4.389594979584217 -2.4591573029756546 1.2
    endloop
  endfacet
  facet normal 0.9921663258298081 -0.12492390439535153 0
    outer loop
      vertex -4.389594979584217 -2.4591573029756546 2
      vertex -4.389594979584217 -2.4591573029756546 1.2
      vertex -4.3717552945017815 -2.317471571266651 1.2
    endloop
  endfacet
  facet normal 0.9801118692730879 -0.19844577019935028 0
    outer loop
      vertex -4.3717552945017815 -2.317471571266651 2
      vertex -4.3717552945017815 -2.317471571266651 1.2
      vertex -4.348667301237583 -2.203441344201565 1.2
    endloop
  endfacet
  facet normal 0.9562955417030732 -0.2924018415106612 0
    outer loop
      vertex -4.348667301237583 -2.203441344201565 2
      vertex -4.348667301237583 -2.203441344201565 1.2
      vertex -4.322204798460007 -2.116896152496338 1.2
    endloop
  endfacet
  facet normal 0.9162150044329931 -0.40068699211710196 0
    outer loop
      vertex -4.322204798460007 -2.116896152496338 2
      vertex -4.322204798460007 -2.116896152496338 1.2
      vertex -4.292531341314316 -2.049044519662857 1.2
    endloop
  endfacet
  facet normal 0.8610060662733208 -0.508594685226401 0
    outer loop
      vertex -4.292531341314316 -2.049044519662857 2
      vertex -4.292531341314316 -2.049044519662857 1.2
      vertex -4.259219340980053 -1.9926502332091331 1.2
    endloop
  endfacet
  facet normal 0.786455649401026 -0.6176467530273356 0
    outer loop
      vertex -4.259219340980053 -1.9926502332091331 2
      vertex -4.259219340980053 -1.9926502332091331 1.2
      vertex -4.223126590251923 -1.946692980825901 1.2
    endloop
  endfacet
  facet normal 0.6929139468464947 -0.7210202925477294 0
    outer loop
      vertex -4.223126590251923 -1.946692980825901 2
      vertex -4.223126590251923 -1.946692980825901 1.2
      vertex -4.183570310473442 -1.9086786583065987 1.2
    endloop
  endfacet
  facet normal 0.5840582657325348 -0.8117117359195342 0
    outer loop
      vertex -4.183570310473442 -1.9086786583065987 2
      vertex -4.183570310473442 -1.9086786583065987 1.2
      vertex -4.1371395364403725 -1.8752699047327042 1.2
    endloop
  endfacet
  facet normal 0.4762646052476293 -0.8793020105676548 0
    outer loop
      vertex -4.1371395364403725 -1.8752699047327042 2
      vertex -4.1371395364403725 -1.8752699047327042 1.2
      vertex -4.082645006477833 -1.8457535207271576 1.2
    endloop
  endfacet
  facet normal 0.37142237372613657 -0.928464011308808 0
    outer loop
      vertex -4.082645006477833 -1.8457535207271576 2
      vertex -4.082645006477833 -1.8457535207271576 1.2
      vertex -4.023344665765762 -1.8220310360193253 1.2
    endloop
  endfacet
  facet normal 0.2624913014292108 -0.9649343587384581 0
    outer loop
      vertex -4.023344665765762 -1.8220310360193253 2
      vertex -4.023344665765762 -1.8220310360193253 1.2
      vertex -3.9598309472203255 -1.8047533854842186 1.2
    endloop
  endfacet
  facet normal 0.1538890170222271 -0.9880881390037696 0
    outer loop
      vertex -3.9598309472203255 -1.8047533854842186 2
      vertex -3.9598309472203255 -1.8047533854842186 1.2
      vertex -3.8906118869781494 -1.7939729169011116 1.2
    endloop
  endfacet
  facet normal 0.04958050957113135 -0.998770130245527 0
    outer loop
      vertex -3.8906118869781494 -1.7939729169011116 2
      vertex -3.8906118869781494 -1.7939729169011116 1.2
      vertex -3.81401140242815 -1.7901703491806984 1.2
    endloop
  endfacet
  facet normal -0.04491336735509019 -0.9989908855604374 0
    outer loop
      vertex -3.81401140242815 -1.7901703491806984 2
      vertex -3.81401140242815 -1.7901703491806984 1.2
      vertex -3.7519481107592583 -1.79296063631773 1.2
    endloop
  endfacet
  facet normal -0.1434588719274191 -0.9896562797584383 0
    outer loop
      vertex -3.7519481107592583 -1.79296063631773 2
      vertex -3.7519481107592583 -1.79296063631773 1.2
      vertex -3.6991799399256706 -1.8006098195910454 1.2
    endloop
  endfacet
  facet normal -1 0 0
    outer loop
      vertex -6.248029999434948 1.3311000019311905 2
      vertex -6.248029999434948 1.3311000019311905 1.2
      vertex -6.248029999434948 -4.35 1.2
    endloop
  endfacet
  facet normal -0.9999465912745036 -0.010335114827670126 0
    outer loop
      vertex -3.459427446126938 -2.457404986023903 2
      vertex -3.459427446126938 -2.457404986023903 1.2
      vertex -3.4568900018930435 -2.7029086649417877 1.2
    endloop
  endfacet
  facet normal -0.9993232125640629 -0.03678473638128741 0
    outer loop
      vertex -3.4668210223317146 -2.256545253098011 2
      vertex -3.4668210223317146 -2.256545253098011 1.2
      vertex -3.459427446126938 -2.457404986023903 1.2
    endloop
  endfacet
  facet normal -0.9971640237153452 -0.07525895167900329 0
    outer loop
      vertex -3.478528708219528 -2.101421073079109 2
      vertex -3.478528708219528 -2.101421073079109 1.2
      vertex -3.4668210223317146 -2.256545253098011 1.2
    endloop
  endfacet
  facet normal -0.9907105858707432 -0.13598726059322114 0
    outer loop
      vertex -3.4926765263080597 -1.998349703848362 2
      vertex -3.4926765263080597 -1.998349703848362 1.2
      vertex -3.478528708219528 -2.101421073079109 1.2
    endloop
  endfacet
  facet normal -0.9697352259498982 -0.2441589473107628 0
    outer loop
      vertex -3.5046593695878983 -1.950756996870041 2
      vertex -3.5046593695878983 -1.950756996870041 1.2
      vertex -3.4926765263080597 -1.998349703848362 1.2
    endloop
  endfacet
  facet normal -0.9194876213335392 -0.39311895682400017 0
    outer loop
      vertex -3.5148548260331154 -1.9269102811813354 2
      vertex -3.5148548260331154 -1.9269102811813354 1.2
      vertex -3.5046593695878983 -1.950756996870041 1.2
    endloop
  endfacet
  facet normal -0.7845803940636304 -0.6200271004165532 0
    outer loop
      vertex -3.5460991263389587 -1.8812784552574158 2
      vertex -3.5460991263389587 -1.8812784552574158 1.2
      vertex -3.52922710031271 -1.9026282653212547 1.2
    endloop
  endfacet
  facet normal -0.8605567166378364 -0.509354628377427 0
    outer loop
      vertex -3.52922710031271 -1.9026282653212547 2
      vertex -3.52922710031271 -1.9026282653212547 1.2
      vertex -3.5148548260331154 -1.9269102811813354 1.2
    endloop
  endfacet
  facet normal -0.6950297180238526 -0.7189810088338106 0
    outer loop
      vertex -3.567076623439789 -1.8609997779130936 2
      vertex -3.567076623439789 -1.8609997779130936 1.2
      vertex -3.5460991263389587 -1.8812784552574158 1.2
    endloop
  endfacet
  facet normal -0.5973916483407529 -0.8019496358829014 0
    outer loop
      vertex -3.592824511229992 -1.841819554567337 2
      vertex -3.592824511229992 -1.841819554567337 1.2
      vertex -3.567076623439789 -1.8609997779130936 1.2
    endloop
  endfacet
  facet normal -0.25264516183052227 -0.9675590019237221 0
    outer loop
      vertex -3.6991799399256706 -1.8006098195910454 2
      vertex -3.6991799399256706 -1.8006098195910454 1.2
      vertex -3.6563581377267838 -1.8117912784218788 1.2
    endloop
  endfacet
  facet normal -0.4889946269590935 -0.8722867961886945 0
    outer loop
      vertex -3.6220543384552 -1.8254336267709732 2
      vertex -3.6220543384552 -1.8254336267709732 1.2
      vertex -3.592824511229992 -1.841819554567337 1.2
    endloop
  endfacet
  facet normal -0.3695411661910469 -0.9292143598170236 0
    outer loop
      vertex -3.6563581377267838 -1.8117912784218788 2
      vertex -3.6563581377267838 -1.8117912784218788 1.2
      vertex -3.6220543384552 -1.8254336267709732 1.2
    endloop
  endfacet
  facet normal 0.9999427784671129 0.010697653549738501 0
    outer loop
      vertex -1.6135900020599365 -2.4469878524541855 2
      vertex -1.6135900020599365 -2.4469878524541855 1.2
      vertex -1.6160167381167412 -2.220153324306011 1.2
    endloop
  endfacet
  facet normal 0.9993493864505015 0.0360666577465409 0
    outer loop
      vertex -1.6160167381167412 -2.220153324306011 2
      vertex -1.6160167381167412 -2.220153324306011 1.2
      vertex -1.6234597861766815 -2.0139183700084686 1.2
    endloop
  endfacet
  facet normal 0.997648279489249 0.06854130456988256 0
    outer loop
      vertex -1.6234597861766815 -2.0139183700084686 2
      vertex -1.6234597861766815 -2.0139183700084686 1.2
      vertex -1.6361625418066978 -1.829024277627468 1.2
    endloop
  endfacet
  facet normal 0.9937724484253849 0.11142854549268602 0
    outer loop
      vertex -1.6361625418066978 -1.829024277627468 2
      vertex -1.6361625418066978 -1.829024277627468 1.2
      vertex -1.654676578938961 -1.663907341659069 1.2
    endloop
  endfacet
  facet normal 0.8395916310052082 0.5432180898552755 0
    outer loop
      vertex -1.8804578483104706 -1.0007751733064651 2
      vertex -1.8804578483104706 -1.0007751733064651 1.2
      vertex -1.958140842616558 -0.8807092308998108 1.2
    endloop
  endfacet
  facet normal 0.6997740331378847 0.7143642646059073 0
    outer loop
      vertex -2.052963249385357 -0.762558676302433 2
      vertex -2.052963249385357 -0.762558676302433 1.2
      vertex -2.1648524925112724 -0.6529546678066254 1.2
    endloop
  endfacet
  facet normal 0.7798955627159587 0.625909667009512 0
    outer loop
      vertex -1.958140842616558 -0.8807092308998108 2
      vertex -1.958140842616558 -0.8807092308998108 1.2
      vertex -2.052963249385357 -0.762558676302433 1.2
    endloop
  endfacet
  facet normal 0.6165027409166909 0.787352761119314 0
    outer loop
      vertex -2.1648524925112724 -0.6529546678066254 2
      vertex -2.1648524925112724 -0.6529546678066254 1.2
      vertex -2.289631575345993 -0.555251769721508 1.2
    endloop
  endfacet
  facet normal 0.9853952578616992 0.17028266436626843 0
    outer loop
      vertex -1.654676578938961 -1.663907341659069 2
      vertex -1.654676578938961 -1.663907341659069 1.2
      vertex -1.6800074204802513 -1.517322301864624 1.2
    endloop
  endfacet
  facet normal 0.9691287676635248 0.24655512910296054 0
    outer loop
      vertex -1.6800074204802513 -1.517322301864624 2
      vertex -1.6800074204802513 -1.517322301864624 1.2
      vertex -1.7144917994737625 -1.3817753195762634 1.2
    endloop
  endfacet
  facet normal 0.9463194789516582 0.32323280117689485 0
    outer loop
      vertex -1.7144917994737625 -1.3817753195762634 2
      vertex -1.7144917994737625 -1.3817753195762634 1.2
      vertex -1.759440690279007 -1.2501797303557396 1.2
    endloop
  endfacet
  facet normal 0.9168341405913151 0.39926827903827355 0
    outer loop
      vertex -1.759440690279007 -1.2501797303557396 2
      vertex -1.759440690279007 -1.2501797303557396 1.2
      vertex -1.8148254454135895 -1.1230004951357841 1.2
    endloop
  endfacet
  facet normal -1 0 0
    outer loop
      vertex -1.1780299991369247 -0.31266000121831894 2
      vertex -1.1780299991369247 -0.31266000121831894 1.2
      vertex -1.1780299991369247 -3.4014917090535164 1.2
    endloop
  endfacet
  facet normal 0.8810158258567666 0.4730867939288937 0
    outer loop
      vertex -1.8148254454135895 -1.1230004951357841 2
      vertex -1.8148254454135895 -1.1230004951357841 1.2
      vertex -1.8804578483104706 -1.0007751733064651 1.2
    endloop
  endfacet
  facet normal 0.9997999573780695 -0.020001130638298604 0
    outer loop
      vertex -4.404729999601841 -2.8226206079125404 2
      vertex -4.400814205408096 -2.626881130039692 1.2
      vertex -4.400814205408096 -2.626881130039692 2
    endloop
  endfacet
  facet normal 0.9977702723111068 -0.06674191855363411 0
    outer loop
      vertex -4.400814205408096 -2.626881130039692 2
      vertex -4.389594979584217 -2.4591573029756546 1.2
      vertex -4.389594979584217 -2.4591573029756546 2
    endloop
  endfacet
  facet normal 0.9921663258298081 -0.12492390439535153 0
    outer loop
      vertex -4.389594979584217 -2.4591573029756546 2
      vertex -4.3717552945017815 -2.317471571266651 1.2
      vertex -4.3717552945017815 -2.317471571266651 2
    endloop
  endfacet
  facet normal 0.9801118692730879 -0.19844577019935028 0
    outer loop
      vertex -4.3717552945017815 -2.317471571266651 2
      vertex -4.348667301237583 -2.203441344201565 1.2
      vertex -4.348667301237583 -2.203441344201565 2
    endloop
  endfacet
  facet normal 0.9562955417030732 -0.2924018415106612 0
    outer loop
      vertex -4.348667301237583 -2.203441344201565 2
      vertex -4.322204798460007 -2.116896152496338 1.2
      vertex -4.322204798460007 -2.116896152496338 2
    endloop
  endfacet
  facet normal 0.9162150044329931 -0.40068699211710196 0
    outer loop
      vertex -4.322204798460007 -2.116896152496338 2
      vertex -4.292531341314316 -2.049044519662857 1.2
      vertex -4.292531341314316 -2.049044519662857 2
    endloop
  endfacet
  facet normal 0.8610060662733208 -0.508594685226401 0
    outer loop
      vertex -4.292531341314316 -2.049044519662857 2
      vertex -4.259219340980053 -1.9926502332091331 1.2
      vertex -4.259219340980053 -1.9926502332091331 2
    endloop
  endfacet
  facet normal 0.786455649401026 -0.6176467530273356 0
    outer loop
      vertex -4.259219340980053 -1.9926502332091331 2
      vertex -4.223126590251923 -1.946692980825901 1.2
      vertex -4.223126590251923 -1.946692980825901 2
    endloop
  endfacet
  facet normal 0.6929139468464947 -0.7210202925477294 0
    outer loop
      vertex -4.223126590251923 -1.946692980825901 2
      vertex -4.183570310473442 -1.9086786583065987 1.2
      vertex -4.183570310473442 -1.9086786583065987 2
    endloop
  endfacet
  facet normal 0.5840582657325348 -0.8117117359195342 0
    outer loop
      vertex -4.183570310473442 -1.9086786583065987 2
      vertex -4.1371395364403725 -1.8752699047327042 1.2
      vertex -4.1371395364403725 -1.8752699047327042 2
    endloop
  endfacet
  facet normal 0.4762646052476293 -0.8793020105676548 0
    outer loop
      vertex -4.1371395364403725 -1.8752699047327042 2
      vertex -4.082645006477833 -1.8457535207271576 1.2
      vertex -4.082645006477833 -1.8457535207271576 2
    endloop
  endfacet
  facet normal 0.37142237372613657 -0.928464011308808 0
    outer loop
      vertex -4.082645006477833 -1.8457535207271576 2
      vertex -4.023344665765762 -1.8220310360193253 1.2
      vertex -4.023344665765762 -1.8220310360193253 2
    endloop
  endfacet
  facet normal 0.2624913014292108 -0.9649343587384581 0
    outer loop
      vertex -4.023344665765762 -1.8220310360193253 2
      vertex -3.9598309472203255 -1.8047533854842186 1.2
      vertex -3.9598309472203255 -1.8047533854842186 2
    endloop
  endfacet
  facet normal 0.1538890170222271 -0.9880881390037696 0
    outer loop
      vertex -3.9598309472203255 -1.8047533854842186 2
      vertex -3.8906118869781494 -1.7939729169011116 1.2
      vertex -3.8906118869781494 -1.7939729169011116 2
    endloop
  endfacet
  facet normal 0.04958050957113135 -0.998770130245527 0
    outer loop
      vertex -3.8906118869781494 -1.7939729169011116 2
      vertex -3.81401140242815 -1.7901703491806984 1.2
      vertex -3.81401140242815 -1.7901703491806984 2
    endloop
  endfacet
  facet normal -0.04491336735509019 -0.9989908855604374 0
    outer loop
      vertex -3.81401140242815 -1.7901703491806984 2
      vertex -3.7519481107592583 -1.79296063631773 1.2
      vertex -3.7519481107592583 -1.79296063631773 2
    endloop
  endfacet
  facet normal -0.1434588719274191 -0.9896562797584383 0
    outer loop
      vertex -3.7519481107592583 -1.79296063631773 2
      vertex -3.6991799399256706 -1.8006098195910454 1.2
      vertex -3.6991799399256706 -1.8006098195910454 2
    endloop
  endfacet
  facet normal 0 0 1
    outer loop
      vertex -6.248029999434948 -5.3336800038814545 2
      vertex -4.292531341314316 -2.049044519662857 2
      vertex -6.248029999434948 1.3311000019311905 2
    endloop
  endfacet
  facet normal 0 0 1
    outer loop
      vertex -4.259219340980053 -1.9926502332091331 2
      vertex -4.223126590251923 -1.946692980825901 2
      vertex -4.404729999601841 -0.470505066215992 2
    endloop
  endfacet
  facet normal 0 0 1
    outer loop
      vertex -4.223126590251923 -1.946692980825901 2
      vertex -4.183570310473442 -1.9086786583065987 2
      vertex -4.404729999601841 -0.470505066215992 2
    endloop
  endfacet
  facet normal 0 0 1
    outer loop
      vertex -4.183570310473442 -1.9086786583065987 2
      vertex -4.1371395364403725 -1.8752699047327042 2
      vertex -4.404729999601841 -0.470505066215992 2
    endloop
  endfacet
  facet normal 0 0 1
    outer loop
      vertex -4.1371395364403725 -1.8752699047327042 2
      vertex -4.082645006477833 -1.8457535207271576 2
      vertex -4.404729999601841 -0.470505066215992 2
    endloop
  endfacet
  facet normal 0 0 1
    outer loop
      vertex -4.082645006477833 -1.8457535207271576 2
      vertex -4.023344665765762 -1.8220310360193253 2
      vertex -4.404729999601841 -0.470505066215992 2
    endloop
  endfacet
  facet normal 0 0 1
    outer loop
      vertex -4.023344665765762 -1.8220310360193253 2
      vertex -3.9598309472203255 -1.8047533854842186 2
      vertex -4.404729999601841 -0.470505066215992 2
    endloop
  endfacet
  facet normal 0 0 1
    outer loop
      vertex -3.9598309472203255 -1.8047533854842186 2
      vertex -3.8906118869781494 -1.7939729169011116 2
      vertex -4.404729999601841 -0.470505066215992 2
    endloop
  endfacet
  facet normal 0 0 1
    outer loop
      vertex -3.8906118869781494 -1.7939729169011116 2
      vertex -3.81401140242815 -1.7901703491806984 2
      vertex -4.137562304735184 -0.33980030566453934 2
    endloop
  endfacet
  facet normal 0 0 1
    outer loop
      vertex -3.81401140242815 -1.7901703491806984 2
      vertex -3.7519481107592583 -1.79296063631773 2
      vertex -3.7934651523828506 -0.24498268216848373 2
    endloop
  endfacet
  facet normal 0 0 1
    outer loop
      vertex -3.7519481107592583 -1.79296063631773 2
      vertex -3.6991799399256706 -1.8006098195910454 2
      vertex -3.7934651523828506 -0.24498268216848373 2
    endloop
  endfacet
  facet normal 0 0 1
    outer loop
      vertex -4.292531341314316 -2.049044519662857 2
      vertex -4.259219340980053 -1.9926502332091331 2
      vertex -6.248029999434948 1.3311000019311905 2
    endloop
  endfacet
  facet normal 0 0 1
    outer loop
      vertex -3.8906118869781494 -1.7939729169011116 2
      vertex -4.137562304735184 -0.33980030566453934 2
      vertex -4.404729999601841 -0.470505066215992 2
    endloop
  endfacet
  facet normal 0 0 1
    outer loop
      vertex -3.81401140242815 -1.7901703491806984 2
      vertex -3.7934651523828506 -0.24498268216848373 2
      vertex -4.137562304735184 -0.33980030566453934 2
    endloop
  endfacet
  facet normal -0.9999465912745036 -0.010335114827670126 0
    outer loop
      vertex -3.4568900018930435 -2.7029086649417877 2
      vertex -3.459427446126938 -2.457404986023903 2
      vertex -3.4568900018930435 -2.7029086649417877 1.2
    endloop
  endfacet
  facet normal -0.9993232125640629 -0.03678473638128741 0
    outer loop
      vertex -3.459427446126938 -2.457404986023903 2
      vertex -3.4668210223317146 -2.256545253098011 2
      vertex -3.459427446126938 -2.457404986023903 1.2
    endloop
  endfacet
  facet normal -0.9971640237153452 -0.07525895167900329 0
    outer loop
      vertex -3.4668210223317146 -2.256545253098011 2
      vertex -3.478528708219528 -2.101421073079109 2
      vertex -3.4668210223317146 -2.256545253098011 1.2
    endloop
  endfacet
  facet normal -0.9907105858707432 -0.13598726059322114 0
    outer loop
      vertex -3.478528708219528 -2.101421073079109 2
      vertex -3.4926765263080597 -1.998349703848362 2
      vertex -3.478528708219528 -2.101421073079109 1.2
    endloop
  endfacet
  facet normal -0.9697352259498982 -0.2441589473107628 0
    outer loop
      vertex -3.4926765263080597 -1.998349703848362 2
      vertex -3.5046593695878983 -1.950756996870041 2
      vertex -3.4926765263080597 -1.998349703848362 1.2
    endloop
  endfacet
  facet normal -0.9194876213335392 -0.39311895682400017 0
    outer loop
      vertex -3.5046593695878983 -1.950756996870041 2
      vertex -3.5148548260331154 -1.9269102811813354 2
      vertex -3.5046593695878983 -1.950756996870041 1.2
    endloop
  endfacet
  facet normal -0.8605567166378364 -0.509354628377427 0
    outer loop
      vertex -3.5148548260331154 -1.9269102811813354 2
      vertex -3.52922710031271 -1.9026282653212547 2
      vertex -3.5148548260331154 -1.9269102811813354 1.2
    endloop
  endfacet
  facet normal -0.7845803940636304 -0.6200271004165532 0
    outer loop
      vertex -3.52922710031271 -1.9026282653212547 2
      vertex -3.5460991263389587 -1.8812784552574158 2
      vertex -3.52922710031271 -1.9026282653212547 1.2
    endloop
  endfacet
  facet normal -0.6950297180238526 -0.7189810088338106 0
    outer loop
      vertex -3.567076623439789 -1.8609997779130936 2
      vertex -3.5460991263389587 -1.8812784552574158 1.2
      vertex -3.5460991263389587 -1.8812784552574158 2
    endloop
  endfacet
  facet normal -0.5973916483407529 -0.8019496358829014 0
    outer loop
      vertex -3.567076623439789 -1.8609997779130936 2
      vertex -3.592824511229992 -1.841819554567337 2
      vertex -3.567076623439789 -1.8609997779130936 1.2
    endloop
  endfacet
  facet normal -0.25264516183052227 -0.9675590019237221 0
    outer loop
      vertex -3.6991799399256706 -1.8006098195910454 2
      vertex -3.6563581377267838 -1.8117912784218788 1.2
      vertex -3.6563581377267838 -1.8117912784218788 2
    endloop
  endfacet
  facet normal -0.4889946269590935 -0.8722867961886945 0
    outer loop
      vertex -3.592824511229992 -1.841819554567337 2
      vertex -3.6220543384552 -1.8254336267709732 2
      vertex -3.592824511229992 -1.841819554567337 1.2
    endloop
  endfacet
  facet normal -0.3695411661910469 -0.9292143598170236 0
    outer loop
      vertex -3.6563581377267838 -1.8117912784218788 2
      vertex -3.6220543384552 -1.8254336267709732 1.2
      vertex -3.6220543384552 -1.8254336267709732 2
    endloop
  endfacet
  facet normal 0.9999427784671129 0.010697653549738501 0
    outer loop
      vertex -1.6135900020599365 -2.4469878524541855 2
      vertex -1.6160167381167412 -2.220153324306011 1.2
      vertex -1.6160167381167412 -2.220153324306011 2
    endloop
  endfacet
  facet normal 0.9993493864505015 0.0360666577465409 0
    outer loop
      vertex -1.6160167381167412 -2.220153324306011 2
      vertex -1.6234597861766815 -2.0139183700084686 1.2
      vertex -1.6234597861766815 -2.0139183700084686 2
    endloop
  endfacet
  facet normal -1 0 0
    outer loop
      vertex -1.1780299991369247 -3.4014917090535164 2
      vertex -1.1780299991369247 -0.31266000121831894 2
      vertex -1.1780299991369247 -3.4014917090535164 1.2
    endloop
  endfacet
  facet normal 0.997648279489249 0.06854130456988256 0
    outer loop
      vertex -1.6234597861766815 -2.0139183700084686 2
      vertex -1.6361625418066978 -1.829024277627468 1.2
      vertex -1.6361625418066978 -1.829024277627468 2
    endloop
  endfacet
  facet normal 0 0 1
    outer loop
      vertex -3.4568900018930435 -2.7029086649417877 2
      vertex -1.6135900020599365 -2.4469878524541855 2
      vertex -3.459427446126938 -2.457404986023903 2
    endloop
  endfacet
  facet normal 0 0 1
    outer loop
      vertex -3.459427446126938 -2.457404986023903 2
      vertex -1.6160167381167412 -2.220153324306011 2
      vertex -3.4668210223317146 -2.256545253098011 2
    endloop
  endfacet
  facet normal 0 0 1
    outer loop
      vertex -3.4668210223317146 -2.256545253098011 2
      vertex -1.6234597861766815 -2.0139183700084686 2
      vertex -3.478528708219528 -2.101421073079109 2
    endloop
  endfacet
  facet normal 0 0 1
    outer loop
      vertex -3.478528708219528 -2.101421073079109 2
      vertex -1.6361625418066978 -1.829024277627468 2
      vertex -3.4926765263080597 -1.998349703848362 2
    endloop
  endfacet
  facet normal 0 0 1
    outer loop
      vertex -3.4926765263080597 -1.998349703848362 2
      vertex -1.6800074204802513 -1.517322301864624 2
      vertex -3.5046593695878983 -1.950756996870041 2
    endloop
  endfacet
  facet normal 0 0 1
    outer loop
      vertex -3.459427446126938 -2.457404986023903 2
      vertex -1.6135900020599365 -2.4469878524541855 2
      vertex -1.6160167381167412 -2.220153324306011 2
    endloop
  endfacet
  facet normal 0 0 1
    outer loop
      vertex -3.4668210223317146 -2.256545253098011 2
      vertex -1.6160167381167412 -2.220153324306011 2
      vertex -1.6234597861766815 -2.0139183700084686 2
    endloop
  endfacet
  facet normal 0 0 1
    outer loop
      vertex -3.478528708219528 -2.101421073079109 2
      vertex -1.6234597861766815 -2.0139183700084686 2
      vertex -1.6361625418066978 -1.829024277627468 2
    endloop
  endfacet
  facet normal 0 0 1
    outer loop
      vertex -3.4926765263080597 -1.998349703848362 2
      vertex -1.6361625418066978 -1.829024277627468 2
      vertex -1.654676578938961 -1.663907341659069 2
    endloop
  endfacet
  facet normal 0 0 1
    outer loop
      vertex -1.1780299991369247 -3.4014917090535164 2
      vertex 0.6652700006961823 -2.646807089447975 2
      vertex 0.09132833033800125 -0.31266000121831894 2
    endloop
  endfacet
  facet normal 0.8810158258567666 0.4730867939288937 0
    outer loop
      vertex -1.8148254454135895 -1.1230004951357841 2
      vertex -1.8804578483104706 -1.0007751733064651 1.2
      vertex -1.8804578483104706 -1.0007751733064651 2
    endloop
  endfacet
  facet normal 0.8395916310052082 0.5432180898552755 0
    outer loop
      vertex -1.8804578483104706 -1.0007751733064651 2
      vertex -1.958140842616558 -0.8807092308998108 1.2
      vertex -1.958140842616558 -0.8807092308998108 2
    endloop
  endfacet
  facet normal 0.7798955627159587 0.625909667009512 0
    outer loop
      vertex -1.958140842616558 -0.8807092308998108 2
      vertex -2.052963249385357 -0.762558676302433 1.2
      vertex -2.052963249385357 -0.762558676302433 2
    endloop
  endfacet
  facet normal 0.6997740331378847 0.7143642646059073 0
    outer loop
      vertex -2.052963249385357 -0.762558676302433 2
      vertex -2.1648524925112724 -0.6529546678066254 1.2
      vertex -2.1648524925112724 -0.6529546678066254 2
    endloop
  endfacet
  facet normal 0.6165027409166909 0.787352761119314 0
    outer loop
      vertex -2.289631575345993 -0.555251769721508 2
      vertex -2.1648524925112724 -0.6529546678066254 2
      vertex -2.289631575345993 -0.555251769721508 1.2
    endloop
  endfacet
  facet normal 0.9937724484253849 0.11142854549268602 0
    outer loop
      vertex -1.6361625418066978 -1.829024277627468 2
      vertex -1.654676578938961 -1.663907341659069 1.2
      vertex -1.654676578938961 -1.663907341659069 2
    endloop
  endfacet
  facet normal 0.9853952578616992 0.17028266436626843 0
    outer loop
      vertex -1.654676578938961 -1.663907341659069 2
      vertex -1.6800074204802513 -1.517322301864624 1.2
      vertex -1.6800074204802513 -1.517322301864624 2
    endloop
  endfacet
  facet normal 0.9691287676635248 0.24655512910296054 0
    outer loop
      vertex -1.6800074204802513 -1.517322301864624 2
      vertex -1.7144917994737625 -1.3817753195762634 1.2
      vertex -1.7144917994737625 -1.3817753195762634 2
    endloop
  endfacet
  facet normal 0.9463194789516582 0.32323280117689485 0
    outer loop
      vertex -1.7144917994737625 -1.3817753195762634 2
      vertex -1.759440690279007 -1.2501797303557396 1.2
      vertex -1.759440690279007 -1.2501797303557396 2
    endloop
  endfacet
  facet normal 0.9168341405913151 0.39926827903827355 0
    outer loop
      vertex -1.759440690279007 -1.2501797303557396 2
      vertex -1.8148254454135895 -1.1230004951357841 1.2
      vertex -1.8148254454135895 -1.1230004951357841 2
    endloop
  endfacet
  facet normal 0 0 1
    outer loop
      vertex -3.5046593695878983 -1.950756996870041 2
      vertex -1.8148254454135895 -1.1230004951357841 2
      vertex -3.5148548260331154 -1.9269102811813354 2
    endloop
  endfacet
  facet normal 0 0 1
    outer loop
      vertex -3.52922710031271 -1.9026282653212547 2
      vertex -2.052963249385357 -0.762558676302433 2
      vertex -3.5460991263389587 -1.8812784552574158 2
    endloop
  endfacet
  facet normal 0 0 1
    outer loop
      vertex -3.5148548260331154 -1.9269102811813354 2
      vertex -1.958140842616558 -0.8807092308998108 2
      vertex -3.52922710031271 -1.9026282653212547 2
    endloop
  endfacet
  facet normal 0 0 1
    outer loop
      vertex -3.567076623439789 -1.8609997779130936 2
      vertex -3.0731049329042435 -0.24264749139547348 2
      vertex -3.592824511229992 -1.841819554567337 2
    endloop
  endfacet
  facet normal 0 0 1
    outer loop
      vertex -3.567076623439789 -1.8609997779130936 2
      vertex -3.5460991263389587 -1.8812784552574158 2
      vertex -2.7339408546686172 -0.32831788808107376 2
    endloop
  endfacet
  facet normal 0 0 1
    outer loop
      vertex -3.6991799399256706 -1.8006098195910454 2
      vertex -3.6563581377267838 -1.8117912784218788 2
      vertex -3.4408935606479645 -0.21446751803159714 2
    endloop
  endfacet
  facet normal 0 0 1
    outer loop
      vertex -3.6563581377267838 -1.8117912784218788 2
      vertex -3.6220543384552 -1.8254336267709732 2
      vertex -3.4408935606479645 -0.21446751803159714 2
    endloop
  endfacet
  facet normal 0 0 1
    outer loop
      vertex -3.592824511229992 -1.841819554567337 2
      vertex -3.250393606722355 -0.2216779813170433 2
      vertex -3.6220543384552 -1.8254336267709732 2
    endloop
  endfacet
  facet normal 0 0 1
    outer loop
      vertex -3.5046593695878983 -1.950756996870041 2
      vertex -1.7144917994737625 -1.3817753195762634 2
      vertex -1.759440690279007 -1.2501797303557396 2
    endloop
  endfacet
  facet normal 0 0 1
    outer loop
      vertex -3.4926765263080597 -1.998349703848362 2
      vertex -1.654676578938961 -1.663907341659069 2
      vertex -1.6800074204802513 -1.517322301864624 2
    endloop
  endfacet
  facet normal 0 0 1
    outer loop
      vertex -3.5046593695878983 -1.950756996870041 2
      vertex -1.6800074204802513 -1.517322301864624 2
      vertex -1.7144917994737625 -1.3817753195762634 2
    endloop
  endfacet
  facet normal 0 0 1
    outer loop
      vertex -3.5046593695878983 -1.950756996870041 2
      vertex -1.759440690279007 -1.2501797303557396 2
      vertex -1.8148254454135895 -1.1230004951357841 2
    endloop
  endfacet
  facet normal 0 0 1
    outer loop
      vertex -3.5148548260331154 -1.9269102811813354 2
      vertex -1.8148254454135895 -1.1230004951357841 2
      vertex -1.8804578483104706 -1.0007751733064651 2
    endloop
  endfacet
  facet normal 0 0 1
    outer loop
      vertex -3.5148548260331154 -1.9269102811813354 2
      vertex -1.8804578483104706 -1.0007751733064651 2
      vertex -1.958140842616558 -0.8807092308998108 2
    endloop
  endfacet
  facet normal 0 0 1
    outer loop
      vertex -3.52922710031271 -1.9026282653212547 2
      vertex -1.958140842616558 -0.8807092308998108 2
      vertex -2.052963249385357 -0.762558676302433 2
    endloop
  endfacet
  facet normal 0 0 1
    outer loop
      vertex -3.5460991263389587 -1.8812784552574158 2
      vertex -2.5745238065719604 -0.3929597809910774 2
      vertex -2.7339408546686172 -0.32831788808107376 2
    endloop
  endfacet
  facet normal 0 0 1
    outer loop
      vertex -3.5460991263389587 -1.8812784552574158 2
      vertex -2.4260297417640686 -0.469046451151371 2
      vertex -2.5745238065719604 -0.3929597809910774 2
    endloop
  endfacet
  facet normal 0 0 1
    outer loop
      vertex -3.6991799399256706 -1.8006098195910454 2
      vertex -3.4408935606479645 -0.21446751803159714 2
      vertex -3.7934651523828506 -0.24498268216848373 2
    endloop
  endfacet
  facet normal 0 0 1
    outer loop
      vertex -3.6220543384552 -1.8254336267709732 2
      vertex -3.250393606722355 -0.2216779813170433 2
      vertex -3.4408935606479645 -0.21446751803159714 2
    endloop
  endfacet
  facet normal 0 0 1
    outer loop
      vertex -3.592824511229992 -1.841819554567337 2
      vertex -3.0731049329042435 -0.24264749139547348 2
      vertex -3.250393606722355 -0.2216779813170433 2
    endloop
  endfacet
  facet normal 0 0 1
    outer loop
      vertex -3.567076623439789 -1.8609997779130936 2
      vertex -2.9007375240325928 -0.2781028524041176 2
      vertex -3.0731049329042435 -0.24264749139547348 2
    endloop
  endfacet
  facet normal 0 0 1
    outer loop
      vertex -3.567076623439789 -1.8609997779130936 2
      vertex -2.7339408546686172 -0.32831788808107376 2
      vertex -2.9007375240325928 -0.2781028524041176 2
    endloop
  endfacet
  facet normal 0 0 1
    outer loop
      vertex -3.5460991263389587 -1.8812784552574158 2
      vertex -2.052963249385357 -0.762558676302433 2
      vertex -2.1648524925112724 -0.6529546678066254 2
    endloop
  endfacet
  facet normal 0 0 1
    outer loop
      vertex -3.5460991263389587 -1.8812784552574158 2
      vertex -2.1648524925112724 -0.6529546678066254 2
      vertex -2.289631575345993 -0.555251769721508 2
    endloop
  endfacet
  facet normal 0 0 1
    outer loop
      vertex -3.5460991263389587 -1.8812784552574158 2
      vertex -2.289631575345993 -0.555251769721508 2
      vertex -2.4260297417640686 -0.469046451151371 2
    endloop
  endfacet
  facet normal 0 0 1
    outer loop
      vertex -1.1780299991369247 -3.4014917090535164 2
      vertex 0.09132833033800125 -0.31266000121831894 2
      vertex -1.1780299991369247 -0.31266000121831894 2
    endloop
  endfacet
  facet normal 0 -1 0
    outer loop
      vertex -11.75338999927044 -0.377920001745224 2
      vertex -11.75338999927044 -0.377920001745224 1.2
      vertex -9.983510002493858 -0.377920001745224 1.2
    endloop
  endfacet
  facet normal -1 0 0
    outer loop
      vertex -11.75338999927044 1.3311000019311905 2
      vertex -11.75338999927044 1.3311000019311905 1.2
      vertex -11.75338999927044 -0.377920001745224 1.2
    endloop
  endfacet
  facet normal 0 -1 0
    outer loop
      vertex -8.079130001366138 -0.377920001745224 2
      vertex -8.079130001366138 -0.377920001745224 1.2
      vertex -6.313330002129078 -0.377920001745224 1.2
    endloop
  endfacet
  facet normal 0 1 0
    outer loop
      vertex -6.313330002129078 1.3311000019311905 2
      vertex -6.313330002129078 1.3311000019311905 1.2
      vertex -11.75338999927044 1.3311000019311905 1.2
    endloop
  endfacet
  facet normal -1 0 0
    outer loop
      vertex -11.75338999927044 -0.377920001745224 2
      vertex -11.75338999927044 1.3311000019311905 2
      vertex -11.75338999927044 -0.377920001745224 1.2
    endloop
  endfacet
  facet normal 0 0 1
    outer loop
      vertex -11.75338999927044 -0.377920001745224 2
      vertex -9.983510002493858 -0.377920001745224 2
      vertex -11.75338999927044 1.3311000019311905 2
    endloop
  endfacet
  facet normal 0 -1 0
    outer loop
      vertex -11.75338999927044 -0.377920001745224 2
      vertex -9.983510002493858 -0.377920001745224 1.2
      vertex -9.983510002493858 -0.377920001745224 2
    endloop
  endfacet
  facet normal 0 0 1
    outer loop
      vertex -9.983510002493858 -0.377920001745224 2
      vertex -8.079130001366138 -0.377920001745224 2
      vertex -6.313330002129078 1.3311000019311905 2
    endloop
  endfacet
  facet normal 0 1 0
    outer loop
      vertex -11.75338999927044 1.3311000019311905 2
      vertex -6.313330002129078 1.3311000019311905 2
      vertex -11.75338999927044 1.3311000019311905 1.2
    endloop
  endfacet
  facet normal 0 0 1
    outer loop
      vertex -9.983510002493858 -0.377920001745224 2
      vertex -6.313330002129078 1.3311000019311905 2
      vertex -11.75338999927044 1.3311000019311905 2
    endloop
  endfacet
  facet normal 1 0 0
    outer loop
      vertex -6.313330002129078 -0.377920001745224 2
      vertex -6.313330002129078 -0.377920001745224 1.2
      vertex -6.313330002129078 1.3311000019311905 1.2
    endloop
  endfacet
  facet normal -0.439452828327889 0.8982656687609846 0
    outer loop
      vertex -4.137562304735184 -0.33980030566453934 2
      vertex -4.137562304735184 -0.33980030566453934 1.2
      vertex -4.404729999601841 -0.470505066215992 1.2
    endloop
  endfacet
  facet normal -0.26565371159463 0.9640685170235554 0
    outer loop
      vertex -3.7934651523828506 -0.24498268216848373 2
      vertex -3.7934651523828506 -0.24498268216848373 1.2
      vertex -4.137562304735184 -0.33980030566453934 1.2
    endloop
  endfacet
  facet normal 1 0 0
    outer loop
      vertex -4.404729999601841 -0.470505066215992 2
      vertex -4.404729999601841 -0.470505066215992 1.2
      vertex -4.404729999601841 1.3311000019311905 1.2
    endloop
  endfacet
  facet normal 0 1 0
    outer loop
      vertex -4.404729999601841 1.3311000019311905 2
      vertex -4.404729999601841 1.3311000019311905 1.2
      vertex -6.248029999434948 1.3311000019311905 1.2
    endloop
  endfacet
  facet normal 0.11746013027292787 0.993077599080891 0
    outer loop
      vertex -3.0731049329042435 -0.24264749139547348 2
      vertex -3.0731049329042435 -0.24264749139547348 1.2
      vertex -3.250393606722355 -0.2216779813170433 1.2
    endloop
  endfacet
  facet normal 0.20147821449328088 0.979492995934427 0
    outer loop
      vertex -2.9007375240325928 -0.2781028524041176 2
      vertex -2.9007375240325928 -0.2781028524041176 1.2
      vertex -3.0731049329042435 -0.24264749139547348 1.2
    endloop
  endfacet
  facet normal 0.28827489078577756 0.9575476945523121 0
    outer loop
      vertex -2.7339408546686172 -0.32831788808107376 2
      vertex -2.7339408546686172 -0.32831788808107376 1.2
      vertex -2.9007375240325928 -0.2781028524041176 1.2
    endloop
  endfacet
  facet normal -0.08622790161857245 0.9962754383113426 0
    outer loop
      vertex -3.4408935606479645 -0.21446751803159714 2
      vertex -3.4408935606479645 -0.21446751803159714 1.2
      vertex -3.7934651523828506 -0.24498268216848373 1.2
    endloop
  endfacet
  facet normal 0.03782312639299589 0.9992844495487057 0
    outer loop
      vertex -3.250393606722355 -0.2216779813170433 2
      vertex -3.250393606722355 -0.2216779813170433 1.2
      vertex -3.4408935606479645 -0.21446751803159714 1.2
    endloop
  endfacet
  facet normal 0.5342548310803221 0.845323473865086 0
    outer loop
      vertex -2.289631575345993 -0.555251769721508 2
      vertex -2.289631575345993 -0.555251769721508 1.2
      vertex -2.4260297417640686 -0.469046451151371 1.2
    endloop
  endfacet
  facet normal 0.456012289573728 0.8899734781204025 0
    outer loop
      vertex -2.4260297417640686 -0.469046451151371 2
      vertex -2.4260297417640686 -0.469046451151371 1.2
      vertex -2.5745238065719604 -0.3929597809910774 1.2
    endloop
  endfacet
  facet normal 0.3757718081598534 0.9267122251229205 0
    outer loop
      vertex -2.5745238065719604 -0.3929597809910774 2
      vertex -2.5745238065719604 -0.3929597809910774 1.2
      vertex -2.7339408546686172 -0.32831788808107376 1.2
    endloop
  endfacet
  facet normal 0 1 0
    outer loop
      vertex 0.09132833033800125 -0.31266000121831894 2
      vertex 0.09132833033800125 -0.31266000121831894 1.2
      vertex -1.1780299991369247 -0.31266000121831894 1.2
    endloop
  endfacet
  facet normal 0 -1 0
    outer loop
      vertex -8.079130001366138 -0.377920001745224 2
      vertex -6.313330002129078 -0.377920001745224 1.2
      vertex -6.313330002129078 -0.377920001745224 2
    endloop
  endfacet
  facet normal -0.439452828327889 0.8982656687609846 0
    outer loop
      vertex -4.404729999601841 -0.470505066215992 2
      vertex -4.137562304735184 -0.33980030566453934 2
      vertex -4.404729999601841 -0.470505066215992 1.2
    endloop
  endfacet
  facet normal -0.26565371159463 0.9640685170235554 0
    outer loop
      vertex -4.137562304735184 -0.33980030566453934 2
      vertex -3.7934651523828506 -0.24498268216848373 2
      vertex -4.137562304735184 -0.33980030566453934 1.2
    endloop
  endfacet
  facet normal 0 0 1
    outer loop
      vertex -8.079130001366138 -0.377920001745224 2
      vertex -6.313330002129078 -0.377920001745224 2
      vertex -6.313330002129078 1.3311000019311905 2
    endloop
  endfacet
  facet normal 0 0 1
    outer loop
      vertex -6.248029999434948 1.3311000019311905 2
      vertex -4.259219340980053 -1.9926502332091331 2
      vertex -4.404729999601841 -0.470505066215992 2
    endloop
  endfacet
  facet normal 1 0 0
    outer loop
      vertex -6.313330002129078 -0.377920001745224 2
      vertex -6.313330002129078 1.3311000019311905 1.2
      vertex -6.313330002129078 1.3311000019311905 2
    endloop
  endfacet
  facet normal 0 1 0
    outer loop
      vertex -6.248029999434948 1.3311000019311905 2
      vertex -4.404729999601841 1.3311000019311905 2
      vertex -6.248029999434948 1.3311000019311905 1.2
    endloop
  endfacet
  facet normal 1 0 0
    outer loop
      vertex -4.404729999601841 -0.470505066215992 2
      vertex -4.404729999601841 1.3311000019311905 1.2
      vertex -4.404729999601841 1.3311000019311905 2
    endloop
  endfacet
  facet normal 0 0 1
    outer loop
      vertex -6.248029999434948 1.3311000019311905 2
      vertex -4.404729999601841 -0.470505066215992 2
      vertex -4.404729999601841 1.3311000019311905 2
    endloop
  endfacet
  facet normal 0.20147821449328088 0.979492995934427 0
    outer loop
      vertex -3.0731049329042435 -0.24264749139547348 2
      vertex -2.9007375240325928 -0.2781028524041176 2
      vertex -3.0731049329042435 -0.24264749139547348 1.2
    endloop
  endfacet
  facet normal 0.28827489078577756 0.9575476945523121 0
    outer loop
      vertex -2.7339408546686172 -0.32831788808107376 2
      vertex -2.9007375240325928 -0.2781028524041176 1.2
      vertex -2.9007375240325928 -0.2781028524041176 2
    endloop
  endfacet
  facet normal -0.08622790161857245 0.9962754383113426 0
    outer loop
      vertex -3.7934651523828506 -0.24498268216848373 2
      vertex -3.4408935606479645 -0.21446751803159714 2
      vertex -3.7934651523828506 -0.24498268216848373 1.2
    endloop
  endfacet
  facet normal 0.03782312639299589 0.9992844495487057 0
    outer loop
      vertex -3.4408935606479645 -0.21446751803159714 2
      vertex -3.250393606722355 -0.2216779813170433 2
      vertex -3.4408935606479645 -0.21446751803159714 1.2
    endloop
  endfacet
  facet normal 0.11746013027292787 0.993077599080891 0
    outer loop
      vertex -3.250393606722355 -0.2216779813170433 2
      vertex -3.0731049329042435 -0.24264749139547348 2
      vertex -3.250393606722355 -0.2216779813170433 1.2
    endloop
  endfacet
  facet normal 0.5342548310803221 0.845323473865086 0
    outer loop
      vertex -2.289631575345993 -0.555251769721508 2
      vertex -2.4260297417640686 -0.469046451151371 1.2
      vertex -2.4260297417640686 -0.469046451151371 2
    endloop
  endfacet
  facet normal 0.456012289573728 0.8899734781204025 0
    outer loop
      vertex -2.5745238065719604 -0.3929597809910774 2
      vertex -2.4260297417640686 -0.469046451151371 2
      vertex -2.5745238065719604 -0.3929597809910774 1.2
    endloop
  endfacet
  facet normal 0.3757718081598534 0.9267122251229205 0
    outer loop
      vertex -2.7339408546686172 -0.32831788808107376 2
      vertex -2.5745238065719604 -0.3929597809910774 2
      vertex -2.7339408546686172 -0.32831788808107376 1.2
    endloop
  endfacet
  facet normal 0 1 0
    outer loop
      vertex -1.1780299991369247 -0.31266000121831894 2
      vertex 0.09132833033800125 -0.31266000121831894 2
      vertex -1.1780299991369247 -0.31266000121831894 1.2
    endloop
  endfacet
  facet normal 0 0 -1
    outer loop
      vertex 0.6086882054805756 -5.432562589645386 1.2
      vertex -1.0482324673258456 -4.35 1.2
      vertex 1.0234261751174927 -5.39755491912365 1.2
    endloop
  endfacet
  facet normal 0 0 -1
    outer loop
      vertex 1.0234261751174927 -5.39755491912365 1.2
      vertex -1.0482324673258456 -4.35 1.2
      vertex 1.409903459250927 -5.2895214185118675 1.2
    endloop
  endfacet
  facet normal 0 0 -1
    outer loop
      vertex 1.409903459250927 -5.2895214185118675 1.2
      vertex -1.0482324673258456 -4.35 1.2
      vertex 1.6903899982571602 -5.143696613609791 1.2
    endloop
  endfacet
  facet normal 0 0 -1
    outer loop
      vertex 1.6903899982571602 -5.143696613609791 1.2
      vertex -1.0482324673258456 -4.35 1.2
      vertex 3.4523300006985664 -5.3336800038814545 1.2
    endloop
  endfacet
  facet normal 0 0 -1
    outer loop
      vertex 1.6903899982571602 -5.3336800038814545 1.2
      vertex 1.6903899982571602 -5.143696613609791 1.2
      vertex 3.4523300006985664 -5.3336800038814545 1.2
    endloop
  endfacet
  facet normal 0 0 -1
    outer loop
      vertex 3.4523300006985664 -5.3336800038814545 1.2
      vertex -1.0482324673258456 -4.35 1.2
      vertex 3.4523300006985664 -4.35 1.2
    endloop
  endfacet
  facet normal -0.08128259077074142 -0.9966910957952801 0
    outer loop
      vertex 0.18817759305238724 -5.398268923163414 1.2
      vertex 0.6086882054805756 -5.432562589645386 1.2
      vertex 0.18817759305238724 -5.398268923163414 2
    endloop
  endfacet
  facet normal 0.08411002241661679 -0.9964564737754863 0
    outer loop
      vertex 0.6086882054805756 -5.432562589645386 1.2
      vertex 1.0234261751174927 -5.39755491912365 1.2
      vertex 0.6086882054805756 -5.432562589645386 2
    endloop
  endfacet
  facet normal 0.2692136387313299 -0.9630804829924844 0
    outer loop
      vertex 1.0234261751174927 -5.39755491912365 1.2
      vertex 1.409903459250927 -5.2895214185118675 1.2
      vertex 1.0234261751174927 -5.39755491912365 2
    endloop
  endfacet
  facet normal 0.4612825293822523 -0.8872533054808596 0
    outer loop
      vertex 1.409903459250927 -5.2895214185118675 1.2
      vertex 1.6903899982571602 -5.143696613609791 1.2
      vertex 1.409903459250927 -5.2895214185118675 2
    endloop
  endfacet
  facet normal -1 0 0
    outer loop
      vertex 1.6903899982571602 -5.3336800038814545 1.2
      vertex 1.6903899982571602 -5.143696613609791 2
      vertex 1.6903899982571602 -5.143696613609791 1.2
    endloop
  endfacet
  facet normal 0 -1 0
    outer loop
      vertex 1.6903899982571602 -5.3336800038814545 1.2
      vertex 3.4523300006985664 -5.3336800038814545 1.2
      vertex 1.6903899982571602 -5.3336800038814545 2
    endloop
  endfacet
  facet normal 1 0 0
    outer loop
      vertex 3.4523300006985664 -5.3336800038814545 1.2
      vertex 3.4523300006985664 -4.35 1.2
      vertex 3.4523300006985664 -5.3336800038814545 2
    endloop
  endfacet
  facet normal 1 0 0
    outer loop
      vertex 3.4523300006985664 -5.3336800038814545 2
      vertex 3.4523300006985664 -4.35 1.2
      vertex 3.4523300006985664 -3.536781795322895 1.2
    endloop
  endfacet
  facet normal 0.40369955642969685 0.9148916155143548 0
    outer loop
      vertex 0.8756945133209229 -3.8369444087147713 2
      vertex 0.8756945133209229 -3.8369444087147713 1.2
      vertex 0.8427557125687599 -3.8224100321531296 1.2
    endloop
  endfacet
  facet normal 0.27722113524075115 0.96080614182874 0
    outer loop
      vertex 0.9170123636722565 -3.8488658368587494 2
      vertex 0.9170123636722565 -3.8488658368587494 1.2
      vertex 0.8756945133209229 -3.8369444087147713 1.2
    endloop
  endfacet
  facet normal 0.6284045070079307 0.7778867369817535 0
    outer loop
      vertex 0.8116595074534416 -3.8029729202389717 2
      vertex 0.8116595074534416 -3.8029729202389717 1.2
      vertex 0.7786950692534447 -3.7763430774211884 1.2
    endloop
  endfacet
  facet normal 0.7266295017909857 0.687029524203279 0
    outer loop
      vertex 0.7786950692534447 -3.7763430774211884 2
      vertex 0.7786950692534447 -3.7763430774211884 1.2
      vertex 0.7558632791042328 -3.7521952763199806 1.2
    endloop
  endfacet
  facet normal 0.5300378390191065 0.8479739908794112 0
    outer loop
      vertex 0.8427557125687599 -3.8224100321531296 2
      vertex 0.8427557125687599 -3.8224100321531296 1.2
      vertex 0.8116595074534416 -3.8029729202389717 1.2
    endloop
  endfacet
  facet normal 0.8192673569915494 0.5734117175015533 0
    outer loop
      vertex 0.7558632791042328 -3.7521952763199806 2
      vertex 0.7558632791042328 -3.7521952763199806 1.2
      vertex 0.7405826672911644 -3.7303629592061043 1.2
    endloop
  endfacet
  facet normal 0.8977425865165665 0.44052042898660765 0
    outer loop
      vertex 0.7405826672911644 -3.7303629592061043 2
      vertex 0.7405826672911644 -3.7303629592061043 1.2
      vertex 0.7300090044736862 -3.70881474763155 1.2
    endloop
  endfacet
  facet normal 0.9550641038256784 0.29639932115923234 0
    outer loop
      vertex 0.7300090044736862 -3.70881474763155 2
      vertex 0.7300090044736862 -3.70881474763155 1.2
      vertex 0.7208598032593727 -3.6793339997529984 1.2
    endloop
  endfacet
  facet normal 0.9836283786486569 0.18020880310632514 0
    outer loop
      vertex 0.7208598032593727 -3.6793339997529984 2
      vertex 0.7208598032593727 -3.6793339997529984 1.2
      vertex 0.7036546468734741 -3.5854236036539078 1.2
    endloop
  endfacet
  facet normal 0.1576249674164536 0.9874990479220533 0
    outer loop
      vertex 0.9687397256493568 -3.857122577726841 2
      vertex 0.9687397256493568 -3.857122577726841 1.2
      vertex 0.9170123636722565 -3.8488658368587494 1.2
    endloop
  endfacet
  facet normal 0.049298442902660264 0.9987840925482209 0
    outer loop
      vertex 1.0302096903324127 -3.8601566404104233 2
      vertex 1.0302096903324127 -3.8601566404104233 1.2
      vertex 0.9687397256493568 -3.857122577726841 1.2
    endloop
  endfacet
  facet normal -0.05591021925314224 0.9984358003312309 0
    outer loop
      vertex 1.104681819677353 -3.85598636418581 2
      vertex 1.104681819677353 -3.85598636418581 1.2
      vertex 1.0302096903324127 -3.8601566404104233 1.2
    endloop
  endfacet
  facet normal -0.17216239573039 0.9850685811131997 0
    outer loop
      vertex 1.172438956797123 -3.8441443145275116 2
      vertex 1.172438956797123 -3.8441443145275116 1.2
      vertex 1.104681819677353 -3.85598636418581 1.2
    endloop
  endfacet
  facet normal -0.2904492448435201 0.9568903992463447 0
    outer loop
      vertex 1.2360138073563576 -3.8248471543192863 2
      vertex 1.2360138073563576 -3.8248471543192863 1.2
      vertex 1.172438956797123 -3.8441443145275116 1.2
    endloop
  endfacet
  facet normal -0.4054942452126321 0.9140975971412668 0
    outer loop
      vertex 1.297238551080227 -3.7976878210902214 2
      vertex 1.297238551080227 -3.7976878210902214 1.2
      vertex 1.2360138073563576 -3.8248471543192863 1.2
    endloop
  endfacet
  facet normal -0.5123009176756271 0.8588060140385082 0
    outer loop
      vertex 1.357910379767418 -3.761495441198349 2
      vertex 1.357910379767418 -3.761495441198349 1.2
      vertex 1.297238551080227 -3.7976878210902214 1.2
    endloop
  endfacet
  facet normal -0.6058370005168262 0.7955887937903444 0
    outer loop
      vertex 1.4133944883942604 -3.719244562089443 2
      vertex 1.4133944883942604 -3.719244562089443 1.2
      vertex 1.357910379767418 -3.761495441198349 1.2
    endloop
  endfacet
  facet normal -0.6950829852535866 0.7189295122687358 0
    outer loop
      vertex 1.4583293423056602 -3.675800174474716 2
      vertex 1.4583293423056602 -3.675800174474716 1.2
      vertex 1.4133944883942604 -3.719244562089443 1.2
    endloop
  endfacet
  facet normal -0.7805134225809859 0.625139022274978 0
    outer loop
      vertex 1.4937430769205093 -3.6315845772624016 2
      vertex 1.4937430769205093 -3.6315845772624016 1.2
      vertex 1.4583293423056602 -3.675800174474716 1.2
    endloop
  endfacet
  facet normal -0.8564420423404734 0.516243186988147 0
    outer loop
      vertex 1.5215666890144348 -3.5854254961013794 2
      vertex 1.5215666890144348 -3.5854254961013794 1.2
      vertex 1.4937430769205093 -3.6315845772624016 1.2
    endloop
  endfacet
  facet normal 0.9946458327292124 0.10334247642867721 0
    outer loop
      vertex 0.7036546468734741 -3.5854236036539078 2
      vertex 0.7036546468734741 -3.5854236036539078 1.2
      vertex 0.6876495704054832 -3.4313786923885345 1.2
    endloop
  endfacet
  facet normal 0.9982992943646939 0.05829681698818683 0
    outer loop
      vertex 0.6876495704054832 -3.4313786923885345 2
      vertex 0.6876495704054832 -3.4313786923885345 1.2
      vertex 0.6753912791609764 -3.2214625403285027 1.2
    endloop
  endfacet
  facet normal 0.9995831762102173 0.028869946960356888 0
    outer loop
      vertex 0.6753912791609764 -3.2214625403285027 2
      vertex 0.6753912791609764 -3.2214625403285027 1.2
      vertex 0.6678326204419136 -2.9597541242837906 1.2
    endloop
  endfacet
  facet normal -0.9178591578268144 0.39690624383278617 0
    outer loop
      vertex 1.540914997458458 -3.540681876242161 2
      vertex 1.540914997458458 -3.540681876242161 1.2
      vertex 1.5215666890144348 -3.5854254961013794 1.2
    endloop
  endfacet
  facet normal -0.970370505446625 0.24162177501057697 0
    outer loop
      vertex 1.5600274428725243 -3.463924914598465 2
      vertex 1.5600274428725243 -3.463924914598465 1.2
      vertex 1.540914997458458 -3.540681876242161 1.2
    endloop
  endfacet
  facet normal -0.9911415873320059 0.13280946450080983 0
    outer loop
      vertex 1.57997328042984 -3.3150714486837387 2
      vertex 1.57997328042984 -3.3150714486837387 1.2
      vertex 1.5600274428725243 -3.463924914598465 1.2
    endloop
  endfacet
  facet normal -0.9973339031472038 0.07297318434304446 0
    outer loop
      vertex 1.5958135202527046 -3.098580852150917 2
      vertex 1.5958135202527046 -3.098580852150917 1.2
      vertex 1.57997328042984 -3.3150714486837387 1.2
    endloop
  endfacet
  facet normal 0.19795853457042495 -0.9802103950635954 0
    outer loop
      vertex 3.4523300006985664 -3.536781795322895 2
      vertex 3.4523300006985664 -3.536781795322895 1.2
      vertex 3.4741145446896553 -3.532382294535637 1.2
    endloop
  endfacet
  facet normal 0.2858363037353407 -0.9582784602958151 0
    outer loop
      vertex 3.4741145446896553 -3.532382294535637 2
      vertex 3.4741145446896553 -3.532382294535637 1.2
      vertex 3.7630292251706123 -3.4462045207619667 1.2
    endloop
  endfacet
  facet normal 0.38863562924186706 -0.9213915278988504 0
    outer loop
      vertex 3.7630292251706123 -3.4462045207619667 2
      vertex 3.7630292251706123 -3.4462045207619667 1.2
      vertex 4.025579363107681 -3.3354629576206207 1.2
    endloop
  endfacet
  facet normal 0.5055146154454221 -0.8628180419828199 0
    outer loop
      vertex 4.025579363107681 -3.3354629576206207 2
      vertex 4.025579363107681 -3.3354629576206207 1.2
      vertex 4.260800376534462 -3.197649821639061 1.2
    endloop
  endfacet
  facet normal 0.6315285352452021 -0.7753526353673209 0
    outer loop
      vertex 4.260800376534462 -3.197649821639061 2
      vertex 4.260800376534462 -3.197649821639061 1.2
      vertex 4.45878691226244 -3.0363888144493103 1.2
    endloop
  endfacet
  facet normal 0.7207227948902479 -0.6932233788077186 0
    outer loop
      vertex 4.45878691226244 -3.0363888144493103 2
      vertex 4.45878691226244 -3.0363888144493103 1.2
      vertex 4.573741428554058 -2.9168741777539253 1.2
    endloop
  endfacet
  facet normal -0.2739906855854846 -0.9617323454123794 0
    outer loop
      vertex -0.19218514114618301 -5.289906293153763 2
      vertex 0.18817759305238724 -5.398268923163414 1.2
      vertex 0.18817759305238724 -5.398268923163414 2
    endloop
  endfacet
  facet normal -0.08128259077074142 -0.9966910957952801 0
    outer loop
      vertex 0.6086882054805756 -5.432562589645386 1.2
      vertex 0.6086882054805756 -5.432562589645386 2
      vertex 0.18817759305238724 -5.398268923163414 2
    endloop
  endfacet
  facet normal 0.08411002241661679 -0.9964564737754863 0
    outer loop
      vertex 1.0234261751174927 -5.39755491912365 1.2
      vertex 1.0234261751174927 -5.39755491912365 2
      vertex 0.6086882054805756 -5.432562589645386 2
    endloop
  endfacet
  facet normal 0.2692136387313299 -0.9630804829924844 0
    outer loop
      vertex 1.409903459250927 -5.2895214185118675 1.2
      vertex 1.409903459250927 -5.2895214185118675 2
      vertex 1.0234261751174927 -5.39755491912365 2
    endloop
  endfacet
  facet normal 0.4612825293822523 -0.8872533054808596 0
    outer loop
      vertex 1.6903899982571602 -5.143696613609791 1.2
      vertex 1.6903899982571602 -5.143696613609791 2
      vertex 1.409903459250927 -5.2895214185118675 2
    endloop
  endfacet
  facet normal -1 0 0
    outer loop
      vertex 1.6903899982571602 -5.3336800038814545 1.2
      vertex 1.6903899982571602 -5.3336800038814545 2
      vertex 1.6903899982571602 -5.143696613609791 2
    endloop
  endfacet
  facet normal 0 -1 0
    outer loop
      vertex 3.4523300006985664 -5.3336800038814545 1.2
      vertex 3.4523300006985664 -5.3336800038814545 2
      vertex 1.6903899982571602 -5.3336800038814545 2
    endloop
  endfacet
  facet normal 0 0 1
    outer loop
      vertex -0.19218514114618301 -5.289906293153763 2
      vertex 0.18817759305238724 -5.398268923163414 2
      vertex 0.7786950692534447 -3.7763430774211884 2
    endloop
  endfacet
  facet normal 0 0 1
    outer loop
      vertex 0.18817759305238724 -5.398268923163414 2
      vertex 0.6086882054805756 -5.432562589645386 2
      vertex 0.8427557125687599 -3.8224100321531296 2
    endloop
  endfacet
  facet normal 0 0 1
    outer loop
      vertex 0.6086882054805756 -5.432562589645386 2
      vertex 1.0234261751174927 -5.39755491912365 2
      vertex 0.9170123636722565 -3.8488658368587494 2
    endloop
  endfacet
  facet normal 0 0 1
    outer loop
      vertex 1.0234261751174927 -5.39755491912365 2
      vertex 1.409903459250927 -5.2895214185118675 2
      vertex 1.0302096903324127 -3.8601566404104233 2
    endloop
  endfacet
  facet normal 0 0 1
    outer loop
      vertex -0.19218514114618301 -5.289906293153763 2
      vertex 0.7786950692534447 -3.7763430774211884 2
      vertex -0.5254745110869408 -5.100505068898201 2
    endloop
  endfacet
  facet normal 0 0 1
    outer loop
      vertex 0.6086882054805756 -5.432562589645386 2
      vertex 0.8756945133209229 -3.8369444087147713 2
      vertex 0.8427557125687599 -3.8224100321531296 2
    endloop
  endfacet
  facet normal 0 0 1
    outer loop
      vertex 0.6086882054805756 -5.432562589645386 2
      vertex 0.9170123636722565 -3.8488658368587494 2
      vertex 0.8756945133209229 -3.8369444087147713 2
    endloop
  endfacet
  facet normal 0 0 1
    outer loop
      vertex 0.18817759305238724 -5.398268923163414 2
      vertex 0.8116595074534416 -3.8029729202389717 2
      vertex 0.7786950692534447 -3.7763430774211884 2
    endloop
  endfacet
  facet normal 0 0 1
    outer loop
      vertex 0.18817759305238724 -5.398268923163414 2
      vertex 0.8427557125687599 -3.8224100321531296 2
      vertex 0.8116595074534416 -3.8029729202389717 2
    endloop
  endfacet
  facet normal 0 0 1
    outer loop
      vertex 1.409903459250927 -5.2895214185118675 2
      vertex 1.6903899982571602 -5.143696613609791 2
      vertex 1.104681819677353 -3.85598636418581 2
    endloop
  endfacet
  facet normal 0 0 1
    outer loop
      vertex 1.0234261751174927 -5.39755491912365 2
      vertex 0.9687397256493568 -3.857122577726841 2
      vertex 0.9170123636722565 -3.8488658368587494 2
    endloop
  endfacet
  facet normal 0 0 1
    outer loop
      vertex 1.0234261751174927 -5.39755491912365 2
      vertex 1.0302096903324127 -3.8601566404104233 2
      vertex 0.9687397256493568 -3.857122577726841 2
    endloop
  endfacet
  facet normal 0 0 1
    outer loop
      vertex 1.409903459250927 -5.2895214185118675 2
      vertex 1.104681819677353 -3.85598636418581 2
      vertex 1.0302096903324127 -3.8601566404104233 2
    endloop
  endfacet
  facet normal 0 0 1
    outer loop
      vertex 1.6903899982571602 -5.143696613609791 2
      vertex 1.172438956797123 -3.8441443145275116 2
      vertex 1.104681819677353 -3.85598636418581 2
    endloop
  endfacet
  facet normal 0 0 1
    outer loop
      vertex 1.6903899982571602 -5.143696613609791 2
      vertex 1.2360138073563576 -3.8248471543192863 2
      vertex 1.172438956797123 -3.8441443145275116 2
    endloop
  endfacet
  facet normal 0 0 1
    outer loop
      vertex 1.6903899982571602 -5.143696613609791 2
      vertex 1.297238551080227 -3.7976878210902214 2
      vertex 1.2360138073563576 -3.8248471543192863 2
    endloop
  endfacet
  facet normal 0 0 1
    outer loop
      vertex 1.6903899982571602 -5.143696613609791 2
      vertex 1.357910379767418 -3.761495441198349 2
      vertex 1.297238551080227 -3.7976878210902214 2
    endloop
  endfacet
  facet normal 0 0 1
    outer loop
      vertex 1.6903899982571602 -5.3336800038814545 2
      vertex 3.4523300006985664 -5.3336800038814545 2
      vertex 1.6903899982571602 -5.143696613609791 2
    endloop
  endfacet
  facet normal 0 0 1
    outer loop
      vertex 1.6903899982571602 -5.143696613609791 2
      vertex 3.4523300006985664 -5.3336800038814545 2
      vertex 3.4523300006985664 -3.536781795322895 2
    endloop
  endfacet
  facet normal 0.27722113524075115 0.96080614182874 0
    outer loop
      vertex 0.8756945133209229 -3.8369444087147713 2
      vertex 0.9170123636722565 -3.8488658368587494 2
      vertex 0.8756945133209229 -3.8369444087147713 1.2
    endloop
  endfacet
  facet normal 0.6284045070079307 0.7778867369817535 0
    outer loop
      vertex 0.8116595074534416 -3.8029729202389717 2
      vertex 0.7786950692534447 -3.7763430774211884 1.2
      vertex 0.7786950692534447 -3.7763430774211884 2
    endloop
  endfacet
  facet normal 0.7266295017909857 0.687029524203279 0
    outer loop
      vertex 0.7786950692534447 -3.7763430774211884 2
      vertex 0.7558632791042328 -3.7521952763199806 1.2
      vertex 0.7558632791042328 -3.7521952763199806 2
    endloop
  endfacet
  facet normal 0.5300378390191065 0.8479739908794112 0
    outer loop
      vertex 0.8116595074534416 -3.8029729202389717 2
      vertex 0.8427557125687599 -3.8224100321531296 2
      vertex 0.8116595074534416 -3.8029729202389717 1.2
    endloop
  endfacet
  facet normal 0.40369955642969685 0.9148916155143548 0
    outer loop
      vertex 0.8756945133209229 -3.8369444087147713 2
      vertex 0.8427557125687599 -3.8224100321531296 1.2
      vertex 0.8427557125687599 -3.8224100321531296 2
    endloop
  endfacet
  facet normal 0.8192673569915494 0.5734117175015533 0
    outer loop
      vertex 0.7558632791042328 -3.7521952763199806 2
      vertex 0.7405826672911644 -3.7303629592061043 1.2
      vertex 0.7405826672911644 -3.7303629592061043 2
    endloop
  endfacet
  facet normal 0.8977425865165665 0.44052042898660765 0
    outer loop
      vertex 0.7405826672911644 -3.7303629592061043 2
      vertex 0.7300090044736862 -3.70881474763155 1.2
      vertex 0.7300090044736862 -3.70881474763155 2
    endloop
  endfacet
  facet normal 0.9550641038256784 0.29639932115923234 0
    outer loop
      vertex 0.7208598032593727 -3.6793339997529984 2
      vertex 0.7300090044736862 -3.70881474763155 2
      vertex 0.7208598032593727 -3.6793339997529984 1.2
    endloop
  endfacet
  facet normal 0.9836283786486569 0.18020880310632514 0
    outer loop
      vertex 0.7208598032593727 -3.6793339997529984 2
      vertex 0.7036546468734741 -3.5854236036539078 1.2
      vertex 0.7036546468734741 -3.5854236036539078 2
    endloop
  endfacet
  facet normal 0.1576249674164536 0.9874990479220533 0
    outer loop
      vertex 0.9687397256493568 -3.857122577726841 2
      vertex 0.9170123636722565 -3.8488658368587494 1.2
      vertex 0.9170123636722565 -3.8488658368587494 2
    endloop
  endfacet
  facet normal 0.049298442902660264 0.9987840925482209 0
    outer loop
      vertex 0.9687397256493568 -3.857122577726841 2
      vertex 1.0302096903324127 -3.8601566404104233 2
      vertex 0.9687397256493568 -3.857122577726841 1.2
    endloop
  endfacet
  facet normal -0.05591021925314224 0.9984358003312309 0
    outer loop
      vertex 1.0302096903324127 -3.8601566404104233 2
      vertex 1.104681819677353 -3.85598636418581 2
      vertex 1.0302096903324127 -3.8601566404104233 1.2
    endloop
  endfacet
  facet normal -0.17216239573039 0.9850685811131997 0
    outer loop
      vertex 1.104681819677353 -3.85598636418581 2
      vertex 1.172438956797123 -3.8441443145275116 2
      vertex 1.104681819677353 -3.85598636418581 1.2
    endloop
  endfacet
  facet normal -0.2904492448435201 0.9568903992463447 0
    outer loop
      vertex 1.172438956797123 -3.8441443145275116 2
      vertex 1.2360138073563576 -3.8248471543192863 2
      vertex 1.172438956797123 -3.8441443145275116 1.2
    endloop
  endfacet
  facet normal -0.4054942452126321 0.9140975971412668 0
    outer loop
      vertex 1.2360138073563576 -3.8248471543192863 2
      vertex 1.297238551080227 -3.7976878210902214 2
      vertex 1.2360138073563576 -3.8248471543192863 1.2
    endloop
  endfacet
  facet normal -0.5123009176756271 0.8588060140385082 0
    outer loop
      vertex 1.297238551080227 -3.7976878210902214 2
      vertex 1.357910379767418 -3.761495441198349 2
      vertex 1.297238551080227 -3.7976878210902214 1.2
    endloop
  endfacet
  facet normal -0.6058370005168262 0.7955887937903444 0
    outer loop
      vertex 1.357910379767418 -3.761495441198349 2
      vertex 1.4133944883942604 -3.719244562089443 2
      vertex 1.357910379767418 -3.761495441198349 1.2
    endloop
  endfacet
  facet normal -0.6950829852535866 0.7189295122687358 0
    outer loop
      vertex 1.4133944883942604 -3.719244562089443 2
      vertex 1.4583293423056602 -3.675800174474716 2
      vertex 1.4133944883942604 -3.719244562089443 1.2
    endloop
  endfacet
  facet normal -0.7805134225809859 0.625139022274978 0
    outer loop
      vertex 1.4583293423056602 -3.675800174474716 2
      vertex 1.4937430769205093 -3.6315845772624016 2
      vertex 1.4583293423056602 -3.675800174474716 1.2
    endloop
  endfacet
  facet normal -0.8564420423404734 0.516243186988147 0
    outer loop
      vertex 1.4937430769205093 -3.6315845772624016 2
      vertex 1.5215666890144348 -3.5854254961013794 2
      vertex 1.4937430769205093 -3.6315845772624016 1.2
    endloop
  endfacet
  facet normal 0.9946458327292124 0.10334247642867721 0
    outer loop
      vertex 0.7036546468734741 -3.5854236036539078 2
      vertex 0.6876495704054832 -3.4313786923885345 1.2
      vertex 0.6876495704054832 -3.4313786923885345 2
    endloop
  endfacet
  facet normal 0.9982992943646939 0.05829681698818683 0
    outer loop
      vertex 0.6876495704054832 -3.4313786923885345 2
      vertex 0.6753912791609764 -3.2214625403285027 1.2
      vertex 0.6753912791609764 -3.2214625403285027 2
    endloop
  endfacet
  facet normal 0.9995831762102173 0.028869946960356888 0
    outer loop
      vertex 0.6753912791609764 -3.2214625403285027 2
      vertex 0.6678326204419136 -2.9597541242837906 1.2
      vertex 0.6678326204419136 -2.9597541242837906 2
    endloop
  endfacet
  facet normal -0.9178591578268144 0.39690624383278617 0
    outer loop
      vertex 1.5215666890144348 -3.5854254961013794 2
      vertex 1.540914997458458 -3.540681876242161 2
      vertex 1.5215666890144348 -3.5854254961013794 1.2
    endloop
  endfacet
  facet normal -0.970370505446625 0.24162177501057697 0
    outer loop
      vertex 1.540914997458458 -3.540681876242161 2
      vertex 1.5600274428725243 -3.463924914598465 2
      vertex 1.540914997458458 -3.540681876242161 1.2
    endloop
  endfacet
  facet normal -0.9911415873320059 0.13280946450080983 0
    outer loop
      vertex 1.5600274428725243 -3.463924914598465 2
      vertex 1.57997328042984 -3.3150714486837387 2
      vertex 1.5600274428725243 -3.463924914598465 1.2
    endloop
  endfacet
  facet normal -0.9973339031472038 0.07297318434304446 0
    outer loop
      vertex 1.57997328042984 -3.3150714486837387 2
      vertex 1.5958135202527046 -3.098580852150917 2
      vertex 1.57997328042984 -3.3150714486837387 1.2
    endloop
  endfacet
  facet normal -0.9993693398711456 0.035509470926934496 0
    outer loop
      vertex 1.5958135202527046 -3.098580852150917 2
      vertex 1.605674222111702 -2.821063816547394 2
      vertex 1.5958135202527046 -3.098580852150917 1.2
    endloop
  endfacet
  facet normal 1 0 0
    outer loop
      vertex 3.4523300006985664 -5.3336800038814545 2
      vertex 3.4523300006985664 -3.536781795322895 1.2
      vertex 3.4523300006985664 -3.536781795322895 2
    endloop
  endfacet
  facet normal 0.19795853457042495 -0.9802103950635954 0
    outer loop
      vertex 3.4523300006985664 -3.536781795322895 2
      vertex 3.4741145446896553 -3.532382294535637 1.2
      vertex 3.4741145446896553 -3.532382294535637 2
    endloop
  endfacet
  facet normal 0.2858363037353407 -0.9582784602958151 0
    outer loop
      vertex 3.4741145446896553 -3.532382294535637 2
      vertex 3.7630292251706123 -3.4462045207619667 1.2
      vertex 3.7630292251706123 -3.4462045207619667 2
    endloop
  endfacet
  facet normal 0 0 1
    outer loop
      vertex -0.7962378636002541 -4.8322983756661415 2
      vertex 0.7405826672911644 -3.7303629592061043 2
      vertex 0.7300090044736862 -3.70881474763155 2
    endloop
  endfacet
  facet normal 0 0 1
    outer loop
      vertex -0.5254745110869408 -5.100505068898201 2
      vertex 0.7786950692534447 -3.7763430774211884 2
      vertex 0.7558632791042328 -3.7521952763199806 2
    endloop
  endfacet
  facet normal 0 0 1
    outer loop
      vertex -0.7962378636002541 -4.8322983756661415 2
      vertex 0.7558632791042328 -3.7521952763199806 2
      vertex 0.7405826672911644 -3.7303629592061043 2
    endloop
  endfacet
  facet normal 0 0 1
    outer loop
      vertex -1.0636194720864296 -4.3088193237781525 2
      vertex 0.7300090044736862 -3.70881474763155 2
      vertex 0.7208598032593727 -3.6793339997529984 2
    endloop
  endfacet
  facet normal 0 0 1
    outer loop
      vertex -1.1154188886284828 -4.105252668261528 2
      vertex 0.7208598032593727 -3.6793339997529984 2
      vertex 0.7036546468734741 -3.5854236036539078 2
    endloop
  endfacet
  facet normal 0 0 1
    outer loop
      vertex -1.17144413292408 -3.650282070040703 2
      vertex 0.7036546468734741 -3.5854236036539078 2
      vertex 0.6876495704054832 -3.4313786923885345 2
    endloop
  endfacet
  facet normal 0 0 1
    outer loop
      vertex -1.1780299991369247 -3.4014917090535164 2
      vertex 0.6876495704054832 -3.4313786923885345 2
      vertex 0.6753912791609764 -3.2214625403285027 2
    endloop
  endfacet
  facet normal 0 0 1
    outer loop
      vertex -1.1780299991369247 -3.4014917090535164 2
      vertex 0.6753912791609764 -3.2214625403285027 2
      vertex 0.6678326204419136 -2.9597541242837906 2
    endloop
  endfacet
  facet normal 0 0 1
    outer loop
      vertex -1.1780299991369247 -3.4014917090535164 2
      vertex 0.6678326204419136 -2.9597541242837906 2
      vertex 0.6652700006961823 -2.646807089447975 2
    endloop
  endfacet
  facet normal 0 0 1
    outer loop
      vertex 1.6903899982571602 -5.143696613609791 2
      vertex 3.4523300006985664 -3.536781795322895 2
      vertex 1.357910379767418 -3.761495441198349 2
    endloop
  endfacet
  facet normal 0 0 1
    outer loop
      vertex 1.357910379767418 -3.761495441198349 2
      vertex 3.4523300006985664 -3.536781795322895 2
      vertex 1.4133944883942604 -3.719244562089443 2
    endloop
  endfacet
  facet normal 0 0 1
    outer loop
      vertex 1.4133944883942604 -3.719244562089443 2
      vertex 3.4523300006985664 -3.536781795322895 2
      vertex 1.4583293423056602 -3.675800174474716 2
    endloop
  endfacet
  facet normal 0 0 1
    outer loop
      vertex 1.4583293423056602 -3.675800174474716 2
      vertex 3.4523300006985664 -3.536781795322895 2
      vertex 1.4937430769205093 -3.6315845772624016 2
    endloop
  endfacet
  facet normal 0 0 1
    outer loop
      vertex 1.4937430769205093 -3.6315845772624016 2
      vertex 3.4523300006985664 -3.536781795322895 2
      vertex 1.5215666890144348 -3.5854254961013794 2
    endloop
  endfacet
  facet normal 0 0 1
    outer loop
      vertex 1.5215666890144348 -3.5854254961013794 2
      vertex 3.4523300006985664 -3.536781795322895 2
      vertex 1.540914997458458 -3.540681876242161 2
    endloop
  endfacet
  facet normal 0 0 1
    outer loop
      vertex 1.540914997458458 -3.540681876242161 2
      vertex 3.4523300006985664 -3.536781795322895 2
      vertex 1.5600274428725243 -3.463924914598465 2
    endloop
  endfacet
  facet normal 0 0 1
    outer loop
      vertex 1.5600274428725243 -3.463924914598465 2
      vertex 3.4523300006985664 -3.536781795322895 2
      vertex 1.57997328042984 -3.3150714486837387 2
    endloop
  endfacet
  facet normal 0 0 1
    outer loop
      vertex 1.57997328042984 -3.3150714486837387 2
      vertex 3.4523300006985664 -3.536781795322895 2
      vertex 1.5958135202527046 -3.098580852150917 2
    endloop
  endfacet
  facet normal 0 0 1
    outer loop
      vertex 3.4523300006985664 -3.536781795322895 2
      vertex 3.4741145446896553 -3.532382294535637 2
      vertex 3.4523300006985664 -2.2933135330677032 2
    endloop
  endfacet
  facet normal 0 0 1
    outer loop
      vertex 3.4741145446896553 -3.532382294535637 2
      vertex 3.7630292251706123 -3.4462045207619667 2
      vertex 3.4523300006985664 -2.2933135330677032 2
    endloop
  endfacet
  facet normal 0.38863562924186706 -0.9213915278988504 0
    outer loop
      vertex 3.7630292251706123 -3.4462045207619667 2
      vertex 4.025579363107681 -3.3354629576206207 1.2
      vertex 4.025579363107681 -3.3354629576206207 2
    endloop
  endfacet
  facet normal 0.5055146154454221 -0.8628180419828199 0
    outer loop
      vertex 4.025579363107681 -3.3354629576206207 2
      vertex 4.260800376534462 -3.197649821639061 1.2
      vertex 4.260800376534462 -3.197649821639061 2
    endloop
  endfacet
  facet normal 0.6315285352452021 -0.7753526353673209 0
    outer loop
      vertex 4.260800376534462 -3.197649821639061 2
      vertex 4.45878691226244 -3.0363888144493103 1.2
      vertex 4.45878691226244 -3.0363888144493103 2
    endloop
  endfacet
  facet normal 0 0 1
    outer loop
      vertex 3.7630292251706123 -3.4462045207619667 2
      vertex 4.025579363107681 -3.3354629576206207 2
      vertex 3.4523300006985664 -2.2933135330677032 2
    endloop
  endfacet
  facet normal 0.9999664745343683 0.008188394672138527 0
    outer loop
      vertex 0.6678326204419136 -2.9597541242837906 2
      vertex 0.6678326204419136 -2.9597541242837906 1.2
      vertex 0.6652700006961823 -2.646807089447975 1.2
    endloop
  endfacet
  facet normal -0.9993693398711456 0.035509470926934496 0
    outer loop
      vertex 1.605674222111702 -2.821063816547394 2
      vertex 1.605674222111702 -2.821063816547394 1.2
      vertex 1.5958135202527046 -3.098580852150917 1.2
    endloop
  endfacet
  facet normal -0.9999505260400223 0.00994713387275613 0
    outer loop
      vertex 1.6090300008654594 -2.4837191328406334 2
      vertex 1.6090300008654594 -2.4837191328406334 1.2
      vertex 1.605674222111702 -2.821063816547394 1.2
    endloop
  endfacet
  facet normal 1 0 0
    outer loop
      vertex 0.6652700006961823 -2.646807089447975 2
      vertex 0.6652700006961823 -2.646807089447975 1.2
      vertex 0.6652700006961823 -0.4836999997496605 1.2
    endloop
  endfacet
  facet normal -0.47054674632410115 0.8823750673743007 0
    outer loop
      vertex 3.4523300006985664 -2.2933135330677032 2
      vertex 3.469864636659622 -2.2839627861976624 1.2
      vertex 3.4523300006985664 -2.2933135330677032 1.2
    endloop
  endfacet
  facet normal -0.6057390612429695 0.7956633645484037 0
    outer loop
      vertex 3.469864636659622 -2.2839627861976624 2
      vertex 3.5532037541270256 -2.220516659319401 1.2
      vertex 3.469864636659622 -2.2839627861976624 1.2
    endloop
  endfacet
  facet normal 1 0 0
    outer loop
      vertex 3.4523300006985664 -2.155960001051426 2
      vertex 3.4523300006985664 -2.2933135330677032 1.2
      vertex 3.4523300006985664 -2.155960001051426 1.2
    endloop
  endfacet
  facet normal -0.7420729779729449 0.6703190996550563 0
    outer loop
      vertex 3.5532037541270256 -2.220516659319401 2
      vertex 3.611518181860447 -2.155960001051426 1.2
      vertex 3.5532037541270256 -2.220516659319401 1.2
    endloop
  endfacet
  facet normal 0 -1 0
    outer loop
      vertex 3.611518181860447 -2.155960001051426 2
      vertex 3.4523300006985664 -2.155960001051426 1.2
      vertex 3.611518181860447 -2.155960001051426 1.2
    endloop
  endfacet
  facet normal -1 0 0
    outer loop
      vertex 1.6090300008654594 -0.31266000121831894 2
      vertex 1.6090300008654594 -0.31266000121831894 1.2
      vertex 1.6090300008654594 -2.4837191328406334 1.2
    endloop
  endfacet
  facet normal 0.7844197820118255 -0.6202302843206868 0
    outer loop
      vertex 4.573741428554058 -2.9168741777539253 2
      vertex 4.573741428554058 -2.9168741777539253 1.2
      vertex 4.671986632049084 -2.7926211655139923 1.2
    endloop
  endfacet
  facet normal 0.8438172470534963 -0.5366306491200994 0
    outer loop
      vertex 4.671986632049084 -2.7926211655139923 2
      vertex 4.671986632049084 -2.7926211655139923 1.2
      vertex 4.7563311830163 -2.659994773566723 1.2
    endloop
  endfacet
  facet normal 0.8960712437011271 -0.4439102681983321 0
    outer loop
      vertex 4.7563311830163 -2.659994773566723 2
      vertex 4.7563311830163 -2.659994773566723 1.2
      vertex 4.825828105211258 -2.5197092294692993 1.2
    endloop
  endfacet
  facet normal 0.9387310100419435 -0.3446506793633704 0
    outer loop
      vertex 4.825828105211258 -2.5197092294692993 2
      vertex 4.825828105211258 -2.5197092294692993 1.2
      vertex 4.879362054169178 -2.3738978877663612 1.2
    endloop
  endfacet
  facet normal 0.9686126681468896 -0.24857493659933522 0
    outer loop
      vertex 4.879362054169178 -2.3738978877663612 2
      vertex 4.879362054169178 -2.3738978877663612 1.2
      vertex 4.918647602200508 -2.220815360546112 1.2
    endloop
  endfacet
  facet normal 0.9850984875668292 -0.17199119103473226 0
    outer loop
      vertex 4.918647602200508 -2.220815360546112 2
      vertex 4.918647602200508 -2.220815360546112 1.2
      vertex 4.947382748126984 -2.0562316477298737 1.2
    endloop
  endfacet
  facet normal 0.9939150198034986 -0.11014959559168254 0
    outer loop
      vertex 4.947382748126984 -2.0562316477298737 2
      vertex 4.947382748126984 -2.0562316477298737 1.2
      vertex 4.967059276998043 -1.8786840364336967 1.2
    endloop
  endfacet
  facet normal 0.9982148250237699 -0.05972573233342773 0
    outer loop
      vertex 4.967059276998043 -1.8786840364336967 2
      vertex 4.967059276998043 -1.8786840364336967 1.2
      vertex 4.978521220386028 -1.6871169954538345 1.2
    endloop
  endfacet
  facet normal 0.9998357274820048 -0.018125066911061728 0
    outer loop
      vertex 4.978521220386028 -1.6871169954538345 2
      vertex 4.978521220386028 -1.6871169954538345 1.2
      vertex 4.982210002839565 -1.4836321473121643 1.2
    endloop
  endfacet
  facet normal 1 0 0
    outer loop
      vertex 4.982210002839565 -1.4836321473121643 2
      vertex 4.982210002839565 -1.4836321473121643 1.2
      vertex 4.982210002839565 -0.31266000121831894 1.2
    endloop
  endfacet
  facet normal 0.9999664745343683 0.008188394672138527 0
    outer loop
      vertex 0.6678326204419136 -2.9597541242837906 2
      vertex 0.6652700006961823 -2.646807089447975 1.2
      vertex 0.6652700006961823 -2.646807089447975 2
    endloop
  endfacet
  facet normal -0.9999505260400223 0.00994713387275613 0
    outer loop
      vertex 1.605674222111702 -2.821063816547394 2
      vertex 1.6090300008654594 -2.4837191328406334 2
      vertex 1.605674222111702 -2.821063816547394 1.2
    endloop
  endfacet
  facet normal -0.47054674632410115 0.8823750673743007 0
    outer loop
      vertex 3.4523300006985664 -2.2933135330677032 2
      vertex 3.469864636659622 -2.2839627861976624 2
      vertex 3.469864636659622 -2.2839627861976624 1.2
    endloop
  endfacet
  facet normal 1 0 0
    outer loop
      vertex 3.4523300006985664 -2.2933135330677032 2
      vertex 3.4523300006985664 -2.2933135330677032 1.2
      vertex 3.4523300006985664 -2.155960001051426 2
    endloop
  endfacet
  facet normal -0.6057390612429695 0.7956633645484037 0
    outer loop
      vertex 3.469864636659622 -2.2839627861976624 2
      vertex 3.5532037541270256 -2.220516659319401 2
      vertex 3.5532037541270256 -2.220516659319401 1.2
    endloop
  endfacet
  facet normal 0 -1 0
    outer loop
      vertex 3.4523300006985664 -2.155960001051426 2
      vertex 3.4523300006985664 -2.155960001051426 1.2
      vertex 3.611518181860447 -2.155960001051426 2
    endloop
  endfacet
  facet normal -0.7420729779729449 0.6703190996550563 0
    outer loop
      vertex 3.5532037541270256 -2.220516659319401 2
      vertex 3.611518181860447 -2.155960001051426 2
      vertex 3.611518181860447 -2.155960001051426 1.2
    endloop
  endfacet
  facet normal 0 0 1
    outer loop
      vertex 1.5958135202527046 -3.098580852150917 2
      vertex 3.4523300006985664 -2.2933135330677032 2
      vertex 1.605674222111702 -2.821063816547394 2
    endloop
  endfacet
  facet normal 0 0 1
    outer loop
      vertex 1.605674222111702 -2.821063816547394 2
      vertex 3.4523300006985664 -2.2933135330677032 2
      vertex 1.6090300008654594 -2.4837191328406334 2
    endloop
  endfacet
  facet normal 0 0 1
    outer loop
      vertex 1.5958135202527046 -3.098580852150917 2
      vertex 3.4523300006985664 -3.536781795322895 2
      vertex 3.4523300006985664 -2.2933135330677032 2
    endloop
  endfacet
  facet normal 0 0 1
    outer loop
      vertex 4.025579363107681 -3.3354629576206207 2
      vertex 3.469864636659622 -2.2839627861976624 2
      vertex 3.4523300006985664 -2.2933135330677032 2
    endloop
  endfacet
  facet normal 0 0 1
    outer loop
      vertex 1.6090300008654594 -2.4837191328406334 2
      vertex 3.4523300006985664 -2.2933135330677032 2
      vertex 3.4523300006985664 -2.155960001051426 2
    endloop
  endfacet
  facet normal 1 0 0
    outer loop
      vertex 0.6652700006961823 -2.646807089447975 2
      vertex 0.6652700006961823 -0.4836999997496605 1.2
      vertex 0.6652700006961823 -0.4836999997496605 2
    endloop
  endfacet
  facet normal -1 0 0
    outer loop
      vertex 1.6090300008654594 -2.4837191328406334 2
      vertex 1.6090300008654594 -0.31266000121831894 2
      vertex 1.6090300008654594 -2.4837191328406334 1.2
    endloop
  endfacet
  facet normal 0 0 1
    outer loop
      vertex 0.6652700006961823 -2.646807089447975 2
      vertex 0.6652700006961823 -0.4836999997496605 2
      vertex 0.09132833033800125 -0.31266000121831894 2
    endloop
  endfacet
  facet normal 0 0 1
    outer loop
      vertex 1.6090300008654594 -2.4837191328406334 2
      vertex 3.4523300006985664 -2.155960001051426 2
      vertex 1.6090300008654594 -0.31266000121831894 2
    endloop
  endfacet
  facet normal 0 0 1
    outer loop
      vertex 3.4523300006985664 -2.155960001051426 2
      vertex 3.611518181860447 -2.155960001051426 2
      vertex 1.6090300008654594 -0.31266000121831894 2
    endloop
  endfacet
  facet normal 0 0 1
    outer loop
      vertex 3.611518181860447 -2.155960001051426 2
      vertex 4.982210002839565 -0.31266000121831894 2
      vertex 1.6090300008654594 -0.31266000121831894 2
    endloop
  endfacet
  facet normal 0.7207227948902479 -0.6932233788077186 0
    outer loop
      vertex 4.45878691226244 -3.0363888144493103 2
      vertex 4.573741428554058 -2.9168741777539253 1.2
      vertex 4.573741428554058 -2.9168741777539253 2
    endloop
  endfacet
  facet normal 0.7844197820118255 -0.6202302843206868 0
    outer loop
      vertex 4.573741428554058 -2.9168741777539253 2
      vertex 4.671986632049084 -2.7926211655139923 1.2
      vertex 4.671986632049084 -2.7926211655139923 2
    endloop
  endfacet
  facet normal 0.8438172470534963 -0.5366306491200994 0
    outer loop
      vertex 4.671986632049084 -2.7926211655139923 2
      vertex 4.7563311830163 -2.659994773566723 1.2
      vertex 4.7563311830163 -2.659994773566723 2
    endloop
  endfacet
  facet normal 0.8960712437011271 -0.4439102681983321 0
    outer loop
      vertex 4.7563311830163 -2.659994773566723 2
      vertex 4.825828105211258 -2.5197092294692993 1.2
      vertex 4.825828105211258 -2.5197092294692993 2
    endloop
  endfacet
  facet normal 0.9387310100419435 -0.3446506793633704 0
    outer loop
      vertex 4.825828105211258 -2.5197092294692993 2
      vertex 4.879362054169178 -2.3738978877663612 1.2
      vertex 4.879362054169178 -2.3738978877663612 2
    endloop
  endfacet
  facet normal 0.9686126681468896 -0.24857493659933522 0
    outer loop
      vertex 4.879362054169178 -2.3738978877663612 2
      vertex 4.918647602200508 -2.220815360546112 1.2
      vertex 4.918647602200508 -2.220815360546112 2
    endloop
  endfacet
  facet normal 0.9850984875668292 -0.17199119103473226 0
    outer loop
      vertex 4.918647602200508 -2.220815360546112 2
      vertex 4.947382748126984 -2.0562316477298737 1.2
      vertex 4.947382748126984 -2.0562316477298737 2
    endloop
  endfacet
  facet normal 0.9939150198034986 -0.11014959559168254 0
    outer loop
      vertex 4.947382748126984 -2.0562316477298737 2
      vertex 4.967059276998043 -1.8786840364336967 1.2
      vertex 4.967059276998043 -1.8786840364336967 2
    endloop
  endfacet
  facet normal 0 0 1
    outer loop
      vertex 4.025579363107681 -3.3354629576206207 2
      vertex 4.260800376534462 -3.197649821639061 2
      vertex 3.469864636659622 -2.2839627861976624 2
    endloop
  endfacet
  facet normal 0 0 1
    outer loop
      vertex 4.260800376534462 -3.197649821639061 2
      vertex 4.45878691226244 -3.0363888144493103 2
      vertex 3.5532037541270256 -2.220516659319401 2
    endloop
  endfacet
  facet normal 0 0 1
    outer loop
      vertex 4.45878691226244 -3.0363888144493103 2
      vertex 4.573741428554058 -2.9168741777539253 2
      vertex 3.611518181860447 -2.155960001051426 2
    endloop
  endfacet
  facet normal 0 0 1
    outer loop
      vertex 4.260800376534462 -3.197649821639061 2
      vertex 3.5532037541270256 -2.220516659319401 2
      vertex 3.469864636659622 -2.2839627861976624 2
    endloop
  endfacet
  facet normal 0 0 1
    outer loop
      vertex 4.45878691226244 -3.0363888144493103 2
      vertex 3.611518181860447 -2.155960001051426 2
      vertex 3.5532037541270256 -2.220516659319401 2
    endloop
  endfacet
  facet normal 0 0 1
    outer loop
      vertex 4.573741428554058 -2.9168741777539253 2
      vertex 4.671986632049084 -2.7926211655139923 2
      vertex 3.611518181860447 -2.155960001051426 2
    endloop
  endfacet
  facet normal 0 0 1
    outer loop
      vertex 3.611518181860447 -2.155960001051426 2
      vertex 4.671986632049084 -2.7926211655139923 2
      vertex 4.7563311830163 -2.659994773566723 2
    endloop
  endfacet
  facet normal 0 0 1
    outer loop
      vertex 3.611518181860447 -2.155960001051426 2
      vertex 4.7563311830163 -2.659994773566723 2
      vertex 4.825828105211258 -2.5197092294692993 2
    endloop
  endfacet
  facet normal 0 0 1
    outer loop
      vertex 3.611518181860447 -2.155960001051426 2
      vertex 4.825828105211258 -2.5197092294692993 2
      vertex 4.879362054169178 -2.3738978877663612 2
    endloop
  endfacet
  facet normal 0 0 1
    outer loop
      vertex 3.611518181860447 -2.155960001051426 2
      vertex 4.879362054169178 -2.3738978877663612 2
      vertex 4.918647602200508 -2.220815360546112 2
    endloop
  endfacet
  facet normal 0 0 1
    outer loop
      vertex 3.611518181860447 -2.155960001051426 2
      vertex 4.918647602200508 -2.220815360546112 2
      vertex 4.947382748126984 -2.0562316477298737 2
    endloop
  endfacet
  facet normal 0 0 1
    outer loop
      vertex 3.611518181860447 -2.155960001051426 2
      vertex 4.947382748126984 -2.0562316477298737 2
      vertex 4.967059276998043 -1.8786840364336967 2
    endloop
  endfacet
  facet normal 0 0 1
    outer loop
      vertex 3.611518181860447 -2.155960001051426 2
      vertex 4.967059276998043 -1.8786840364336967 2
      vertex 4.978521220386028 -1.6871169954538345 2
    endloop
  endfacet
  facet normal 0 0 1
    outer loop
      vertex 3.611518181860447 -2.155960001051426 2
      vertex 4.978521220386028 -1.6871169954538345 2
      vertex 4.982210002839565 -1.4836321473121643 2
    endloop
  endfacet
  facet normal 0.9982148250237699 -0.05972573233342773 0
    outer loop
      vertex 4.967059276998043 -1.8786840364336967 2
      vertex 4.978521220386028 -1.6871169954538345 1.2
      vertex 4.978521220386028 -1.6871169954538345 2
    endloop
  endfacet
  facet normal 0.9998357274820048 -0.018125066911061728 0
    outer loop
      vertex 4.978521220386028 -1.6871169954538345 2
      vertex 4.982210002839565 -1.4836321473121643 1.2
      vertex 4.982210002839565 -1.4836321473121643 2
    endloop
  endfacet
  facet normal 1 0 0
    outer loop
      vertex 4.982210002839565 -1.4836321473121643 2
      vertex 4.982210002839565 -0.31266000121831894 1.2
      vertex 4.982210002839565 -0.31266000121831894 2
    endloop
  endfacet
  facet normal 0 0 1
    outer loop
      vertex 3.611518181860447 -2.155960001051426 2
      vertex 4.982210002839565 -1.4836321473121643 2
      vertex 4.982210002839565 -0.31266000121831894 2
    endloop
  endfacet
  facet normal 0 0 -1
    outer loop
      vertex 7.7319681495428085 -5.3336800038814545 1.2
      vertex 7.784272775053978 -4.453727453947067 1.2
      vertex 9.564606808125973 -4.679781503975391 1.2
    endloop
  endfacet
  facet normal 0 0 -1
    outer loop
      vertex 7.7319681495428085 -5.3336800038814545 1.2
      vertex 9.564606808125973 -4.679781503975391 1.2
      vertex 9.546400889754295 -5.3336800038814545 1.2
    endloop
  endfacet
  facet normal 0 0 -1
    outer loop
      vertex 7.784272775053978 -4.453727453947067 1.2
      vertex 7.797911021737976 -4.35 1.2
      vertex 9.593169331550598 -4.358522050082684 1.2
    endloop
  endfacet
  facet normal 0 0 -1
    outer loop
      vertex 7.784272775053978 -4.453727453947067 1.2
      vertex 9.593169331550598 -4.358522050082684 1.2
      vertex 9.564606808125973 -4.679781503975391 1.2
    endloop
  endfacet
  facet normal 0 0 -1
    outer loop
      vertex 9.593169331550598 -4.358522050082684 1.2
      vertex 7.797911021737976 -4.35 1.2
      vertex 9.594397812086687 -4.35 1.2
    endloop
  endfacet
  facet normal 0 -1 0
    outer loop
      vertex 7.7319681495428085 -5.3336800038814545 1.2
      vertex 9.546400889754295 -5.3336800038814545 1.2
      vertex 7.7319681495428085 -5.3336800038814545 2
    endloop
  endfacet
  facet normal -0.9982380940189152 0.059335551311870245 0
    outer loop
      vertex 7.7319681495428085 -5.3336800038814545 1.2
      vertex 7.784272775053978 -4.453727453947067 2
      vertex 7.784272775053978 -4.453727453947067 1.2
    endloop
  endfacet
  facet normal -0.9914667805247281 0.13035959157626412 9.106445644816702e-16
    outer loop
      vertex 7.784272775053978 -4.453727453947067 1.2
      vertex 7.853298023343086 -3.9287469759583473 2
      vertex 7.797911021737976 -4.35 1.2
    endloop
  endfacet
  facet normal 0.9996126334632258 -0.02783133163746875 0
    outer loop
      vertex 9.546400889754295 -5.3336800038814545 1.2
      vertex 9.564606808125973 -4.679781503975391 1.2
      vertex 9.546400889754295 -5.3336800038814545 2
    endloop
  endfacet
  facet normal 0.9960709649974119 -0.08855863983330262 0
    outer loop
      vertex 9.564606808125973 -4.679781503975391 1.2
      vertex 9.593169331550598 -4.358522050082684 1.2
      vertex 9.564606808125973 -4.679781503975391 2
    endloop
  endfacet
  facet normal 0.9897691079758917 -0.14267835468846551 0
    outer loop
      vertex 9.593169331550598 -4.358522050082684 1.2
      vertex 9.594397812086687 -4.35 1.2
      vertex 9.593169331550598 -4.358522050082684 2
    endloop
  endfacet
  facet normal 0.9897691079758949 -0.14267835468844306 2.445271019530251e-16
    outer loop
      vertex 9.593169331550598 -4.358522050082684 2
      vertex 9.594397812086687 -4.35 1.2
      vertex 9.642261363565922 -4.017967402935028 1.2
    endloop
  endfacet
  facet normal -0.9914667805247279 0.13035959157626584 0
    outer loop
      vertex 7.853298023343086 -3.9287469759583473 2
      vertex 7.853298023343086 -3.9287469759583473 1.2
      vertex 7.797911021737976 -4.35 1.2
    endloop
  endfacet
  facet normal -0.9801243646190322 0.1983840464355395 0
    outer loop
      vertex 7.960109032690525 -3.4010428860783577 2
      vertex 7.960109032690525 -3.4010428860783577 1.2
      vertex 7.853298023343086 -3.9287469759583473 1.2
    endloop
  endfacet
  facet normal -0.9648824932958483 0.26268188771056783 0
    outer loop
      vertex 8.104455836117268 -2.8708285465836525 2
      vertex 8.104455836117268 -2.8708285465836525 1.2
      vertex 7.960109032690525 -3.4010428860783577 1.2
    endloop
  endfacet
  facet normal 0.9816286761408733 -0.1908013159753264 0
    outer loop
      vertex 9.642261363565922 -4.017967402935028 2
      vertex 9.642261363565922 -4.017967402935028 1.2
      vertex 9.712162926793098 -3.6583400145173073 1.2
    endloop
  endfacet
  facet normal 0.9723385086770454 -0.23357616433125059 0
    outer loop
      vertex 9.712162926793098 -3.6583400145173073 2
      vertex 9.712162926793098 -3.6583400145173073 1.2
      vertex 9.802839435636997 -3.280868873000145 1.2
    endloop
  endfacet
  facet normal 0.9607837171225656 -0.27729884405122557 0
    outer loop
      vertex 9.802839435636997 -3.280868873000145 2
      vertex 9.802839435636997 -3.280868873000145 1.2
      vertex 9.912680983543396 -2.90029039978981 1.2
    endloop
  endfacet
  facet normal -0.9982380940189152 0.059335551311870245 0
    outer loop
      vertex 7.7319681495428085 -5.3336800038814545 1.2
      vertex 7.7319681495428085 -5.3336800038814545 2
      vertex 7.784272775053978 -4.453727453947067 2
    endloop
  endfacet
  facet normal 0 -1 0
    outer loop
      vertex 9.546400889754295 -5.3336800038814545 1.2
      vertex 9.546400889754295 -5.3336800038814545 2
      vertex 7.7319681495428085 -5.3336800038814545 2
    endloop
  endfacet
  facet normal -0.991466780524728 0.1303595915762655 0
    outer loop
      vertex 7.784272775053978 -4.453727453947067 1.2
      vertex 7.784272775053978 -4.453727453947067 2
      vertex 7.853298023343086 -3.9287469759583473 2
    endloop
  endfacet
  facet normal 0.9996126334632258 -0.02783133163746875 0
    outer loop
      vertex 9.564606808125973 -4.679781503975391 1.2
      vertex 9.564606808125973 -4.679781503975391 2
      vertex 9.546400889754295 -5.3336800038814545 2
    endloop
  endfacet
  facet normal 0.9960709649974119 -0.08855863983330262 0
    outer loop
      vertex 9.593169331550598 -4.358522050082684 1.2
      vertex 9.593169331550598 -4.358522050082684 2
      vertex 9.564606808125973 -4.679781503975391 2
    endloop
  endfacet
  facet normal 0 0 1
    outer loop
      vertex 7.7319681495428085 -5.3336800038814545 2
      vertex 9.564606808125973 -4.679781503975391 2
      vertex 7.784272775053978 -4.453727453947067 2
    endloop
  endfacet
  facet normal 0 0 1
    outer loop
      vertex 7.7319681495428085 -5.3336800038814545 2
      vertex 9.546400889754295 -5.3336800038814545 2
      vertex 9.564606808125973 -4.679781503975391 2
    endloop
  endfacet
  facet normal 0 0 1
    outer loop
      vertex 7.784272775053978 -4.453727453947067 2
      vertex 9.593169331550598 -4.358522050082684 2
      vertex 7.853298023343086 -3.9287469759583473 2
    endloop
  endfacet
  facet normal 0 0 1
    outer loop
      vertex 7.784272775053978 -4.453727453947067 2
      vertex 9.564606808125973 -4.679781503975391 2
      vertex 9.593169331550598 -4.358522050082684 2
    endloop
  endfacet
  facet normal -0.9801243646190322 0.1983840464355395 0
    outer loop
      vertex 7.853298023343086 -3.9287469759583473 2
      vertex 7.960109032690525 -3.4010428860783577 2
      vertex 7.853298023343086 -3.9287469759583473 1.2
    endloop
  endfacet
  facet normal -0.9648824932958483 0.26268188771056783 0
    outer loop
      vertex 7.960109032690525 -3.4010428860783577 2
      vertex 8.104455836117268 -2.8708285465836525 2
      vertex 7.960109032690525 -3.4010428860783577 1.2
    endloop
  endfacet
  facet normal 0.9897691079758949 -0.14267835468844361 0
    outer loop
      vertex 9.593169331550598 -4.358522050082684 2
      vertex 9.642261363565922 -4.017967402935028 1.2
      vertex 9.642261363565922 -4.017967402935028 2
    endloop
  endfacet
  facet normal 0.9816286761408733 -0.1908013159753264 0
    outer loop
      vertex 9.642261363565922 -4.017967402935028 2
      vertex 9.712162926793098 -3.6583400145173073 1.2
      vertex 9.712162926793098 -3.6583400145173073 2
    endloop
  endfacet
  facet normal 0.9723385086770454 -0.23357616433125059 0
    outer loop
      vertex 9.712162926793098 -3.6583400145173073 2
      vertex 9.802839435636997 -3.280868873000145 1.2
      vertex 9.802839435636997 -3.280868873000145 2
    endloop
  endfacet
  facet normal 0.9607837171225656 -0.27729884405122557 0
    outer loop
      vertex 9.802839435636997 -3.280868873000145 2
      vertex 9.912680983543396 -2.90029039978981 1.2
      vertex 9.912680983543396 -2.90029039978981 2
    endloop
  endfacet
  facet normal 0 0 1
    outer loop
      vertex 7.853298023343086 -3.9287469759583473 2
      vertex 9.593169331550598 -4.358522050082684 2
      vertex 9.642261363565922 -4.017967402935028 2
    endloop
  endfacet
  facet normal 0 0 1
    outer loop
      vertex 7.853298023343086 -3.9287469759583473 2
      vertex 9.642261363565922 -4.017967402935028 2
      vertex 7.960109032690525 -3.4010428860783577 2
    endloop
  endfacet
  facet normal 0 0 1
    outer loop
      vertex 9.642261363565922 -4.017967402935028 2
      vertex 9.712162926793098 -3.6583400145173073 2
      vertex 7.960109032690525 -3.4010428860783577 2
    endloop
  endfacet
  facet normal 0 0 1
    outer loop
      vertex 7.960109032690525 -3.4010428860783577 2
      vertex 9.712162926793098 -3.6583400145173073 2
      vertex 8.104455836117268 -2.8708285465836525 2
    endloop
  endfacet
  facet normal 0 0 1
    outer loop
      vertex 8.104455836117268 -2.8708285465836525 2
      vertex 9.712162926793098 -3.6583400145173073 2
      vertex 9.802839435636997 -3.280868873000145 2
    endloop
  endfacet
  facet normal 0 0 1
    outer loop
      vertex 8.104455836117268 -2.8708285465836525 2
      vertex 9.802839435636997 -3.280868873000145 2
      vertex 9.912680983543396 -2.90029039978981 2
    endloop
  endfacet
  facet normal -0.9464802731508276 0.32276166522115773 0
    outer loop
      vertex 8.286080911755562 -2.3382233157753944 2
      vertex 8.286080911755562 -2.3382233157753944 1.2
      vertex 8.104455836117268 -2.8708285465836525 1.2
    endloop
  endfacet
  facet normal -0.9256307295285472 0.3784280018080712 0
    outer loop
      vertex 8.499816328287125 -1.815428838133812 2
      vertex 8.499816328287125 -1.815428838133812 1.2
      vertex 8.286080911755562 -2.3382233157753944 1.2
    endloop
  endfacet
  facet normal 0.9455010857960706 -0.3256189441025377 0
    outer loop
      vertex 9.912680983543396 -2.90029039978981 2
      vertex 9.912680983543396 -2.90029039978981 1.2
      vertex 10.040409736335278 -2.5294038876891136 1.2
    endloop
  endfacet
  facet normal 0.9275803095505039 -0.37362383400178223 0
    outer loop
      vertex 10.040409736335278 -2.5294038876891136 2
      vertex 10.040409736335278 -2.5294038876891136 1.2
      vertex 10.186267338693142 -2.167289301753044 1.2
    endloop
  endfacet
  facet normal 0.9070983113419883 -0.4209188206299565 0
    outer loop
      vertex 10.186267338693142 -2.167289301753044 2
      vertex 10.186267338693142 -2.167289301753044 1.2
      vertex 10.350291550159454 -1.8138100132346153 1.2
    endloop
  endfacet
  facet normal -0.9011422453516487 0.4335235329743808 0
    outer loop
      vertex 8.740794621407986 -1.314520113170147 2
      vertex 8.740794621407986 -1.314520113170147 1.2
      vertex 8.499816328287125 -1.815428838133812 1.2
    endloop
  endfacet
  facet normal -0.8724365047207102 0.48872747542031053 0
    outer loop
      vertex 9.00912930071354 -0.8355108872056007 2
      vertex 9.00912930071354 -0.8355108872056007 1.2
      vertex 8.740794621407986 -1.314520113170147 1.2
    endloop
  endfacet
  facet normal -0.839527322117154 0.5433174720352736 0
    outer loop
      vertex 9.218366630375385 -0.5121999979019165 2
      vertex 9.218366630375385 -0.5121999979019165 1.2
      vertex 9.00912930071354 -0.8355108872056007 1.2
    endloop
  endfacet
  facet normal 0.8841943466697683 -0.46711921103420867 0
    outer loop
      vertex 10.350291550159454 -1.8138100132346153 2
      vertex 10.350291550159454 -1.8138100132346153 1.2
      vertex 10.533066906034946 -1.4678406491875648 1.2
    endloop
  endfacet
  facet normal 0.862335844691146 -0.5063367367284421 0
    outer loop
      vertex 10.533066906034946 -1.4678406491875648 2
      vertex 10.533066906034946 -1.4678406491875648 1.2
      vertex 10.724811807274818 -1.1412822753190994 1.2
    endloop
  endfacet
  facet normal 0.8397817073664483 -0.5429241972620974 0
    outer loop
      vertex 10.724811807274818 -1.1412822753190994 2
      vertex 10.724811807274818 -1.1412822753190994 1.2
      vertex 10.91418220102787 -0.848368838429451 1.2
    endloop
  endfacet
  facet normal 0.8114363930815791 -0.5844407412071451 0
    outer loop
      vertex 10.91418220102787 -0.848368838429451 2
      vertex 10.91418220102787 -0.848368838429451 1.2
      vertex 11.099908165633678 -0.5905072689056396 1.2
    endloop
  endfacet
  facet normal -0.9464802731508276 0.32276166522115773 0
    outer loop
      vertex 8.104455836117268 -2.8708285465836525 2
      vertex 8.286080911755562 -2.3382233157753944 2
      vertex 8.104455836117268 -2.8708285465836525 1.2
    endloop
  endfacet
  facet normal -0.9256307295285472 0.3784280018080712 0
    outer loop
      vertex 8.286080911755562 -2.3382233157753944 2
      vertex 8.499816328287125 -1.815428838133812 2
      vertex 8.286080911755562 -2.3382233157753944 1.2
    endloop
  endfacet
  facet normal 0.9455010857960706 -0.3256189441025377 0
    outer loop
      vertex 9.912680983543396 -2.90029039978981 2
      vertex 10.040409736335278 -2.5294038876891136 1.2
      vertex 10.040409736335278 -2.5294038876891136 2
    endloop
  endfacet
  facet normal 0.9275803095505039 -0.37362383400178223 0
    outer loop
      vertex 10.040409736335278 -2.5294038876891136 2
      vertex 10.186267338693142 -2.167289301753044 1.2
      vertex 10.186267338693142 -2.167289301753044 2
    endloop
  endfacet
  facet normal 0.9070983113419883 -0.4209188206299565 0
    outer loop
      vertex 10.186267338693142 -2.167289301753044 2
      vertex 10.350291550159454 -1.8138100132346153 1.2
      vertex 10.350291550159454 -1.8138100132346153 2
    endloop
  endfacet
  facet normal 0 0 1
    outer loop
      vertex 8.104455836117268 -2.8708285465836525 2
      vertex 9.912680983543396 -2.90029039978981 2
      vertex 8.286080911755562 -2.3382233157753944 2
    endloop
  endfacet
  facet normal 0 0 1
    outer loop
      vertex 8.286080911755562 -2.3382233157753944 2
      vertex 10.040409736335278 -2.5294038876891136 2
      vertex 8.499816328287125 -1.815428838133812 2
    endloop
  endfacet
  facet normal 0 0 1
    outer loop
      vertex 10.186267338693142 -2.167289301753044 2
      vertex 8.740794621407986 -1.314520113170147 2
      vertex 8.499816328287125 -1.815428838133812 2
    endloop
  endfacet
  facet normal 0 0 1
    outer loop
      vertex 8.286080911755562 -2.3382233157753944 2
      vertex 9.912680983543396 -2.90029039978981 2
      vertex 10.040409736335278 -2.5294038876891136 2
    endloop
  endfacet
  facet normal 0 0 1
    outer loop
      vertex 10.040409736335278 -2.5294038876891136 2
      vertex 10.186267338693142 -2.167289301753044 2
      vertex 8.499816328287125 -1.815428838133812 2
    endloop
  endfacet
  facet normal 0 0 1
    outer loop
      vertex 10.186267338693142 -2.167289301753044 2
      vertex 10.350291550159454 -1.8138100132346153 2
      vertex 8.740794621407986 -1.314520113170147 2
    endloop
  endfacet
  facet normal -0.9011422453516487 0.4335235329743808 0
    outer loop
      vertex 8.499816328287125 -1.815428838133812 2
      vertex 8.740794621407986 -1.314520113170147 2
      vertex 8.499816328287125 -1.815428838133812 1.2
    endloop
  endfacet
  facet normal -0.8724365047207102 0.48872747542031053 0
    outer loop
      vertex 8.740794621407986 -1.314520113170147 2
      vertex 9.00912930071354 -0.8355108872056007 2
      vertex 8.740794621407986 -1.314520113170147 1.2
    endloop
  endfacet
  facet normal -0.839527322117154 0.5433174720352736 0
    outer loop
      vertex 9.00912930071354 -0.8355108872056007 2
      vertex 9.218366630375385 -0.5121999979019165 2
      vertex 9.00912930071354 -0.8355108872056007 1.2
    endloop
  endfacet
  facet normal 0.8841943466697683 -0.46711921103420867 0
    outer loop
      vertex 10.350291550159454 -1.8138100132346153 2
      vertex 10.533066906034946 -1.4678406491875648 1.2
      vertex 10.533066906034946 -1.4678406491875648 2
    endloop
  endfacet
  facet normal 0.862335844691146 -0.5063367367284421 0
    outer loop
      vertex 10.533066906034946 -1.4678406491875648 2
      vertex 10.724811807274818 -1.1412822753190994 1.2
      vertex 10.724811807274818 -1.1412822753190994 2
    endloop
  endfacet
  facet normal 0.8397817073664483 -0.5429241972620974 0
    outer loop
      vertex 10.724811807274818 -1.1412822753190994 2
      vertex 10.91418220102787 -0.848368838429451 1.2
      vertex 10.91418220102787 -0.848368838429451 2
    endloop
  endfacet
  facet normal 0.8114363930815791 -0.5844407412071451 0
    outer loop
      vertex 10.91418220102787 -0.848368838429451 2
      vertex 11.099908165633678 -0.5905072689056396 1.2
      vertex 11.099908165633678 -0.5905072689056396 2
    endloop
  endfacet
  facet normal 0 0 1
    outer loop
      vertex 8.740794621407986 -1.314520113170147 2
      vertex 10.350291550159454 -1.8138100132346153 2
      vertex 9.00912930071354 -0.8355108872056007 2
    endloop
  endfacet
  facet normal 0 0 1
    outer loop
      vertex 10.350291550159454 -1.8138100132346153 2
      vertex 10.533066906034946 -1.4678406491875648 2
      vertex 9.00912930071354 -0.8355108872056007 2
    endloop
  endfacet
  facet normal 0 0 1
    outer loop
      vertex 10.533066906034946 -1.4678406491875648 2
      vertex 9.218366630375385 -0.5121999979019165 2
      vertex 9.00912930071354 -0.8355108872056007 2
    endloop
  endfacet
  facet normal 0 0 1
    outer loop
      vertex 10.533066906034946 -1.4678406491875648 2
      vertex 10.724811807274818 -1.1412822753190994 2
      vertex 9.218366630375385 -0.5121999979019165 2
    endloop
  endfacet
  facet normal 0 0 1
    outer loop
      vertex 9.218366630375385 -0.5121999979019165 2
      vertex 10.724811807274818 -1.1412822753190994 2
      vertex 10.91418220102787 -0.848368838429451 2
    endloop
  endfacet
  facet normal 0 0 1
    outer loop
      vertex 9.218366630375385 -0.5121999979019165 2
      vertex 10.91418220102787 -0.848368838429451 2
      vertex 11.099908165633678 -0.5905072689056396 2
    endloop
  endfacet
  facet normal 0 -1 0
    outer loop
      vertex 0.6652700006961823 -0.4836999997496605 2
      vertex 0.6652700006961823 -0.4836999997496605 1.2
      vertex 1.4372859373688698 -0.4836999997496605 1.2
    endloop
  endfacet
  facet normal 0.7360214469633933 -0.6769582185112407 0
    outer loop
      vertex 1.4372859373688698 -0.4836999997496605 2
      vertex 1.4372859373688698 -0.4836999997496605 1.2
      vertex 3.1999933049082756 1.4328000023961067 1.2
    endloop
  endfacet
  facet normal -0.9079541405098485 0.4190695392545519 0
    outer loop
      vertex 0.896951749920845 1.4328000023961067 2
      vertex 0.896951749920845 1.4328000023961067 1.2
      vertex 0.09132833033800125 -0.31266000121831894 1.2
    endloop
  endfacet
  facet normal 0 1 0
    outer loop
      vertex 3.1999933049082756 1.4328000023961067 2
      vertex 3.1999933049082756 1.4328000023961067 1.2
      vertex 0.896951749920845 1.4328000023961067 1.2
    endloop
  endfacet
  facet normal 0 1 0
    outer loop
      vertex 4.982210002839565 -0.31266000121831894 2
      vertex 4.982210002839565 -0.31266000121831894 1.2
      vertex 1.6090300008654594 -0.31266000121831894 1.2
    endloop
  endfacet
  facet normal -1 0 0
    outer loop
      vertex 6.95184999704361 1.2497400045394897 2
      vertex 6.95184999704361 1.2497400045394897 1.2
      vertex 6.95184999704361 -0.5121999979019165 1.2
    endloop
  endfacet
  facet normal 0 -1 0
    outer loop
      vertex 0.6652700006961823 -0.4836999997496605 2
      vertex 1.4372859373688698 -0.4836999997496605 1.2
      vertex 1.4372859373688698 -0.4836999997496605 2
    endloop
  endfacet
  facet normal -0.9079541405098485 0.4190695392545519 0
    outer loop
      vertex 0.09132833033800125 -0.31266000121831894 2
      vertex 0.896951749920845 1.4328000023961067 2
      vertex 0.09132833033800125 -0.31266000121831894 1.2
    endloop
  endfacet
  facet normal 0 1 0
    outer loop
      vertex 1.6090300008654594 -0.31266000121831894 2
      vertex 4.982210002839565 -0.31266000121831894 2
      vertex 1.6090300008654594 -0.31266000121831894 1.2
    endloop
  endfacet
  facet normal 0 0 1
    outer loop
      vertex 0.09132833033800125 -0.31266000121831894 2
      vertex 0.6652700006961823 -0.4836999997496605 2
      vertex 0.896951749920845 1.4328000023961067 2
    endloop
  endfacet
  facet normal 0 0 1
    outer loop
      vertex 0.6652700006961823 -0.4836999997496605 2
      vertex 1.4372859373688698 -0.4836999997496605 2
      vertex 0.896951749920845 1.4328000023961067 2
    endloop
  endfacet
  facet normal 0 1 0
    outer loop
      vertex 0.896951749920845 1.4328000023961067 2
      vertex 3.1999933049082756 1.4328000023961067 2
      vertex 0.896951749920845 1.4328000023961067 1.2
    endloop
  endfacet
  facet normal 0.7360214469633933 -0.6769582185112407 0
    outer loop
      vertex 1.4372859373688698 -0.4836999997496605 2
      vertex 3.1999933049082756 1.4328000023961067 1.2
      vertex 3.1999933049082756 1.4328000023961067 2
    endloop
  endfacet
  facet normal 0 0 1
    outer loop
      vertex 1.4372859373688698 -0.4836999997496605 2
      vertex 3.1999933049082756 1.4328000023961067 2
      vertex 0.896951749920845 1.4328000023961067 2
    endloop
  endfacet
  facet normal -1 0 0
    outer loop
      vertex 6.95184999704361 -0.5121999979019165 2
      vertex 6.95184999704361 1.2497400045394897 2
      vertex 6.95184999704361 -0.5121999979019165 1.2
    endloop
  endfacet
  facet normal 0 -1 0
    outer loop
      vertex 6.95184999704361 -0.5121999979019165 2
      vertex 6.95184999704361 -0.5121999979019165 1.2
      vertex 9.218366630375385 -0.5121999979019165 1.2
    endloop
  endfacet
  facet normal 0 1 0
    outer loop
      vertex 11.561930000782013 1.2497400045394897 2
      vertex 11.561930000782013 1.2497400045394897 1.2
      vertex 6.95184999704361 1.2497400045394897 1.2
    endloop
  endfacet
  facet normal 0.7753966789012937 -0.6314744574001737 0
    outer loop
      vertex 11.099908165633678 -0.5905072689056396 2
      vertex 11.099908165633678 -0.5905072689056396 1.2
      vertex 11.281211383640766 -0.3678824082016945 1.2
    endloop
  endfacet
  facet normal 0.7290939512492018 -0.6844136251214076 0
    outer loop
      vertex 11.281211383640766 -0.3678824082016945 2
      vertex 11.281211383640766 -0.3678824082016945 1.2
      vertex 11.561930000782013 -0.0688377395272255 1.2
    endloop
  endfacet
  facet normal 1 0 0
    outer loop
      vertex 11.561930000782013 -0.0688377395272255 2
      vertex 11.561930000782013 -0.0688377395272255 1.2
      vertex 11.561930000782013 1.2497400045394897 1.2
    endloop
  endfacet
  facet normal 0 -1 0
    outer loop
      vertex 6.95184999704361 -0.5121999979019165 2
      vertex 9.218366630375385 -0.5121999979019165 1.2
      vertex 9.218366630375385 -0.5121999979019165 2
    endloop
  endfacet
  facet normal 0 0 1
    outer loop
      vertex 6.95184999704361 -0.5121999979019165 2
      vertex 9.218366630375385 -0.5121999979019165 2
      vertex 6.95184999704361 1.2497400045394897 2
    endloop
  endfacet
  facet normal 0 0 1
    outer loop
      vertex 9.218366630375385 -0.5121999979019165 2
      vertex 11.561930000782013 1.2497400045394897 2
      vertex 6.95184999704361 1.2497400045394897 2
    endloop
  endfacet
  facet normal 0 0 1
    outer loop
      vertex 9.218366630375385 -0.5121999979019165 2
      vertex 11.099908165633678 -0.5905072689056396 2
      vertex 11.281211383640766 -0.3678824082016945 2
    endloop
  endfacet
  facet normal 0 0 1
    outer loop
      vertex 9.218366630375385 -0.5121999979019165 2
      vertex 11.281211383640766 -0.3678824082016945 2
      vertex 11.561930000782013 -0.0688377395272255 2
    endloop
  endfacet
  facet normal 0 0 1
    outer loop
      vertex 9.218366630375385 -0.5121999979019165 2
      vertex 11.561930000782013 -0.0688377395272255 2
      vertex 11.561930000782013 1.2497400045394897 2
    endloop
  endfacet
  facet normal 0 1 0
    outer loop
      vertex 6.95184999704361 1.2497400045394897 2
      vertex 11.561930000782013 1.2497400045394897 2
      vertex 6.95184999704361 1.2497400045394897 1.2
    endloop
  endfacet
  facet normal 0.7753966789012937 -0.6314744574001737 0
    outer loop
      vertex 11.099908165633678 -0.5905072689056396 2
      vertex 11.281211383640766 -0.3678824082016945 1.2
      vertex 11.281211383640766 -0.3678824082016945 2
    endloop
  endfacet
  facet normal 0.7290939512492018 -0.6844136251214076 0
    outer loop
      vertex 11.281211383640766 -0.3678824082016945 2
      vertex 11.561930000782013 -0.0688377395272255 1.2
      vertex 11.561930000782013 -0.0688377395272255 2
    endloop
  endfacet
  facet normal 1 0 0
    outer loop
      vertex 11.561930000782013 -0.0688377395272255 2
      vertex 11.561930000782013 1.2497400045394897 1.2
      vertex 11.561930000782013 1.2497400045394897 2
    endloop
  endfacet
endsolid OpenSCAD_Model
