solid OpenSCAD_Model
  facet normal -0.6343932841636445 -0.7730104533627378 -8.530653689077567e-19
    outer loop
      vertex -14.405570233019603 -4.1814696123025445 0
      vertex -14.557106781186548 -4.0571067811865476 1.2
      vertex -14.557106781186548 -4.0571067811865476 0
    endloop
  endfacet
  facet normal -0.2902846772544611 -0.9569403357322092 0
    outer loop
      vertex -14.23268343236509 -4.273879532511287 0
      vertex -14.045090322016128 -4.33078528040323 0
      vertex -14.23268343236509 -4.273879532511287 1.2
    endloop
  endfacet
  facet normal -0.09801714032956085 -0.9951847266721969 0
    outer loop
      vertex -14.045090322016128 -4.33078528040323 0
      vertex -13.85 -4.35 0
      vertex -14.045090322016128 -4.33078528040323 1.2
    endloop
  endfacet
  facet normal -0.47139673682599764 -0.881921264348355 0
    outer loop
      vertex -14.405570233019603 -4.1814696123025445 0
      vertex -14.23268343236509 -4.273879532511287 0
      vertex -14.405570233019603 -4.1814696123025445 1.2
    endloop
  endfacet
  facet normal -0.7730104533627397 -0.6343932841636422 1.5526348423559025e-18
    outer loop
      vertex -14.557106781186548 -4.0571067811865476 0
      vertex -14.681469612302545 -3.905570233019602 1.2
      vertex -14.681469612302545 -3.905570233019602 0
    endloop
  endfacet
  facet normal -0.8819212643483559 -0.47139673682599603 -4.956636405845545e-18
    outer loop
      vertex -14.681469612302545 -3.905570233019602 0
      vertex -14.773879532511286 -3.7326834323650893 1.2
      vertex -14.773879532511286 -3.7326834323650893 0
    endloop
  endfacet
  facet normal -0.9569403357322077 -0.2902846772544659 2.4143463782532686e-19
    outer loop
      vertex -14.773879532511286 -3.7326834323650893 0
      vertex -14.83078528040323 -3.545090322016128 1.2
      vertex -14.83078528040323 -3.545090322016128 0
    endloop
  endfacet
  facet normal -0.9951847266721969 -0.09801714032956063 -1.408419263936858e-20
    outer loop
      vertex -14.83078528040323 -3.545090322016128 0
      vertex -14.85 -3.3499999999999996 1.2
      vertex -14.85 -3.3499999999999996 0
    endloop
  endfacet
  facet normal -0.6343932841636445 -0.7730104533627378 0
    outer loop
      vertex -14.405570233019603 -4.1814696123025445 0
      vertex -14.405570233019603 -4.1814696123025445 1.2
      vertex -14.557106781186548 -4.0571067811865476 1.2
    endloop
  endfacet
  facet normal -0.47139673682599764 -0.881921264348355 0
    outer loop
      vertex -14.23268343236509 -4.273879532511287 0
      vertex -14.23268343236509 -4.273879532511287 1.2
      vertex -14.405570233019603 -4.1814696123025445 1.2
    endloop
  endfacet
  facet normal -0.2902846772544611 -0.9569403357322092 0
    outer loop
      vertex -14.045090322016128 -4.33078528040323 0
      vertex -14.045090322016128 -4.33078528040323 1.2
      vertex -14.23268343236509 -4.273879532511287 1.2
    endloop
  endfacet
  facet normal -0.7730104533627397 -0.6343932841636422 0
    outer loop
      vertex -14.557106781186548 -4.0571067811865476 0
      vertex -14.557106781186548 -4.0571067811865476 1.2
      vertex -14.681469612302545 -3.905570233019602 1.2
    endloop
  endfacet
  facet normal -0.8819212643483559 -0.47139673682599603 0
    outer loop
      vertex -14.681469612302545 -3.905570233019602 0
      vertex -14.681469612302545 -3.905570233019602 1.2
      vertex -14.773879532511286 -3.7326834323650893 1.2
    endloop
  endfacet
  facet normal -0.09801714032956085 -0.9951847266721969 0
    outer loop
      vertex -13.85 -4.35 0
      vertex -13.85 -4.35 1.2
      vertex -14.045090322016128 -4.33078528040323 1.2
    endloop
  endfacet
  facet normal -0.9569403357322077 -0.2902846772544659 0
    outer loop
      vertex -14.773879532511286 -3.7326834323650893 0
      vertex -14.773879532511286 -3.7326834323650893 1.2
      vertex -14.83078528040323 -3.545090322016128 1.2
    endloop
  endfacet
  facet normal -0.9951847266721969 -0.09801714032956063 0
    outer loop
      vertex -14.83078528040323 -3.545090322016128 0
      vertex -14.83078528040323 -3.545090322016128 1.2
      vertex -14.85 -3.3499999999999996 1.2
    endloop
  endfacet
  facet normal 0 0 -1
    outer loop
      vertex -14.405570233019603 -4.1814696123025445 0
      vertex -14.557106781186548 -4.0571067811865476 0
      vertex -14.557106781186548 4.0571067811865476 0
    endloop
  endfacet
  facet normal 0 0 -1
    outer loop
      vertex -14.23268343236509 -4.273879532511287 0
      vertex -14.23268343236509 4.273879532511287 0
      vertex -14.045090322016128 -4.33078528040323 0
    endloop
  endfacet
  facet normal 0 0 -1
    outer loop
      vertex -14.405570233019603 -4.1814696123025445 0
      vertex -14.405570233019603 4.1814696123025445 0
      vertex -14.23268343236509 -4.273879532511287 0
    endloop
  endfacet
  facet normal 0 0 -1
    outer loop
      vertex -14.045090322016128 -4.33078528040323 0
      vertex -14.045090322016128 4.33078528040323 0
      vertex -13.85 -4.35 0
    endloop
  endfacet
  facet normal 0 0 -1
    outer loop
      vertex -14.681469612302545 -3.905570233019602 0
      vertex -14.773879532511286 -3.7326834323650893 0
      vertex -14.773879532511286 3.7326834323650893 0
    endloop
  endfacet
  facet normal 0 0 -1
    outer loop
      vertex -14.557106781186548 -4.0571067811865476 0
      vertex -14.681469612302545 -3.905570233019602 0
      vertex -14.681469612302545 3.905570233019602 0
    endloop
  endfacet
  facet normal 0 0 -1
    outer loop
      vertex -14.773879532511286 -3.7326834323650893 0
      vertex -14.83078528040323 -3.545090322016128 0
      vertex -14.83078528040323 3.545090322016128 0
    endloop
  endfacet
  facet normal 0 0 -1
    outer loop
      vertex -14.83078528040323 -3.545090322016128 0
      vertex -14.85 -3.3499999999999996 0
      vertex -14.85 3.3499999999999996 0
    endloop
  endfacet
  facet normal -1 0 0
    outer loop
      vertex -14.85 -3.3499999999999996 0
      vertex -14.85 -3.3499999999999996 1.2
      vertex -14.85 3.3499999999999996 1.2
    endloop
  endfacet
  facet normal 0 -1 0
    outer loop
      vertex -13.85 -4.35 0
      vertex 13.85 -4.35 0
      vertex -13.85 -4.35 1.2
    endloop
  endfacet
  facet normal 0 0 -1
    outer loop
      vertex -13.85 -4.35 0
      vertex -13.85 4.35 0
      vertex 13.85 -4.35 0
    endloop
  endfacet
  facet normal 0 0 1
    outer loop
      vertex -13.85 -4.35 1.2
      vertex -7.653990000486374 -3.6652799993753433 1.2
      vertex -8.858369998633862 -3.6652799993753433 1.2
    endloop
  endfacet
  facet normal 0 0 1
    outer loop
      vertex -13.85 -4.35 1.2
      vertex -5.269409999251366 -3.6652799993753433 1.2
      vertex -7.653990000486374 -3.6652799993753433 1.2
    endloop
  endfacet
  facet normal 0 0 1
    outer loop
      vertex -13.85 -4.35 1.2
      vertex -4.126050002872944 -3.6652799993753433 1.2
      vertex -5.269409999251366 -3.6652799993753433 1.2
    endloop
  endfacet
  facet normal 0 0 1
    outer loop
      vertex -13.85 -4.35 1.2
      vertex -8.858369998633862 -3.6652799993753433 1.2
      vertex -10.628250002861023 1.2904800027608871 1.2
    endloop
  endfacet
  facet normal 0 0 1
    outer loop
      vertex -14.405570233019603 -4.1814696123025445 1.2
      vertex -14.557106781186548 4.0571067811865476 1.2
      vertex -14.557106781186548 -4.0571067811865476 1.2
    endloop
  endfacet
  facet normal 0 0 1
    outer loop
      vertex -14.23268343236509 -4.273879532511287 1.2
      vertex -14.045090322016128 -4.33078528040323 1.2
      vertex -14.23268343236509 4.273879532511287 1.2
    endloop
  endfacet
  facet normal 0 0 1
    outer loop
      vertex -14.405570233019603 -4.1814696123025445 1.2
      vertex -14.23268343236509 -4.273879532511287 1.2
      vertex -14.405570233019603 4.1814696123025445 1.2
    endloop
  endfacet
  facet normal 0 0 1
    outer loop
      vertex -14.045090322016128 -4.33078528040323 1.2
      vertex -13.85 -4.35 1.2
      vertex -14.045090322016128 4.33078528040323 1.2
    endloop
  endfacet
  facet normal 0 0 1
    outer loop
      vertex -14.681469612302545 -3.905570233019602 1.2
      vertex -14.773879532511286 3.7326834323650893 1.2
      vertex -14.773879532511286 -3.7326834323650893 1.2
    endloop
  endfacet
  facet normal 0 0 1
    outer loop
      vertex -14.557106781186548 -4.0571067811865476 1.2
      vertex -14.681469612302545 3.905570233019602 1.2
      vertex -14.681469612302545 -3.905570233019602 1.2
    endloop
  endfacet
  facet normal 0 0 1
    outer loop
      vertex -14.773879532511286 -3.7326834323650893 1.2
      vertex -14.83078528040323 3.545090322016128 1.2
      vertex -14.83078528040323 -3.545090322016128 1.2
    endloop
  endfacet
  facet normal 0 0 1
    outer loop
      vertex -14.83078528040323 -3.545090322016128 1.2
      vertex -14.85 3.3499999999999996 1.2
      vertex -14.85 -3.3499999999999996 1.2
    endloop
  endfacet
  facet normal 0 0 1
    outer loop
      vertex -13.85 -4.35 1.2
      vertex -10.628250002861023 1.2904800027608871 1.2
      vertex -10.628250002861023 2.2995000034570694 1.2
    endloop
  endfacet
  facet normal 0 0 1
    outer loop
      vertex -8.858369998633862 -3.6652799993753433 1.2
      vertex -8.858369998633862 1.2904800027608871 1.2
      vertex -10.628250002861023 1.2904800027608871 1.2
    endloop
  endfacet
  facet normal 0 0 1
    outer loop
      vertex -13.85 -4.35 1.2
      vertex -1.6197300031781197 -3.7334999963641167 1.2
      vertex -4.126050002872944 -3.6652799993753433 1.2
    endloop
  endfacet
  facet normal 0 0 1
    outer loop
      vertex -13.85 -4.35 1.2
      vertex -1.1923500001430511 -3.7629600018262863 1.2
      vertex -1.6197300031781197 -3.7334999963641167 1.2
    endloop
  endfacet
  facet normal 0 0 1
    outer loop
      vertex -13.85 -4.35 1.2
      vertex 2.852250002324581 -3.7629600018262863 1.2
      vertex -1.1923500001430511 -3.7629600018262863 1.2
    endloop
  endfacet
  facet normal 0 0 1
    outer loop
      vertex -7.653990000486374 -3.6652799993753433 1.2
      vertex -5.269409999251366 -3.6652799993753433 1.2
      vertex -5.269409999251366 0.65574000030756 1.2
    endloop
  endfacet
  facet normal 0 0 1
    outer loop
      vertex -13.85 -4.35 1.2
      vertex 3.0498348027467728 -3.756122402846813 1.2
      vertex 2.852250002324581 -3.7629600018262863 1.2
    endloop
  endfacet
  facet normal 0 0 1
    outer loop
      vertex -4.126050002872944 -3.6652799993753433 1.2
      vertex -2.000238001346588 -3.6451200023293495 1.2
      vertex -2.333874002099037 -3.497819997370243 1.2
    endloop
  endfacet
  facet normal 0 0 1
    outer loop
      vertex -4.126050002872944 -3.6652799993753433 1.2
      vertex -2.333874002099037 -3.497819997370243 1.2
      vertex -2.620637997984886 -3.2915999963879585 1.2
    endloop
  endfacet
  facet normal 0 0 1
    outer loop
      vertex -4.126050002872944 -3.6652799993753433 1.2
      vertex -2.620637997984886 -3.2915999963879585 1.2
      vertex -2.8605299964547157 -3.026459999382496 1.2
    endloop
  endfacet
  facet normal 0 0 1
    outer loop
      vertex -4.126050002872944 -3.6652799993753433 1.2
      vertex -1.6197300031781197 -3.7334999963641167 1.2
      vertex -2.000238001346588 -3.6451200023293495 1.2
    endloop
  endfacet
  facet normal 0 0 1
    outer loop
      vertex -13.85 -4.35 1.2
      vertex 7.5751380026340485 -3.599277600646019 1.2
      vertex 3.0498348027467728 -3.756122402846813 1.2
    endloop
  endfacet
  facet normal 0 0 1
    outer loop
      vertex -4.126050002872944 -3.6652799993753433 1.2
      vertex -2.8605299964547157 -3.026459999382496 1.2
      vertex -3.0143219977617264 -2.7781200036406517 1.2
    endloop
  endfacet
  facet normal 0 0 1
    outer loop
      vertex -4.126050002872944 -3.6652799993753433 1.2
      vertex -3.0143219977617264 -2.7781200036406517 1.2
      vertex -3.1339379996061325 -2.5050359964370728 1.2
    endloop
  endfacet
  facet normal 0 0 1
    outer loop
      vertex -4.126050002872944 -3.6652799993753433 1.2
      vertex -3.1339379996061325 -2.5050359964370728 1.2
      vertex -3.219378001987934 -2.207208000123501 1.2
    endloop
  endfacet
  facet normal 0 0 1
    outer loop
      vertex -4.126050002872944 -3.6652799993753433 1.2
      vertex -3.219378001987934 -2.207208000123501 1.2
      vertex -3.2706419974565506 -1.8846359997987747 1.2
    endloop
  endfacet
  facet normal 0 0 1
    outer loop
      vertex -1.3327739983797073 -2.8971887975931168 1.2
      vertex -1.8392700031399727 -2.625720001757145 1.2
      vertex -1.7282700017094612 -2.727520801126957 1.2
    endloop
  endfacet
  facet normal 0 0 1
    outer loop
      vertex -1.4750220030546188 -2.863255202770233 1.2
      vertex -1.3327739983797073 -2.8971887975931168 1.2
      vertex -1.7282700017094612 -2.727520801126957 1.2
    endloop
  endfacet
  facet normal 0 0 1
    outer loop
      vertex -1.606853999197483 -2.806699201464653 1.2
      vertex -1.4750220030546188 -2.863255202770233 1.2
      vertex -1.7282700017094612 -2.727520801126957 1.2
    endloop
  endfacet
  facet normal 0 0 1
    outer loop
      vertex -1.3327739983797073 -2.8971887975931168 1.2
      vertex -1.1801100000739098 -2.908500000834465 1.2
      vertex -1.8392700031399727 -2.625720001757145 1.2
    endloop
  endfacet
  facet normal 0 0 1
    outer loop
      vertex -1.1801100000739098 -2.908500000834465 1.2
      vertex -1.076127603650093 -2.9026416018605232 1.2
      vertex -1.934969998896122 -2.503574401140213 1.2
    endloop
  endfacet
  facet normal 0 0 1
    outer loop
      vertex -1.076127603650093 -2.9026416018605232 1.2
      vertex -0.9789803996682167 -2.885066397488117 1.2
      vertex -1.934969998896122 -2.503574401140213 1.2
    endloop
  endfacet
  facet normal 0 0 1
    outer loop
      vertex -0.9789803996682167 -2.885066397488117 1.2
      vertex -0.8886684030294418 -2.855774402618408 1.2
      vertex -1.934969998896122 -2.503574401140213 1.2
    endloop
  endfacet
  facet normal 0 0 1
    outer loop
      vertex -0.8886684030294418 -2.855774402618408 1.2
      vertex -0.8051915988326073 -2.814765602350235 1.2
      vertex -1.934969998896122 -2.503574401140213 1.2
    endloop
  endfacet
  facet normal 0 0 1
    outer loop
      vertex -1.1801100000739098 -2.908500000834465 1.2
      vertex -1.934969998896122 -2.503574401140213 1.2
      vertex -1.8392700031399727 -2.625720001757145 1.2
    endloop
  endfacet
  facet normal 0 0 1
    outer loop
      vertex -1.934969998896122 -2.503574401140213 1.2
      vertex -0.8051915988326073 -2.814765602350235 1.2
      vertex -0.7285500019788742 -2.7620399966835976 1.2
    endloop
  endfacet
  facet normal 0 0 1
    outer loop
      vertex -1.934969998896122 -2.503574401140213 1.2
      vertex -0.7285500019788742 -2.7620399966835976 1.2
      vertex -0.6588827967643738 -2.696272797882557 1.2
    endloop
  endfacet
  facet normal 0 0 1
    outer loop
      vertex -1.934969998896122 -2.503574401140213 1.2
      vertex -0.6588827967643738 -2.696272797882557 1.2
      vertex -0.5963772013783455 -2.616187199950218 1.2
    endloop
  endfacet
  facet normal 0 0 1
    outer loop
      vertex -1.934969998896122 -2.503574401140213 1.2
      vertex -0.5963772013783455 -2.616187199950218 1.2
      vertex -0.5410332009196281 -2.5217832028865814 1.2
    endloop
  endfacet
  facet normal 0 0 1
    outer loop
      vertex -1.934969998896122 -2.503574401140213 1.2
      vertex -0.5410332009196281 -2.5217832028865814 1.2
      vertex -0.49285080283880234 -2.413060799241066 1.2
    endloop
  endfacet
  facet normal 0 0 1
    outer loop
      vertex -1.934969998896122 -2.503574401140213 1.2
      vertex -0.49285080283880234 -2.413060799241066 1.2
      vertex -0.4518299996852875 -2.2900199964642525 1.2
    endloop
  endfacet
  facet normal 0 0 1
    outer loop
      vertex -1.934969998896122 -2.503574401140213 1.2
      vertex 0.7484700009226799 -1.8343200013041496 1.2
      vertex -2.0104859992861748 -2.3633615970611572 1.2
    endloop
  endfacet
  facet normal 0 0 1
    outer loop
      vertex -1.934969998896122 -2.503574401140213 1.2
      vertex -0.4518299996852875 -2.2900199964642525 1.2
      vertex 0.7484700009226799 -1.8343200013041496 1.2
    endloop
  endfacet
  facet normal 0 0 1
    outer loop
      vertex -4.126050002872944 -3.6652799993753433 1.2
      vertex -3.2706419974565506 -1.8846359997987747 1.2
      vertex -4.126050002872944 0.65574000030756 1.2
    endloop
  endfacet
  facet normal 0 0 1
    outer loop
      vertex -7.653990000486374 -3.6652799993753433 1.2
      vertex -5.269409999251366 0.65574000030756 1.2
      vertex -5.269409999251366 1.2416400015354156 1.2
    endloop
  endfacet
  facet normal 0 0 1
    outer loop
      vertex -7.653990000486374 -3.6652799993753433 1.2
      vertex -5.888190001249313 1.2904800027608871 1.2
      vertex -7.653990000486374 1.2904800027608871 1.2
    endloop
  endfacet
  facet normal 0 0 1
    outer loop
      vertex -7.653990000486374 -3.6652799993753433 1.2
      vertex -5.269409999251366 1.2416400015354156 1.2
      vertex -5.888190001249313 1.2904800027608871 1.2
    endloop
  endfacet
  facet normal 0 0 1
    outer loop
      vertex -2.0104859992861748 -2.3633615970611572 1.2
      vertex 0.7484700009226799 -1.8343200013041496 1.2
      vertex -2.0658179968595505 -2.205081596970558 1.2
    endloop
  endfacet
  facet normal 0 0 1
    outer loop
      vertex -2.1009659990668297 -2.028734400868416 1.2
      vertex -2.0658179968595505 -2.205081596970558 1.2
      vertex 0.7484700009226799 -1.8343200013041496 1.2
    endloop
  endfacet
  facet normal 0 0 1
    outer loop
      vertex -2.1009659990668297 -2.028734400868416 1.2
      vertex 0.7484700009226799 -1.8343200013041496 1.2
      vertex -2.115929998457432 -1.8343200013041496 1.2
    endloop
  endfacet
  facet normal 0 0 1
    outer loop
      vertex -3.2706419974565506 -1.8846359997987747 1.2
      vertex -3.287730000913143 -1.537320002913475 1.2
      vertex -4.126050002872944 0.65574000030756 1.2
    endloop
  endfacet
  facet normal 0 0 1
    outer loop
      vertex -3.287730000913143 -1.537320002913475 1.2
      vertex -3.2652707993984222 -1.126305602490902 1.2
      vertex -4.126050002872944 0.65574000030756 1.2
    endloop
  endfacet
  facet normal 0 0 1
    outer loop
      vertex -3.2652707993984222 -1.126305602490902 1.2
      vertex -3.19789320230484 -0.7525584027171135 1.2
      vertex -4.126050002872944 1.2416400015354156 1.2
    endloop
  endfacet
  facet normal 0 0 1
    outer loop
      vertex -2.0872932001948357 -0.955178402364254 1.2
      vertex -2.095590002834797 -1.1345399990677834 1.2
      vertex -0.4008803963661194 -0.9454872012138367 1.2
    endloop
  endfacet
  facet normal 0 0 1
    outer loop
      vertex -2.0872932001948357 -0.955178402364254 1.2
      vertex -0.4008803963661194 -0.9454872012138367 1.2
      vertex -2.059138797223568 -0.7914455980062485 1.2
    endloop
  endfacet
  facet normal 0 0 1
    outer loop
      vertex -2.095590002834797 -1.1345399990677834 1.2
      vertex -0.38673000037670135 -1.1345399990677834 1.2
      vertex -0.4008803963661194 -0.9454872012138367 1.2
    endloop
  endfacet
  facet normal 0 0 1
    outer loop
      vertex -2.059138797223568 -0.7914455980062485 1.2
      vertex -0.4008803963661194 -0.9454872012138367 1.2
      vertex -2.0111268013715744 -0.643341600894928 1.2
    endloop
  endfacet
  facet normal 0 0 1
    outer loop
      vertex -2.0111268013715744 -0.643341600894928 1.2
      vertex -0.4008803963661194 -0.9454872012138367 1.2
      vertex -1.9432571977376938 -0.5108664035797119 1.2
    endloop
  endfacet
  facet normal 0 0 1
    outer loop
      vertex -1.9432571977376938 -0.5108664035797119 1.2
      vertex -0.4008803963661194 -0.9454872012138367 1.2
      vertex -1.8555300012230873 -0.3940199986100197 1.2
    endloop
  endfacet
  facet normal 0 0 1
    outer loop
      vertex -1.8555300012230873 -0.3940199986100197 1.2
      vertex -0.4008803963661194 -0.9454872012138367 1.2
      vertex -0.43358760327100754 -0.7754807993769646 1.2
    endloop
  endfacet
  facet normal 0 0 1
    outer loop
      vertex -1.8555300012230873 -0.3940199986100197 1.2
      vertex -0.43358760327100754 -0.7754807993769646 1.2
      vertex -1.7526684030890465 -0.2958695963025093 1.2
    endloop
  endfacet
  facet normal 0 0 1
    outer loop
      vertex -1.7526684030890465 -0.2958695963025093 1.2
      vertex -0.43358760327100754 -0.7754807993769646 1.2
      vertex -1.6393956020474434 -0.2195304036140442 1.2
    endloop
  endfacet
  facet normal 0 0 1
    outer loop
      vertex -1.6393956020474434 -0.2195304036140442 1.2
      vertex -0.43358760327100754 -0.7754807993769646 1.2
      vertex -1.515711598098278 -0.16500239819288254 1.2
    endloop
  endfacet
  facet normal 0 0 1
    outer loop
      vertex -1.515711598098278 -0.16500239819288254 1.2
      vertex -0.484851598739624 -0.6245208010077477 1.2
      vertex -1.381616398692131 -0.13228560239076614 1.2
    endloop
  endfacet
  facet normal 0 0 1
    outer loop
      vertex -1.381616398692131 -0.13228560239076614 1.2
      vertex -0.55467239767313 -0.4926071986556053 1.2
      vertex -1.2371099963784218 -0.12138000130653381 1.2
    endloop
  endfacet
  facet normal 0 0 1
    outer loop
      vertex -0.7449371963739395 -0.28673040121793747 1.2
      vertex -1.101373203098774 -0.13171440362930298 1.2
      vertex -1.2371099963784218 -0.12138000130653381 1.2
    endloop
  endfacet
  facet normal 0 0 1
    outer loop
      vertex -1.101373203098774 -0.13171440362930298 1.2
      vertex -0.8552867993712425 -0.2143895998597145 1.2
      vertex -0.974098801612854 -0.16271760314702988 1.2
    endloop
  endfacet
  facet normal 0 0 1
    outer loop
      vertex -1.515711598098278 -0.16500239819288254 1.2
      vertex -0.43358760327100754 -0.7754807993769646 1.2
      vertex -0.484851598739624 -0.6245208010077477 1.2
    endloop
  endfacet
  facet normal 0 0 1
    outer loop
      vertex -1.381616398692131 -0.13228560239076614 1.2
      vertex -0.484851598739624 -0.6245208010077477 1.2
      vertex -0.55467239767313 -0.4926071986556053 1.2
    endloop
  endfacet
  facet normal 0 0 1
    outer loop
      vertex -1.2371099963784218 -0.12138000130653381 1.2
      vertex -0.55467239767313 -0.4926071986556053 1.2
      vertex -0.6430500000715256 -0.37973999977111816 1.2
    endloop
  endfacet
  facet normal 0 0 1
    outer loop
      vertex -0.7449371963739395 -0.28673040121793747 1.2
      vertex -1.2371099963784218 -0.12138000130653381 1.2
      vertex -0.6430500000715256 -0.37973999977111816 1.2
    endloop
  endfacet
  facet normal 0 0 1
    outer loop
      vertex -0.7449371963739395 -0.28673040121793747 1.2
      vertex -0.8552867993712425 -0.2143895998597145 1.2
      vertex -1.101373203098774 -0.13171440362930298 1.2
    endloop
  endfacet
  facet normal 0 0 -1
    outer loop
      vertex -14.83078528040323 -3.545090322016128 0
      vertex -14.85 3.3499999999999996 0
      vertex -14.83078528040323 3.545090322016128 0
    endloop
  endfacet
  facet normal 0 0 -1
    outer loop
      vertex -14.773879532511286 -3.7326834323650893 0
      vertex -14.83078528040323 3.545090322016128 0
      vertex -14.773879532511286 3.7326834323650893 0
    endloop
  endfacet
  facet normal 0 0 -1
    outer loop
      vertex -14.681469612302545 -3.905570233019602 0
      vertex -14.773879532511286 3.7326834323650893 0
      vertex -14.681469612302545 3.905570233019602 0
    endloop
  endfacet
  facet normal 0 0 -1
    outer loop
      vertex -14.557106781186548 -4.0571067811865476 0
      vertex -14.681469612302545 3.905570233019602 0
      vertex -14.557106781186548 4.0571067811865476 0
    endloop
  endfacet
  facet normal 0 0 -1
    outer loop
      vertex -14.405570233019603 -4.1814696123025445 0
      vertex -14.557106781186548 4.0571067811865476 0
      vertex -14.405570233019603 4.1814696123025445 0
    endloop
  endfacet
  facet normal 0 0 -1
    outer loop
      vertex -14.23268343236509 -4.273879532511287 0
      vertex -14.405570233019603 4.1814696123025445 0
      vertex -14.23268343236509 4.273879532511287 0
    endloop
  endfacet
  facet normal 0 0 -1
    outer loop
      vertex -14.045090322016128 -4.33078528040323 0
      vertex -14.23268343236509 4.273879532511287 0
      vertex -14.045090322016128 4.33078528040323 0
    endloop
  endfacet
  facet normal 0 0 -1
    outer loop
      vertex -13.85 -4.35 0
      vertex -14.045090322016128 4.33078528040323 0
      vertex -13.85 4.35 0
    endloop
  endfacet
  facet normal -1 0 0
    outer loop
      vertex -14.85 -3.3499999999999996 0
      vertex -14.85 3.3499999999999996 1.2
      vertex -14.85 3.3499999999999996 0
    endloop
  endfacet
  facet normal -0.9951847266721969 0.09801714032956063 1.408419263936858e-20
    outer loop
      vertex -14.85 3.3499999999999996 0
      vertex -14.83078528040323 3.545090322016128 1.2
      vertex -14.83078528040323 3.545090322016128 0
    endloop
  endfacet
  facet normal -0.9569403357322077 0.2902846772544659 -2.4143463782532686e-19
    outer loop
      vertex -14.83078528040323 3.545090322016128 0
      vertex -14.773879532511286 3.7326834323650893 1.2
      vertex -14.773879532511286 3.7326834323650893 0
    endloop
  endfacet
  facet normal -0.8819212643483559 0.47139673682599603 4.956636405845545e-18
    outer loop
      vertex -14.773879532511286 3.7326834323650893 0
      vertex -14.681469612302545 3.905570233019602 1.2
      vertex -14.681469612302545 3.905570233019602 0
    endloop
  endfacet
  facet normal -0.7730104533627397 0.6343932841636422 -1.5526348423559025e-18
    outer loop
      vertex -14.681469612302545 3.905570233019602 0
      vertex -14.557106781186548 4.0571067811865476 1.2
      vertex -14.557106781186548 4.0571067811865476 0
    endloop
  endfacet
  facet normal -0.6343932841636445 0.7730104533627378 8.530653689077567e-19
    outer loop
      vertex -14.557106781186548 4.0571067811865476 0
      vertex -14.405570233019603 4.1814696123025445 1.2
      vertex -14.405570233019603 4.1814696123025445 0
    endloop
  endfacet
  facet normal -0.47139673682599764 0.881921264348355 3.7171829289897885e-18
    outer loop
      vertex -14.405570233019603 4.1814696123025445 0
      vertex -14.23268343236509 4.273879532511287 1.2
      vertex -14.23268343236509 4.273879532511287 0
    endloop
  endfacet
  facet normal -0.2902846772544611 0.9569403357322092 3.594634866415353e-18
    outer loop
      vertex -14.23268343236509 4.273879532511287 0
      vertex -14.045090322016128 4.33078528040323 1.2
      vertex -14.045090322016128 4.33078528040323 0
    endloop
  endfacet
  facet normal -0.09801714032956085 0.9951847266721969 6.116316224030831e-19
    outer loop
      vertex -14.045090322016128 4.33078528040323 0
      vertex -13.85 4.35 1.2
      vertex -13.85 4.35 0
    endloop
  endfacet
  facet normal -0.9951847266721969 0.09801714032956063 0
    outer loop
      vertex -14.85 3.3499999999999996 0
      vertex -14.85 3.3499999999999996 1.2
      vertex -14.83078528040323 3.545090322016128 1.2
    endloop
  endfacet
  facet normal -0.9569403357322077 0.2902846772544659 0
    outer loop
      vertex -14.83078528040323 3.545090322016128 0
      vertex -14.83078528040323 3.545090322016128 1.2
      vertex -14.773879532511286 3.7326834323650893 1.2
    endloop
  endfacet
  facet normal -0.8819212643483559 0.47139673682599603 0
    outer loop
      vertex -14.773879532511286 3.7326834323650893 0
      vertex -14.773879532511286 3.7326834323650893 1.2
      vertex -14.681469612302545 3.905570233019602 1.2
    endloop
  endfacet
  facet normal -0.7730104533627397 0.6343932841636422 0
    outer loop
      vertex -14.681469612302545 3.905570233019602 0
      vertex -14.681469612302545 3.905570233019602 1.2
      vertex -14.557106781186548 4.0571067811865476 1.2
    endloop
  endfacet
  facet normal -0.6343932841636445 0.7730104533627378 0
    outer loop
      vertex -14.557106781186548 4.0571067811865476 0
      vertex -14.557106781186548 4.0571067811865476 1.2
      vertex -14.405570233019603 4.1814696123025445 1.2
    endloop
  endfacet
  facet normal -0.47139673682599764 0.881921264348355 0
    outer loop
      vertex -14.405570233019603 4.1814696123025445 0
      vertex -14.405570233019603 4.1814696123025445 1.2
      vertex -14.23268343236509 4.273879532511287 1.2
    endloop
  endfacet
  facet normal -0.2902846772544611 0.9569403357322092 0
    outer loop
      vertex -14.23268343236509 4.273879532511287 0
      vertex -14.23268343236509 4.273879532511287 1.2
      vertex -14.045090322016128 4.33078528040323 1.2
    endloop
  endfacet
  facet normal -0.09801714032956085 0.9951847266721969 0
    outer loop
      vertex -14.045090322016128 4.33078528040323 0
      vertex -14.045090322016128 4.33078528040323 1.2
      vertex -13.85 4.35 1.2
    endloop
  endfacet
  facet normal 0 1 0
    outer loop
      vertex -13.85 4.35 0
      vertex -13.85 4.35 1.2
      vertex 13.85 4.35 1.2
    endloop
  endfacet
  facet normal 0 0 1
    outer loop
      vertex -13.85 -4.35 1.2
      vertex -10.628250002861023 2.2995000034570694 1.2
      vertex -13.85 4.35 1.2
    endloop
  endfacet
  facet normal 0 0 1
    outer loop
      vertex -14.83078528040323 -3.545090322016128 1.2
      vertex -14.83078528040323 3.545090322016128 1.2
      vertex -14.85 3.3499999999999996 1.2
    endloop
  endfacet
  facet normal 0 0 1
    outer loop
      vertex -14.773879532511286 -3.7326834323650893 1.2
      vertex -14.773879532511286 3.7326834323650893 1.2
      vertex -14.83078528040323 3.545090322016128 1.2
    endloop
  endfacet
  facet normal 0 0 1
    outer loop
      vertex -14.681469612302545 -3.905570233019602 1.2
      vertex -14.681469612302545 3.905570233019602 1.2
      vertex -14.773879532511286 3.7326834323650893 1.2
    endloop
  endfacet
  facet normal 0 0 1
    outer loop
      vertex -14.557106781186548 -4.0571067811865476 1.2
      vertex -14.557106781186548 4.0571067811865476 1.2
      vertex -14.681469612302545 3.905570233019602 1.2
    endloop
  endfacet
  facet normal 0 0 1
    outer loop
      vertex -14.405570233019603 -4.1814696123025445 1.2
      vertex -14.405570233019603 4.1814696123025445 1.2
      vertex -14.557106781186548 4.0571067811865476 1.2
    endloop
  endfacet
  facet normal 0 0 1
    outer loop
      vertex -14.23268343236509 -4.273879532511287 1.2
      vertex -14.23268343236509 4.273879532511287 1.2
      vertex -14.405570233019603 4.1814696123025445 1.2
    endloop
  endfacet
  facet normal 0 0 1
    outer loop
      vertex -14.045090322016128 -4.33078528040323 1.2
      vertex -14.045090322016128 4.33078528040323 1.2
      vertex -14.23268343236509 4.273879532511287 1.2
    endloop
  endfacet
  facet normal 0 0 1
    outer loop
      vertex -13.85 -4.35 1.2
      vertex -13.85 4.35 1.2
      vertex -14.045090322016128 4.33078528040323 1.2
    endloop
  endfacet
  facet normal 0 0 1
    outer loop
      vertex -13.85 4.35 1.2
      vertex -10.628250002861023 2.2995000034570694 1.2
      vertex -5.888190001249313 2.2995000034570694 1.2
    endloop
  endfacet
  facet normal 0 0 1
    outer loop
      vertex -3.2652707993984222 -1.126305602490902 1.2
      vertex -4.126050002872944 1.2416400015354156 1.2
      vertex -4.126050002872944 0.65574000030756 1.2
    endloop
  endfacet
  facet normal 0 0 1
    outer loop
      vertex -5.269409999251366 0.65574000030756 1.2
      vertex -4.126050002872944 1.2416400015354156 1.2
      vertex -5.269409999251366 1.2416400015354156 1.2
    endloop
  endfacet
  facet normal 0 0 1
    outer loop
      vertex -4.126050002872944 0.65574000030756 1.2
      vertex -4.126050002872944 1.2416400015354156 1.2
      vertex -5.269409999251366 0.65574000030756 1.2
    endloop
  endfacet
  facet normal 0 0 1
    outer loop
      vertex -5.888190001249313 1.2904800027608871 1.2
      vertex -5.269409999251366 2.2995000034570694 1.2
      vertex -5.888190001249313 2.2995000034570694 1.2
    endloop
  endfacet
  facet normal 0 0 1
    outer loop
      vertex -5.269409999251366 2.2995000034570694 1.2
      vertex -5.888190001249313 1.2904800027608871 1.2
      vertex -5.269409999251366 1.2416400015354156 1.2
    endloop
  endfacet
  facet normal 0 0 1
    outer loop
      vertex -3.19789320230484 -0.7525584027171135 1.2
      vertex -3.085597202181816 -0.4160784035921097 1.2
      vertex -4.126050002872944 1.2416400015354156 1.2
    endloop
  endfacet
  facet normal 0 0 1
    outer loop
      vertex -3.085597202181816 -0.4160784035921097 1.2
      vertex -2.9283827990293503 -0.1168655976653099 1.2
      vertex -4.126050002872944 1.2416400015354156 1.2
    endloop
  endfacet
  facet normal 0 0 1
    outer loop
      vertex -2.9283827990293503 -0.1168655976653099 1.2
      vertex -2.7262500002980232 0.14508000016212463 1.2
      vertex -4.126050002872944 1.2416400015354156 1.2
    endloop
  endfacet
  facet normal 0 0 1
    outer loop
      vertex -4.126050002872944 1.2416400015354156 1.2
      vertex -2.7262500002980232 0.14508000016212463 1.2
      vertex -2.489775598049164 0.36406079679727554 1.2
    endloop
  endfacet
  facet normal 0 0 1
    outer loop
      vertex -4.126050002872944 1.2416400015354156 1.2
      vertex -2.489775598049164 0.36406079679727554 1.2
      vertex -2.229536399245262 0.5343791991472244 1.2
    endloop
  endfacet
  facet normal 0 0 1
    outer loop
      vertex -4.126050002872944 1.2416400015354156 1.2
      vertex -1.9455323964357376 0.6560351997613907 1.2
      vertex -2.6448900029063225 1.2009600028395653 1.2
    endloop
  endfacet
  facet normal 0 0 1
    outer loop
      vertex -4.126050002872944 1.2416400015354156 1.2
      vertex -2.229536399245262 0.5343791991472244 1.2
      vertex -1.9455323964357376 0.6560351997613907 1.2
    endloop
  endfacet
  facet normal 0 0 1
    outer loop
      vertex -1.9455323964357376 0.6560351997613907 1.2
      vertex -1.7212499976158142 1.2009600028395653 1.2
      vertex -2.6448900029063225 1.2009600028395653 1.2
    endloop
  endfacet
  facet normal 0 0 1
    outer loop
      vertex -1.9455323964357376 0.6560351997613907 1.2
      vertex -1.6377635970711708 0.7290287986397743 1.2
      vertex -1.7212499976158142 1.2009600028395653 1.2
    endloop
  endfacet
  facet normal 0 0 1
    outer loop
      vertex -1.6377635970711708 0.7290287986397743 1.2
      vertex -1.3062300011515617 0.7533600032329559 1.2
      vertex -1.7212499976158142 1.2009600028395653 1.2
    endloop
  endfacet
  facet normal 0 0 1
    outer loop
      vertex -1.3062300011515617 0.7533600032329559 1.2
      vertex -0.9368003979325294 0.7278888002038002 1.2
      vertex -0.8098499998450279 1.2009600028395653 1.2
    endloop
  endfacet
  facet normal 0 0 1
    outer loop
      vertex -1.3062300011515617 0.7533600032329559 1.2
      vertex -0.8098499998450279 1.2009600028395653 1.2
      vertex -1.7212499976158142 1.2009600028395653 1.2
    endloop
  endfacet
  facet normal 0 0 1
    outer loop
      vertex -0.29558759927749634 0.5241191983222961 1.2
      vertex 0.10971000045537949 1.2009600028395653 1.2
      vertex -0.5999196022748947 0.6514751985669136 1.2
    endloop
  endfacet
  facet normal 0 0 1
    outer loop
      vertex -0.29558759927749634 0.5241191983222961 1.2
      vertex -0.023804396390914917 0.3458207994699478 1.2
      vertex 0.10971000045537949 1.2009600028395653 1.2
    endloop
  endfacet
  facet normal 0 0 1
    outer loop
      vertex -0.9368003979325294 0.7278888002038002 1.2
      vertex -0.5999196022748947 0.6514751985669136 1.2
      vertex -0.8098499998450279 1.2009600028395653 1.2
    endloop
  endfacet
  facet normal 0 0 1
    outer loop
      vertex -0.5999196022748947 0.6514751985669136 1.2
      vertex 0.10971000045537949 1.2009600028395653 1.2
      vertex -0.8098499998450279 1.2009600028395653 1.2
    endloop
  endfacet
  facet normal 0 0 1
    outer loop
      vertex -4.126050002872944 1.2416400015354156 1.2
      vertex -2.6448900029063225 1.2009600028395653 1.2
      vertex -4.126050002872944 2.2995000034570694 1.2
    endloop
  endfacet
  facet normal 0 0 1
    outer loop
      vertex -4.126050002872944 2.2995000034570694 1.2
      vertex -2.6448900029063225 1.2009600028395653 1.2
      vertex -1.7904300019145012 2.401199996471405 1.2
    endloop
  endfacet
  facet normal 0 0 1
    outer loop
      vertex -1.7212499976158142 1.2009600028395653 1.2
      vertex -0.8098499998450279 1.2009600028395653 1.2
      vertex -1.281810000538826 1.8071999996900558 1.2
    endloop
  endfacet
  facet normal 0 0 1
    outer loop
      vertex -5.888190001249313 2.2995000034570694 1.2
      vertex -5.269409999251366 2.2995000034570694 1.2
      vertex -1.281870000064373 3.7682999968528748 1.2
    endloop
  endfacet
  facet normal 0 0 1
    outer loop
      vertex -13.85 4.35 1.2
      vertex -5.888190001249313 2.2995000034570694 1.2
      vertex -1.281870000064373 3.7682999968528748 1.2
    endloop
  endfacet
  facet normal 0 0 1
    outer loop
      vertex -13.85 4.35 1.2
      vertex -1.281870000064373 3.7682999968528748 1.2
      vertex -0.00021000206470489502 3.7682999968528748 1.2
    endloop
  endfacet
  facet normal 0 0 1
    outer loop
      vertex -4.126050002872944 2.2995000034570694 1.2
      vertex -1.7904300019145012 2.401199996471405 1.2
      vertex -1.8067499995231628 2.6209200024604797 1.2
    endloop
  endfacet
  facet normal 0 0 1
    outer loop
      vertex -4.126050002872944 2.2995000034570694 1.2
      vertex -1.281870000064373 3.7682999968528748 1.2
      vertex -5.269409999251366 2.2995000034570694 1.2
    endloop
  endfacet
  facet normal 0 0 1
    outer loop
      vertex -4.126050002872944 2.2995000034570694 1.2
      vertex -1.8067499995231628 2.6209200024604797 1.2
      vertex -1.281870000064373 3.7682999968528748 1.2
    endloop
  endfacet
  facet normal 0 0 1
    outer loop
      vertex -1.0824899971485138 2.6209200024604797 1.2
      vertex -1.8067499995231628 2.6209200024604797 1.2
      vertex -1.7904300019145012 2.401199996471405 1.2
    endloop
  endfacet
  facet normal 0 0 1
    outer loop
      vertex -0.7325699999928474 2.401199996471405 1.2
      vertex -1.0824899971485138 2.6209200024604797 1.2
      vertex -1.7904300019145012 2.401199996471405 1.2
    endloop
  endfacet
  facet normal 0 0 1
    outer loop
      vertex -0.7325699999928474 2.401199996471405 1.2
      vertex -0.00021000206470489502 3.7682999968528748 1.2
      vertex -1.0824899971485138 2.6209200024604797 1.2
    endloop
  endfacet
  facet normal 0 0 1
    outer loop
      vertex -13.85 4.35 1.2
      vertex -0.00021000206470489502 3.7682999968528748 1.2
      vertex 13.85 4.35 1.2
    endloop
  endfacet
  facet normal 0 -1 0
    outer loop
      vertex -13.85 -4.35 1.2
      vertex 13.85 -4.35 0
      vertex 13.85 -4.35 1.2
    endloop
  endfacet
  facet normal 0.09801714032956085 -0.9951847266721969 0
    outer loop
      vertex 13.85 -4.35 0
      vertex 14.045090322016128 -4.33078528040323 0
      vertex 13.85 -4.35 1.2
    endloop
  endfacet
  facet normal 0.2902846772544611 -0.9569403357322092 0
    outer loop
      vertex 14.045090322016128 -4.33078528040323 0
      vertex 14.23268343236509 -4.273879532511287 0
      vertex 14.045090322016128 -4.33078528040323 1.2
    endloop
  endfacet
  facet normal 0.47139673682599764 -0.881921264348355 0
    outer loop
      vertex 14.23268343236509 -4.273879532511287 0
      vertex 14.405570233019603 -4.1814696123025445 0
      vertex 14.23268343236509 -4.273879532511287 1.2
    endloop
  endfacet
  facet normal 0.6343932841636445 -0.7730104533627378 0
    outer loop
      vertex 14.405570233019603 -4.1814696123025445 0
      vertex 14.557106781186548 -4.0571067811865476 0
      vertex 14.405570233019603 -4.1814696123025445 1.2
    endloop
  endfacet
  facet normal 0.7730104533627397 -0.6343932841636422 0
    outer loop
      vertex 14.557106781186548 -4.0571067811865476 0
      vertex 14.681469612302545 -3.905570233019602 0
      vertex 14.557106781186548 -4.0571067811865476 1.2
    endloop
  endfacet
  facet normal 0.8819212643483559 -0.47139673682599603 0
    outer loop
      vertex 14.681469612302545 -3.905570233019602 0
      vertex 14.773879532511286 -3.7326834323650893 0
      vertex 14.681469612302545 -3.905570233019602 1.2
    endloop
  endfacet
  facet normal 0.9569403357322077 -0.2902846772544659 0
    outer loop
      vertex 14.773879532511286 -3.7326834323650893 0
      vertex 14.83078528040323 -3.545090322016128 0
      vertex 14.773879532511286 -3.7326834323650893 1.2
    endloop
  endfacet
  facet normal 0.9951847266721969 -0.09801714032956063 0
    outer loop
      vertex 14.83078528040323 -3.545090322016128 0
      vertex 14.85 -3.3499999999999996 0
      vertex 14.83078528040323 -3.545090322016128 1.2
    endloop
  endfacet
  facet normal 0.09801714032956085 -0.9951847266721969 0
    outer loop
      vertex 14.045090322016128 -4.33078528040323 0
      vertex 14.045090322016128 -4.33078528040323 1.2
      vertex 13.85 -4.35 1.2
    endloop
  endfacet
  facet normal 0.2902846772544611 -0.9569403357322092 0
    outer loop
      vertex 14.23268343236509 -4.273879532511287 0
      vertex 14.23268343236509 -4.273879532511287 1.2
      vertex 14.045090322016128 -4.33078528040323 1.2
    endloop
  endfacet
  facet normal 0.47139673682599764 -0.881921264348355 0
    outer loop
      vertex 14.405570233019603 -4.1814696123025445 0
      vertex 14.405570233019603 -4.1814696123025445 1.2
      vertex 14.23268343236509 -4.273879532511287 1.2
    endloop
  endfacet
  facet normal 0.6343932841636445 -0.7730104533627378 0
    outer loop
      vertex 14.557106781186548 -4.0571067811865476 0
      vertex 14.557106781186548 -4.0571067811865476 1.2
      vertex 14.405570233019603 -4.1814696123025445 1.2
    endloop
  endfacet
  facet normal 0.7730104533627397 -0.6343932841636422 0
    outer loop
      vertex 14.681469612302545 -3.905570233019602 0
      vertex 14.681469612302545 -3.905570233019602 1.2
      vertex 14.557106781186548 -4.0571067811865476 1.2
    endloop
  endfacet
  facet normal 0.8819212643483559 -0.47139673682599603 0
    outer loop
      vertex 14.773879532511286 -3.7326834323650893 0
      vertex 14.773879532511286 -3.7326834323650893 1.2
      vertex 14.681469612302545 -3.905570233019602 1.2
    endloop
  endfacet
  facet normal 0.9569403357322077 -0.2902846772544659 0
    outer loop
      vertex 14.83078528040323 -3.545090322016128 0
      vertex 14.83078528040323 -3.545090322016128 1.2
      vertex 14.773879532511286 -3.7326834323650893 1.2
    endloop
  endfacet
  facet normal 0.9951847266721969 -0.09801714032956063 0
    outer loop
      vertex 14.85 -3.3499999999999996 0
      vertex 14.85 -3.3499999999999996 1.2
      vertex 14.83078528040323 -3.545090322016128 1.2
    endloop
  endfacet
  facet normal 0 0 -1
    outer loop
      vertex 13.85 -4.35 0
      vertex 13.85 4.35 0
      vertex 14.045090322016128 -4.33078528040323 0
    endloop
  endfacet
  facet normal 0 0 -1
    outer loop
      vertex 14.045090322016128 -4.33078528040323 0
      vertex 14.045090322016128 4.33078528040323 0
      vertex 14.23268343236509 -4.273879532511287 0
    endloop
  endfacet
  facet normal 0 0 -1
    outer loop
      vertex 14.23268343236509 -4.273879532511287 0
      vertex 14.23268343236509 4.273879532511287 0
      vertex 14.405570233019603 -4.1814696123025445 0
    endloop
  endfacet
  facet normal 0 0 -1
    outer loop
      vertex 14.405570233019603 -4.1814696123025445 0
      vertex 14.405570233019603 4.1814696123025445 0
      vertex 14.557106781186548 -4.0571067811865476 0
    endloop
  endfacet
  facet normal 0 0 -1
    outer loop
      vertex 14.557106781186548 -4.0571067811865476 0
      vertex 14.557106781186548 4.0571067811865476 0
      vertex 14.681469612302545 -3.905570233019602 0
    endloop
  endfacet
  facet normal 0 0 -1
    outer loop
      vertex 14.681469612302545 -3.905570233019602 0
      vertex 14.681469612302545 3.905570233019602 0
      vertex 14.773879532511286 -3.7326834323650893 0
    endloop
  endfacet
  facet normal 0 0 -1
    outer loop
      vertex 14.773879532511286 -3.7326834323650893 0
      vertex 14.773879532511286 3.7326834323650893 0
      vertex 14.83078528040323 -3.545090322016128 0
    endloop
  endfacet
  facet normal 0 0 -1
    outer loop
      vertex 14.83078528040323 -3.545090322016128 0
      vertex 14.83078528040323 3.545090322016128 0
      vertex 14.85 -3.3499999999999996 0
    endloop
  endfacet
  facet normal 1 0 0
    outer loop
      vertex 14.85 -3.3499999999999996 0
      vertex 14.85 3.3499999999999996 0
      vertex 14.85 -3.3499999999999996 1.2
    endloop
  endfacet
  facet normal 0 0 1
    outer loop
      vertex -13.85 -4.35 1.2
      vertex 8.447130002081394 -3.7669799998402596 1.2
      vertex 8.13433799892664 -3.7483464032411575 1.2
    endloop
  endfacet
  facet normal 0 0 1
    outer loop
      vertex -13.85 -4.35 1.2
      vertex 7.843673996627331 -3.6924455985426903 1.2
      vertex 7.5751380026340485 -3.599277600646019 1.2
    endloop
  endfacet
  facet normal 0 0 1
    outer loop
      vertex -13.85 -4.35 1.2
      vertex 8.13433799892664 -3.7483464032411575 1.2
      vertex 7.843673996627331 -3.6924455985426903 1.2
    endloop
  endfacet
  facet normal 0 0 1
    outer loop
      vertex -1.1923500001430511 -3.7629600018262863 1.2
      vertex 2.852250002324581 -3.7629600018262863 1.2
      vertex -0.917062796652317 -3.7498584017157555 1.2
    endloop
  endfacet
  facet normal 0 0 1
    outer loop
      vertex -0.917062796652317 -3.7498584017157555 1.2
      vertex 2.6146595999598503 -3.7463615983724594 1.2
      vertex -0.6608171984553337 -3.710553601384163 1.2
    endloop
  endfacet
  facet normal 0 0 1
    outer loop
      vertex -0.6608171984553337 -3.710553601384163 1.2
      vertex 2.3965763971209526 -3.69656640291214 1.2
      vertex -0.42361319810152054 -3.6450456008315086 1.2
    endloop
  endfacet
  facet normal 0 0 1
    outer loop
      vertex -0.42361319810152054 -3.6450456008315086 1.2
      vertex 2.200873203575611 -3.615261599421501 1.2
      vertex -0.20545080304145813 -3.5533344000577927 1.2
    endloop
  endfacet
  facet normal 0 0 1
    outer loop
      vertex -0.20545080304145813 -3.5533344000577927 1.2
      vertex 2.1174708008766174 -3.566426396369934 1.2
      vertex -0.0063299983739852905 -3.435419999063015 1.2
    endloop
  endfacet
  facet normal 0 0 1
    outer loop
      vertex 0.1731204017996788 -3.2924423962831497 1.2
      vertex -0.0063299983739852905 -3.435419999063015 1.2
      vertex 1.982389196753502 -3.4541255980730057 1.2
    endloop
  endfacet
  facet normal 0 0 1
    outer loop
      vertex -0.42361319810152054 -3.6450456008315086 1.2
      vertex 2.2948499992489815 -3.65922000259161 1.2
      vertex 2.200873203575611 -3.615261599421501 1.2
    endloop
  endfacet
  facet normal 0 0 1
    outer loop
      vertex -0.20545080304145813 -3.5533344000577927 1.2
      vertex 2.200873203575611 -3.615261599421501 1.2
      vertex 2.1174708008766174 -3.566426396369934 1.2
    endloop
  endfacet
  facet normal 0 0 1
    outer loop
      vertex -0.917062796652317 -3.7498584017157555 1.2
      vertex 2.7310163974761963 -3.7588104009628296 1.2
      vertex 2.6146595999598503 -3.7463615983724594 1.2
    endloop
  endfacet
  facet normal 0 0 1
    outer loop
      vertex -0.917062796652317 -3.7498584017157555 1.2
      vertex 2.852250002324581 -3.7629600018262863 1.2
      vertex 2.7310163974761963 -3.7588104009628296 1.2
    endloop
  endfacet
  facet normal 0 0 1
    outer loop
      vertex -0.6608171984553337 -3.710553601384163 1.2
      vertex 2.5031796023249626 -3.7256136015057564 1.2
      vertex 2.3965763971209526 -3.69656640291214 1.2
    endloop
  endfacet
  facet normal 0 0 1
    outer loop
      vertex -0.6608171984553337 -3.710553601384163 1.2
      vertex 2.6146595999598503 -3.7463615983724594 1.2
      vertex 2.5031796023249626 -3.7256136015057564 1.2
    endloop
  endfacet
  facet normal 0 0 1
    outer loop
      vertex -0.42361319810152054 -3.6450456008315086 1.2
      vertex 2.3965763971209526 -3.69656640291214 1.2
      vertex 2.2948499992489815 -3.65922000259161 1.2
    endloop
  endfacet
  facet normal 0 0 1
    outer loop
      vertex 2.044642798602581 -3.5127144008874893 1.2
      vertex -0.0063299983739852905 -3.435419999063015 1.2
      vertex 2.1174708008766174 -3.566426396369934 1.2
    endloop
  endfacet
  facet normal 0 0 1
    outer loop
      vertex 2.044642798602581 -3.5127144008874893 1.2
      vertex 1.982389196753502 -3.4541255980730057 1.2
      vertex -0.0063299983739852905 -3.435419999063015 1.2
    endloop
  endfacet
  facet normal 0 0 1
    outer loop
      vertex 0.1731204017996788 -3.2924423962831497 1.2
      vertex 1.982389196753502 -3.4541255980730057 1.2
      vertex 1.9307100027799606 -3.3906600028276443 1.2
    endloop
  endfacet
  facet normal 0 0 1
    outer loop
      vertex 0.1731204017996788 -3.2924423962831497 1.2
      vertex 1.9307100027799606 -3.3906600028276443 1.2
      vertex 1.8871667981147766 -3.32009519636631 1.2
    endloop
  endfacet
  facet normal 0 0 1
    outer loop
      vertex -13.85 -4.35 1.2
      vertex 13.85 -4.35 1.2
      vertex 8.447130002081394 -3.7669799998402596 1.2
    endloop
  endfacet
  facet normal 0 0 1
    outer loop
      vertex 0.1731204017996788 -3.2924423962831497 1.2
      vertex 1.8871667981147766 -3.32009519636631 1.2
      vertex 0.3322236016392708 -3.1255415976047516 1.2
    endloop
  endfacet
  facet normal 0 0 1
    outer loop
      vertex 0.3322236016392708 -3.1255415976047516 1.2
      vertex 1.8871667981147766 -3.32009519636631 1.2
      vertex 0.47097960114479065 -2.9347176030278206 1.2
    endloop
  endfacet
  facet normal 0 0 1
    outer loop
      vertex 0.47097960114479065 -2.9347176030278206 1.2
      vertex 1.8871667981147766 -3.32009519636631 1.2
      vertex 0.5893884003162384 -2.7199703976511955 1.2
    endloop
  endfacet
  facet normal 0 0 1
    outer loop
      vertex 0.5893884003162384 -2.7199703976511955 1.2
      vertex 1.8871667981147766 -3.32009519636631 1.2
      vertex 0.687449999153614 -2.4812999963760376 1.2
    endloop
  endfacet
  facet normal 0 0 1
    outer loop
      vertex 0.7484700009226799 -1.8343200013041496 1.2
      vertex 1.8871667981147766 -3.32009519636631 1.2
      vertex 1.8493212014436722 -3.2402568012475967 1.2
    endloop
  endfacet
  facet normal 0 0 1
    outer loop
      vertex 0.7484700009226799 -1.8343200013041496 1.2
      vertex 1.8493212014436722 -3.2402568012475967 1.2
      vertex 1.8171731978654861 -3.151144802570343 1.2
    endloop
  endfacet
  facet normal 0 0 1
    outer loop
      vertex 0.7484700009226799 -1.8343200013041496 1.2
      vertex -0.4518299996852875 -2.2900199964642525 1.2
      vertex 0.687449999153614 -2.4812999963760376 1.2
    endloop
  endfacet
  facet normal 0 0 1
    outer loop
      vertex 0.7484700009226799 -1.8343200013041496 1.2
      vertex 0.687449999153614 -2.4812999963760376 1.2
      vertex 1.8871667981147766 -3.32009519636631 1.2
    endloop
  endfacet
  facet normal 0 0 1
    outer loop
      vertex 0.7484700009226799 -1.8343200013041496 1.2
      vertex 1.8171731978654861 -3.151144802570343 1.2
      vertex 1.7907228022813797 -3.052759200334549 1.2
    endloop
  endfacet
  facet normal 0 0 1
    outer loop
      vertex 0.7484700009226799 -1.8343200013041496 1.2
      vertex 1.7907228022813797 -3.052759200334549 1.2
      vertex 1.7699699997901917 -2.945100001990795 1.2
    endloop
  endfacet
  facet normal 0 0 1
    outer loop
      vertex 0.7484700009226799 -1.8343200013041496 1.2
      vertex 1.7699699997901917 -2.945100001990795 1.2
      vertex 1.75679399818182 -2.8490735962986946 1.2
    endloop
  endfacet
  facet normal 0 0 1
    outer loop
      vertex 0.7484700009226799 -1.8343200013041496 1.2
      vertex 1.75679399818182 -2.8490735962986946 1.2
      vertex 1.7465460002422333 -2.7204983979463577 1.2
    endloop
  endfacet
  facet normal 0 0 1
    outer loop
      vertex 0.7484700009226799 -1.8343200013041496 1.2
      vertex 1.7465460002422333 -2.7204983979463577 1.2
      vertex 1.7392259985208511 -2.559374399483204 1.2
    endloop
  endfacet
  facet normal 0 0 1
    outer loop
      vertex 0.7484700009226799 -1.8343200013041496 1.2
      vertex 1.7392259985208511 -2.559374399483204 1.2
      vertex 1.734834000468254 -2.365701600909233 1.2
    endloop
  endfacet
  facet normal 0 0 1
    outer loop
      vertex 3.004830002784729 -2.7579599991440773 1.2
      vertex 3.1125276014208794 -2.8057895973324776 1.2
      vertex 3.1539563983678818 -2.8126223981380463 1.2
    endloop
  endfacet
  facet normal 0 0 1
    outer loop
      vertex 3.004830002784729 -2.7579599991440773 1.2
      vertex 3.1539563983678818 -2.8126223981380463 1.2
      vertex 3.1981500014662743 -2.814900003373623 1.2
    endloop
  endfacet
  facet normal 0 0 1
    outer loop
      vertex 3.004830002784729 -2.7579599991440773 1.2
      vertex 3.1981500014662743 -2.814900003373623 1.2
      vertex 3.2673036009073257 -2.810505598783493 1.2
    endloop
  endfacet
  facet normal 0 0 1
    outer loop
      vertex 3.004830002784729 -2.7579599991440773 1.2
      vertex 3.2673036009073257 -2.810505598783493 1.2
      vertex 3.347852401435375 -2.7973223999142647 1.2
    endloop
  endfacet
  facet normal 0 0 1
    outer loop
      vertex 3.004830002784729 -2.7579599991440773 1.2
      vertex 3.037964403629303 -2.7784584015607834 1.2
      vertex 3.0738636031746864 -2.794401600956917 1.2
    endloop
  endfacet
  facet normal 0 0 1
    outer loop
      vertex 3.004830002784729 -2.7579599991440773 1.2
      vertex 3.0738636031746864 -2.794401600956917 1.2
      vertex 3.1125276014208794 -2.8057895973324776 1.2
    endloop
  endfacet
  facet normal 0 0 1
    outer loop
      vertex 3.004830002784729 -2.7579599991440773 1.2
      vertex 3.347852401435375 -2.7973223999142647 1.2
      vertex 3.4397964030504227 -2.775350399315357 1.2
    endloop
  endfacet
  facet normal 0 0 1
    outer loop
      vertex 3.004830002784729 -2.7579599991440773 1.2
      vertex 3.4397964030504227 -2.775350399315357 1.2
      vertex 3.5431355983018875 -2.7445895969867706 1.2
    endloop
  endfacet
  facet normal 0 0 1
    outer loop
      vertex 3.657870002090931 -2.7050400003790855 1.2
      vertex 3.004830002784729 -2.7579599991440773 1.2
      vertex 3.5431355983018875 -2.7445895969867706 1.2
    endloop
  endfacet
  facet normal 0 0 1
    outer loop
      vertex 3.0498348027467728 -3.756122402846813 1.2
      vertex 7.5751380026340485 -3.599277600646019 1.2
      vertex 3.2389571964740753 -3.7356095984578133 1.2
    endloop
  endfacet
  facet normal 0 0 1
    outer loop
      vertex 3.2389571964740753 -3.7356095984578133 1.2
      vertex 7.5751380026340485 -3.599277600646019 1.2
      vertex 3.41961719840765 -3.7014216035604477 1.2
    endloop
  endfacet
  facet normal 0 0 1
    outer loop
      vertex 3.41961719840765 -3.7014216035604477 1.2
      vertex 7.5751380026340485 -3.599277600646019 1.2
      vertex 3.591814801096916 -3.6535584032535553 1.2
    endloop
  endfacet
  facet normal 0 0 1
    outer loop
      vertex 3.591814801096916 -3.6535584032535553 1.2
      vertex 7.5751380026340485 -3.599277600646019 1.2
      vertex 3.7555499970912933 -3.592019997537136 1.2
    endloop
  endfacet
  facet normal 0 0 1
    outer loop
      vertex 3.7555499970912933 -3.592019997537136 1.2
      vertex 7.5751380026340485 -3.599277600646019 1.2
      vertex 7.328730002045631 -3.468842402100563 1.2
    endloop
  endfacet
  facet normal 0 0 1
    outer loop
      vertex 3.7555499970912933 -3.592019997537136 1.2
      vertex 7.10445000231266 -3.3011400029063225 1.2
      vertex 6.909159600734711 -3.1033079996705055 1.2
    endloop
  endfacet
  facet normal 0 0 1
    outer loop
      vertex 3.7555499970912933 -3.592019997537136 1.2
      vertex 7.328730002045631 -3.468842402100563 1.2
      vertex 7.10445000231266 -3.3011400029063225 1.2
    endloop
  endfacet
  facet normal 0 0 1
    outer loop
      vertex 3.7555499970912933 -3.592019997537136 1.2
      vertex 6.538107596337795 -2.372147999703884 1.2
      vertex 3.657870002090931 -2.7050400003790855 1.2
    endloop
  endfacet
  facet normal 0 0 1
    outer loop
      vertex 3.004830002784729 -2.7579599991440773 1.2
      vertex 6.538107596337795 -2.372147999703884 1.2
      vertex 2.975379601120949 -2.733940802514553 1.2
    endloop
  endfacet
  facet normal 0 0 1
    outer loop
      vertex 2.975379601120949 -2.733940802514553 1.2
      vertex 6.538107596337795 -2.372147999703884 1.2
      vertex 2.9504844024777412 -2.7074832022190094 1.2
    endloop
  endfacet
  facet normal 0 0 1
    outer loop
      vertex 2.9504844024777412 -2.7074832022190094 1.2
      vertex 6.538107596337795 -2.372147999703884 1.2
      vertex 2.9301443994045258 -2.6785871982574463 1.2
    endloop
  endfacet
  facet normal 0 0 1
    outer loop
      vertex 2.9301443994045258 -2.6785871982574463 1.2
      vertex 6.538107596337795 -2.372147999703884 1.2
      vertex 2.914359599351883 -2.6472527980804443 1.2
    endloop
  endfacet
  facet normal 0 0 1
    outer loop
      vertex 2.914359599351883 -2.6472527980804443 1.2
      vertex 6.538107596337795 -2.372147999703884 1.2
      vertex 2.9031300023198128 -2.6134800016880035 1.2
    endloop
  endfacet
  facet normal 0 0 1
    outer loop
      vertex 2.9031300023198128 -2.6134800016880035 1.2
      vertex 6.538107596337795 -2.372147999703884 1.2
      vertex 2.8950731977820396 -2.560831196606159 1.2
    endloop
  endfacet
  facet normal 0 0 1
    outer loop
      vertex 2.8950731977820396 -2.560831196606159 1.2
      vertex 6.538107596337795 -2.372147999703884 1.2
      vertex 2.8888067975640297 -2.472868800163269 1.2
    endloop
  endfacet
  facet normal 0 0 1
    outer loop
      vertex 3.657870002090931 -2.7050400003790855 1.2
      vertex 6.538107596337795 -2.372147999703884 1.2
      vertex 3.004830002784729 -2.7579599991440773 1.2
    endloop
  endfacet
  facet normal 0 0 1
    outer loop
      vertex 2.8888067975640297 -2.472868800163269 1.2
      vertex 6.538107596337795 -2.372147999703884 1.2
      vertex 2.884330801665783 -2.349592797458172 1.2
    endloop
  endfacet
  facet normal 0 0 1
    outer loop
      vertex 2.884330801665783 -2.349592797458172 1.2
      vertex 6.538107596337795 -2.372147999703884 1.2
      vertex 2.8816452026367188 -2.191003203392029 1.2
    endloop
  endfacet
  facet normal 0 0 1
    outer loop
      vertex 2.8816452026367188 -2.191003203392029 1.2
      vertex 6.538107596337795 -2.372147999703884 1.2
      vertex 2.880750000476837 -1.9971000030636787 1.2
    endloop
  endfacet
  facet normal 0 0 1
    outer loop
      vertex 3.7555499970912933 -3.592019997537136 1.2
      vertex 6.909159600734711 -3.1033079996705055 1.2
      vertex 6.749672397971153 -2.882532000541687 1.2
    endloop
  endfacet
  facet normal 0 0 1
    outer loop
      vertex 3.7555499970912933 -3.592019997537136 1.2
      vertex 6.749672397971153 -2.882532000541687 1.2
      vertex 6.6259884014725685 -2.6388119980692863 1.2
    endloop
  endfacet
  facet normal 0 0 1
    outer loop
      vertex 3.7555499970912933 -3.592019997537136 1.2
      vertex 6.6259884014725685 -2.6388119980692863 1.2
      vertex 6.538107596337795 -2.372147999703884 1.2
    endloop
  endfacet
  facet normal 0 0 1
    outer loop
      vertex 0.7484700009226799 -1.8343200013041496 1.2
      vertex 1.734834000468254 -2.365701600909233 1.2
      vertex 1.7333699986338615 -2.1394800022244453 1.2
    endloop
  endfacet
  facet normal 0 0 1
    outer loop
      vertex 0.7484700009226799 -1.8343200013041496 1.2
      vertex 1.7333699986338615 -2.1394800022244453 1.2
      vertex 0.7349627986550331 -1.3357464000582695 1.2
    endloop
  endfacet
  facet normal 0 0 1
    outer loop
      vertex 1.7333699986338615 -2.1394800022244453 1.2
      vertex 0.6749052032828331 -0.891369603574276 1.2
      vertex 0.7349627986550331 -1.3357464000582695 1.2
    endloop
  endfacet
  facet normal 0 0 1
    outer loop
      vertex 1.7333699986338615 -2.1394800022244453 1.2
      vertex 0.5682971999049187 -0.5011895969510078 1.2
      vertex 0.6749052032828331 -0.891369603574276 1.2
    endloop
  endfacet
  facet normal 0 0 1
    outer loop
      vertex 1.7333699986338615 -2.1394800022244453 1.2
      vertex 0.415138803422451 -0.1652064025402069 1.2
      vertex 0.5682971999049187 -0.5011895969510078 1.2
    endloop
  endfacet
  facet normal 0 0 1
    outer loop
      vertex 0.415138803422451 -0.1652064025402069 1.2
      vertex 1.7333699986338615 -2.1394800022244453 1.2
      vertex 1.2084899991750717 -0.2556599974632263 1.2
    endloop
  endfacet
  facet normal 0 0 1
    outer loop
      vertex 1.7333699986338615 -2.1394800022244453 1.2
      vertex 1.7333699986338615 -0.2556599974632263 1.2
      vertex 1.2084899991750717 -0.2556599974632263 1.2
    endloop
  endfacet
  facet normal 0 0 1
    outer loop
      vertex 2.880750000476837 -1.9971000030636787 1.2
      vertex 3.661949999630451 -0.2556599974632263 1.2
      vertex 2.880750000476837 -0.2556599974632263 1.2
    endloop
  endfacet
  facet normal 0 0 1
    outer loop
      vertex 2.880750000476837 -1.9971000030636787 1.2
      vertex 6.538107596337795 -2.372147999703884 1.2
      vertex 6.486029997467995 -2.0825399979948997 1.2
    endloop
  endfacet
  facet normal 0 0 1
    outer loop
      vertex 2.880750000476837 -1.9971000030636787 1.2
      vertex 7.59273000061512 -1.9482600018382072 1.2
      vertex 3.661949999630451 -0.2556599974632263 1.2
    endloop
  endfacet
  facet normal 0 0 1
    outer loop
      vertex 2.880750000476837 -1.9971000030636787 1.2
      vertex 6.486029997467995 -2.0825399979948997 1.2
      vertex 7.59273000061512 -1.9482600018382072 1.2
    endloop
  endfacet
  facet normal 0 0 1
    outer loop
      vertex 7.59273000061512 -1.9482600018382072 1.2
      vertex 3.661949999630451 0.65574000030756 1.2
      vertex 3.661949999630451 -0.2556599974632263 1.2
    endloop
  endfacet
  facet normal 0 0 1
    outer loop
      vertex 7.59273000061512 -1.9482600018382072 1.2
      vertex 7.954829998314381 -0.9758400022983551 1.2
      vertex 3.661949999630451 0.65574000030756 1.2
    endloop
  endfacet
  facet normal 0 0 1
    outer loop
      vertex 13.85 -4.35 1.2
      vertex 8.77768199890852 -3.7448472008109093 1.2
      vertex 8.447130002081394 -3.7669799998402596 1.2
    endloop
  endfacet
  facet normal 0 0 1
    outer loop
      vertex 13.85 -4.35 1.2
      vertex 9.0857700034976 -3.6784488037228584 1.2
      vertex 8.77768199890852 -3.7448472008109093 1.2
    endloop
  endfacet
  facet normal 0 0 1
    outer loop
      vertex 13.85 -4.35 1.2
      vertex 9.371394000947475 -3.5677848011255264 1.2
      vertex 9.0857700034976 -3.6784488037228584 1.2
    endloop
  endfacet
  facet normal 0 0 1
    outer loop
      vertex 13.85 -4.35 1.2
      vertex 9.634553998708725 -3.412855200469494 1.2
      vertex 9.371394000947475 -3.5677848011255264 1.2
    endloop
  endfacet
  facet normal 0 0 1
    outer loop
      vertex 13.85 -4.35 1.2
      vertex 9.87524999678135 -3.2136600017547607 1.2
      vertex 9.634553998708725 -3.412855200469494 1.2
    endloop
  endfacet
  facet normal 0 0 1
    outer loop
      vertex 7.974178798496723 -2.6757863983511925 1.2
      vertex 8.078677199780941 -2.738433599472046 1.2
      vertex 8.190985202789307 -2.7831816002726555 1.2
    endloop
  endfacet
  facet normal 0 0 1
    outer loop
      vertex 7.974178798496723 -2.6757863983511925 1.2
      vertex 8.190985202789307 -2.7831816002726555 1.2
      vertex 8.31110280007124 -2.8100304007530212 1.2
    endloop
  endfacet
  facet normal 0 0 1
    outer loop
      vertex 7.877489998936653 -2.595239996910095 1.2
      vertex 8.31110280007124 -2.8100304007530212 1.2
      vertex 8.43902999907732 -2.818980000913143 1.2
    endloop
  endfacet
  facet normal 0 0 1
    outer loop
      vertex 7.974178798496723 -2.6757863983511925 1.2
      vertex 8.31110280007124 -2.8100304007530212 1.2
      vertex 7.877489998936653 -2.595239996910095 1.2
    endloop
  endfacet
  facet normal 0 0 1
    outer loop
      vertex 7.877489998936653 -2.595239996910095 1.2
      vertex 8.43902999907732 -2.818980000913143 1.2
      vertex 7.791891597211361 -2.4977447986602783 1.2
    endloop
  endfacet
  facet normal 0 0 1
    outer loop
      vertex 7.791891597211361 -2.4977447986602783 1.2
      vertex 8.43902999907732 -2.818980000913143 1.2
      vertex 8.576132401823997 -2.808239996433258 1.2
    endloop
  endfacet
  facet normal 0 0 1
    outer loop
      vertex 7.791891597211361 -2.4977447986602783 1.2
      vertex 9.267485998570919 -2.001014396548271 1.2
      vertex 7.720616400241852 -2.3842991963028908 1.2
    endloop
  endfacet
  facet normal 0 0 1
    outer loop
      vertex 7.720616400241852 -2.3842991963028908 1.2
      vertex 9.267485998570919 -2.001014396548271 1.2
      vertex 7.663664400577545 -2.254903197288513 1.2
    endloop
  endfacet
  facet normal 0 0 1
    outer loop
      vertex 7.791891597211361 -2.4977447986602783 1.2
      vertex 8.576132401823997 -2.808239996433258 1.2
      vertex 8.704287603497505 -2.776019997894764 1.2
    endloop
  endfacet
  facet normal 0 0 1
    outer loop
      vertex 8.823495596647263 -2.7223199978470802 1.2
      vertex 7.791891597211361 -2.4977447986602783 1.2
      vertex 8.704287603497505 -2.776019997894764 1.2
    endloop
  endfacet
  facet normal 0 0 1
    outer loop
      vertex 7.791891597211361 -2.4977447986602783 1.2
      vertex 8.823495596647263 -2.7223199978470802 1.2
      vertex 8.933756403625011 -2.647139996290207 1.2
    endloop
  endfacet
  facet normal 0 0 1
    outer loop
      vertex 7.791891597211361 -2.4977447986602783 1.2
      vertex 8.933756403625011 -2.647139996290207 1.2
      vertex 9.03507000207901 -2.5504800006747246 1.2
    endloop
  endfacet
  facet normal 0 0 1
    outer loop
      vertex 7.791891597211361 -2.4977447986602783 1.2
      vertex 9.03507000207901 -2.5504800006747246 1.2
      vertex 9.122225999832153 -2.4355703964829445 1.2
    endloop
  endfacet
  facet normal 0 0 1
    outer loop
      vertex 7.791891597211361 -2.4977447986602783 1.2
      vertex 9.122225999832153 -2.4355703964829445 1.2
      vertex 9.190013997256756 -2.3056896030902863 1.2
    endloop
  endfacet
  facet normal 0 0 1
    outer loop
      vertex 7.791891597211361 -2.4977447986602783 1.2
      vertex 9.190013997256756 -2.3056896030902863 1.2
      vertex 9.238434001803398 -2.160837598145008 1.2
    endloop
  endfacet
  facet normal 0 0 1
    outer loop
      vertex 7.791891597211361 -2.4977447986602783 1.2
      vertex 9.238434001803398 -2.160837598145008 1.2
      vertex 9.267485998570919 -2.001014396548271 1.2
    endloop
  endfacet
  facet normal 0 0 1
    outer loop
      vertex 13.85 -4.35 1.2
      vertex 10.081789202988148 -2.983032003045082 1.2
      vertex 9.87524999678135 -3.2136600017547607 1.2
    endloop
  endfacet
  facet normal 0 0 1
    outer loop
      vertex 13.85 -4.35 1.2
      vertex 10.242430798709393 -2.7338519990444183 1.2
      vertex 10.081789202988148 -2.983032003045082 1.2
    endloop
  endfacet
  facet normal 0 0 1
    outer loop
      vertex 13.85 -4.35 1.2
      vertex 10.357174798846245 -2.46611999720335 1.2
      vertex 10.242430798709393 -2.7338519990444183 1.2
    endloop
  endfacet
  facet normal 0 0 1
    outer loop
      vertex 13.85 -4.35 1.2
      vertex 10.426021203398705 -2.1798359975218773 1.2
      vertex 10.357174798846245 -2.46611999720335 1.2
    endloop
  endfacet
  facet normal 0 0 1
    outer loop
      vertex 13.85 -4.35 1.2
      vertex 10.44896999746561 -1.875 1.2
      vertex 10.426021203398705 -2.1798359975218773 1.2
    endloop
  endfacet
  facet normal 0 0 1
    outer loop
      vertex 13.85 -4.35 1.2
      vertex 10.436682000756264 -1.664892002940178 1.2
      vertex 10.44896999746561 -1.875 1.2
    endloop
  endfacet
  facet normal 0 0 1
    outer loop
      vertex 7.663664400577545 -2.254903197288513 1.2
      vertex 9.267485998570919 -2.001014396548271 1.2
      vertex 7.621035598218441 -2.1095568016171455 1.2
    endloop
  endfacet
  facet normal 0 0 1
    outer loop
      vertex 7.621035598218441 -2.1095568016171455 1.2
      vertex 9.267485998570919 -2.001014396548271 1.2
      vertex 7.59273000061512 -1.9482600018382072 1.2
    endloop
  endfacet
  facet normal 0 0 1
    outer loop
      vertex 7.59273000061512 -1.9482600018382072 1.2
      vertex 9.267485998570919 -2.001014396548271 1.2
      vertex 9.27717000246048 -1.8262199983000755 1.2
    endloop
  endfacet
  facet normal 0 0 1
    outer loop
      vertex 7.59273000061512 -1.9482600018382072 1.2
      vertex 9.27717000246048 -1.8262199983000755 1.2
      vertex 9.267891600728035 -1.6608695983886719 1.2
    endloop
  endfacet
  facet normal 0 0 1
    outer loop
      vertex 7.59273000061512 -1.9482600018382072 1.2
      vertex 9.267891600728035 -1.6608695983886719 1.2
      vertex 9.240056402981281 -1.5098424032330513 1.2
    endloop
  endfacet
  facet normal 0 0 1
    outer loop
      vertex 7.59273000061512 -1.9482600018382072 1.2
      vertex 8.073476396501064 -0.9450815990567207 1.2
      vertex 7.954829998314381 -0.9758400022983551 1.2
    endloop
  endfacet
  facet normal 0 0 1
    outer loop
      vertex 7.59273000061512 -1.9482600018382072 1.2
      vertex 8.185287602245808 -0.9211584031581879 1.2
      vertex 8.073476396501064 -0.9450815990567207 1.2
    endloop
  endfacet
  facet normal 0 0 1
    outer loop
      vertex 7.59273000061512 -1.9482600018382072 1.2
      vertex 8.29026360064745 -0.9040703997015953 1.2
      vertex 8.185287602245808 -0.9211584031581879 1.2
    endloop
  endfacet
  facet normal 0 0 1
    outer loop
      vertex 7.59273000061512 -1.9482600018382072 1.2
      vertex 8.38840439915657 -0.8938176035881042 1.2
      vertex 8.29026360064745 -0.9040703997015953 1.2
    endloop
  endfacet
  facet normal 0 0 1
    outer loop
      vertex 7.59273000061512 -1.9482600018382072 1.2
      vertex 8.47970999777317 -0.8903999999165535 1.2
      vertex 8.38840439915657 -0.8938176035881042 1.2
    endloop
  endfacet
  facet normal 0 0 1
    outer loop
      vertex 7.59273000061512 -1.9482600018382072 1.2
      vertex 8.609081998467445 -0.9004919975996017 1.2
      vertex 8.47970999777317 -0.8903999999165535 1.2
    endloop
  endfacet
  facet normal 0 0 1
    outer loop
      vertex 7.59273000061512 -1.9482600018382072 1.2
      vertex 8.730318002402782 -0.9307679980993271 1.2
      vertex 8.609081998467445 -0.9004919975996017 1.2
    endloop
  endfacet
  facet normal 0 0 1
    outer loop
      vertex 7.59273000061512 -1.9482600018382072 1.2
      vertex 9.240056402981281 -1.5098424032330513 1.2
      vertex 9.193664401769638 -1.3731383979320526 1.2
    endloop
  endfacet
  facet normal 0 0 1
    outer loop
      vertex 7.59273000061512 -1.9482600018382072 1.2
      vertex 9.193664401769638 -1.3731383979320526 1.2
      vertex 9.128715597093105 -1.250757597386837 1.2
    endloop
  endfacet
  facet normal 0 0 1
    outer loop
      vertex 7.59273000061512 -1.9482600018382072 1.2
      vertex 9.045209996402264 -1.1427000015974045 1.2
      vertex 8.948381997644901 -1.0518720000982285 1.2
    endloop
  endfacet
  facet normal 0 0 1
    outer loop
      vertex 7.59273000061512 -1.9482600018382072 1.2
      vertex 9.128715597093105 -1.250757597386837 1.2
      vertex 9.045209996402264 -1.1427000015974045 1.2
    endloop
  endfacet
  facet normal 0 0 1
    outer loop
      vertex 7.59273000061512 -1.9482600018382072 1.2
      vertex 8.948381997644901 -1.0518720000982285 1.2
      vertex 8.843418002128601 -0.9812280014157295 1.2
    endloop
  endfacet
  facet normal 0 0 1
    outer loop
      vertex 7.59273000061512 -1.9482600018382072 1.2
      vertex 8.843418002128601 -0.9812280014157295 1.2
      vertex 8.730318002402782 -0.9307679980993271 1.2
    endloop
  endfacet
  facet normal 0 0 1
    outer loop
      vertex 9.32192999869585 -0.4591199979186058 1.2
      vertex 9.518768399953842 -0.5139672011137009 1.2
      vertex 9.630982801318169 -0.2592504024505615 1.2
    endloop
  endfacet
  facet normal 0 0 1
    outer loop
      vertex 9.518768399953842 -0.5139672011137009 1.2
      vertex 9.699171602725983 -0.5906208008527756 1.2
      vertex 9.630982801318169 -0.2592504024505615 1.2
    endloop
  endfacet
  facet normal 0 0 1
    outer loop
      vertex 9.699171602725983 -0.5906208008527756 1.2
      vertex 9.871357202529907 -0.03399360179901123 1.2
      vertex 9.630982801318169 -0.2592504024505615 1.2
    endloop
  endfacet
  facet normal 0 0 1
    outer loop
      vertex 10.010672397911549 -0.8093471974134445 1.2
      vertex 9.871357202529907 -0.03399360179901123 1.2
      vertex 9.863139599561691 -0.6890807971358299 1.2
    endloop
  endfacet
  facet normal 0 0 1
    outer loop
      vertex 9.863139599561691 -0.6890807971358299 1.2
      vertex 9.871357202529907 -0.03399360179901123 1.2
      vertex 9.699171602725983 -0.5906208008527756 1.2
    endloop
  endfacet
  facet normal 0 0 1
    outer loop
      vertex 13.85 -4.35 1.2
      vertex 14.045090322016128 -4.33078528040323 1.2
      vertex 13.85 4.35 1.2
    endloop
  endfacet
  facet normal 0 0 1
    outer loop
      vertex 14.045090322016128 -4.33078528040323 1.2
      vertex 14.23268343236509 -4.273879532511287 1.2
      vertex 14.045090322016128 4.33078528040323 1.2
    endloop
  endfacet
  facet normal 0 0 1
    outer loop
      vertex 14.23268343236509 -4.273879532511287 1.2
      vertex 14.405570233019603 -4.1814696123025445 1.2
      vertex 14.23268343236509 4.273879532511287 1.2
    endloop
  endfacet
  facet normal 0 0 1
    outer loop
      vertex 14.405570233019603 -4.1814696123025445 1.2
      vertex 14.557106781186548 -4.0571067811865476 1.2
      vertex 14.405570233019603 4.1814696123025445 1.2
    endloop
  endfacet
  facet normal 0 0 1
    outer loop
      vertex 14.557106781186548 -4.0571067811865476 1.2
      vertex 14.681469612302545 -3.905570233019602 1.2
      vertex 14.557106781186548 4.0571067811865476 1.2
    endloop
  endfacet
  facet normal 0 0 1
    outer loop
      vertex 14.681469612302545 -3.905570233019602 1.2
      vertex 14.773879532511286 -3.7326834323650893 1.2
      vertex 14.681469612302545 3.905570233019602 1.2
    endloop
  endfacet
  facet normal 0 0 1
    outer loop
      vertex 14.773879532511286 -3.7326834323650893 1.2
      vertex 14.83078528040323 -3.545090322016128 1.2
      vertex 14.773879532511286 3.7326834323650893 1.2
    endloop
  endfacet
  facet normal 0 0 1
    outer loop
      vertex 14.83078528040323 -3.545090322016128 1.2
      vertex 14.85 -3.3499999999999996 1.2
      vertex 14.83078528040323 3.545090322016128 1.2
    endloop
  endfacet
  facet normal 0 0 1
    outer loop
      vertex 13.85 -4.35 1.2
      vertex 13.85 4.35 1.2
      vertex 10.436682000756264 -1.664892002940178 1.2
    endloop
  endfacet
  facet normal 0 0 -1
    outer loop
      vertex -13.85 4.35 0
      vertex 13.85 4.35 0
      vertex 13.85 -4.35 0
    endloop
  endfacet
  facet normal 0 1 0
    outer loop
      vertex -13.85 4.35 0
      vertex 13.85 4.35 1.2
      vertex 13.85 4.35 0
    endloop
  endfacet
  facet normal 0 0 -1
    outer loop
      vertex 14.85 -3.3499999999999996 0
      vertex 14.83078528040323 3.545090322016128 0
      vertex 14.85 3.3499999999999996 0
    endloop
  endfacet
  facet normal 0 0 -1
    outer loop
      vertex 14.83078528040323 -3.545090322016128 0
      vertex 14.773879532511286 3.7326834323650893 0
      vertex 14.83078528040323 3.545090322016128 0
    endloop
  endfacet
  facet normal 0 0 -1
    outer loop
      vertex 14.681469612302545 -3.905570233019602 0
      vertex 14.557106781186548 4.0571067811865476 0
      vertex 14.681469612302545 3.905570233019602 0
    endloop
  endfacet
  facet normal 0 0 -1
    outer loop
      vertex 14.773879532511286 -3.7326834323650893 0
      vertex 14.681469612302545 3.905570233019602 0
      vertex 14.773879532511286 3.7326834323650893 0
    endloop
  endfacet
  facet normal 0 0 -1
    outer loop
      vertex 14.045090322016128 -4.33078528040323 0
      vertex 13.85 4.35 0
      vertex 14.045090322016128 4.33078528040323 0
    endloop
  endfacet
  facet normal 0 0 -1
    outer loop
      vertex 14.405570233019603 -4.1814696123025445 0
      vertex 14.23268343236509 4.273879532511287 0
      vertex 14.405570233019603 4.1814696123025445 0
    endloop
  endfacet
  facet normal 0 0 -1
    outer loop
      vertex 14.23268343236509 -4.273879532511287 0
      vertex 14.045090322016128 4.33078528040323 0
      vertex 14.23268343236509 4.273879532511287 0
    endloop
  endfacet
  facet normal 0 0 -1
    outer loop
      vertex 14.557106781186548 -4.0571067811865476 0
      vertex 14.405570233019603 4.1814696123025445 0
      vertex 14.557106781186548 4.0571067811865476 0
    endloop
  endfacet
  facet normal 1 0 0
    outer loop
      vertex 14.85 -3.3499999999999996 1.2
      vertex 14.85 3.3499999999999996 0
      vertex 14.85 3.3499999999999996 1.2
    endloop
  endfacet
  facet normal 0.9951847266721969 0.09801714032956063 0
    outer loop
      vertex 14.85 3.3499999999999996 0
      vertex 14.83078528040323 3.545090322016128 0
      vertex 14.85 3.3499999999999996 1.2
    endloop
  endfacet
  facet normal 0.9569403357322077 0.2902846772544659 0
    outer loop
      vertex 14.83078528040323 3.545090322016128 0
      vertex 14.773879532511286 3.7326834323650893 0
      vertex 14.83078528040323 3.545090322016128 1.2
    endloop
  endfacet
  facet normal 0.8819212643483559 0.47139673682599603 0
    outer loop
      vertex 14.773879532511286 3.7326834323650893 0
      vertex 14.681469612302545 3.905570233019602 0
      vertex 14.773879532511286 3.7326834323650893 1.2
    endloop
  endfacet
  facet normal 0.7730104533627397 0.6343932841636422 0
    outer loop
      vertex 14.681469612302545 3.905570233019602 0
      vertex 14.557106781186548 4.0571067811865476 0
      vertex 14.681469612302545 3.905570233019602 1.2
    endloop
  endfacet
  facet normal 0.47139673682599764 0.881921264348355 -3.7171829289897885e-18
    outer loop
      vertex 14.23268343236509 4.273879532511287 0
      vertex 14.405570233019603 4.1814696123025445 1.2
      vertex 14.405570233019603 4.1814696123025445 0
    endloop
  endfacet
  facet normal 0.09801714032956085 0.9951847266721969 -6.116316224030831e-19
    outer loop
      vertex 13.85 4.35 0
      vertex 14.045090322016128 4.33078528040323 1.2
      vertex 14.045090322016128 4.33078528040323 0
    endloop
  endfacet
  facet normal 0.2902846772544611 0.9569403357322092 -3.594634866415353e-18
    outer loop
      vertex 14.045090322016128 4.33078528040323 0
      vertex 14.23268343236509 4.273879532511287 1.2
      vertex 14.23268343236509 4.273879532511287 0
    endloop
  endfacet
  facet normal 0.6343932841636445 0.7730104533627378 0
    outer loop
      vertex 14.557106781186548 4.0571067811865476 0
      vertex 14.405570233019603 4.1814696123025445 0
      vertex 14.557106781186548 4.0571067811865476 1.2
    endloop
  endfacet
  facet normal 0.9951847266721969 0.09801714032956063 0
    outer loop
      vertex 14.83078528040323 3.545090322016128 0
      vertex 14.83078528040323 3.545090322016128 1.2
      vertex 14.85 3.3499999999999996 1.2
    endloop
  endfacet
  facet normal 0.9569403357322077 0.2902846772544659 0
    outer loop
      vertex 14.773879532511286 3.7326834323650893 0
      vertex 14.773879532511286 3.7326834323650893 1.2
      vertex 14.83078528040323 3.545090322016128 1.2
    endloop
  endfacet
  facet normal 0.09801714032956085 0.9951847266721969 0
    outer loop
      vertex 13.85 4.35 0
      vertex 13.85 4.35 1.2
      vertex 14.045090322016128 4.33078528040323 1.2
    endloop
  endfacet
  facet normal 0.8819212643483559 0.47139673682599603 0
    outer loop
      vertex 14.681469612302545 3.905570233019602 0
      vertex 14.681469612302545 3.905570233019602 1.2
      vertex 14.773879532511286 3.7326834323650893 1.2
    endloop
  endfacet
  facet normal 0.7730104533627397 0.6343932841636422 0
    outer loop
      vertex 14.557106781186548 4.0571067811865476 0
      vertex 14.557106781186548 4.0571067811865476 1.2
      vertex 14.681469612302545 3.905570233019602 1.2
    endloop
  endfacet
  facet normal 0.2902846772544611 0.9569403357322092 0
    outer loop
      vertex 14.045090322016128 4.33078528040323 0
      vertex 14.045090322016128 4.33078528040323 1.2
      vertex 14.23268343236509 4.273879532511287 1.2
    endloop
  endfacet
  facet normal 0.47139673682599764 0.881921264348355 0
    outer loop
      vertex 14.23268343236509 4.273879532511287 0
      vertex 14.23268343236509 4.273879532511287 1.2
      vertex 14.405570233019603 4.1814696123025445 1.2
    endloop
  endfacet
  facet normal 0.6343932841636445 0.7730104533627378 0
    outer loop
      vertex 14.405570233019603 4.1814696123025445 0
      vertex 14.405570233019603 4.1814696123025445 1.2
      vertex 14.557106781186548 4.0571067811865476 1.2
    endloop
  endfacet
  facet normal 0 0 1
    outer loop
      vertex 0.415138803422451 -0.1652064025402069 1.2
      vertex 1.2084899991750717 0.65574000030756 1.2
      vertex 0.21542999893426895 0.11658000200986862 1.2
    endloop
  endfacet
  facet normal 0 0 1
    outer loop
      vertex -0.023804396390914917 0.3458207994699478 1.2
      vertex 0.21542999893426895 0.11658000200986862 1.2
      vertex 1.2084899991750717 0.65574000030756 1.2
    endloop
  endfacet
  facet normal 0 0 1
    outer loop
      vertex 0.415138803422451 -0.1652064025402069 1.2
      vertex 1.2084899991750717 -0.2556599974632263 1.2
      vertex 1.2084899991750717 0.65574000030756 1.2
    endloop
  endfacet
  facet normal 0 0 1
    outer loop
      vertex 0.10971000045537949 1.2009600028395653 1.2
      vertex -0.023804396390914917 0.3458207994699478 1.2
      vertex 1.2084899991750717 0.65574000030756 1.2
    endloop
  endfacet
  facet normal 0 0 1
    outer loop
      vertex 1.2084899991750717 0.65574000030756 1.2
      vertex 1.7333699986338615 0.65574000030756 1.2
      vertex 1.7333699986338615 1.5142199993133545 1.2
    endloop
  endfacet
  facet normal 0 0 1
    outer loop
      vertex 0.10971000045537949 1.2009600028395653 1.2
      vertex 1.2084899991750717 0.65574000030756 1.2
      vertex 1.7333699986338615 1.5142199993133545 1.2
    endloop
  endfacet
  facet normal 0 0 1
    outer loop
      vertex -0.7325699999928474 2.401199996471405 1.2
      vertex 0.10971000045537949 1.2009600028395653 1.2
      vertex 1.7333699986338615 1.5142199993133545 1.2
    endloop
  endfacet
  facet normal 0 0 1
    outer loop
      vertex -0.7325699999928474 2.401199996471405 1.2
      vertex 1.7333699986338615 1.5142199993133545 1.2
      vertex 2.880750000476837 2.181539997458458 1.2
    endloop
  endfacet
  facet normal 0 0 1
    outer loop
      vertex 2.880750000476837 0.65574000030756 1.2
      vertex 3.661949999630451 0.65574000030756 1.2
      vertex 2.880750000476837 2.181539997458458 1.2
    endloop
  endfacet
  facet normal 0 0 1
    outer loop
      vertex 7.954829998314381 -0.9758400022983551 1.2
      vertex 2.880750000476837 2.181539997458458 1.2
      vertex 3.661949999630451 0.65574000030756 1.2
    endloop
  endfacet
  facet normal 0 0 1
    outer loop
      vertex 7.954829998314381 -0.9758400022983551 1.2
      vertex 8.080949999392033 -0.04410000145435333 1.2
      vertex 2.880750000476837 2.181539997458458 1.2
    endloop
  endfacet
  facet normal 0 0 1
    outer loop
      vertex 8.080949999392033 -0.04410000145435333 1.2
      vertex 8.257702797651291 -0.03994079679250717 1.2
      vertex 2.880750000476837 2.181539997458458 1.2
    endloop
  endfacet
  facet normal 0 0 1
    outer loop
      vertex 2.880750000476837 2.181539997458458 1.2
      vertex 8.416873201727867 -0.017719201743602753 1.2
      vertex 6.571469999849796 0.7656000033020973 1.2
    endloop
  endfacet
  facet normal 0 0 1
    outer loop
      vertex 8.257702797651291 -0.03994079679250717 1.2
      vertex 8.416873201727867 -0.017719201743602753 1.2
      vertex 2.880750000476837 2.181539997458458 1.2
    endloop
  endfacet
  facet normal 0 0 1
    outer loop
      vertex 2.880750000476837 2.181539997458458 1.2
      vertex 6.571469999849796 0.7656000033020973 1.2
      vertex 6.619887597858906 0.9733487963676453 1.2
    endloop
  endfacet
  facet normal 0 0 1
    outer loop
      vertex 2.880750000476837 2.181539997458458 1.2
      vertex 6.619887597858906 0.9733487963676453 1.2
      vertex 6.677252396941185 1.1636831983923912 1.2
    endloop
  endfacet
  facet normal 0 0 1
    outer loop
      vertex 2.880750000476837 2.181539997458458 1.2
      vertex 6.677252396941185 1.1636831983923912 1.2
      vertex 6.743564397096634 1.3366032019257545 1.2
    endloop
  endfacet
  facet normal 0 0 1
    outer loop
      vertex 2.880750000476837 2.181539997458458 1.2
      vertex 6.743564397096634 1.3366032019257545 1.2
      vertex 6.8188235983252525 1.4921087995171547 1.2
    endloop
  endfacet
  facet normal 0 0 1
    outer loop
      vertex 2.880750000476837 2.181539997458458 1.2
      vertex 6.8188235983252525 1.4921087995171547 1.2
      vertex 6.903030000627041 1.6301999986171722 1.2
    endloop
  endfacet
  facet normal 0 0 1
    outer loop
      vertex 2.880750000476837 2.181539997458458 1.2
      vertex 6.903030000627041 1.6301999986171722 1.2
      vertex 6.998732402920723 1.7540495991706848 1.2
    endloop
  endfacet
  facet normal 0 0 1
    outer loop
      vertex 2.880750000476837 2.181539997458458 1.2
      vertex 6.998732402920723 1.7540495991706848 1.2
      vertex 7.108431600034237 1.86683040112257 1.2
    endloop
  endfacet
  facet normal 0 0 1
    outer loop
      vertex -0.7325699999928474 2.401199996471405 1.2
      vertex 2.880750000476837 2.181539997458458 1.2
      vertex -0.00021000206470489502 3.7682999968528748 1.2
    endloop
  endfacet
  facet normal 0 0 1
    outer loop
      vertex -0.00021000206470489502 3.7682999968528748 1.2
      vertex 2.880750000476837 2.181539997458458 1.2
      vertex 7.108431600034237 1.86683040112257 1.2
    endloop
  endfacet
  facet normal 0 0 1
    outer loop
      vertex -0.00021000206470489502 3.7682999968528748 1.2
      vertex 7.108431600034237 1.86683040112257 1.2
      vertex 7.232127599418163 1.9685423970222473 1.2
    endloop
  endfacet
  facet normal 0 0 1
    outer loop
      vertex -0.00021000206470489502 3.7682999968528748 1.2
      vertex 7.232127599418163 1.9685423970222473 1.2
      vertex 7.369820401072502 2.059185601770878 1.2
    endloop
  endfacet
  facet normal 0 0 1
    outer loop
      vertex -0.00021000206470489502 3.7682999968528748 1.2
      vertex 7.369820401072502 2.059185601770878 1.2
      vertex 7.521509997546673 2.1387600004673004 1.2
    endloop
  endfacet
  facet normal 0 0 1
    outer loop
      vertex -0.00021000206470489502 3.7682999968528748 1.2
      vertex 7.521509997546673 2.1387600004673004 1.2
      vertex 7.684021197259426 2.2054176032543182 1.2
    endloop
  endfacet
  facet normal 0 0 1
    outer loop
      vertex -0.00021000206470489502 3.7682999968528748 1.2
      vertex 7.684021197259426 2.2054176032543182 1.2
      vertex 7.854178801178932 2.2572624012827873 1.2
    endloop
  endfacet
  facet normal 0 0 1
    outer loop
      vertex -0.00021000206470489502 3.7682999968528748 1.2
      vertex 7.854178801178932 2.2572624012827873 1.2
      vertex 8.03198280185461 2.2942944020032883 1.2
    endloop
  endfacet
  facet normal 0 0 1
    outer loop
      vertex -0.00021000206470489502 3.7682999968528748 1.2
      vertex 8.03198280185461 2.2942944020032883 1.2
      vertex 8.21743319928646 2.3165135979652405 1.2
    endloop
  endfacet
  facet normal 0 0 1
    outer loop
      vertex -0.00021000206470489502 3.7682999968528748 1.2
      vertex 8.21743319928646 2.3165135979652405 1.2
      vertex 8.410530000925064 2.3239199966192245 1.2
    endloop
  endfacet
  facet normal 0 0 1
    outer loop
      vertex -0.00021000206470489502 3.7682999968528748 1.2
      vertex 8.410530000925064 2.3239199966192245 1.2
      vertex 8.734073996543884 2.3024376034736633 1.2
    endloop
  endfacet
  facet normal 0 0 1
    outer loop
      vertex 7.625249996781349 0.5865600034594536 1.2
      vertex 6.571469999849796 0.7656000033020973 1.2
      vertex 8.416873201727867 -0.017719201743602753 1.2
    endloop
  endfacet
  facet normal 0 0 1
    outer loop
      vertex 7.687093198299408 0.8690880015492439 1.2
      vertex 8.416873201727867 -0.017719201743602753 1.2
      vertex 8.5584611967206 0.022564798593521118 1.2
    endloop
  endfacet
  facet normal 0 0 1
    outer loop
      vertex 7.687093198299408 0.8690880015492439 1.2
      vertex 8.5584611967206 0.022564798593521118 1.2
      vertex 8.682466797530651 0.08091119676828384 1.2
    endloop
  endfacet
  facet normal 0 0 1
    outer loop
      vertex 7.625249996781349 0.5865600034594536 1.2
      vertex 8.416873201727867 -0.017719201743602753 1.2
      vertex 7.649662800133228 0.7353119999170303 1.2
    endloop
  endfacet
  facet normal 0 0 1
    outer loop
      vertex 7.649662800133228 0.7353119999170303 1.2
      vertex 8.416873201727867 -0.017719201743602753 1.2
      vertex 7.687093198299408 0.8690880015492439 1.2
    endloop
  endfacet
  facet normal 0 0 1
    outer loop
      vertex 7.737541198730469 0.9878880009055138 1.2
      vertex 8.682466797530651 0.08091119676828384 1.2
      vertex 8.78888999670744 0.15732000023126602 1.2
    endloop
  endfacet
  facet normal 0 0 1
    outer loop
      vertex 7.737541198730469 0.9878880009055138 1.2
      vertex 8.78888999670744 0.15732000023126602 1.2
      vertex 8.876780398190022 0.2483759969472885 1.2
    endloop
  endfacet
  facet normal 0 0 1
    outer loop
      vertex 7.737541198730469 0.9878880009055138 1.2
      vertex 8.876780398190022 0.2483759969472885 1.2
      vertex 8.945139601826668 0.35066399723291397 1.2
    endloop
  endfacet
  facet normal 0 0 1
    outer loop
      vertex 7.687093198299408 0.8690880015492439 1.2
      vertex 8.682466797530651 0.08091119676828384 1.2
      vertex 7.737541198730469 0.9878880009055138 1.2
    endloop
  endfacet
  facet normal 0 0 1
    outer loop
      vertex 7.737541198730469 0.9878880009055138 1.2
      vertex 8.945139601826668 0.35066399723291397 1.2
      vertex 7.801006801426411 1.0917119979858398 1.2
    endloop
  endfacet
  facet normal 0 0 1
    outer loop
      vertex 7.801006801426411 1.0917119979858398 1.2
      vertex 8.945139601826668 0.35066399723291397 1.2
      vertex 7.877489998936653 1.1805600002408028 1.2
    endloop
  endfacet
  facet normal 0 0 1
    outer loop
      vertex 8.945139601826668 0.35066399723291397 1.2
      vertex 7.963921196758747 1.2538056001067162 1.2
      vertex 7.877489998936653 1.1805600002408028 1.2
    endloop
  endfacet
  facet normal 0 0 1
    outer loop
      vertex 8.945139601826668 0.35066399723291397 1.2
      vertex 8.057182796299458 1.3107744008302689 1.2
      vertex 7.963921196758747 1.2538056001067162 1.2
    endloop
  endfacet
  facet normal 0 0 1
    outer loop
      vertex 8.945139601826668 0.35066399723291397 1.2
      vertex 8.993967600166798 0.4641840010881424 1.2
      vertex 8.057182796299458 1.3107744008302689 1.2
    endloop
  endfacet
  facet normal 0 0 1
    outer loop
      vertex 8.993967600166798 0.4641840010881424 1.2
      vertex 9.023264400660992 0.5889360010623932 1.2
      vertex 8.157274797558784 1.3514664024114609 1.2
    endloop
  endfacet
  facet normal 0 0 1
    outer loop
      vertex 8.993967600166798 0.4641840010881424 1.2
      vertex 8.157274797558784 1.3514664024114609 1.2
      vertex 8.057182796299458 1.3107744008302689 1.2
    endloop
  endfacet
  facet normal 0 0 1
    outer loop
      vertex 9.023264400660992 0.5889360010623932 1.2
      vertex 9.03303000330925 0.7249199971556664 1.2
      vertex 8.492050796747208 1.3768583983182907 1.2
    endloop
  endfacet
  facet normal 0 0 1
    outer loop
      vertex 9.03303000330925 0.7249199971556664 1.2
      vertex 9.025868400931358 0.8404679968953133 1.2
      vertex 8.492050796747208 1.3768583983182907 1.2
    endloop
  endfacet
  facet normal 0 0 1
    outer loop
      vertex 9.025868400931358 0.8404679968953133 1.2
      vertex 9.004383601248264 0.9462480023503304 1.2
      vertex 8.492050796747208 1.3768583983182907 1.2
    endloop
  endfacet
  facet normal 0 0 1
    outer loop
      vertex 9.023264400660992 0.5889360010623932 1.2
      vertex 8.264197200536728 1.3758815973997116 1.2
      vertex 8.157274797558784 1.3514664024114609 1.2
    endloop
  endfacet
  facet normal 0 0 1
    outer loop
      vertex 9.023264400660992 0.5889360010623932 1.2
      vertex 8.377949997782707 1.3840200006961823 1.2
      vertex 8.264197200536728 1.3758815973997116 1.2
    endloop
  endfacet
  facet normal 0 0 1
    outer loop
      vertex 9.023264400660992 0.5889360010623932 1.2
      vertex 8.492050796747208 1.3768583983182907 1.2
      vertex 8.377949997782707 1.3840200006961823 1.2
    endloop
  endfacet
  facet normal 0 0 1
    outer loop
      vertex 8.492050796747208 1.3768583983182907 1.2
      vertex 9.004383601248264 0.9462480023503304 1.2
      vertex 8.596705198287964 1.3553735986351967 1.2
    endloop
  endfacet
  facet normal 0 0 1
    outer loop
      vertex 8.691913202404976 1.3195656016469002 1.2
      vertex 8.596705198287964 1.3553735986351967 1.2
      vertex 8.918444402515888 1.1285040006041527 1.2
    endloop
  endfacet
  facet normal 0 0 1
    outer loop
      vertex 8.691913202404976 1.3195656016469002 1.2
      vertex 8.853990003466606 1.2049800008535385 1.2
      vertex 8.777674801647663 1.2694343999028206 1.2
    endloop
  endfacet
  facet normal 0 0 1
    outer loop
      vertex 9.004383601248264 0.9462480023503304 1.2
      vertex 8.968575596809387 1.0422599986195564 1.2
      vertex 8.596705198287964 1.3553735986351967 1.2
    endloop
  endfacet
  facet normal 0 0 1
    outer loop
      vertex 8.968575596809387 1.0422599986195564 1.2
      vertex 8.918444402515888 1.1285040006041527 1.2
      vertex 8.596705198287964 1.3553735986351967 1.2
    endloop
  endfacet
  facet normal 0 0 1
    outer loop
      vertex 8.691913202404976 1.3195656016469002 1.2
      vertex 8.918444402515888 1.1285040006041527 1.2
      vertex 8.853990003466606 1.2049800008535385 1.2
    endloop
  endfacet
  facet normal 0 0 1
    outer loop
      vertex 13.85 4.35 1.2
      vertex 10.399818003177643 -1.4674799963831902 1.2
      vertex 10.436682000756264 -1.664892002940178 1.2
    endloop
  endfacet
  facet normal 0 0 1
    outer loop
      vertex 13.85 4.35 1.2
      vertex 10.338377997279167 -1.2827640026807785 1.2
      vertex 10.399818003177643 -1.4674799963831902 1.2
    endloop
  endfacet
  facet normal 0 0 1
    outer loop
      vertex 13.85 4.35 1.2
      vertex 10.252361997961998 -1.1107439994812012 1.2
      vertex 10.338377997279167 -1.2827640026807785 1.2
    endloop
  endfacet
  facet normal 0 0 1
    outer loop
      vertex 13.85 4.35 1.2
      vertex 10.141769997775555 -0.9514200016856194 1.2
      vertex 10.252361997961998 -1.1107439994812012 1.2
    endloop
  endfacet
  facet normal 0 0 1
    outer loop
      vertex 13.85 4.35 1.2
      vertex 10.010672397911549 -0.8093471974134445 1.2
      vertex 10.141769997775555 -0.9514200016856194 1.2
    endloop
  endfacet
  facet normal 0 0 1
    outer loop
      vertex 13.85 4.35 1.2
      vertex 9.871357202529907 -0.03399360179901123 1.2
      vertex 10.010672397911549 -0.8093471974134445 1.2
    endloop
  endfacet
  facet normal 0 0 1
    outer loop
      vertex 13.85 4.35 1.2
      vertex 10.043053202331066 0.21665039658546448 1.2
      vertex 9.871357202529907 -0.03399360179901123 1.2
    endloop
  endfacet
  facet normal 0 0 1
    outer loop
      vertex 13.85 4.35 1.2
      vertex 10.146070800721645 0.4926816001534462 1.2
      vertex 10.043053202331066 0.21665039658546448 1.2
    endloop
  endfacet
  facet normal 0 0 1
    outer loop
      vertex 13.85 4.35 1.2
      vertex 10.180409997701645 0.7941000014543533 1.2
      vertex 10.146070800721645 0.4926816001534462 1.2
    endloop
  endfacet
  facet normal 0 0 1
    outer loop
      vertex 13.85 4.35 1.2
      vertex 10.163648396730423 1.0108728036284447 1.2
      vertex 10.180409997701645 0.7941000014543533 1.2
    endloop
  endfacet
  facet normal 0 0 1
    outer loop
      vertex 14.85 -3.3499999999999996 1.2
      vertex 14.85 3.3499999999999996 1.2
      vertex 14.83078528040323 3.545090322016128 1.2
    endloop
  endfacet
  facet normal 0 0 1
    outer loop
      vertex 14.83078528040323 -3.545090322016128 1.2
      vertex 14.83078528040323 3.545090322016128 1.2
      vertex 14.773879532511286 3.7326834323650893 1.2
    endloop
  endfacet
  facet normal 0 0 1
    outer loop
      vertex 14.681469612302545 -3.905570233019602 1.2
      vertex 14.681469612302545 3.905570233019602 1.2
      vertex 14.557106781186548 4.0571067811865476 1.2
    endloop
  endfacet
  facet normal 0 0 1
    outer loop
      vertex 14.773879532511286 -3.7326834323650893 1.2
      vertex 14.773879532511286 3.7326834323650893 1.2
      vertex 14.681469612302545 3.905570233019602 1.2
    endloop
  endfacet
  facet normal 0 0 1
    outer loop
      vertex 14.045090322016128 -4.33078528040323 1.2
      vertex 14.045090322016128 4.33078528040323 1.2
      vertex 13.85 4.35 1.2
    endloop
  endfacet
  facet normal 0 0 1
    outer loop
      vertex 14.405570233019603 -4.1814696123025445 1.2
      vertex 14.405570233019603 4.1814696123025445 1.2
      vertex 14.23268343236509 4.273879532511287 1.2
    endloop
  endfacet
  facet normal 0 0 1
    outer loop
      vertex 14.23268343236509 -4.273879532511287 1.2
      vertex 14.23268343236509 4.273879532511287 1.2
      vertex 14.045090322016128 4.33078528040323 1.2
    endloop
  endfacet
  facet normal 0 0 1
    outer loop
      vertex 14.557106781186548 -4.0571067811865476 1.2
      vertex 14.557106781186548 4.0571067811865476 1.2
      vertex 14.405570233019603 4.1814696123025445 1.2
    endloop
  endfacet
  facet normal 0 0 1
    outer loop
      vertex 13.85 4.35 1.2
      vertex 9.54457800090313 1.9802016019821167 1.2
      vertex 9.76137000322342 1.7868599966168404 1.2
    endloop
  endfacet
  facet normal 0 0 1
    outer loop
      vertex 13.85 4.35 1.2
      vertex 8.734073996543884 2.3024376034736633 1.2
      vertex 9.030929997563362 2.237990401685238 1.2
    endloop
  endfacet
  facet normal 0 0 1
    outer loop
      vertex 13.85 4.35 1.2
      vertex 9.301097996532917 2.130578398704529 1.2
      vertex 9.54457800090313 1.9802016019821167 1.2
    endloop
  endfacet
  facet normal 0 0 1
    outer loop
      vertex 13.85 4.35 1.2
      vertex 9.030929997563362 2.237990401685238 1.2
      vertex 9.301097996532917 2.130578398704529 1.2
    endloop
  endfacet
  facet normal 0 0 1
    outer loop
      vertex 13.85 4.35 1.2
      vertex -0.00021000206470489502 3.7682999968528748 1.2
      vertex 8.734073996543884 2.3024376034736633 1.2
    endloop
  endfacet
  facet normal 0 0 1
    outer loop
      vertex 13.85 4.35 1.2
      vertex 10.113363601267338 1.2185351997613907 1.2
      vertex 10.163648396730423 1.0108728036284447 1.2
    endloop
  endfacet
  facet normal 0 0 1
    outer loop
      vertex 13.85 4.35 1.2
      vertex 10.029555596411228 1.417087197303772 1.2
      vertex 10.113363601267338 1.2185351997613907 1.2
    endloop
  endfacet
  facet normal 0 0 1
    outer loop
      vertex 13.85 4.35 1.2
      vertex 9.912224397063255 1.6065288037061691 1.2
      vertex 10.029555596411228 1.417087197303772 1.2
    endloop
  endfacet
  facet normal 0 0 1
    outer loop
      vertex 13.85 4.35 1.2
      vertex 9.76137000322342 1.7868599966168404 1.2
      vertex 9.912224397063255 1.6065288037061691 1.2
    endloop
  endfacet
  facet normal 0 -1 0
    outer loop
      vertex -8.858369998633862 -3.6652799993753433 2
      vertex -8.858369998633862 -3.6652799993753433 1.2
      vertex -7.653990000486374 -3.6652799993753433 1.2
    endloop
  endfacet
  facet normal 0 -1 0
    outer loop
      vertex -8.858369998633862 -3.6652799993753433 2
      vertex -7.653990000486374 -3.6652799993753433 1.2
      vertex -7.653990000486374 -3.6652799993753433 2
    endloop
  endfacet
  facet normal 1 0 0
    outer loop
      vertex -7.653990000486374 -3.6652799993753433 2
      vertex -7.653990000486374 -3.6652799993753433 1.2
      vertex -7.653990000486374 1.2904800027608871 1.2
    endloop
  endfacet
  facet normal -1 0 0
    outer loop
      vertex -8.858369998633862 1.2904800027608871 2
      vertex -8.858369998633862 1.2904800027608871 1.2
      vertex -8.858369998633862 -3.6652799993753433 1.2
    endloop
  endfacet
  facet normal -1 0 0
    outer loop
      vertex -8.858369998633862 -3.6652799993753433 2
      vertex -8.858369998633862 1.2904800027608871 2
      vertex -8.858369998633862 -3.6652799993753433 1.2
    endloop
  endfacet
  facet normal 0 0 1
    outer loop
      vertex -8.858369998633862 -3.6652799993753433 2
      vertex -7.653990000486374 -3.6652799993753433 2
      vertex -8.858369998633862 1.2904800027608871 2
    endloop
  endfacet
  facet normal 1 0 0
    outer loop
      vertex -7.653990000486374 -3.6652799993753433 2
      vertex -7.653990000486374 1.2904800027608871 1.2
      vertex -7.653990000486374 1.2904800027608871 2
    endloop
  endfacet
  facet normal 0 0 1
    outer loop
      vertex -7.653990000486374 -3.6652799993753433 2
      vertex -7.653990000486374 1.2904800027608871 2
      vertex -8.858369998633862 1.2904800027608871 2
    endloop
  endfacet
  facet normal 0 -1 0
    outer loop
      vertex -5.269409999251366 -3.6652799993753433 2
      vertex -5.269409999251366 -3.6652799993753433 1.2
      vertex -4.126050002872944 -3.6652799993753433 1.2
    endloop
  endfacet
  facet normal 1 0 0
    outer loop
      vertex -4.126050002872944 -3.6652799993753433 2
      vertex -4.126050002872944 -3.6652799993753433 1.2
      vertex -4.126050002872944 0.65574000030756 1.2
    endloop
  endfacet
  facet normal -0.22624576459029438 -0.9740702510624955 0
    outer loop
      vertex -2.000238001346588 -3.6451200023293495 2
      vertex -2.000238001346588 -3.6451200023293495 1.2
      vertex -1.6197300031781197 -3.7334999963641167 1.2
    endloop
  endfacet
  facet normal -0.40388727459197055 -0.9148087611204159 0
    outer loop
      vertex -2.333874002099037 -3.497819997370243 2
      vertex -2.333874002099037 -3.497819997370243 1.2
      vertex -2.000238001346588 -3.6451200023293495 1.2
    endloop
  endfacet
  facet normal -0.5838383483662715 -0.8118699298390993 0
    outer loop
      vertex -2.620637997984886 -3.2915999963879585 2
      vertex -2.620637997984886 -3.2915999963879585 1.2
      vertex -2.333874002099037 -3.497819997370243 1.2
    endloop
  endfacet
  facet normal -0.06876845672678826 -0.9976326475007802 0
    outer loop
      vertex -1.6197300031781197 -3.7334999963641167 2
      vertex -1.6197300031781197 -3.7334999963641167 1.2
      vertex -1.1923500001430511 -3.7629600018262863 1.2
    endloop
  endfacet
  facet normal 0.04753866962729889 -0.9988693983149481 0
    outer loop
      vertex -1.1923500001430511 -3.7629600018262863 2
      vertex -1.1923500001430511 -3.7629600018262863 1.2
      vertex -0.917062796652317 -3.7498584017157555 1.2
    endloop
  endfacet
  facet normal 0.15161403048124 -0.9884397734618097 0
    outer loop
      vertex -0.917062796652317 -3.7498584017157555 2
      vertex -0.917062796652317 -3.7498584017157555 1.2
      vertex -0.6608171984553337 -3.710553601384163 1.2
    endloop
  endfacet
  facet normal 0.26620244448462 -0.9639171429902121 0
    outer loop
      vertex -0.6608171984553337 -3.710553601384163 2
      vertex -0.6608171984553337 -3.710553601384163 1.2
      vertex -0.42361319810152054 -3.6450456008315086 1.2
    endloop
  endfacet
  facet normal 0.3875305762893086 -0.9218568502977436 0
    outer loop
      vertex -0.42361319810152054 -3.6450456008315086 2
      vertex -0.42361319810152054 -3.6450456008315086 1.2
      vertex -0.20545080304145813 -3.5533344000577927 1.2
    endloop
  endfacet
  facet normal 0.5095365579104748 -0.8604490084559023 0
    outer loop
      vertex -0.20545080304145813 -3.5533344000577927 2
      vertex -0.20545080304145813 -3.5533344000577927 1.2
      vertex -0.0063299983739852905 -3.435419999063015 1.2
    endloop
  endfacet
  facet normal -0.8501767029137389 -0.5264974585149713 0
    outer loop
      vertex -3.0143219977617264 -2.7781200036406517 2
      vertex -3.0143219977617264 -2.7781200036406517 1.2
      vertex -2.8605299964547157 -3.026459999382496 1.2
    endloop
  endfacet
  facet normal -0.7415310069434655 -0.6709185984464955 0
    outer loop
      vertex -2.8605299964547157 -3.026459999382496 2
      vertex -2.8605299964547157 -3.026459999382496 1.2
      vertex -2.620637997984886 -3.2915999963879585 1.2
    endloop
  endfacet
  facet normal -0.9159826544227604 -0.40121786699576817 0
    outer loop
      vertex -3.1339379996061325 -2.5050359964370728 2
      vertex -3.1339379996061325 -2.5050359964370728 1.2
      vertex -3.0143219977617264 -2.7781200036406517 1.2
    endloop
  endfacet
  facet normal -0.9612281681960676 -0.27575425412209403 0
    outer loop
      vertex -3.219378001987934 -2.207208000123501 2
      vertex -3.219378001987934 -2.207208000123501 1.2
      vertex -3.1339379996061325 -2.5050359964370728 1.2
    endloop
  endfacet
  facet normal 0.7871677469301254 0.6167389546582493 0
    outer loop
      vertex -1.8392700031399727 -2.625720001757145 2
      vertex -1.8392700031399727 -2.625720001757145 1.2
      vertex -1.934969998896122 -2.503574401140213 1.2
    endloop
  endfacet
  facet normal 0.8804270656681736 0.4741815918389596 0
    outer loop
      vertex -1.934969998896122 -2.503574401140213 2
      vertex -1.934969998896122 -2.503574401140213 1.2
      vertex -2.0104859992861748 -2.3633615970611572 1.2
    endloop
  endfacet
  facet normal 0.9439810292172325 0.3299997219362076 0
    outer loop
      vertex -2.0104859992861748 -2.3633615970611572 2
      vertex -2.0104859992861748 -2.3633615970611572 1.2
      vertex -2.0658179968595505 -2.205081596970558 1.2
    endloop
  endfacet
  facet normal 0.5462389854610655 0.8376293755369769 0
    outer loop
      vertex -1.606853999197483 -2.806699201464653 2
      vertex -1.606853999197483 -2.806699201464653 1.2
      vertex -1.7282700017094612 -2.727520801126957 1.2
    endloop
  endfacet
  facet normal 0.3942524563296113 0.919002176644902 0
    outer loop
      vertex -1.4750220030546188 -2.863255202770233 2
      vertex -1.4750220030546188 -2.863255202770233 1.2
      vertex -1.606853999197483 -2.806699201464653 1.2
    endloop
  endfacet
  facet normal 0.2320412809595915 0.9727059390846916 0
    outer loop
      vertex -1.3327739983797073 -2.8971887975931168 2
      vertex -1.3327739983797073 -2.8971887975931168 1.2
      vertex -1.4750220030546188 -2.863255202770233 1.2
    endloop
  endfacet
  facet normal 0.07388960961357002 0.9972664265837662 0
    outer loop
      vertex -1.1801100000739098 -2.908500000834465 2
      vertex -1.1801100000739098 -2.908500000834465 1.2
      vertex -1.3327739983797073 -2.8971887975931168 1.2
    endloop
  endfacet
  facet normal -0.05625108962979795 0.9984166539653976 0
    outer loop
      vertex -1.076127603650093 -2.9026416018605232 2
      vertex -1.076127603650093 -2.9026416018605232 1.2
      vertex -1.1801100000739098 -2.908500000834465 1.2
    endloop
  endfacet
  facet normal -0.17802327015334815 0.984026277740543 0
    outer loop
      vertex -0.9789803996682167 -2.885066397488117 2
      vertex -0.9789803996682167 -2.885066397488117 1.2
      vertex -1.076127603650093 -2.9026416018605232 1.2
    endloop
  endfacet
  facet normal -0.30852011376661787 0.9512178191147562 0
    outer loop
      vertex -0.8886684030294418 -2.855774402618408 2
      vertex -0.8886684030294418 -2.855774402618408 1.2
      vertex -0.9789803996682167 -2.885066397488117 1.2
    endloop
  endfacet
  facet normal -0.4409268406876534 0.8975430469683361 0
    outer loop
      vertex -0.8051915988326073 -2.814765602350235 2
      vertex -0.8051915988326073 -2.814765602350235 1.2
      vertex -0.8886684030294418 -2.855774402618408 1.2
    endloop
  endfacet
  facet normal -0.5667806857234496 0.823868711804773 0
    outer loop
      vertex -0.7285500019788742 -2.7620399966835976 2
      vertex -0.7285500019788742 -2.7620399966835976 1.2
      vertex -0.8051915988326073 -2.814765602350235 1.2
    endloop
  endfacet
  facet normal 0.6759078812935293 0.7369861165621048 0
    outer loop
      vertex -1.7282700017094612 -2.727520801126957 2
      vertex -1.7282700017094612 -2.727520801126957 1.2
      vertex -1.8392700031399727 -2.625720001757145 1.2
    endloop
  endfacet
  facet normal -0.6864601833297918 0.7271673924914598 0
    outer loop
      vertex -0.6588827967643738 -2.696272797882557 2
      vertex -0.6588827967643738 -2.696272797882557 1.2
      vertex -0.7285500019788742 -2.7620399966835976 1.2
    endloop
  endfacet
  facet normal -0.78831691570097 0.6152694047486106 0
    outer loop
      vertex -0.5963772013783455 -2.616187199950218 2
      vertex -0.5963772013783455 -2.616187199950218 1.2
      vertex -0.6588827967643738 -2.696272797882557 1.2
    endloop
  endfacet
  facet normal -0.8626831134719474 0.505744842514827 0
    outer loop
      vertex -0.5410332009196281 -2.5217832028865814 2
      vertex -0.5410332009196281 -2.5217832028865814 1.2
      vertex -0.5963772013783455 -2.616187199950218 1.2
    endloop
  endfacet
  facet normal -0.9142437995885712 0.40516450352153566 0
    outer loop
      vertex -0.49285080283880234 -2.413060799241066 2
      vertex -0.49285080283880234 -2.413060799241066 1.2
      vertex -0.5410332009196281 -2.5217832028865814 1.2
    endloop
  endfacet
  facet normal -0.9486666375937521 0.3162777429990362 0
    outer loop
      vertex -0.4518299996852875 -2.2900199964642525 2
      vertex -0.4518299996852875 -2.2900199964642525 1.2
      vertex -0.49285080283880234 -2.413060799241066 1.2
    endloop
  endfacet
  facet normal 0 -1 0
    outer loop
      vertex -5.269409999251366 -3.6652799993753433 2
      vertex -4.126050002872944 -3.6652799993753433 1.2
      vertex -4.126050002872944 -3.6652799993753433 2
    endloop
  endfacet
  facet normal -1 0 0
    outer loop
      vertex -5.269409999251366 -3.6652799993753433 2
      vertex -5.269409999251366 0.65574000030756 2
      vertex -5.269409999251366 -3.6652799993753433 1.2
    endloop
  endfacet
  facet normal 0 0 1
    outer loop
      vertex -5.269409999251366 -3.6652799993753433 2
      vertex -4.126050002872944 -3.6652799993753433 2
      vertex -4.126050002872944 0.65574000030756 2
    endloop
  endfacet
  facet normal -0.40388727459197055 -0.9148087611204159 0
    outer loop
      vertex -2.333874002099037 -3.497819997370243 2
      vertex -2.000238001346588 -3.6451200023293495 1.2
      vertex -2.000238001346588 -3.6451200023293495 2
    endloop
  endfacet
  facet normal -0.5838383483662715 -0.8118699298390993 0
    outer loop
      vertex -2.333874002099037 -3.497819997370243 2
      vertex -2.620637997984886 -3.2915999963879585 2
      vertex -2.333874002099037 -3.497819997370243 1.2
    endloop
  endfacet
  facet normal -0.22624576459029438 -0.9740702510624955 0
    outer loop
      vertex -2.000238001346588 -3.6451200023293495 2
      vertex -1.6197300031781197 -3.7334999963641167 1.2
      vertex -1.6197300031781197 -3.7334999963641167 2
    endloop
  endfacet
  facet normal -0.06876845672678826 -0.9976326475007802 0
    outer loop
      vertex -1.6197300031781197 -3.7334999963641167 2
      vertex -1.1923500001430511 -3.7629600018262863 1.2
      vertex -1.1923500001430511 -3.7629600018262863 2
    endloop
  endfacet
  facet normal 0.04753866962729889 -0.9988693983149481 0
    outer loop
      vertex -1.1923500001430511 -3.7629600018262863 2
      vertex -0.917062796652317 -3.7498584017157555 1.2
      vertex -0.917062796652317 -3.7498584017157555 2
    endloop
  endfacet
  facet normal 0.15161403048124 -0.9884397734618097 0
    outer loop
      vertex -0.917062796652317 -3.7498584017157555 2
      vertex -0.6608171984553337 -3.710553601384163 1.2
      vertex -0.6608171984553337 -3.710553601384163 2
    endloop
  endfacet
  facet normal 0.26620244448462 -0.9639171429902121 0
    outer loop
      vertex -0.6608171984553337 -3.710553601384163 2
      vertex -0.42361319810152054 -3.6450456008315086 1.2
      vertex -0.42361319810152054 -3.6450456008315086 2
    endloop
  endfacet
  facet normal 0.3875305762893086 -0.9218568502977436 0
    outer loop
      vertex -0.42361319810152054 -3.6450456008315086 2
      vertex -0.20545080304145813 -3.5533344000577927 1.2
      vertex -0.20545080304145813 -3.5533344000577927 2
    endloop
  endfacet
  facet normal 0.5095365579104748 -0.8604490084559023 0
    outer loop
      vertex -0.20545080304145813 -3.5533344000577927 2
      vertex -0.0063299983739852905 -3.435419999063015 1.2
      vertex -0.0063299983739852905 -3.435419999063015 2
    endloop
  endfacet
  facet normal 0 0 1
    outer loop
      vertex -2.333874002099037 -3.497819997370243 2
      vertex -2.000238001346588 -3.6451200023293495 2
      vertex -1.606853999197483 -2.806699201464653 2
    endloop
  endfacet
  facet normal 0 0 1
    outer loop
      vertex -2.000238001346588 -3.6451200023293495 2
      vertex -1.6197300031781197 -3.7334999963641167 2
      vertex -1.4750220030546188 -2.863255202770233 2
    endloop
  endfacet
  facet normal 0 0 1
    outer loop
      vertex -1.6197300031781197 -3.7334999963641167 2
      vertex -1.1923500001430511 -3.7629600018262863 2
      vertex -1.3327739983797073 -2.8971887975931168 2
    endloop
  endfacet
  facet normal 0 0 1
    outer loop
      vertex -1.1923500001430511 -3.7629600018262863 2
      vertex -0.917062796652317 -3.7498584017157555 2
      vertex -1.076127603650093 -2.9026416018605232 2
    endloop
  endfacet
  facet normal 0 0 1
    outer loop
      vertex -0.917062796652317 -3.7498584017157555 2
      vertex -0.6608171984553337 -3.710553601384163 2
      vertex -0.9789803996682167 -2.885066397488117 2
    endloop
  endfacet
  facet normal 0 0 1
    outer loop
      vertex -0.6608171984553337 -3.710553601384163 2
      vertex -0.42361319810152054 -3.6450456008315086 2
      vertex -0.8886684030294418 -2.855774402618408 2
    endloop
  endfacet
  facet normal 0 0 1
    outer loop
      vertex -0.42361319810152054 -3.6450456008315086 2
      vertex -0.20545080304145813 -3.5533344000577927 2
      vertex -0.8051915988326073 -2.814765602350235 2
    endloop
  endfacet
  facet normal -0.8501767029137389 -0.5264974585149713 0
    outer loop
      vertex -2.8605299964547157 -3.026459999382496 2
      vertex -3.0143219977617264 -2.7781200036406517 2
      vertex -2.8605299964547157 -3.026459999382496 1.2
    endloop
  endfacet
  facet normal -0.7415310069434655 -0.6709185984464955 0
    outer loop
      vertex -2.8605299964547157 -3.026459999382496 2
      vertex -2.620637997984886 -3.2915999963879585 1.2
      vertex -2.620637997984886 -3.2915999963879585 2
    endloop
  endfacet
  facet normal -0.9159826544227604 -0.40121786699576817 0
    outer loop
      vertex -3.0143219977617264 -2.7781200036406517 2
      vertex -3.1339379996061325 -2.5050359964370728 2
      vertex -3.0143219977617264 -2.7781200036406517 1.2
    endloop
  endfacet
  facet normal -0.9612281681960676 -0.27575425412209403 0
    outer loop
      vertex -3.1339379996061325 -2.5050359964370728 2
      vertex -3.219378001987934 -2.207208000123501 2
      vertex -3.1339379996061325 -2.5050359964370728 1.2
    endloop
  endfacet
  facet normal 0.7871677469301254 0.6167389546582493 0
    outer loop
      vertex -1.8392700031399727 -2.625720001757145 2
      vertex -1.934969998896122 -2.503574401140213 1.2
      vertex -1.934969998896122 -2.503574401140213 2
    endloop
  endfacet
  facet normal 0.8804270656681736 0.4741815918389596 0
    outer loop
      vertex -1.934969998896122 -2.503574401140213 2
      vertex -2.0104859992861748 -2.3633615970611572 1.2
      vertex -2.0104859992861748 -2.3633615970611572 2
    endloop
  endfacet
  facet normal 0.9439810292172325 0.3299997219362076 0
    outer loop
      vertex -2.0104859992861748 -2.3633615970611572 2
      vertex -2.0658179968595505 -2.205081596970558 1.2
      vertex -2.0658179968595505 -2.205081596970558 2
    endloop
  endfacet
  facet normal 0.2320412809595915 0.9727059390846916 0
    outer loop
      vertex -1.4750220030546188 -2.863255202770233 2
      vertex -1.3327739983797073 -2.8971887975931168 2
      vertex -1.4750220030546188 -2.863255202770233 1.2
    endloop
  endfacet
  facet normal 0.5462389854610655 0.8376293755369769 0
    outer loop
      vertex -1.606853999197483 -2.806699201464653 2
      vertex -1.7282700017094612 -2.727520801126957 1.2
      vertex -1.7282700017094612 -2.727520801126957 2
    endloop
  endfacet
  facet normal 0.3942524563296113 0.919002176644902 0
    outer loop
      vertex -1.4750220030546188 -2.863255202770233 2
      vertex -1.606853999197483 -2.806699201464653 1.2
      vertex -1.606853999197483 -2.806699201464653 2
    endloop
  endfacet
  facet normal 0.07388960961357002 0.9972664265837662 0
    outer loop
      vertex -1.3327739983797073 -2.8971887975931168 2
      vertex -1.1801100000739098 -2.908500000834465 2
      vertex -1.3327739983797073 -2.8971887975931168 1.2
    endloop
  endfacet
  facet normal -0.05625108962979795 0.9984166539653976 0
    outer loop
      vertex -1.1801100000739098 -2.908500000834465 2
      vertex -1.076127603650093 -2.9026416018605232 2
      vertex -1.1801100000739098 -2.908500000834465 1.2
    endloop
  endfacet
  facet normal -0.17802327015334815 0.984026277740543 0
    outer loop
      vertex -1.076127603650093 -2.9026416018605232 2
      vertex -0.9789803996682167 -2.885066397488117 2
      vertex -1.076127603650093 -2.9026416018605232 1.2
    endloop
  endfacet
  facet normal -0.30852011376661787 0.9512178191147562 0
    outer loop
      vertex -0.9789803996682167 -2.885066397488117 2
      vertex -0.8886684030294418 -2.855774402618408 2
      vertex -0.9789803996682167 -2.885066397488117 1.2
    endloop
  endfacet
  facet normal -0.4409268406876534 0.8975430469683361 0
    outer loop
      vertex -0.8886684030294418 -2.855774402618408 2
      vertex -0.8051915988326073 -2.814765602350235 2
      vertex -0.8886684030294418 -2.855774402618408 1.2
    endloop
  endfacet
  facet normal -0.5667806857234496 0.823868711804773 0
    outer loop
      vertex -0.8051915988326073 -2.814765602350235 2
      vertex -0.7285500019788742 -2.7620399966835976 2
      vertex -0.8051915988326073 -2.814765602350235 1.2
    endloop
  endfacet
  facet normal -0.6864601833297918 0.7271673924914598 0
    outer loop
      vertex -0.7285500019788742 -2.7620399966835976 2
      vertex -0.6588827967643738 -2.696272797882557 2
      vertex -0.7285500019788742 -2.7620399966835976 1.2
    endloop
  endfacet
  facet normal 0.6759078812935293 0.7369861165621048 0
    outer loop
      vertex -1.8392700031399727 -2.625720001757145 2
      vertex -1.7282700017094612 -2.727520801126957 2
      vertex -1.8392700031399727 -2.625720001757145 1.2
    endloop
  endfacet
  facet normal -0.78831691570097 0.6152694047486106 0
    outer loop
      vertex -0.6588827967643738 -2.696272797882557 2
      vertex -0.5963772013783455 -2.616187199950218 2
      vertex -0.6588827967643738 -2.696272797882557 1.2
    endloop
  endfacet
  facet normal -0.8626831134719474 0.505744842514827 0
    outer loop
      vertex -0.5963772013783455 -2.616187199950218 2
      vertex -0.5410332009196281 -2.5217832028865814 2
      vertex -0.5963772013783455 -2.616187199950218 1.2
    endloop
  endfacet
  facet normal -0.9142437995885712 0.40516450352153566 0
    outer loop
      vertex -0.5410332009196281 -2.5217832028865814 2
      vertex -0.49285080283880234 -2.413060799241066 2
      vertex -0.5410332009196281 -2.5217832028865814 1.2
    endloop
  endfacet
  facet normal -0.9486666375937521 0.3162777429990362 0
    outer loop
      vertex -0.49285080283880234 -2.413060799241066 2
      vertex -0.4518299996852875 -2.2900199964642525 2
      vertex -0.49285080283880234 -2.413060799241066 1.2
    endloop
  endfacet
  facet normal 0.16557800046047783 0.9861966972990277 0
    outer loop
      vertex -0.4518299996852875 -2.2900199964642525 2
      vertex 0.687449999153614 -2.4812999963760376 2
      vertex -0.4518299996852875 -2.2900199964642525 1.2
    endloop
  endfacet
  facet normal 0 0 1
    outer loop
      vertex -2.333874002099037 -3.497819997370243 2
      vertex -1.7282700017094612 -2.727520801126957 2
      vertex -2.620637997984886 -3.2915999963879585 2
    endloop
  endfacet
  facet normal 0 0 1
    outer loop
      vertex -2.333874002099037 -3.497819997370243 2
      vertex -1.606853999197483 -2.806699201464653 2
      vertex -1.7282700017094612 -2.727520801126957 2
    endloop
  endfacet
  facet normal 0 0 1
    outer loop
      vertex -2.8605299964547157 -3.026459999382496 2
      vertex -2.620637997984886 -3.2915999963879585 2
      vertex -1.934969998896122 -2.503574401140213 2
    endloop
  endfacet
  facet normal 0 0 1
    outer loop
      vertex -2.8605299964547157 -3.026459999382496 2
      vertex -2.0104859992861748 -2.3633615970611572 2
      vertex -3.0143219977617264 -2.7781200036406517 2
    endloop
  endfacet
  facet normal 0 0 1
    outer loop
      vertex -2.620637997984886 -3.2915999963879585 2
      vertex -1.7282700017094612 -2.727520801126957 2
      vertex -1.8392700031399727 -2.625720001757145 2
    endloop
  endfacet
  facet normal 0 0 1
    outer loop
      vertex -2.620637997984886 -3.2915999963879585 2
      vertex -1.8392700031399727 -2.625720001757145 2
      vertex -1.934969998896122 -2.503574401140213 2
    endloop
  endfacet
  facet normal 0 0 1
    outer loop
      vertex -3.1339379996061325 -2.5050359964370728 2
      vertex -2.0658179968595505 -2.205081596970558 2
      vertex -3.219378001987934 -2.207208000123501 2
    endloop
  endfacet
  facet normal 0 0 1
    outer loop
      vertex -3.0143219977617264 -2.7781200036406517 2
      vertex -2.0104859992861748 -2.3633615970611572 2
      vertex -3.1339379996061325 -2.5050359964370728 2
    endloop
  endfacet
  facet normal 0 0 1
    outer loop
      vertex -2.8605299964547157 -3.026459999382496 2
      vertex -1.934969998896122 -2.503574401140213 2
      vertex -2.0104859992861748 -2.3633615970611572 2
    endloop
  endfacet
  facet normal 0 0 1
    outer loop
      vertex -3.1339379996061325 -2.5050359964370728 2
      vertex -2.0104859992861748 -2.3633615970611572 2
      vertex -2.0658179968595505 -2.205081596970558 2
    endloop
  endfacet
  facet normal 0 0 1
    outer loop
      vertex -1.6197300031781197 -3.7334999963641167 2
      vertex -1.3327739983797073 -2.8971887975931168 2
      vertex -1.4750220030546188 -2.863255202770233 2
    endloop
  endfacet
  facet normal 0 0 1
    outer loop
      vertex -2.000238001346588 -3.6451200023293495 2
      vertex -1.4750220030546188 -2.863255202770233 2
      vertex -1.606853999197483 -2.806699201464653 2
    endloop
  endfacet
  facet normal 0 0 1
    outer loop
      vertex -1.1923500001430511 -3.7629600018262863 2
      vertex -1.1801100000739098 -2.908500000834465 2
      vertex -1.3327739983797073 -2.8971887975931168 2
    endloop
  endfacet
  facet normal 0 0 1
    outer loop
      vertex -1.1923500001430511 -3.7629600018262863 2
      vertex -1.076127603650093 -2.9026416018605232 2
      vertex -1.1801100000739098 -2.908500000834465 2
    endloop
  endfacet
  facet normal 0 0 1
    outer loop
      vertex -0.917062796652317 -3.7498584017157555 2
      vertex -0.9789803996682167 -2.885066397488117 2
      vertex -1.076127603650093 -2.9026416018605232 2
    endloop
  endfacet
  facet normal 0 0 1
    outer loop
      vertex -0.6608171984553337 -3.710553601384163 2
      vertex -0.8886684030294418 -2.855774402618408 2
      vertex -0.9789803996682167 -2.885066397488117 2
    endloop
  endfacet
  facet normal 0 0 1
    outer loop
      vertex -0.42361319810152054 -3.6450456008315086 2
      vertex -0.8051915988326073 -2.814765602350235 2
      vertex -0.8886684030294418 -2.855774402618408 2
    endloop
  endfacet
  facet normal 0 0 1
    outer loop
      vertex -0.20545080304145813 -3.5533344000577927 2
      vertex -0.7285500019788742 -2.7620399966835976 2
      vertex -0.8051915988326073 -2.814765602350235 2
    endloop
  endfacet
  facet normal 0 0 1
    outer loop
      vertex -0.20545080304145813 -3.5533344000577927 2
      vertex -0.0063299983739852905 -3.435419999063015 2
      vertex -0.7285500019788742 -2.7620399966835976 2
    endloop
  endfacet
  facet normal 0 0 1
    outer loop
      vertex -0.6588827967643738 -2.696272797882557 2
      vertex -0.0063299983739852905 -3.435419999063015 2
      vertex 0.1731204017996788 -3.2924423962831497 2
    endloop
  endfacet
  facet normal 0 0 1
    outer loop
      vertex -0.5963772013783455 -2.616187199950218 2
      vertex 0.1731204017996788 -3.2924423962831497 2
      vertex 0.3322236016392708 -3.1255415976047516 2
    endloop
  endfacet
  facet normal 0 0 1
    outer loop
      vertex -0.7285500019788742 -2.7620399966835976 2
      vertex -0.0063299983739852905 -3.435419999063015 2
      vertex -0.6588827967643738 -2.696272797882557 2
    endloop
  endfacet
  facet normal 0 0 1
    outer loop
      vertex -0.6588827967643738 -2.696272797882557 2
      vertex 0.1731204017996788 -3.2924423962831497 2
      vertex -0.5963772013783455 -2.616187199950218 2
    endloop
  endfacet
  facet normal 0 0 1
    outer loop
      vertex -0.5963772013783455 -2.616187199950218 2
      vertex 0.3322236016392708 -3.1255415976047516 2
      vertex -0.5410332009196281 -2.5217832028865814 2
    endloop
  endfacet
  facet normal 0 0 1
    outer loop
      vertex -0.5410332009196281 -2.5217832028865814 2
      vertex 0.47097960114479065 -2.9347176030278206 2
      vertex -0.49285080283880234 -2.413060799241066 2
    endloop
  endfacet
  facet normal 0 0 1
    outer loop
      vertex -0.49285080283880234 -2.413060799241066 2
      vertex 0.5893884003162384 -2.7199703976511955 2
      vertex -0.4518299996852875 -2.2900199964642525 2
    endloop
  endfacet
  facet normal -1 0 0
    outer loop
      vertex -5.269409999251366 0.65574000030756 2
      vertex -5.269409999251366 0.65574000030756 1.2
      vertex -5.269409999251366 -3.6652799993753433 1.2
    endloop
  endfacet
  facet normal -0.9876060779449634 -0.15695297004570136 0
    outer loop
      vertex -3.2706419974565506 -1.8846359997987747 2
      vertex -3.2706419974565506 -1.8846359997987747 1.2
      vertex -3.219378001987934 -2.207208000123501 1.2
    endloop
  endfacet
  facet normal -0.998791864926728 -0.049140721974637154 0
    outer loop
      vertex -3.287730000913143 -1.537320002913475 2
      vertex -3.287730000913143 -1.537320002913475 1.2
      vertex -3.2706419974565506 -1.8846359997987747 1.2
    endloop
  endfacet
  facet normal 0.9807103339919879 0.19546672556044775 0
    outer loop
      vertex -2.0658179968595505 -2.205081596970558 2
      vertex -2.0658179968595505 -2.205081596970558 1.2
      vertex -2.1009659990668297 -2.028734400868416 1.2
    endloop
  endfacet
  facet normal 0.9970509369573769 0.07674261601233655 0
    outer loop
      vertex -2.1009659990668297 -2.028734400868416 2
      vertex -2.1009659990668297 -2.028734400868416 1.2
      vertex -2.115929998457432 -1.8343200013041496 1.2
    endloop
  endfacet
  facet normal -0.9985103874871062 0.05456194718252833 0
    outer loop
      vertex -3.2652707993984222 -1.126305602490902 2
      vertex -3.2652707993984222 -1.126305602490902 1.2
      vertex -3.287730000913143 -1.537320002913475 1.2
    endloop
  endfacet
  facet normal 0 -1 0
    outer loop
      vertex -2.115929998457432 -1.8343200013041496 2
      vertex -2.115929998457432 -1.8343200013041496 1.2
      vertex 0.7484700009226799 -1.8343200013041496 1.2
    endloop
  endfacet
  facet normal 0 1 0
    outer loop
      vertex -2.095590002834797 -1.1345399990677834 2
      vertex -0.38673000037670135 -1.1345399990677834 1.2
      vertex -2.095590002834797 -1.1345399990677834 1.2
    endloop
  endfacet
  facet normal -0.9841359557266611 0.17741595375267538 0
    outer loop
      vertex -3.19789320230484 -0.7525584027171135 2
      vertex -3.19789320230484 -0.7525584027171135 1.2
      vertex -3.2652707993984222 -1.126305602490902 1.2
    endloop
  endfacet
  facet normal 0.9989318399709849 -0.046207998140827905 0
    outer loop
      vertex -2.0872932001948357 -0.955178402364254 2
      vertex -2.095590002834797 -1.1345399990677834 1.2
      vertex -2.0872932001948357 -0.955178402364254 1.2
    endloop
  endfacet
  facet normal 0.9855359983353016 -0.16946620897760264 0
    outer loop
      vertex -2.059138797223568 -0.7914455980062485 2
      vertex -2.0872932001948357 -0.955178402364254 1.2
      vertex -2.059138797223568 -0.7914455980062485 1.2
    endloop
  endfacet
  facet normal 0.9512637740315657 -0.3083783912909956 0
    outer loop
      vertex -2.0111268013715744 -0.643341600894928 2
      vertex -2.059138797223568 -0.7914455980062485 1.2
      vertex -2.0111268013715744 -0.643341600894928 1.2
    endloop
  endfacet
  facet normal 0.8899985089021757 -0.45596343510407034 0
    outer loop
      vertex -1.9432571977376938 -0.5108664035797119 2
      vertex -2.0111268013715744 -0.643341600894928 1.2
      vertex -1.9432571977376938 -0.5108664035797119 1.2
    endloop
  endfacet
  facet normal -0.9485682159761806 0.31657280306394975 0
    outer loop
      vertex -3.085597202181816 -0.4160784035921097 2
      vertex -3.085597202181816 -0.4160784035921097 1.2
      vertex -3.19789320230484 -0.7525584027171135 1.2
    endloop
  endfacet
  facet normal -0.8852423852068355 0.4651300027232307 0
    outer loop
      vertex -2.9283827990293503 -0.1168655976653099 2
      vertex -2.9283827990293503 -0.1168655976653099 1.2
      vertex -3.085597202181816 -0.4160784035921097 1.2
    endloop
  endfacet
  facet normal 0.7996963764042982 -0.6004046182082837 0
    outer loop
      vertex -1.8555300012230873 -0.3940199986100197 2
      vertex -1.9432571977376938 -0.5108664035797119 1.2
      vertex -1.8555300012230873 -0.3940199986100197 1.2
    endloop
  endfacet
  facet normal -0.9972105355117693 -0.07464012234937979 0
    outer loop
      vertex -0.38673000037670135 -1.1345399990677834 2
      vertex -0.4008803963661194 -0.9454872012138367 1.2
      vertex -0.38673000037670135 -1.1345399990677834 1.2
    endloop
  endfacet
  facet normal -0.9819918028603188 -0.18892352716149644 0
    outer loop
      vertex -0.4008803963661194 -0.9454872012138367 2
      vertex -0.43358760327100754 -0.7754807993769646 1.2
      vertex -0.4008803963661194 -0.9454872012138367 1.2
    endloop
  endfacet
  facet normal -0.8838317265370854 -0.46780495846717446 0
    outer loop
      vertex -0.484851598739624 -0.6245208010077477 2
      vertex -0.55467239767313 -0.4926071986556053 1.2
      vertex -0.484851598739624 -0.6245208010077477 1.2
    endloop
  endfacet
  facet normal -0.9468919745281634 -0.3215518443022152 0
    outer loop
      vertex -0.43358760327100754 -0.7754807993769646 2
      vertex -0.484851598739624 -0.6245208010077477 1.2
      vertex -0.43358760327100754 -0.7754807993769646 1.2
    endloop
  endfacet
  facet normal 0.6903444657841955 -0.7234808349646408 0
    outer loop
      vertex -1.7526684030890465 -0.2958695963025093 2
      vertex -1.8555300012230873 -0.3940199986100197 1.2
      vertex -1.7526684030890465 -0.2958695963025093 1.2
    endloop
  endfacet
  facet normal 0.5588694442702836 -0.8292556567555173 0
    outer loop
      vertex -1.6393956020474434 -0.2195304036140442 2
      vertex -1.7526684030890465 -0.2958695963025093 1.2
      vertex -1.6393956020474434 -0.2195304036140442 1.2
    endloop
  endfacet
  facet normal 0.4034019774801291 -0.9150228655968775 0
    outer loop
      vertex -1.515711598098278 -0.16500239819288254 2
      vertex -1.6393956020474434 -0.2195304036140442 1.2
      vertex -1.515711598098278 -0.16500239819288254 1.2
    endloop
  endfacet
  facet normal 0.2370290024369986 -0.971502574368036 0
    outer loop
      vertex -1.381616398692131 -0.13228560239076614 2
      vertex -1.515711598098278 -0.16500239819288254 1.2
      vertex -1.381616398692131 -0.13228560239076614 1.2
    endloop
  endfacet
  facet normal -0.23667273640136827 -0.9715894276103917 0
    outer loop
      vertex -0.974098801612854 -0.16271760314702988 2
      vertex -1.101373203098774 -0.13171440362930298 1.2
      vertex -0.974098801612854 -0.16271760314702988 1.2
    endloop
  endfacet
  facet normal 0.07525394725057628 -0.997164401401899 0
    outer loop
      vertex -1.2371099963784218 -0.12138000130653381 2
      vertex -1.381616398692131 -0.13228560239076614 1.2
      vertex -1.2371099963784218 -0.12138000130653381 1.2
    endloop
  endfacet
  facet normal -0.07591589069634135 -0.9971142249209872 0
    outer loop
      vertex -1.101373203098774 -0.13171440362930298 2
      vertex -1.2371099963784218 -0.12138000130653381 1.2
      vertex -1.101373203098774 -0.13171440362930298 1.2
    endloop
  endfacet
  facet normal -0.7873466894453484 -0.6165104951413642 0
    outer loop
      vertex -0.55467239767313 -0.4926071986556053 2
      vertex -0.6430500000715256 -0.37973999977111816 1.2
      vertex -0.55467239767313 -0.4926071986556053 1.2
    endloop
  endfacet
  facet normal -0.6741988304854857 -0.738549887937168 0
    outer loop
      vertex -0.6430500000715256 -0.37973999977111816 2
      vertex -0.7449371963739395 -0.28673040121793747 1.2
      vertex -0.6430500000715256 -0.37973999977111816 1.2
    endloop
  endfacet
  facet normal -0.5482531123180204 -0.8363124564620594 0
    outer loop
      vertex -0.7449371963739395 -0.28673040121793747 2
      vertex -0.8552867993712425 -0.2143895998597145 1.2
      vertex -0.7449371963739395 -0.28673040121793747 1.2
    endloop
  endfacet
  facet normal -0.3988209101763443 -0.9170288335740117 0
    outer loop
      vertex -0.8552867993712425 -0.2143895998597145 2
      vertex -0.974098801612854 -0.16271760314702988 1.2
      vertex -0.8552867993712425 -0.2143895998597145 1.2
    endloop
  endfacet
  facet normal 1 0 0
    outer loop
      vertex -4.126050002872944 -3.6652799993753433 2
      vertex -4.126050002872944 0.65574000030756 1.2
      vertex -4.126050002872944 0.65574000030756 2
    endloop
  endfacet
  facet normal 0 0 1
    outer loop
      vertex -5.269409999251366 -3.6652799993753433 2
      vertex -4.126050002872944 0.65574000030756 2
      vertex -5.269409999251366 0.65574000030756 2
    endloop
  endfacet
  facet normal -0.9876060779449634 -0.15695297004570136 0
    outer loop
      vertex -3.219378001987934 -2.207208000123501 2
      vertex -3.2706419974565506 -1.8846359997987747 2
      vertex -3.219378001987934 -2.207208000123501 1.2
    endloop
  endfacet
  facet normal -0.998791864926728 -0.049140721974637154 0
    outer loop
      vertex -3.2706419974565506 -1.8846359997987747 2
      vertex -3.287730000913143 -1.537320002913475 2
      vertex -3.2706419974565506 -1.8846359997987747 1.2
    endloop
  endfacet
  facet normal 0.9807103339919879 0.19546672556044775 0
    outer loop
      vertex -2.0658179968595505 -2.205081596970558 2
      vertex -2.1009659990668297 -2.028734400868416 1.2
      vertex -2.1009659990668297 -2.028734400868416 2
    endloop
  endfacet
  facet normal 0.9970509369573769 0.07674261601233655 0
    outer loop
      vertex -2.1009659990668297 -2.028734400868416 2
      vertex -2.115929998457432 -1.8343200013041496 1.2
      vertex -2.115929998457432 -1.8343200013041496 2
    endloop
  endfacet
  facet normal -0.9985103874871062 0.05456194718252833 0
    outer loop
      vertex -3.287730000913143 -1.537320002913475 2
      vertex -3.2652707993984222 -1.126305602490902 2
      vertex -3.287730000913143 -1.537320002913475 1.2
    endloop
  endfacet
  facet normal 0 -1 0
    outer loop
      vertex -2.115929998457432 -1.8343200013041496 2
      vertex 0.7484700009226799 -1.8343200013041496 1.2
      vertex 0.7484700009226799 -1.8343200013041496 2
    endloop
  endfacet
  facet normal 0 1 0
    outer loop
      vertex -2.095590002834797 -1.1345399990677834 2
      vertex -0.38673000037670135 -1.1345399990677834 2
      vertex -0.38673000037670135 -1.1345399990677834 1.2
    endloop
  endfacet
  facet normal 0 0 1
    outer loop
      vertex -3.219378001987934 -2.207208000123501 2
      vertex -2.1009659990668297 -2.028734400868416 2
      vertex -3.2706419974565506 -1.8846359997987747 2
    endloop
  endfacet
  facet normal 0 0 1
    outer loop
      vertex -3.2706419974565506 -1.8846359997987747 2
      vertex -2.115929998457432 -1.8343200013041496 2
      vertex -3.287730000913143 -1.537320002913475 2
    endloop
  endfacet
  facet normal 0 0 1
    outer loop
      vertex -3.219378001987934 -2.207208000123501 2
      vertex -2.0658179968595505 -2.205081596970558 2
      vertex -2.1009659990668297 -2.028734400868416 2
    endloop
  endfacet
  facet normal 0 0 1
    outer loop
      vertex -3.2706419974565506 -1.8846359997987747 2
      vertex -2.1009659990668297 -2.028734400868416 2
      vertex -2.115929998457432 -1.8343200013041496 2
    endloop
  endfacet
  facet normal 0 0 1
    outer loop
      vertex -3.287730000913143 -1.537320002913475 2
      vertex -2.095590002834797 -1.1345399990677834 2
      vertex -3.2652707993984222 -1.126305602490902 2
    endloop
  endfacet
  facet normal 0 0 1
    outer loop
      vertex -3.287730000913143 -1.537320002913475 2
      vertex -2.115929998457432 -1.8343200013041496 2
      vertex -2.095590002834797 -1.1345399990677834 2
    endloop
  endfacet
  facet normal 0 0 1
    outer loop
      vertex -2.115929998457432 -1.8343200013041496 2
      vertex -0.38673000037670135 -1.1345399990677834 2
      vertex -2.095590002834797 -1.1345399990677834 2
    endloop
  endfacet
  facet normal 0 0 1
    outer loop
      vertex -2.115929998457432 -1.8343200013041496 2
      vertex 0.7484700009226799 -1.8343200013041496 2
      vertex -0.38673000037670135 -1.1345399990677834 2
    endloop
  endfacet
  facet normal -0.9841359557266611 0.17741595375267538 0
    outer loop
      vertex -3.2652707993984222 -1.126305602490902 2
      vertex -3.19789320230484 -0.7525584027171135 2
      vertex -3.2652707993984222 -1.126305602490902 1.2
    endloop
  endfacet
  facet normal -0.9485682159761806 0.31657280306394975 0
    outer loop
      vertex -3.19789320230484 -0.7525584027171135 2
      vertex -3.085597202181816 -0.4160784035921097 2
      vertex -3.19789320230484 -0.7525584027171135 1.2
    endloop
  endfacet
  facet normal 0.9989318399709849 -0.046207998140827905 0
    outer loop
      vertex -2.095590002834797 -1.1345399990677834 2
      vertex -2.095590002834797 -1.1345399990677834 1.2
      vertex -2.0872932001948357 -0.955178402364254 2
    endloop
  endfacet
  facet normal 0.9855359983353016 -0.16946620897760264 0
    outer loop
      vertex -2.0872932001948357 -0.955178402364254 2
      vertex -2.0872932001948357 -0.955178402364254 1.2
      vertex -2.059138797223568 -0.7914455980062485 2
    endloop
  endfacet
  facet normal 0.9512637740315657 -0.3083783912909956 0
    outer loop
      vertex -2.059138797223568 -0.7914455980062485 2
      vertex -2.059138797223568 -0.7914455980062485 1.2
      vertex -2.0111268013715744 -0.643341600894928 2
    endloop
  endfacet
  facet normal 0.8899985089021757 -0.45596343510407034 0
    outer loop
      vertex -2.0111268013715744 -0.643341600894928 2
      vertex -2.0111268013715744 -0.643341600894928 1.2
      vertex -1.9432571977376938 -0.5108664035797119 2
    endloop
  endfacet
  facet normal -0.8852423852068355 0.4651300027232307 0
    outer loop
      vertex -3.085597202181816 -0.4160784035921097 2
      vertex -2.9283827990293503 -0.1168655976653099 2
      vertex -3.085597202181816 -0.4160784035921097 1.2
    endloop
  endfacet
  facet normal -0.791693844043168 0.6109180446706024 0
    outer loop
      vertex -2.9283827990293503 -0.1168655976653099 2
      vertex -2.7262500002980232 0.14508000016212463 2
      vertex -2.9283827990293503 -0.1168655976653099 1.2
    endloop
  endfacet
  facet normal 0.7996963764042982 -0.6004046182082837 0
    outer loop
      vertex -1.9432571977376938 -0.5108664035797119 2
      vertex -1.9432571977376938 -0.5108664035797119 1.2
      vertex -1.8555300012230873 -0.3940199986100197 2
    endloop
  endfacet
  facet normal -0.9972105355117693 -0.07464012234937979 0
    outer loop
      vertex -0.38673000037670135 -1.1345399990677834 2
      vertex -0.4008803963661194 -0.9454872012138367 2
      vertex -0.4008803963661194 -0.9454872012138367 1.2
    endloop
  endfacet
  facet normal -0.9819918028603188 -0.18892352716149644 0
    outer loop
      vertex -0.4008803963661194 -0.9454872012138367 2
      vertex -0.43358760327100754 -0.7754807993769646 2
      vertex -0.43358760327100754 -0.7754807993769646 1.2
    endloop
  endfacet
  facet normal -0.9468919745281634 -0.3215518443022152 0
    outer loop
      vertex -0.43358760327100754 -0.7754807993769646 2
      vertex -0.484851598739624 -0.6245208010077477 2
      vertex -0.484851598739624 -0.6245208010077477 1.2
    endloop
  endfacet
  facet normal 0.6903444657841955 -0.7234808349646408 0
    outer loop
      vertex -1.8555300012230873 -0.3940199986100197 2
      vertex -1.8555300012230873 -0.3940199986100197 1.2
      vertex -1.7526684030890465 -0.2958695963025093 2
    endloop
  endfacet
  facet normal 0.5588694442702836 -0.8292556567555173 0
    outer loop
      vertex -1.7526684030890465 -0.2958695963025093 2
      vertex -1.7526684030890465 -0.2958695963025093 1.2
      vertex -1.6393956020474434 -0.2195304036140442 2
    endloop
  endfacet
  facet normal 0.4034019774801291 -0.9150228655968775 0
    outer loop
      vertex -1.6393956020474434 -0.2195304036140442 2
      vertex -1.6393956020474434 -0.2195304036140442 1.2
      vertex -1.515711598098278 -0.16500239819288254 2
    endloop
  endfacet
  facet normal 0.2370290024369986 -0.971502574368036 0
    outer loop
      vertex -1.515711598098278 -0.16500239819288254 2
      vertex -1.515711598098278 -0.16500239819288254 1.2
      vertex -1.381616398692131 -0.13228560239076614 2
    endloop
  endfacet
  facet normal -0.23667273640136827 -0.9715894276103917 0
    outer loop
      vertex -1.101373203098774 -0.13171440362930298 2
      vertex -1.101373203098774 -0.13171440362930298 1.2
      vertex -0.974098801612854 -0.16271760314702988 2
    endloop
  endfacet
  facet normal -0.3988209101763443 -0.9170288335740117 0
    outer loop
      vertex -0.974098801612854 -0.16271760314702988 2
      vertex -0.974098801612854 -0.16271760314702988 1.2
      vertex -0.8552867993712425 -0.2143895998597145 2
    endloop
  endfacet
  facet normal 0.07525394725057628 -0.997164401401899 0
    outer loop
      vertex -1.381616398692131 -0.13228560239076614 2
      vertex -1.381616398692131 -0.13228560239076614 1.2
      vertex -1.2371099963784218 -0.12138000130653381 2
    endloop
  endfacet
  facet normal -0.07591589069634135 -0.9971142249209872 0
    outer loop
      vertex -1.2371099963784218 -0.12138000130653381 2
      vertex -1.2371099963784218 -0.12138000130653381 1.2
      vertex -1.101373203098774 -0.13171440362930298 2
    endloop
  endfacet
  facet normal -0.8838317265370854 -0.46780495846717446 0
    outer loop
      vertex -0.484851598739624 -0.6245208010077477 2
      vertex -0.55467239767313 -0.4926071986556053 2
      vertex -0.55467239767313 -0.4926071986556053 1.2
    endloop
  endfacet
  facet normal -0.7873466894453484 -0.6165104951413642 0
    outer loop
      vertex -0.55467239767313 -0.4926071986556053 2
      vertex -0.6430500000715256 -0.37973999977111816 2
      vertex -0.6430500000715256 -0.37973999977111816 1.2
    endloop
  endfacet
  facet normal -0.6741988304854857 -0.738549887937168 0
    outer loop
      vertex -0.6430500000715256 -0.37973999977111816 2
      vertex -0.7449371963739395 -0.28673040121793747 2
      vertex -0.7449371963739395 -0.28673040121793747 1.2
    endloop
  endfacet
  facet normal -0.5482531123180204 -0.8363124564620594 0
    outer loop
      vertex -0.8552867993712425 -0.2143895998597145 2
      vertex -0.8552867993712425 -0.2143895998597145 1.2
      vertex -0.7449371963739395 -0.28673040121793747 2
    endloop
  endfacet
  facet normal 0 0 1
    outer loop
      vertex -3.2652707993984222 -1.126305602490902 2
      vertex -2.0872932001948357 -0.955178402364254 2
      vertex -3.19789320230484 -0.7525584027171135 2
    endloop
  endfacet
  facet normal 0 0 1
    outer loop
      vertex -3.2652707993984222 -1.126305602490902 2
      vertex -2.095590002834797 -1.1345399990677834 2
      vertex -2.0872932001948357 -0.955178402364254 2
    endloop
  endfacet
  facet normal 0 0 1
    outer loop
      vertex -3.19789320230484 -0.7525584027171135 2
      vertex -2.0872932001948357 -0.955178402364254 2
      vertex -2.059138797223568 -0.7914455980062485 2
    endloop
  endfacet
  facet normal 0 0 1
    outer loop
      vertex -3.19789320230484 -0.7525584027171135 2
      vertex -2.059138797223568 -0.7914455980062485 2
      vertex -3.085597202181816 -0.4160784035921097 2
    endloop
  endfacet
  facet normal 0 0 1
    outer loop
      vertex -3.085597202181816 -0.4160784035921097 2
      vertex -2.059138797223568 -0.7914455980062485 2
      vertex -2.0111268013715744 -0.643341600894928 2
    endloop
  endfacet
  facet normal 0 0 1
    outer loop
      vertex -3.085597202181816 -0.4160784035921097 2
      vertex -2.0111268013715744 -0.643341600894928 2
      vertex -2.9283827990293503 -0.1168655976653099 2
    endloop
  endfacet
  facet normal 0 0 1
    outer loop
      vertex -2.9283827990293503 -0.1168655976653099 2
      vertex -2.0111268013715744 -0.643341600894928 2
      vertex -1.9432571977376938 -0.5108664035797119 2
    endloop
  endfacet
  facet normal 0 0 1
    outer loop
      vertex -2.9283827990293503 -0.1168655976653099 2
      vertex -1.9432571977376938 -0.5108664035797119 2
      vertex -2.7262500002980232 0.14508000016212463 2
    endloop
  endfacet
  facet normal 0 0 1
    outer loop
      vertex -1.9432571977376938 -0.5108664035797119 2
      vertex -1.8555300012230873 -0.3940199986100197 2
      vertex -2.7262500002980232 0.14508000016212463 2
    endloop
  endfacet
  facet normal 0 0 1
    outer loop
      vertex -1.8555300012230873 -0.3940199986100197 2
      vertex -1.7526684030890465 -0.2958695963025093 2
      vertex -2.489775598049164 0.36406079679727554 2
    endloop
  endfacet
  facet normal 0 0 1
    outer loop
      vertex -0.38673000037670135 -1.1345399990677834 2
      vertex 0.6749052032828331 -0.891369603574276 2
      vertex -0.4008803963661194 -0.9454872012138367 2
    endloop
  endfacet
  facet normal 0 0 1
    outer loop
      vertex -0.4008803963661194 -0.9454872012138367 2
      vertex 0.5682971999049187 -0.5011895969510078 2
      vertex -0.43358760327100754 -0.7754807993769646 2
    endloop
  endfacet
  facet normal 0 0 1
    outer loop
      vertex -0.43358760327100754 -0.7754807993769646 2
      vertex 0.5682971999049187 -0.5011895969510078 2
      vertex -0.484851598739624 -0.6245208010077477 2
    endloop
  endfacet
  facet normal 0 0 1
    outer loop
      vertex -0.484851598739624 -0.6245208010077477 2
      vertex 0.415138803422451 -0.1652064025402069 2
      vertex -0.55467239767313 -0.4926071986556053 2
    endloop
  endfacet
  facet normal 0 0 1
    outer loop
      vertex -0.6430500000715256 -0.37973999977111816 2
      vertex -0.023804396390914917 0.3458207994699478 2
      vertex -0.7449371963739395 -0.28673040121793747 2
    endloop
  endfacet
  facet normal 0 0 1
    outer loop
      vertex -0.55467239767313 -0.4926071986556053 2
      vertex 0.21542999893426895 0.11658000200986862 2
      vertex -0.6430500000715256 -0.37973999977111816 2
    endloop
  endfacet
  facet normal 0 -1 0
    outer loop
      vertex -10.628250002861023 1.2904800027608871 2
      vertex -10.628250002861023 1.2904800027608871 1.2
      vertex -8.858369998633862 1.2904800027608871 1.2
    endloop
  endfacet
  facet normal -1 0 0
    outer loop
      vertex -10.628250002861023 2.2995000034570694 2
      vertex -10.628250002861023 2.2995000034570694 1.2
      vertex -10.628250002861023 1.2904800027608871 1.2
    endloop
  endfacet
  facet normal -1 0 0
    outer loop
      vertex -10.628250002861023 1.2904800027608871 2
      vertex -10.628250002861023 2.2995000034570694 2
      vertex -10.628250002861023 1.2904800027608871 1.2
    endloop
  endfacet
  facet normal 0 -1 0
    outer loop
      vertex -10.628250002861023 1.2904800027608871 2
      vertex -8.858369998633862 1.2904800027608871 1.2
      vertex -8.858369998633862 1.2904800027608871 2
    endloop
  endfacet
  facet normal 0 0 1
    outer loop
      vertex -10.628250002861023 1.2904800027608871 2
      vertex -8.858369998633862 1.2904800027608871 2
      vertex -10.628250002861023 2.2995000034570694 2
    endloop
  endfacet
  facet normal 0 0 1
    outer loop
      vertex -8.858369998633862 1.2904800027608871 2
      vertex -7.653990000486374 1.2904800027608871 2
      vertex -10.628250002861023 2.2995000034570694 2
    endloop
  endfacet
  facet normal 0 0 1
    outer loop
      vertex -7.653990000486374 1.2904800027608871 2
      vertex -5.888190001249313 2.2995000034570694 2
      vertex -10.628250002861023 2.2995000034570694 2
    endloop
  endfacet
  facet normal 0 1 0
    outer loop
      vertex -5.888190001249313 2.2995000034570694 2
      vertex -5.888190001249313 2.2995000034570694 1.2
      vertex -10.628250002861023 2.2995000034570694 1.2
    endloop
  endfacet
  facet normal 0 1 0
    outer loop
      vertex -10.628250002861023 2.2995000034570694 2
      vertex -5.888190001249313 2.2995000034570694 2
      vertex -10.628250002861023 2.2995000034570694 1.2
    endloop
  endfacet
  facet normal 0 1 0
    outer loop
      vertex -4.126050002872944 0.65574000030756 2
      vertex -4.126050002872944 0.65574000030756 1.2
      vertex -5.269409999251366 0.65574000030756 1.2
    endloop
  endfacet
  facet normal 0 -1 0
    outer loop
      vertex -7.653990000486374 1.2904800027608871 2
      vertex -7.653990000486374 1.2904800027608871 1.2
      vertex -5.888190001249313 1.2904800027608871 1.2
    endloop
  endfacet
  facet normal 1 0 0
    outer loop
      vertex -5.888190001249313 1.2904800027608871 2
      vertex -5.888190001249313 1.2904800027608871 1.2
      vertex -5.888190001249313 2.2995000034570694 1.2
    endloop
  endfacet
  facet normal 0 -1 0
    outer loop
      vertex -5.269409999251366 1.2416400015354156 2
      vertex -5.269409999251366 1.2416400015354156 1.2
      vertex -4.126050002872944 1.2416400015354156 1.2
    endloop
  endfacet
  facet normal 1 0 0
    outer loop
      vertex -4.126050002872944 1.2416400015354156 2
      vertex -4.126050002872944 1.2416400015354156 1.2
      vertex -4.126050002872944 2.2995000034570694 1.2
    endloop
  endfacet
  facet normal -1 0 0
    outer loop
      vertex -5.269409999251366 2.2995000034570694 2
      vertex -5.269409999251366 2.2995000034570694 1.2
      vertex -5.269409999251366 1.2416400015354156 1.2
    endloop
  endfacet
  facet normal -0.791693844043168 0.6109180446706024 0
    outer loop
      vertex -2.7262500002980232 0.14508000016212463 2
      vertex -2.7262500002980232 0.14508000016212463 1.2
      vertex -2.9283827990293503 -0.1168655976653099 1.2
    endloop
  endfacet
  facet normal -0.6794464811158496 0.7337250706492789 0
    outer loop
      vertex -2.489775598049164 0.36406079679727554 2
      vertex -2.489775598049164 0.36406079679727554 1.2
      vertex -2.7262500002980232 0.14508000016212463 1.2
    endloop
  endfacet
  facet normal -0.5476141958987131 0.8367309558335976 0
    outer loop
      vertex -2.229536399245262 0.5343791991472244 2
      vertex -2.229536399245262 0.5343791991472244 1.2
      vertex -2.489775598049164 0.36406079679727554 1.2
    endloop
  endfacet
  facet normal -0.3937552271296345 0.9192153290214922 0
    outer loop
      vertex -1.9455323964357376 0.6560351997613907 2
      vertex -1.9455323964357376 0.6560351997613907 1.2
      vertex -2.229536399245262 0.5343791991472244 1.2
    endloop
  endfacet
  facet normal 0.5485288575117122 0.8361316238947644 0
    outer loop
      vertex -0.023804396390914917 0.3458207994699478 2
      vertex -0.023804396390914917 0.3458207994699478 1.2
      vertex -0.29558759927749634 0.5241191983222961 1.2
    endloop
  endfacet
  facet normal -0.2307686889345718 0.9730086393282532 0
    outer loop
      vertex -1.6377635970711708 0.7290287986397743 2
      vertex -1.6377635970711708 0.7290287986397743 1.2
      vertex -1.9455323964357376 0.6560351997613907 1.2
    endloop
  endfacet
  facet normal -0.07319301450517578 0.9973177941998455 0
    outer loop
      vertex -1.3062300011515617 0.7533600032329559 2
      vertex -1.3062300011515617 0.7533600032329559 1.2
      vertex -1.6377635970711708 0.7290287986397743 1.2
    endloop
  endfacet
  facet normal 0.06878408241600366 0.9976315702734092 0
    outer loop
      vertex -0.9368003979325294 0.7278888002038002 2
      vertex -0.9368003979325294 0.7278888002038002 1.2
      vertex -1.3062300011515617 0.7533600032329559 1.2
    endloop
  endfacet
  facet normal 0.22120758715866035 0.9752267446001692 0
    outer loop
      vertex -0.5999196022748947 0.6514751985669136 2
      vertex -0.5999196022748947 0.6514751985669136 1.2
      vertex -0.9368003979325294 0.7278888002038002 1.2
    endloop
  endfacet
  facet normal 0.38603803362583927 0.9224828652036282 0
    outer loop
      vertex -0.29558759927749634 0.5241191983222961 2
      vertex -0.29558759927749634 0.5241191983222961 1.2
      vertex -0.5999196022748947 0.6514751985669136 1.2
    endloop
  endfacet
  facet normal 0 -1 0
    outer loop
      vertex -2.6448900029063225 1.2009600028395653 2
      vertex -2.6448900029063225 1.2009600028395653 1.2
      vertex -1.7212499976158142 1.2009600028395653 1.2
    endloop
  endfacet
  facet normal -0.8146487548751117 0.5799546587281028 0
    outer loop
      vertex -1.7904300019145012 2.401199996471405 2
      vertex -1.7904300019145012 2.401199996471405 1.2
      vertex -2.6448900029063225 1.2009600028395653 1.2
    endloop
  endfacet
  facet normal 0.8096637530294307 -0.5868940339024556 0
    outer loop
      vertex -1.7212499976158142 1.2009600028395653 2
      vertex -1.7212499976158142 1.2009600028395653 1.2
      vertex -1.281810000538826 1.8071999996900558 1.2
    endloop
  endfacet
  facet normal -0.7890745961645721 -0.6142973886382048 0
    outer loop
      vertex -1.281810000538826 1.8071999996900558 2
      vertex -1.281810000538826 1.8071999996900558 1.2
      vertex -0.8098499998450279 1.2009600028395653 1.2
    endloop
  endfacet
  facet normal 0 -1 0
    outer loop
      vertex -0.8098499998450279 1.2009600028395653 2
      vertex -0.8098499998450279 1.2009600028395653 1.2
      vertex 0.10971000045537949 1.2009600028395653 1.2
    endloop
  endfacet
  facet normal 0.8185546655780167 0.5744286373958574 0
    outer loop
      vertex 0.10971000045537949 1.2009600028395653 2
      vertex 0.10971000045537949 1.2009600028395653 1.2
      vertex -0.7325699999928474 2.401199996471405 1.2
    endloop
  endfacet
  facet normal 0 1 0
    outer loop
      vertex -5.269409999251366 0.65574000030756 2
      vertex -4.126050002872944 0.65574000030756 2
      vertex -5.269409999251366 0.65574000030756 1.2
    endloop
  endfacet
  facet normal 0 -1 0
    outer loop
      vertex -7.653990000486374 1.2904800027608871 2
      vertex -5.888190001249313 1.2904800027608871 1.2
      vertex -5.888190001249313 1.2904800027608871 2
    endloop
  endfacet
  facet normal 1 0 0
    outer loop
      vertex -5.888190001249313 1.2904800027608871 2
      vertex -5.888190001249313 2.2995000034570694 1.2
      vertex -5.888190001249313 2.2995000034570694 2
    endloop
  endfacet
  facet normal -1 0 0
    outer loop
      vertex -5.269409999251366 1.2416400015354156 2
      vertex -5.269409999251366 2.2995000034570694 2
      vertex -5.269409999251366 1.2416400015354156 1.2
    endloop
  endfacet
  facet normal 0 -1 0
    outer loop
      vertex -5.269409999251366 1.2416400015354156 2
      vertex -4.126050002872944 1.2416400015354156 1.2
      vertex -4.126050002872944 1.2416400015354156 2
    endloop
  endfacet
  facet normal 1 0 0
    outer loop
      vertex -4.126050002872944 1.2416400015354156 2
      vertex -4.126050002872944 2.2995000034570694 1.2
      vertex -4.126050002872944 2.2995000034570694 2
    endloop
  endfacet
  facet normal 0 0 1
    outer loop
      vertex -7.653990000486374 1.2904800027608871 2
      vertex -5.888190001249313 1.2904800027608871 2
      vertex -5.888190001249313 2.2995000034570694 2
    endloop
  endfacet
  facet normal 0 0 1
    outer loop
      vertex -5.269409999251366 1.2416400015354156 2
      vertex -4.126050002872944 1.2416400015354156 2
      vertex -4.126050002872944 2.2995000034570694 2
    endloop
  endfacet
  facet normal 0 0 1
    outer loop
      vertex -5.269409999251366 1.2416400015354156 2
      vertex -4.126050002872944 2.2995000034570694 2
      vertex -5.269409999251366 2.2995000034570694 2
    endloop
  endfacet
  facet normal -0.6794464811158496 0.7337250706492789 0
    outer loop
      vertex -2.7262500002980232 0.14508000016212463 2
      vertex -2.489775598049164 0.36406079679727554 2
      vertex -2.7262500002980232 0.14508000016212463 1.2
    endloop
  endfacet
  facet normal -0.5476141958987131 0.8367309558335976 0
    outer loop
      vertex -2.489775598049164 0.36406079679727554 2
      vertex -2.229536399245262 0.5343791991472244 2
      vertex -2.489775598049164 0.36406079679727554 1.2
    endloop
  endfacet
  facet normal -0.3937552271296345 0.9192153290214922 0
    outer loop
      vertex -2.229536399245262 0.5343791991472244 2
      vertex -1.9455323964357376 0.6560351997613907 2
      vertex -2.229536399245262 0.5343791991472244 1.2
    endloop
  endfacet
  facet normal 0.5485288575117122 0.8361316238947644 0
    outer loop
      vertex -0.29558759927749634 0.5241191983222961 2
      vertex -0.023804396390914917 0.3458207994699478 2
      vertex -0.29558759927749634 0.5241191983222961 1.2
    endloop
  endfacet
  facet normal -0.2307686889345718 0.9730086393282532 0
    outer loop
      vertex -1.9455323964357376 0.6560351997613907 2
      vertex -1.6377635970711708 0.7290287986397743 2
      vertex -1.9455323964357376 0.6560351997613907 1.2
    endloop
  endfacet
  facet normal -0.07319301450517578 0.9973177941998455 0
    outer loop
      vertex -1.6377635970711708 0.7290287986397743 2
      vertex -1.3062300011515617 0.7533600032329559 2
      vertex -1.6377635970711708 0.7290287986397743 1.2
    endloop
  endfacet
  facet normal 0.06878408241600366 0.9976315702734092 0
    outer loop
      vertex -1.3062300011515617 0.7533600032329559 2
      vertex -0.9368003979325294 0.7278888002038002 2
      vertex -1.3062300011515617 0.7533600032329559 1.2
    endloop
  endfacet
  facet normal 0.38603803362583927 0.9224828652036282 0
    outer loop
      vertex -0.5999196022748947 0.6514751985669136 2
      vertex -0.29558759927749634 0.5241191983222961 2
      vertex -0.5999196022748947 0.6514751985669136 1.2
    endloop
  endfacet
  facet normal 0.22120758715866035 0.9752267446001692 0
    outer loop
      vertex -0.9368003979325294 0.7278888002038002 2
      vertex -0.5999196022748947 0.6514751985669136 2
      vertex -0.9368003979325294 0.7278888002038002 1.2
    endloop
  endfacet
  facet normal 0 0 1
    outer loop
      vertex -1.8555300012230873 -0.3940199986100197 2
      vertex -2.489775598049164 0.36406079679727554 2
      vertex -2.7262500002980232 0.14508000016212463 2
    endloop
  endfacet
  facet normal 0 0 1
    outer loop
      vertex -1.7526684030890465 -0.2958695963025093 2
      vertex -1.6393956020474434 -0.2195304036140442 2
      vertex -2.229536399245262 0.5343791991472244 2
    endloop
  endfacet
  facet normal 0 0 1
    outer loop
      vertex -1.7526684030890465 -0.2958695963025093 2
      vertex -2.229536399245262 0.5343791991472244 2
      vertex -2.489775598049164 0.36406079679727554 2
    endloop
  endfacet
  facet normal 0 0 1
    outer loop
      vertex -1.6393956020474434 -0.2195304036140442 2
      vertex -1.9455323964357376 0.6560351997613907 2
      vertex -2.229536399245262 0.5343791991472244 2
    endloop
  endfacet
  facet normal 0 0 1
    outer loop
      vertex -1.6393956020474434 -0.2195304036140442 2
      vertex -1.515711598098278 -0.16500239819288254 2
      vertex -1.9455323964357376 0.6560351997613907 2
    endloop
  endfacet
  facet normal 0 0 1
    outer loop
      vertex -1.515711598098278 -0.16500239819288254 2
      vertex -1.381616398692131 -0.13228560239076614 2
      vertex -1.6377635970711708 0.7290287986397743 2
    endloop
  endfacet
  facet normal 0 0 1
    outer loop
      vertex -1.381616398692131 -0.13228560239076614 2
      vertex -1.2371099963784218 -0.12138000130653381 2
      vertex -1.3062300011515617 0.7533600032329559 2
    endloop
  endfacet
  facet normal 0 0 1
    outer loop
      vertex -1.2371099963784218 -0.12138000130653381 2
      vertex -1.101373203098774 -0.13171440362930298 2
      vertex -1.3062300011515617 0.7533600032329559 2
    endloop
  endfacet
  facet normal 0 0 1
    outer loop
      vertex -1.101373203098774 -0.13171440362930298 2
      vertex -0.974098801612854 -0.16271760314702988 2
      vertex -0.9368003979325294 0.7278888002038002 2
    endloop
  endfacet
  facet normal 0 0 1
    outer loop
      vertex -1.515711598098278 -0.16500239819288254 2
      vertex -1.6377635970711708 0.7290287986397743 2
      vertex -1.9455323964357376 0.6560351997613907 2
    endloop
  endfacet
  facet normal 0 0 1
    outer loop
      vertex -1.381616398692131 -0.13228560239076614 2
      vertex -1.3062300011515617 0.7533600032329559 2
      vertex -1.6377635970711708 0.7290287986397743 2
    endloop
  endfacet
  facet normal 0 0 1
    outer loop
      vertex -1.101373203098774 -0.13171440362930298 2
      vertex -0.9368003979325294 0.7278888002038002 2
      vertex -1.3062300011515617 0.7533600032329559 2
    endloop
  endfacet
  facet normal 0 0 1
    outer loop
      vertex -0.974098801612854 -0.16271760314702988 2
      vertex -0.8552867993712425 -0.2143895998597145 2
      vertex -0.5999196022748947 0.6514751985669136 2
    endloop
  endfacet
  facet normal 0 0 1
    outer loop
      vertex -0.8552867993712425 -0.2143895998597145 2
      vertex -0.7449371963739395 -0.28673040121793747 2
      vertex -0.29558759927749634 0.5241191983222961 2
    endloop
  endfacet
  facet normal 0 0 1
    outer loop
      vertex -0.6430500000715256 -0.37973999977111816 2
      vertex 0.21542999893426895 0.11658000200986862 2
      vertex -0.023804396390914917 0.3458207994699478 2
    endloop
  endfacet
  facet normal 0 0 1
    outer loop
      vertex -0.7449371963739395 -0.28673040121793747 2
      vertex -0.023804396390914917 0.3458207994699478 2
      vertex -0.29558759927749634 0.5241191983222961 2
    endloop
  endfacet
  facet normal 0 0 1
    outer loop
      vertex -0.974098801612854 -0.16271760314702988 2
      vertex -0.5999196022748947 0.6514751985669136 2
      vertex -0.9368003979325294 0.7278888002038002 2
    endloop
  endfacet
  facet normal 0 0 1
    outer loop
      vertex -0.8552867993712425 -0.2143895998597145 2
      vertex -0.29558759927749634 0.5241191983222961 2
      vertex -0.5999196022748947 0.6514751985669136 2
    endloop
  endfacet
  facet normal 0 -1 0
    outer loop
      vertex -2.6448900029063225 1.2009600028395653 2
      vertex -1.7212499976158142 1.2009600028395653 1.2
      vertex -1.7212499976158142 1.2009600028395653 2
    endloop
  endfacet
  facet normal -0.8146487548751117 0.5799546587281028 0
    outer loop
      vertex -2.6448900029063225 1.2009600028395653 2
      vertex -1.7904300019145012 2.401199996471405 2
      vertex -2.6448900029063225 1.2009600028395653 1.2
    endloop
  endfacet
  facet normal 0.8096637530294307 -0.5868940339024556 0
    outer loop
      vertex -1.7212499976158142 1.2009600028395653 2
      vertex -1.281810000538826 1.8071999996900558 1.2
      vertex -1.281810000538826 1.8071999996900558 2
    endloop
  endfacet
  facet normal -0.7890745961645721 -0.6142973886382048 0
    outer loop
      vertex -0.8098499998450279 1.2009600028395653 2
      vertex -1.281810000538826 1.8071999996900558 2
      vertex -0.8098499998450279 1.2009600028395653 1.2
    endloop
  endfacet
  facet normal 0 -1 0
    outer loop
      vertex -0.8098499998450279 1.2009600028395653 2
      vertex 0.10971000045537949 1.2009600028395653 1.2
      vertex 0.10971000045537949 1.2009600028395653 2
    endloop
  endfacet
  facet normal 0.8185546655780167 0.5744286373958574 0
    outer loop
      vertex -0.7325699999928474 2.401199996471405 2
      vertex 0.10971000045537949 1.2009600028395653 2
      vertex -0.7325699999928474 2.401199996471405 1.2
    endloop
  endfacet
  facet normal 0 0 1
    outer loop
      vertex -2.6448900029063225 1.2009600028395653 2
      vertex -1.7212499976158142 1.2009600028395653 2
      vertex -1.7904300019145012 2.401199996471405 2
    endloop
  endfacet
  facet normal 0 0 1
    outer loop
      vertex -0.8098499998450279 1.2009600028395653 2
      vertex 0.10971000045537949 1.2009600028395653 2
      vertex -0.7325699999928474 2.401199996471405 2
    endloop
  endfacet
  facet normal 0 0 1
    outer loop
      vertex -1.7212499976158142 1.2009600028395653 2
      vertex -1.281810000538826 1.8071999996900558 2
      vertex -1.7904300019145012 2.401199996471405 2
    endloop
  endfacet
  facet normal 0 0 1
    outer loop
      vertex -0.8098499998450279 1.2009600028395653 2
      vertex -0.7325699999928474 2.401199996471405 2
      vertex -1.281810000538826 1.8071999996900558 2
    endloop
  endfacet
  facet normal 0 1 0
    outer loop
      vertex -4.126050002872944 2.2995000034570694 2
      vertex -4.126050002872944 2.2995000034570694 1.2
      vertex -5.269409999251366 2.2995000034570694 1.2
    endloop
  endfacet
  facet normal 0 1 0
    outer loop
      vertex -0.7325699999928474 2.401199996471405 2
      vertex -0.7325699999928474 2.401199996471405 1.2
      vertex -1.7904300019145012 2.401199996471405 1.2
    endloop
  endfacet
  facet normal 0 -1 0
    outer loop
      vertex -1.8067499995231628 2.6209200024604797 2
      vertex -1.8067499995231628 2.6209200024604797 1.2
      vertex -1.0824899971485138 2.6209200024604797 1.2
    endloop
  endfacet
  facet normal 0.7274423740892226 -0.6861687783478897 0
    outer loop
      vertex -1.0824899971485138 2.6209200024604797 2
      vertex -1.0824899971485138 2.6209200024604797 1.2
      vertex -0.00021000206470489502 3.7682999968528748 1.2
    endloop
  endfacet
  facet normal -0.9093655298880375 0.41599799645124347 0
    outer loop
      vertex -1.281870000064373 3.7682999968528748 2
      vertex -1.281870000064373 3.7682999968528748 1.2
      vertex -1.8067499995231628 2.6209200024604797 1.2
    endloop
  endfacet
  facet normal 0 1 0
    outer loop
      vertex -0.00021000206470489502 3.7682999968528748 2
      vertex -0.00021000206470489502 3.7682999968528748 1.2
      vertex -1.281870000064373 3.7682999968528748 1.2
    endloop
  endfacet
  facet normal 0 1 0
    outer loop
      vertex -5.269409999251366 2.2995000034570694 2
      vertex -4.126050002872944 2.2995000034570694 2
      vertex -5.269409999251366 2.2995000034570694 1.2
    endloop
  endfacet
  facet normal 0 1 0
    outer loop
      vertex -1.7904300019145012 2.401199996471405 2
      vertex -0.7325699999928474 2.401199996471405 2
      vertex -1.7904300019145012 2.401199996471405 1.2
    endloop
  endfacet
  facet normal 0 -1 0
    outer loop
      vertex -1.8067499995231628 2.6209200024604797 2
      vertex -1.0824899971485138 2.6209200024604797 1.2
      vertex -1.0824899971485138 2.6209200024604797 2
    endloop
  endfacet
  facet normal -0.9093655298880375 0.41599799645124347 0
    outer loop
      vertex -1.8067499995231628 2.6209200024604797 2
      vertex -1.281870000064373 3.7682999968528748 2
      vertex -1.8067499995231628 2.6209200024604797 1.2
    endloop
  endfacet
  facet normal 0 0 1
    outer loop
      vertex -1.281810000538826 1.8071999996900558 2
      vertex -0.7325699999928474 2.401199996471405 2
      vertex -1.7904300019145012 2.401199996471405 2
    endloop
  endfacet
  facet normal 0 0 1
    outer loop
      vertex -1.8067499995231628 2.6209200024604797 2
      vertex -1.0824899971485138 2.6209200024604797 2
      vertex -1.281870000064373 3.7682999968528748 2
    endloop
  endfacet
  facet normal 0.7274423740892226 -0.6861687783478897 0
    outer loop
      vertex -1.0824899971485138 2.6209200024604797 2
      vertex -0.00021000206470489502 3.7682999968528748 1.2
      vertex -0.00021000206470489502 3.7682999968528748 2
    endloop
  endfacet
  facet normal 0 1 0
    outer loop
      vertex -1.281870000064373 3.7682999968528748 2
      vertex -0.00021000206470489502 3.7682999968528748 2
      vertex -1.281870000064373 3.7682999968528748 1.2
    endloop
  endfacet
  facet normal 0 0 1
    outer loop
      vertex -1.0824899971485138 2.6209200024604797 2
      vertex -0.00021000206470489502 3.7682999968528748 2
      vertex -1.281870000064373 3.7682999968528748 2
    endloop
  endfacet
  facet normal 0.623145232956766 -0.7821061428241424 0
    outer loop
      vertex -0.0063299983739852905 -3.435419999063015 2
      vertex -0.0063299983739852905 -3.435419999063015 1.2
      vertex 0.1731204017996788 -3.2924423962831497 1.2
    endloop
  endfacet
  facet normal -0.4236970890372727 -0.9058039394600474 0
    outer loop
      vertex 2.200873203575611 -3.615261599421501 2
      vertex 2.200873203575611 -3.615261599421501 1.2
      vertex 2.2948499992489815 -3.65922000259161 1.2
    endloop
  endfacet
  facet normal -0.5052892766419173 -0.8629500257319007 0
    outer loop
      vertex 2.1174708008766174 -3.566426396369934 2
      vertex 2.1174708008766174 -3.566426396369934 1.2
      vertex 2.200873203575611 -3.615261599421501 1.2
    endloop
  endfacet
  facet normal -0.2628949805258375 -0.9648244551286621 0
    outer loop
      vertex 2.3965763971209526 -3.69656640291214 2
      vertex 2.3965763971209526 -3.69656640291214 1.2
      vertex 2.5031796023249626 -3.7256136015057564 1.2
    endloop
  endfacet
  facet normal -0.344634670354422 -0.938736887519447 0
    outer loop
      vertex 2.2948499992489815 -3.65922000259161 2
      vertex 2.2948499992489815 -3.65922000259161 1.2
      vertex 2.3965763971209526 -3.69656640291214 1.2
    endloop
  endfacet
  facet normal -0.1829721182983147 -0.9831181027350822 0
    outer loop
      vertex 2.5031796023249626 -3.7256136015057564 2
      vertex 2.5031796023249626 -3.7256136015057564 1.2
      vertex 2.6146595999598503 -3.7463615983724594 1.2
    endloop
  endfacet
  facet normal -0.10638107350220824 -0.994325433246338 0
    outer loop
      vertex 2.6146595999598503 -3.7463615983724594 2
      vertex 2.6146595999598503 -3.7463615983724594 1.2
      vertex 2.7310163974761963 -3.7588104009628296 1.2
    endloop
  endfacet
  facet normal -0.03420810787231357 -0.9994147314082358 0
    outer loop
      vertex 2.7310163974761963 -3.7588104009628296 2
      vertex 2.7310163974761963 -3.7588104009628296 1.2
      vertex 2.852250002324581 -3.7629600018262863 1.2
    endloop
  endfacet
  facet normal -0.5935517635396576 -0.8047958150978188 0
    outer loop
      vertex 2.044642798602581 -3.5127144008874893 2
      vertex 2.044642798602581 -3.5127144008874893 1.2
      vertex 2.1174708008766174 -3.566426396369934 1.2
    endloop
  endfacet
  facet normal -0.685347191295546 -0.7282164701400993 0
    outer loop
      vertex 1.982389196753502 -3.4541255980730057 2
      vertex 1.982389196753502 -3.4541255980730057 1.2
      vertex 2.044642798602581 -3.5127144008874893 1.2
    endloop
  endfacet
  facet normal -0.7754354627506839 -0.6314268311599 0
    outer loop
      vertex 1.9307100027799606 -3.3906600028276443 2
      vertex 1.9307100027799606 -3.3906600028276443 1.2
      vertex 1.982389196753502 -3.4541255980730057 1.2
    endloop
  endfacet
  facet normal -0.8510186706040997 -0.5251354323250629 0
    outer loop
      vertex 1.8871667981147766 -3.32009519636631 2
      vertex 1.8871667981147766 -3.32009519636631 1.2
      vertex 1.9307100027799606 -3.3906600028276443 1.2
    endloop
  endfacet
  facet normal -0.9036177849079003 -0.42833970023585194 0
    outer loop
      vertex 1.8493212014436722 -3.2402568012475967 2
      vertex 1.8493212014436722 -3.2402568012475967 1.2
      vertex 1.8871667981147766 -3.32009519636631 1.2
    endloop
  endfacet
  facet normal 0.03458519275597553 -0.999401753271442 0
    outer loop
      vertex 2.852250002324581 -3.7629600018262863 2
      vertex 2.852250002324581 -3.7629600018262863 1.2
      vertex 3.0498348027467728 -3.756122402846813 1.2
    endloop
  endfacet
  facet normal 0.10783069838977934 -0.9941692715452296 0
    outer loop
      vertex 3.0498348027467728 -3.756122402846813 2
      vertex 3.0498348027467728 -3.756122402846813 1.2
      vertex 3.2389571964740753 -3.7356095984578133 1.2
    endloop
  endfacet
  facet normal 0.1859393220420965 -0.9825612288903556 0
    outer loop
      vertex 3.2389571964740753 -3.7356095984578133 2
      vertex 3.2389571964740753 -3.7356095984578133 1.2
      vertex 3.41961719840765 -3.7014216035604477 1.2
    endloop
  endfacet
  facet normal 0.26780245913257733 -0.963473841306833 0
    outer loop
      vertex 3.41961719840765 -3.7014216035604477 2
      vertex 3.41961719840765 -3.7014216035604477 1.2
      vertex 3.591814801096916 -3.6535584032535553 1.2
    endloop
  endfacet
  facet normal 0.3518135544433774 -0.9360700950836517 0
    outer loop
      vertex 3.591814801096916 -3.6535584032535553 2
      vertex 3.591814801096916 -3.6535584032535553 1.2
      vertex 3.7555499970912933 -3.592019997537136 1.2
    endloop
  endfacet
  facet normal 0.7238128523788938 -0.6899963439983792 0
    outer loop
      vertex 0.1731204017996788 -3.2924423962831497 2
      vertex 0.1731204017996788 -3.2924423962831497 1.2
      vertex 0.3322236016392708 -3.1255415976047516 1.2
    endloop
  endfacet
  facet normal 0.8087866601250455 -0.588102149633696 0
    outer loop
      vertex 0.3322236016392708 -3.1255415976047516 2
      vertex 0.3322236016392708 -3.1255415976047516 1.2
      vertex 0.47097960114479065 -2.9347176030278206 1.2
    endloop
  endfacet
  facet normal 0.8757025611055809 -0.48285093400875423 0
    outer loop
      vertex 0.47097960114479065 -2.9347176030278206 2
      vertex 0.47097960114479065 -2.9347176030278206 1.2
      vertex 0.5893884003162384 -2.7199703976511955 1.2
    endloop
  endfacet
  facet normal -0.9406595006319656 -0.33935188797297294 0
    outer loop
      vertex 1.8171731978654861 -3.151144802570343 2
      vertex 1.8171731978654861 -3.151144802570343 1.2
      vertex 1.8493212014436722 -3.2402568012475967 1.2
    endloop
  endfacet
  facet normal -0.9657094175915926 -0.25962534694229494 0
    outer loop
      vertex 1.7907228022813797 -3.052759200334549 2
      vertex 1.7907228022813797 -3.052759200334549 1.2
      vertex 1.8171731978654861 -3.151144802570343 1.2
    endloop
  endfacet
  facet normal -0.9819232854418019 -0.18927932139348363 0
    outer loop
      vertex 1.7699699997901917 -2.945100001990795 2
      vertex 1.7699699997901917 -2.945100001990795 1.2
      vertex 1.7907228022813797 -3.052759200334549 1.2
    endloop
  endfacet
  facet normal -0.9907172679736157 -0.13593857046068586 0
    outer loop
      vertex 1.75679399818182 -2.8490735962986946 2
      vertex 1.75679399818182 -2.8490735962986946 1.2
      vertex 1.7699699997901917 -2.945100001990795 1.2
    endloop
  endfacet
  facet normal -0.99683866568286 -0.07945234168742446 0
    outer loop
      vertex 1.7465460002422333 -2.7204983979463577 2
      vertex 1.7465460002422333 -2.7204983979463577 1.2
      vertex 1.75679399818182 -2.8490735962986946 1.2
    endloop
  endfacet
  facet normal 0.9249704313085431 -0.3800390785233645 0
    outer loop
      vertex 0.5893884003162384 -2.7199703976511955 2
      vertex 0.5893884003162384 -2.7199703976511955 1.2
      vertex 0.687449999153614 -2.4812999963760376 1.2
    endloop
  endfacet
  facet normal 0.16557800046047783 0.9861966972990277 0
    outer loop
      vertex 0.687449999153614 -2.4812999963760376 2
      vertex 0.687449999153614 -2.4812999963760376 1.2
      vertex -0.4518299996852875 -2.2900199964642525 1.2
    endloop
  endfacet
  facet normal -0.9989696132427826 -0.04538404805177329 0
    outer loop
      vertex 1.7392259985208511 -2.559374399483204 2
      vertex 1.7392259985208511 -2.559374399483204 1.2
      vertex 1.7465460002422333 -2.7204983979463577 1.2
    endloop
  endfacet
  facet normal -0.9997429666015789 -0.022671584211835988 0
    outer loop
      vertex 1.734834000468254 -2.365701600909233 2
      vertex 1.734834000468254 -2.365701600909233 1.2
      vertex 1.7392259985208511 -2.559374399483204 1.2
    endloop
  endfacet
  facet normal -0.9999790602510485 -0.006471403204083693 0
    outer loop
      vertex 1.7333699986338615 -2.1394800022244453 2
      vertex 1.7333699986338615 -2.1394800022244453 1.2
      vertex 1.734834000468254 -2.365701600909233 1.2
    endloop
  endfacet
  facet normal 0.6320298578115873 0.7749440359372184 0
    outer loop
      vertex 3.004830002784729 -2.7579599991440773 2
      vertex 3.004830002784729 -2.7579599991440773 1.2
      vertex 2.975379601120949 -2.733940802514553 1.2
    endloop
  endfacet
  facet normal 0.72828340728073 0.685276060197327 0
    outer loop
      vertex 2.975379601120949 -2.733940802514553 2
      vertex 2.975379601120949 -2.733940802514553 1.2
      vertex 2.9504844024777412 -2.7074832022190094 1.2
    endloop
  endfacet
  facet normal 0.4058833359186923 0.9139248971461024 0
    outer loop
      vertex 3.0738636031746864 -2.794401600956917 2
      vertex 3.0738636031746864 -2.794401600956917 1.2
      vertex 3.037964403629303 -2.7784584015607834 1.2
    endloop
  endfacet
  facet normal 0.28253696072930606 0.9592564129688405 0
    outer loop
      vertex 3.1125276014208794 -2.8057895973324776 2
      vertex 3.1125276014208794 -2.8057895973324776 1.2
      vertex 3.0738636031746864 -2.794401600956917 1.2
    endloop
  endfacet
  facet normal 0.16273037128337278 0.9866705763637506 0
    outer loop
      vertex 3.1539563983678818 -2.8126223981380463 2
      vertex 3.1539563983678818 -2.8126223981380463 1.2
      vertex 3.1125276014208794 -2.8057895973324776 1.2
    endloop
  endfacet
  facet normal 0.05146868231409919 0.9986746090398265 0
    outer loop
      vertex 3.1981500014662743 -2.814900003373623 2
      vertex 3.1981500014662743 -2.814900003373623 1.2
      vertex 3.1539563983678818 -2.8126223981380463 1.2
    endloop
  endfacet
  facet normal -0.06341765312878253 0.9979870747016905 0
    outer loop
      vertex 3.2673036009073257 -2.810505598783493 2
      vertex 3.2673036009073257 -2.810505598783493 1.2
      vertex 3.1981500014662743 -2.814900003373623 1.2
    endloop
  endfacet
  facet normal 0.5261065196608024 0.8504186792224157 0
    outer loop
      vertex 3.037964403629303 -2.7784584015607834 2
      vertex 3.037964403629303 -2.7784584015607834 1.2
      vertex 3.004830002784729 -2.7579599991440773 1.2
    endloop
  endfacet
  facet normal -0.16151823243327681 0.9868697282780691 0
    outer loop
      vertex 3.347852401435375 -2.7973223999142647 2
      vertex 3.347852401435375 -2.7973223999142647 1.2
      vertex 3.2673036009073257 -2.810505598783493 1.2
    endloop
  endfacet
  facet normal -0.23242703602015508 0.9726138354593181 0
    outer loop
      vertex 3.4397964030504227 -2.775350399315357 2
      vertex 3.4397964030504227 -2.775350399315357 1.2
      vertex 3.347852401435375 -2.7973223999142647 1.2
    endloop
  endfacet
  facet normal -0.2852969567175867 0.9584391720331987 0
    outer loop
      vertex 3.5431355983018875 -2.7445895969867706 2
      vertex 3.5431355983018875 -2.7445895969867706 1.2
      vertex 3.4397964030504227 -2.775350399315357 1.2
    endloop
  endfacet
  facet normal 0.8177294555415081 0.5756027601912528 0
    outer loop
      vertex 2.9504844024777412 -2.7074832022190094 2
      vertex 2.9504844024777412 -2.7074832022190094 1.2
      vertex 2.9301443994045258 -2.6785871982574463 1.2
    endloop
  endfacet
  facet normal 0.8930824538767431 0.44989302125893754 0
    outer loop
      vertex 2.9301443994045258 -2.6785871982574463 2
      vertex 2.9301443994045258 -2.6785871982574463 1.2
      vertex 2.914359599351883 -2.6472527980804443 1.2
    endloop
  endfacet
  facet normal 0.9489190646678756 0.31551958530310636 0
    outer loop
      vertex 2.914359599351883 -2.6472527980804443 2
      vertex 2.914359599351883 -2.6472527980804443 1.2
      vertex 2.9031300023198128 -2.6134800016880035 1.2
    endloop
  endfacet
  facet normal 0.988492749120169 0.15126825488796503 0
    outer loop
      vertex 2.9031300023198128 -2.6134800016880035 2
      vertex 2.9031300023198128 -2.6134800016880035 1.2
      vertex 2.8950731977820396 -2.560831196606159 1.2
    endloop
  endfacet
  facet normal 0.9974720822911314 0.0710594472944604 0
    outer loop
      vertex 2.8950731977820396 -2.560831196606159 2
      vertex 2.8950731977820396 -2.560831196606159 1.2
      vertex 2.8888067975640297 -2.472868800163269 1.2
    endloop
  endfacet
  facet normal -0.3258876479798753 0.9454085047714268 0
    outer loop
      vertex 3.657870002090931 -2.7050400003790855 2
      vertex 3.657870002090931 -2.7050400003790855 1.2
      vertex 3.5431355983018875 -2.7445895969867706 1.2
    endloop
  endfacet
  facet normal 0.9993414888540804 0.03628482678627386 0
    outer loop
      vertex 2.8888067975640297 -2.472868800163269 2
      vertex 2.8888067975640297 -2.472868800163269 1.2
      vertex 2.884330801665783 -2.349592797458172 1.2
    endloop
  endfacet
  facet normal 0.9998566460786386 0.01693184255703583 0
    outer loop
      vertex 2.884330801665783 -2.349592797458172 2
      vertex 2.884330801665783 -2.349592797458172 1.2
      vertex 2.8816452026367188 -2.191003203392029 1.2
    endloop
  endfacet
  facet normal 0.9939906830836476 0.10946470638020099 0
    outer loop
      vertex 3.7555499970912933 -3.592019997537136 2
      vertex 3.7555499970912933 -3.592019997537136 1.2
      vertex 3.657870002090931 -2.7050400003790855 1.2
    endloop
  endfacet
  facet normal -0.46784262610394955 -0.883811788335141 0
    outer loop
      vertex 7.328730002045631 -3.468842402100563 2
      vertex 7.328730002045631 -3.468842402100563 1.2
      vertex 7.5751380026340485 -3.599277600646019 1.2
    endloop
  endfacet
  facet normal -0.5988393287251318 -0.8008691893012451 0
    outer loop
      vertex 7.10445000231266 -3.3011400029063225 2
      vertex 7.10445000231266 -3.3011400029063225 1.2
      vertex 7.328730002045631 -3.468842402100563 1.2
    endloop
  endfacet
  facet normal -0.7116634709687083 -0.7025205364178121 0
    outer loop
      vertex 6.909159600734711 -3.1033079996705055 2
      vertex 6.909159600734711 -3.1033079996705055 1.2
      vertex 7.10445000231266 -3.3011400029063225 1.2
    endloop
  endfacet
  facet normal -0.8106132258610601 -0.5855819311241819 0
    outer loop
      vertex 6.749672397971153 -2.882532000541687 2
      vertex 6.749672397971153 -2.882532000541687 1.2
      vertex 6.909159600734711 -3.1033079996705055 1.2
    endloop
  endfacet
  facet normal -0.8917417455720171 -0.45254464885154905 0
    outer loop
      vertex 6.6259884014725685 -2.6388119980692863 2
      vertex 6.6259884014725685 -2.6388119980692863 1.2
      vertex 6.749672397971153 -2.882532000541687 1.2
    endloop
  endfacet
  facet normal -0.9497539754051765 -0.31299742203740827 0
    outer loop
      vertex 6.538107596337795 -2.372147999703884 2
      vertex 6.538107596337795 -2.372147999703884 1.2
      vertex 6.6259884014725685 -2.6388119980692863 1.2
    endloop
  endfacet
  facet normal -0.9842140263021163 -0.17698234496744875 0
    outer loop
      vertex 6.486029997467995 -2.0825399979948997 2
      vertex 6.486029997467995 -2.0825399979948997 1.2
      vertex 6.538107596337795 -2.372147999703884 1.2
    endloop
  endfacet
  facet normal 0.623145232956766 -0.7821061428241424 0
    outer loop
      vertex -0.0063299983739852905 -3.435419999063015 2
      vertex 0.1731204017996788 -3.2924423962831497 1.2
      vertex 0.1731204017996788 -3.2924423962831497 2
    endloop
  endfacet
  facet normal -0.4236970890372727 -0.9058039394600474 0
    outer loop
      vertex 2.200873203575611 -3.615261599421501 2
      vertex 2.2948499992489815 -3.65922000259161 1.2
      vertex 2.2948499992489815 -3.65922000259161 2
    endloop
  endfacet
  facet normal -0.5052892766419173 -0.8629500257319007 0
    outer loop
      vertex 2.200873203575611 -3.615261599421501 2
      vertex 2.1174708008766174 -3.566426396369934 2
      vertex 2.200873203575611 -3.615261599421501 1.2
    endloop
  endfacet
  facet normal -0.5935517635396576 -0.8047958150978188 0
    outer loop
      vertex 2.1174708008766174 -3.566426396369934 2
      vertex 2.044642798602581 -3.5127144008874893 2
      vertex 2.1174708008766174 -3.566426396369934 1.2
    endloop
  endfacet
  facet normal -0.344634670354422 -0.938736887519447 0
    outer loop
      vertex 2.2948499992489815 -3.65922000259161 2
      vertex 2.3965763971209526 -3.69656640291214 1.2
      vertex 2.3965763971209526 -3.69656640291214 2
    endloop
  endfacet
  facet normal -0.2628949805258375 -0.9648244551286621 0
    outer loop
      vertex 2.5031796023249626 -3.7256136015057564 2
      vertex 2.3965763971209526 -3.69656640291214 2
      vertex 2.5031796023249626 -3.7256136015057564 1.2
    endloop
  endfacet
  facet normal -0.1829721182983147 -0.9831181027350822 0
    outer loop
      vertex 2.5031796023249626 -3.7256136015057564 2
      vertex 2.6146595999598503 -3.7463615983724594 1.2
      vertex 2.6146595999598503 -3.7463615983724594 2
    endloop
  endfacet
  facet normal -0.10638107350220824 -0.994325433246338 0
    outer loop
      vertex 2.6146595999598503 -3.7463615983724594 2
      vertex 2.7310163974761963 -3.7588104009628296 1.2
      vertex 2.7310163974761963 -3.7588104009628296 2
    endloop
  endfacet
  facet normal -0.685347191295546 -0.7282164701400993 0
    outer loop
      vertex 2.044642798602581 -3.5127144008874893 2
      vertex 1.982389196753502 -3.4541255980730057 2
      vertex 2.044642798602581 -3.5127144008874893 1.2
    endloop
  endfacet
  facet normal -0.7754354627506839 -0.6314268311599 0
    outer loop
      vertex 1.982389196753502 -3.4541255980730057 2
      vertex 1.9307100027799606 -3.3906600028276443 2
      vertex 1.982389196753502 -3.4541255980730057 1.2
    endloop
  endfacet
  facet normal -0.8510186706040997 -0.5251354323250629 0
    outer loop
      vertex 1.9307100027799606 -3.3906600028276443 2
      vertex 1.8871667981147766 -3.32009519636631 2
      vertex 1.9307100027799606 -3.3906600028276443 1.2
    endloop
  endfacet
  facet normal -0.9036177849079003 -0.42833970023585194 0
    outer loop
      vertex 1.8871667981147766 -3.32009519636631 2
      vertex 1.8493212014436722 -3.2402568012475967 2
      vertex 1.8871667981147766 -3.32009519636631 1.2
    endloop
  endfacet
  facet normal -0.03420810787231357 -0.9994147314082358 0
    outer loop
      vertex 2.7310163974761963 -3.7588104009628296 2
      vertex 2.852250002324581 -3.7629600018262863 1.2
      vertex 2.852250002324581 -3.7629600018262863 2
    endloop
  endfacet
  facet normal 0.03458519275597553 -0.999401753271442 0
    outer loop
      vertex 2.852250002324581 -3.7629600018262863 2
      vertex 3.0498348027467728 -3.756122402846813 1.2
      vertex 3.0498348027467728 -3.756122402846813 2
    endloop
  endfacet
  facet normal 0.10783069838977934 -0.9941692715452296 0
    outer loop
      vertex 3.0498348027467728 -3.756122402846813 2
      vertex 3.2389571964740753 -3.7356095984578133 1.2
      vertex 3.2389571964740753 -3.7356095984578133 2
    endloop
  endfacet
  facet normal 0.1859393220420965 -0.9825612288903556 0
    outer loop
      vertex 3.2389571964740753 -3.7356095984578133 2
      vertex 3.41961719840765 -3.7014216035604477 1.2
      vertex 3.41961719840765 -3.7014216035604477 2
    endloop
  endfacet
  facet normal 0.26780245913257733 -0.963473841306833 0
    outer loop
      vertex 3.41961719840765 -3.7014216035604477 2
      vertex 3.591814801096916 -3.6535584032535553 1.2
      vertex 3.591814801096916 -3.6535584032535553 2
    endloop
  endfacet
  facet normal 0.3518135544433774 -0.9360700950836517 0
    outer loop
      vertex 3.591814801096916 -3.6535584032535553 2
      vertex 3.7555499970912933 -3.592019997537136 1.2
      vertex 3.7555499970912933 -3.592019997537136 2
    endloop
  endfacet
  facet normal 0 0 1
    outer loop
      vertex 2.5031796023249626 -3.7256136015057564 2
      vertex 2.6146595999598503 -3.7463615983724594 2
      vertex 2.975379601120949 -2.733940802514553 2
    endloop
  endfacet
  facet normal 0 0 1
    outer loop
      vertex 2.6146595999598503 -3.7463615983724594 2
      vertex 2.7310163974761963 -3.7588104009628296 2
      vertex 3.004830002784729 -2.7579599991440773 2
    endloop
  endfacet
  facet normal 0 0 1
    outer loop
      vertex 2.2948499992489815 -3.65922000259161 2
      vertex 2.3965763971209526 -3.69656640291214 2
      vertex 2.9504844024777412 -2.7074832022190094 2
    endloop
  endfacet
  facet normal 0 0 1
    outer loop
      vertex 2.200873203575611 -3.615261599421501 2
      vertex 2.9504844024777412 -2.7074832022190094 2
      vertex 2.1174708008766174 -3.566426396369934 2
    endloop
  endfacet
  facet normal 0 0 1
    outer loop
      vertex 2.200873203575611 -3.615261599421501 2
      vertex 2.2948499992489815 -3.65922000259161 2
      vertex 2.9504844024777412 -2.7074832022190094 2
    endloop
  endfacet
  facet normal 0 0 1
    outer loop
      vertex 2.5031796023249626 -3.7256136015057564 2
      vertex 2.9504844024777412 -2.7074832022190094 2
      vertex 2.3965763971209526 -3.69656640291214 2
    endloop
  endfacet
  facet normal 0 0 1
    outer loop
      vertex 2.7310163974761963 -3.7588104009628296 2
      vertex 2.852250002324581 -3.7629600018262863 2
      vertex 3.037964403629303 -2.7784584015607834 2
    endloop
  endfacet
  facet normal 0 0 1
    outer loop
      vertex 2.852250002324581 -3.7629600018262863 2
      vertex 3.0498348027467728 -3.756122402846813 2
      vertex 3.0738636031746864 -2.794401600956917 2
    endloop
  endfacet
  facet normal 0 0 1
    outer loop
      vertex 3.0498348027467728 -3.756122402846813 2
      vertex 3.2389571964740753 -3.7356095984578133 2
      vertex 3.1981500014662743 -2.814900003373623 2
    endloop
  endfacet
  facet normal 0 0 1
    outer loop
      vertex 3.2389571964740753 -3.7356095984578133 2
      vertex 3.41961719840765 -3.7014216035604477 2
      vertex 3.2673036009073257 -2.810505598783493 2
    endloop
  endfacet
  facet normal 0 0 1
    outer loop
      vertex 3.41961719840765 -3.7014216035604477 2
      vertex 3.591814801096916 -3.6535584032535553 2
      vertex 3.347852401435375 -2.7973223999142647 2
    endloop
  endfacet
  facet normal 0 0 1
    outer loop
      vertex 3.591814801096916 -3.6535584032535553 2
      vertex 3.7555499970912933 -3.592019997537136 2
      vertex 3.4397964030504227 -2.775350399315357 2
    endloop
  endfacet
  facet normal 0.7238128523788938 -0.6899963439983792 0
    outer loop
      vertex 0.1731204017996788 -3.2924423962831497 2
      vertex 0.3322236016392708 -3.1255415976047516 1.2
      vertex 0.3322236016392708 -3.1255415976047516 2
    endloop
  endfacet
  facet normal 0.8087866601250455 -0.588102149633696 0
    outer loop
      vertex 0.3322236016392708 -3.1255415976047516 2
      vertex 0.47097960114479065 -2.9347176030278206 1.2
      vertex 0.47097960114479065 -2.9347176030278206 2
    endloop
  endfacet
  facet normal 0.8757025611055809 -0.48285093400875423 0
    outer loop
      vertex 0.47097960114479065 -2.9347176030278206 2
      vertex 0.5893884003162384 -2.7199703976511955 1.2
      vertex 0.5893884003162384 -2.7199703976511955 2
    endloop
  endfacet
  facet normal -0.9406595006319656 -0.33935188797297294 0
    outer loop
      vertex 1.8493212014436722 -3.2402568012475967 2
      vertex 1.8171731978654861 -3.151144802570343 2
      vertex 1.8493212014436722 -3.2402568012475967 1.2
    endloop
  endfacet
  facet normal -0.9657094175915926 -0.25962534694229494 0
    outer loop
      vertex 1.8171731978654861 -3.151144802570343 2
      vertex 1.7907228022813797 -3.052759200334549 2
      vertex 1.8171731978654861 -3.151144802570343 1.2
    endloop
  endfacet
  facet normal -0.9819232854418019 -0.18927932139348363 0
    outer loop
      vertex 1.7907228022813797 -3.052759200334549 2
      vertex 1.7699699997901917 -2.945100001990795 2
      vertex 1.7907228022813797 -3.052759200334549 1.2
    endloop
  endfacet
  facet normal -0.9907172679736157 -0.13593857046068586 0
    outer loop
      vertex 1.7699699997901917 -2.945100001990795 2
      vertex 1.75679399818182 -2.8490735962986946 2
      vertex 1.7699699997901917 -2.945100001990795 1.2
    endloop
  endfacet
  facet normal -0.99683866568286 -0.07945234168742446 0
    outer loop
      vertex 1.75679399818182 -2.8490735962986946 2
      vertex 1.7465460002422333 -2.7204983979463577 2
      vertex 1.75679399818182 -2.8490735962986946 1.2
    endloop
  endfacet
  facet normal 0.9249704313085431 -0.3800390785233645 0
    outer loop
      vertex 0.5893884003162384 -2.7199703976511955 2
      vertex 0.687449999153614 -2.4812999963760376 1.2
      vertex 0.687449999153614 -2.4812999963760376 2
    endloop
  endfacet
  facet normal -0.9989696132427826 -0.04538404805177329 0
    outer loop
      vertex 1.7465460002422333 -2.7204983979463577 2
      vertex 1.7392259985208511 -2.559374399483204 2
      vertex 1.7465460002422333 -2.7204983979463577 1.2
    endloop
  endfacet
  facet normal -0.9997429666015789 -0.022671584211835988 0
    outer loop
      vertex 1.7392259985208511 -2.559374399483204 2
      vertex 1.734834000468254 -2.365701600909233 2
      vertex 1.7392259985208511 -2.559374399483204 1.2
    endloop
  endfacet
  facet normal -0.9999790602510485 -0.006471403204083693 0
    outer loop
      vertex 1.734834000468254 -2.365701600909233 2
      vertex 1.7333699986338615 -2.1394800022244453 2
      vertex 1.734834000468254 -2.365701600909233 1.2
    endloop
  endfacet
  facet normal 0.9939906830836476 0.10946470638020099 0
    outer loop
      vertex 3.7555499970912933 -3.592019997537136 2
      vertex 3.657870002090931 -2.7050400003790855 1.2
      vertex 3.657870002090931 -2.7050400003790855 2
    endloop
  endfacet
  facet normal 0.5261065196608024 0.8504186792224157 0
    outer loop
      vertex 3.037964403629303 -2.7784584015607834 2
      vertex 3.004830002784729 -2.7579599991440773 1.2
      vertex 3.004830002784729 -2.7579599991440773 2
    endloop
  endfacet
  facet normal 0.6320298578115873 0.7749440359372184 0
    outer loop
      vertex 3.004830002784729 -2.7579599991440773 2
      vertex 2.975379601120949 -2.733940802514553 1.2
      vertex 2.975379601120949 -2.733940802514553 2
    endloop
  endfacet
  facet normal 0.16273037128337278 0.9866705763637506 0
    outer loop
      vertex 3.1125276014208794 -2.8057895973324776 2
      vertex 3.1539563983678818 -2.8126223981380463 2
      vertex 3.1125276014208794 -2.8057895973324776 1.2
    endloop
  endfacet
  facet normal 0.28253696072930606 0.9592564129688405 0
    outer loop
      vertex 3.1125276014208794 -2.8057895973324776 2
      vertex 3.0738636031746864 -2.794401600956917 1.2
      vertex 3.0738636031746864 -2.794401600956917 2
    endloop
  endfacet
  facet normal 0.05146868231409919 0.9986746090398265 0
    outer loop
      vertex 3.1539563983678818 -2.8126223981380463 2
      vertex 3.1981500014662743 -2.814900003373623 2
      vertex 3.1539563983678818 -2.8126223981380463 1.2
    endloop
  endfacet
  facet normal -0.06341765312878253 0.9979870747016905 0
    outer loop
      vertex 3.1981500014662743 -2.814900003373623 2
      vertex 3.2673036009073257 -2.810505598783493 2
      vertex 3.1981500014662743 -2.814900003373623 1.2
    endloop
  endfacet
  facet normal 0.4058833359186923 0.9139248971461024 0
    outer loop
      vertex 3.037964403629303 -2.7784584015607834 2
      vertex 3.0738636031746864 -2.794401600956917 2
      vertex 3.037964403629303 -2.7784584015607834 1.2
    endloop
  endfacet
  facet normal -0.16151823243327681 0.9868697282780691 0
    outer loop
      vertex 3.2673036009073257 -2.810505598783493 2
      vertex 3.347852401435375 -2.7973223999142647 2
      vertex 3.2673036009073257 -2.810505598783493 1.2
    endloop
  endfacet
  facet normal -0.23242703602015508 0.9726138354593181 0
    outer loop
      vertex 3.347852401435375 -2.7973223999142647 2
      vertex 3.4397964030504227 -2.775350399315357 2
      vertex 3.347852401435375 -2.7973223999142647 1.2
    endloop
  endfacet
  facet normal -0.2852969567175867 0.9584391720331987 0
    outer loop
      vertex 3.4397964030504227 -2.775350399315357 2
      vertex 3.5431355983018875 -2.7445895969867706 2
      vertex 3.4397964030504227 -2.775350399315357 1.2
    endloop
  endfacet
  facet normal -0.3258876479798753 0.9454085047714268 0
    outer loop
      vertex 3.5431355983018875 -2.7445895969867706 2
      vertex 3.657870002090931 -2.7050400003790855 2
      vertex 3.5431355983018875 -2.7445895969867706 1.2
    endloop
  endfacet
  facet normal 0.8177294555415081 0.5756027601912528 0
    outer loop
      vertex 2.9504844024777412 -2.7074832022190094 2
      vertex 2.9301443994045258 -2.6785871982574463 1.2
      vertex 2.9301443994045258 -2.6785871982574463 2
    endloop
  endfacet
  facet normal 0.72828340728073 0.685276060197327 0
    outer loop
      vertex 2.9504844024777412 -2.7074832022190094 2
      vertex 2.975379601120949 -2.733940802514553 2
      vertex 2.9504844024777412 -2.7074832022190094 1.2
    endloop
  endfacet
  facet normal 0.8930824538767431 0.44989302125893754 0
    outer loop
      vertex 2.9301443994045258 -2.6785871982574463 2
      vertex 2.914359599351883 -2.6472527980804443 1.2
      vertex 2.914359599351883 -2.6472527980804443 2
    endloop
  endfacet
  facet normal 0.9489190646678756 0.31551958530310636 0
    outer loop
      vertex 2.914359599351883 -2.6472527980804443 2
      vertex 2.9031300023198128 -2.6134800016880035 1.2
      vertex 2.9031300023198128 -2.6134800016880035 2
    endloop
  endfacet
  facet normal 0.988492749120169 0.15126825488796503 0
    outer loop
      vertex 2.9031300023198128 -2.6134800016880035 2
      vertex 2.8950731977820396 -2.560831196606159 1.2
      vertex 2.8950731977820396 -2.560831196606159 2
    endloop
  endfacet
  facet normal 0.9974720822911314 0.0710594472944604 0
    outer loop
      vertex 2.8950731977820396 -2.560831196606159 2
      vertex 2.8888067975640297 -2.472868800163269 1.2
      vertex 2.8888067975640297 -2.472868800163269 2
    endloop
  endfacet
  facet normal 0.9993414888540804 0.03628482678627386 0
    outer loop
      vertex 2.8888067975640297 -2.472868800163269 2
      vertex 2.884330801665783 -2.349592797458172 1.2
      vertex 2.884330801665783 -2.349592797458172 2
    endloop
  endfacet
  facet normal 0.9998566460786386 0.01693184255703583 0
    outer loop
      vertex 2.884330801665783 -2.349592797458172 2
      vertex 2.8816452026367188 -2.191003203392029 1.2
      vertex 2.8816452026367188 -2.191003203392029 2
    endloop
  endfacet
  facet normal 0 0 1
    outer loop
      vertex -0.5410332009196281 -2.5217832028865814 2
      vertex 0.3322236016392708 -3.1255415976047516 2
      vertex 0.47097960114479065 -2.9347176030278206 2
    endloop
  endfacet
  facet normal 0 0 1
    outer loop
      vertex -0.49285080283880234 -2.413060799241066 2
      vertex 0.47097960114479065 -2.9347176030278206 2
      vertex 0.5893884003162384 -2.7199703976511955 2
    endloop
  endfacet
  facet normal 0 0 1
    outer loop
      vertex -0.4518299996852875 -2.2900199964642525 2
      vertex 0.5893884003162384 -2.7199703976511955 2
      vertex 0.687449999153614 -2.4812999963760376 2
    endloop
  endfacet
  facet normal 0 0 1
    outer loop
      vertex 1.982389196753502 -3.4541255980730057 2
      vertex 2.9504844024777412 -2.7074832022190094 2
      vertex 1.9307100027799606 -3.3906600028276443 2
    endloop
  endfacet
  facet normal 0 0 1
    outer loop
      vertex 1.9307100027799606 -3.3906600028276443 2
      vertex 2.9301443994045258 -2.6785871982574463 2
      vertex 1.8871667981147766 -3.32009519636631 2
    endloop
  endfacet
  facet normal 0 0 1
    outer loop
      vertex 1.8871667981147766 -3.32009519636631 2
      vertex 2.9301443994045258 -2.6785871982574463 2
      vertex 1.8493212014436722 -3.2402568012475967 2
    endloop
  endfacet
  facet normal 0 0 1
    outer loop
      vertex 1.8493212014436722 -3.2402568012475967 2
      vertex 2.9301443994045258 -2.6785871982574463 2
      vertex 1.8171731978654861 -3.151144802570343 2
    endloop
  endfacet
  facet normal 0 0 1
    outer loop
      vertex 2.1174708008766174 -3.566426396369934 2
      vertex 2.9504844024777412 -2.7074832022190094 2
      vertex 2.044642798602581 -3.5127144008874893 2
    endloop
  endfacet
  facet normal 0 0 1
    outer loop
      vertex 2.044642798602581 -3.5127144008874893 2
      vertex 2.9504844024777412 -2.7074832022190094 2
      vertex 1.982389196753502 -3.4541255980730057 2
    endloop
  endfacet
  facet normal 0 0 1
    outer loop
      vertex 1.8171731978654861 -3.151144802570343 2
      vertex 2.914359599351883 -2.6472527980804443 2
      vertex 1.7907228022813797 -3.052759200334549 2
    endloop
  endfacet
  facet normal 0 0 1
    outer loop
      vertex 1.7907228022813797 -3.052759200334549 2
      vertex 2.914359599351883 -2.6472527980804443 2
      vertex 1.7699699997901917 -2.945100001990795 2
    endloop
  endfacet
  facet normal 0 0 1
    outer loop
      vertex 1.7699699997901917 -2.945100001990795 2
      vertex 2.9031300023198128 -2.6134800016880035 2
      vertex 1.75679399818182 -2.8490735962986946 2
    endloop
  endfacet
  facet normal 0 0 1
    outer loop
      vertex 1.75679399818182 -2.8490735962986946 2
      vertex 2.9031300023198128 -2.6134800016880035 2
      vertex 1.7465460002422333 -2.7204983979463577 2
    endloop
  endfacet
  facet normal 0 0 1
    outer loop
      vertex 1.9307100027799606 -3.3906600028276443 2
      vertex 2.9504844024777412 -2.7074832022190094 2
      vertex 2.9301443994045258 -2.6785871982574463 2
    endloop
  endfacet
  facet normal 0 0 1
    outer loop
      vertex 1.7699699997901917 -2.945100001990795 2
      vertex 2.914359599351883 -2.6472527980804443 2
      vertex 2.9031300023198128 -2.6134800016880035 2
    endloop
  endfacet
  facet normal 0 0 1
    outer loop
      vertex 1.8171731978654861 -3.151144802570343 2
      vertex 2.9301443994045258 -2.6785871982574463 2
      vertex 2.914359599351883 -2.6472527980804443 2
    endloop
  endfacet
  facet normal 0 0 1
    outer loop
      vertex 3.0498348027467728 -3.756122402846813 2
      vertex 3.1981500014662743 -2.814900003373623 2
      vertex 3.1539563983678818 -2.8126223981380463 2
    endloop
  endfacet
  facet normal 0 0 1
    outer loop
      vertex 2.6146595999598503 -3.7463615983724594 2
      vertex 3.004830002784729 -2.7579599991440773 2
      vertex 2.975379601120949 -2.733940802514553 2
    endloop
  endfacet
  facet normal 0 0 1
    outer loop
      vertex 2.7310163974761963 -3.7588104009628296 2
      vertex 3.037964403629303 -2.7784584015607834 2
      vertex 3.004830002784729 -2.7579599991440773 2
    endloop
  endfacet
  facet normal 0 0 1
    outer loop
      vertex 2.852250002324581 -3.7629600018262863 2
      vertex 3.0738636031746864 -2.794401600956917 2
      vertex 3.037964403629303 -2.7784584015607834 2
    endloop
  endfacet
  facet normal 0 0 1
    outer loop
      vertex 2.5031796023249626 -3.7256136015057564 2
      vertex 2.975379601120949 -2.733940802514553 2
      vertex 2.9504844024777412 -2.7074832022190094 2
    endloop
  endfacet
  facet normal 0 0 1
    outer loop
      vertex 3.0498348027467728 -3.756122402846813 2
      vertex 3.1125276014208794 -2.8057895973324776 2
      vertex 3.0738636031746864 -2.794401600956917 2
    endloop
  endfacet
  facet normal 0 0 1
    outer loop
      vertex 3.0498348027467728 -3.756122402846813 2
      vertex 3.1539563983678818 -2.8126223981380463 2
      vertex 3.1125276014208794 -2.8057895973324776 2
    endloop
  endfacet
  facet normal 0 0 1
    outer loop
      vertex 3.2389571964740753 -3.7356095984578133 2
      vertex 3.2673036009073257 -2.810505598783493 2
      vertex 3.1981500014662743 -2.814900003373623 2
    endloop
  endfacet
  facet normal 0 0 1
    outer loop
      vertex 3.41961719840765 -3.7014216035604477 2
      vertex 3.347852401435375 -2.7973223999142647 2
      vertex 3.2673036009073257 -2.810505598783493 2
    endloop
  endfacet
  facet normal 0 0 1
    outer loop
      vertex 3.591814801096916 -3.6535584032535553 2
      vertex 3.4397964030504227 -2.775350399315357 2
      vertex 3.347852401435375 -2.7973223999142647 2
    endloop
  endfacet
  facet normal 0 0 1
    outer loop
      vertex 3.7555499970912933 -3.592019997537136 2
      vertex 3.5431355983018875 -2.7445895969867706 2
      vertex 3.4397964030504227 -2.775350399315357 2
    endloop
  endfacet
  facet normal 0 0 1
    outer loop
      vertex 3.7555499970912933 -3.592019997537136 2
      vertex 3.657870002090931 -2.7050400003790855 2
      vertex 3.5431355983018875 -2.7445895969867706 2
    endloop
  endfacet
  facet normal 0 0 1
    outer loop
      vertex 1.7465460002422333 -2.7204983979463577 2
      vertex 2.8950731977820396 -2.560831196606159 2
      vertex 1.7392259985208511 -2.559374399483204 2
    endloop
  endfacet
  facet normal 0 0 1
    outer loop
      vertex 1.7465460002422333 -2.7204983979463577 2
      vertex 2.9031300023198128 -2.6134800016880035 2
      vertex 2.8950731977820396 -2.560831196606159 2
    endloop
  endfacet
  facet normal 0 0 1
    outer loop
      vertex 1.7392259985208511 -2.559374399483204 2
      vertex 2.8950731977820396 -2.560831196606159 2
      vertex 2.8888067975640297 -2.472868800163269 2
    endloop
  endfacet
  facet normal 0 0 1
    outer loop
      vertex 1.7392259985208511 -2.559374399483204 2
      vertex 2.8888067975640297 -2.472868800163269 2
      vertex 2.884330801665783 -2.349592797458172 2
    endloop
  endfacet
  facet normal 0 0 1
    outer loop
      vertex 1.7392259985208511 -2.559374399483204 2
      vertex 2.884330801665783 -2.349592797458172 2
      vertex 1.734834000468254 -2.365701600909233 2
    endloop
  endfacet
  facet normal 0 0 1
    outer loop
      vertex 1.734834000468254 -2.365701600909233 2
      vertex 2.8816452026367188 -2.191003203392029 2
      vertex 1.7333699986338615 -2.1394800022244453 2
    endloop
  endfacet
  facet normal 0 0 1
    outer loop
      vertex 1.734834000468254 -2.365701600909233 2
      vertex 2.884330801665783 -2.349592797458172 2
      vertex 2.8816452026367188 -2.191003203392029 2
    endloop
  endfacet
  facet normal -0.5988393287251318 -0.8008691893012451 0
    outer loop
      vertex 7.10445000231266 -3.3011400029063225 2
      vertex 7.328730002045631 -3.468842402100563 1.2
      vertex 7.328730002045631 -3.468842402100563 2
    endloop
  endfacet
  facet normal -0.8106132258610601 -0.5855819311241819 0
    outer loop
      vertex 6.909159600734711 -3.1033079996705055 2
      vertex 6.749672397971153 -2.882532000541687 2
      vertex 6.909159600734711 -3.1033079996705055 1.2
    endloop
  endfacet
  facet normal -0.7116634709687083 -0.7025205364178121 0
    outer loop
      vertex 7.10445000231266 -3.3011400029063225 2
      vertex 6.909159600734711 -3.1033079996705055 2
      vertex 7.10445000231266 -3.3011400029063225 1.2
    endloop
  endfacet
  facet normal -0.8917417455720171 -0.45254464885154905 0
    outer loop
      vertex 6.749672397971153 -2.882532000541687 2
      vertex 6.6259884014725685 -2.6388119980692863 2
      vertex 6.749672397971153 -2.882532000541687 1.2
    endloop
  endfacet
  facet normal -0.9497539754051765 -0.31299742203740827 0
    outer loop
      vertex 6.6259884014725685 -2.6388119980692863 2
      vertex 6.538107596337795 -2.372147999703884 2
      vertex 6.6259884014725685 -2.6388119980692863 1.2
    endloop
  endfacet
  facet normal -0.9842140263021163 -0.17698234496744875 0
    outer loop
      vertex 6.486029997467995 -2.0825399979948997 2
      vertex 6.538107596337795 -2.372147999703884 1.2
      vertex 6.538107596337795 -2.372147999703884 2
    endloop
  endfacet
  facet normal 0 0 1
    outer loop
      vertex 7.10445000231266 -3.3011400029063225 2
      vertex 7.791891597211361 -2.4977447986602783 2
      vertex 6.909159600734711 -3.1033079996705055 2
    endloop
  endfacet
  facet normal 0 0 1
    outer loop
      vertex 6.909159600734711 -3.1033079996705055 2
      vertex 7.720616400241852 -2.3842991963028908 2
      vertex 6.749672397971153 -2.882532000541687 2
    endloop
  endfacet
  facet normal 0 0 1
    outer loop
      vertex 6.749672397971153 -2.882532000541687 2
      vertex 7.663664400577545 -2.254903197288513 2
      vertex 6.6259884014725685 -2.6388119980692863 2
    endloop
  endfacet
  facet normal 0 0 1
    outer loop
      vertex 6.749672397971153 -2.882532000541687 2
      vertex 7.720616400241852 -2.3842991963028908 2
      vertex 7.663664400577545 -2.254903197288513 2
    endloop
  endfacet
  facet normal 0 0 1
    outer loop
      vertex 6.6259884014725685 -2.6388119980692863 2
      vertex 7.621035598218441 -2.1095568016171455 2
      vertex 6.538107596337795 -2.372147999703884 2
    endloop
  endfacet
  facet normal 0 0 1
    outer loop
      vertex 6.6259884014725685 -2.6388119980692863 2
      vertex 7.663664400577545 -2.254903197288513 2
      vertex 7.621035598218441 -2.1095568016171455 2
    endloop
  endfacet
  facet normal 0.9996332220097557 0.027081755009500337 0
    outer loop
      vertex 0.7484700009226799 -1.8343200013041496 2
      vertex 0.7484700009226799 -1.8343200013041496 1.2
      vertex 0.7349627986550331 -1.3357464000582695 1.2
    endloop
  endfacet
  facet normal 0.9909904542258506 0.13393251895354671 0
    outer loop
      vertex 0.7349627986550331 -1.3357464000582695 2
      vertex 0.7349627986550331 -1.3357464000582695 1.2
      vertex 0.6749052032828331 -0.891369603574276 1.2
    endloop
  endfacet
  facet normal 0.9999893429905607 0.004616698528893956 0
    outer loop
      vertex 2.8816452026367188 -2.191003203392029 2
      vertex 2.8816452026367188 -2.191003203392029 1.2
      vertex 2.880750000476837 -1.9971000030636787 1.2
    endloop
  endfacet
  facet normal 1 0 0
    outer loop
      vertex 2.880750000476837 -1.9971000030636787 2
      vertex 2.880750000476837 -1.9971000030636787 1.2
      vertex 2.880750000476837 -0.2556599974632263 1.2
    endloop
  endfacet
  facet normal 0.964641165705541 0.26356673049961177 0
    outer loop
      vertex 0.6749052032828331 -0.891369603574276 2
      vertex 0.6749052032828331 -0.891369603574276 1.2
      vertex 0.5682971999049187 -0.5011895969510078 1.2
    endloop
  endfacet
  facet normal -1 0 0
    outer loop
      vertex 1.7333699986338615 -0.2556599974632263 2
      vertex 1.7333699986338615 -0.2556599974632263 1.2
      vertex 1.7333699986338615 -2.1394800022244453 1.2
    endloop
  endfacet
  facet normal 0.9099183094889672 0.4147874998800471 0
    outer loop
      vertex 0.5682971999049187 -0.5011895969510078 2
      vertex 0.5682971999049187 -0.5011895969510078 1.2
      vertex 0.415138803422451 -0.1652064025402069 1.2
    endloop
  endfacet
  facet normal 0.8158740910144276 0.5782295976611549 0
    outer loop
      vertex 0.415138803422451 -0.1652064025402069 2
      vertex 0.415138803422451 -0.1652064025402069 1.2
      vertex 0.21542999893426895 0.11658000200986862 1.2
    endloop
  endfacet
  facet normal 0 -1 0
    outer loop
      vertex 1.2084899991750717 -0.2556599974632263 2
      vertex 1.2084899991750717 -0.2556599974632263 1.2
      vertex 1.7333699986338615 -0.2556599974632263 1.2
    endloop
  endfacet
  facet normal 0 -1 0
    outer loop
      vertex 2.880750000476837 -0.2556599974632263 2
      vertex 2.880750000476837 -0.2556599974632263 1.2
      vertex 3.661949999630451 -0.2556599974632263 1.2
    endloop
  endfacet
  facet normal -0.12045030381843251 0.9927193582831189 0
    outer loop
      vertex 7.59273000061512 -1.9482600018382072 2
      vertex 7.59273000061512 -1.9482600018382072 1.2
      vertex 6.486029997467995 -2.0825399979948997 1.2
    endloop
  endfacet
  facet normal 0.9996332220097557 0.027081755009500337 0
    outer loop
      vertex 0.7484700009226799 -1.8343200013041496 2
      vertex 0.7349627986550331 -1.3357464000582695 1.2
      vertex 0.7349627986550331 -1.3357464000582695 2
    endloop
  endfacet
  facet normal -1 0 0
    outer loop
      vertex 1.7333699986338615 -2.1394800022244453 2
      vertex 1.7333699986338615 -0.2556599974632263 2
      vertex 1.7333699986338615 -2.1394800022244453 1.2
    endloop
  endfacet
  facet normal 0.9999893429905607 0.004616698528893956 0
    outer loop
      vertex 2.8816452026367188 -2.191003203392029 2
      vertex 2.880750000476837 -1.9971000030636787 1.2
      vertex 2.880750000476837 -1.9971000030636787 2
    endloop
  endfacet
  facet normal 0 0 1
    outer loop
      vertex -0.38673000037670135 -1.1345399990677834 2
      vertex 0.7484700009226799 -1.8343200013041496 2
      vertex 0.7349627986550331 -1.3357464000582695 2
    endloop
  endfacet
  facet normal 0 0 1
    outer loop
      vertex -0.38673000037670135 -1.1345399990677834 2
      vertex 0.7349627986550331 -1.3357464000582695 2
      vertex 0.6749052032828331 -0.891369603574276 2
    endloop
  endfacet
  facet normal 0 0 1
    outer loop
      vertex 1.7333699986338615 -2.1394800022244453 2
      vertex 2.8816452026367188 -2.191003203392029 2
      vertex 2.880750000476837 -1.9971000030636787 2
    endloop
  endfacet
  facet normal 0 0 1
    outer loop
      vertex 1.7333699986338615 -2.1394800022244453 2
      vertex 2.880750000476837 -1.9971000030636787 2
      vertex 1.7333699986338615 -0.2556599974632263 2
    endloop
  endfacet
  facet normal 0.9909904542258506 0.13393251895354671 0
    outer loop
      vertex 0.7349627986550331 -1.3357464000582695 2
      vertex 0.6749052032828331 -0.891369603574276 1.2
      vertex 0.6749052032828331 -0.891369603574276 2
    endloop
  endfacet
  facet normal 0.964641165705541 0.26356673049961177 0
    outer loop
      vertex 0.5682971999049187 -0.5011895969510078 2
      vertex 0.6749052032828331 -0.891369603574276 2
      vertex 0.5682971999049187 -0.5011895969510078 1.2
    endloop
  endfacet
  facet normal 0.9099183094889672 0.4147874998800471 0
    outer loop
      vertex 0.5682971999049187 -0.5011895969510078 2
      vertex 0.415138803422451 -0.1652064025402069 1.2
      vertex 0.415138803422451 -0.1652064025402069 2
    endloop
  endfacet
  facet normal 0 -1 0
    outer loop
      vertex 1.2084899991750717 -0.2556599974632263 2
      vertex 1.7333699986338615 -0.2556599974632263 1.2
      vertex 1.7333699986338615 -0.2556599974632263 2
    endloop
  endfacet
  facet normal 1 0 0
    outer loop
      vertex 2.880750000476837 -1.9971000030636787 2
      vertex 2.880750000476837 -0.2556599974632263 1.2
      vertex 2.880750000476837 -0.2556599974632263 2
    endloop
  endfacet
  facet normal 0 -1 0
    outer loop
      vertex 2.880750000476837 -0.2556599974632263 2
      vertex 3.661949999630451 -0.2556599974632263 1.2
      vertex 3.661949999630451 -0.2556599974632263 2
    endloop
  endfacet
  facet normal 0 0 1
    outer loop
      vertex -0.4008803963661194 -0.9454872012138367 2
      vertex 0.6749052032828331 -0.891369603574276 2
      vertex 0.5682971999049187 -0.5011895969510078 2
    endloop
  endfacet
  facet normal 0 0 1
    outer loop
      vertex -0.484851598739624 -0.6245208010077477 2
      vertex 0.5682971999049187 -0.5011895969510078 2
      vertex 0.415138803422451 -0.1652064025402069 2
    endloop
  endfacet
  facet normal 0 0 1
    outer loop
      vertex -0.55467239767313 -0.4926071986556053 2
      vertex 0.415138803422451 -0.1652064025402069 2
      vertex 0.21542999893426895 0.11658000200986862 2
    endloop
  endfacet
  facet normal 0 0 1
    outer loop
      vertex 2.880750000476837 -1.9971000030636787 2
      vertex 2.880750000476837 -0.2556599974632263 2
      vertex 1.7333699986338615 -0.2556599974632263 2
    endloop
  endfacet
  facet normal -0.12045030381843251 0.9927193582831189 0
    outer loop
      vertex 6.486029997467995 -2.0825399979948997 2
      vertex 7.59273000061512 -1.9482600018382072 2
      vertex 6.486029997467995 -2.0825399979948997 1.2
    endloop
  endfacet
  facet normal 0 0 1
    outer loop
      vertex 6.486029997467995 -2.0825399979948997 2
      vertex 6.538107596337795 -2.372147999703884 2
      vertex 7.59273000061512 -1.9482600018382072 2
    endloop
  endfacet
  facet normal 0 0 1
    outer loop
      vertex 6.538107596337795 -2.372147999703884 2
      vertex 7.621035598218441 -2.1095568016171455 2
      vertex 7.59273000061512 -1.9482600018382072 2
    endloop
  endfacet
  facet normal -0.32778039228628664 -0.9447539438566256 0
    outer loop
      vertex 7.5751380026340485 -3.599277600646019 2
      vertex 7.5751380026340485 -3.599277600646019 1.2
      vertex 7.843673996627331 -3.6924455985426903 1.2
    endloop
  endfacet
  facet normal -0.1888600385055643 -0.9820040151932561 0
    outer loop
      vertex 7.843673996627331 -3.6924455985426903 2
      vertex 7.843673996627331 -3.6924455985426903 1.2
      vertex 8.13433799892664 -3.7483464032411575 1.2
    endloop
  endfacet
  facet normal -0.059466420677913606 -0.9982303064983337 0
    outer loop
      vertex 8.13433799892664 -3.7483464032411575 2
      vertex 8.13433799892664 -3.7483464032411575 1.2
      vertex 8.447130002081394 -3.7669799998402596 1.2
    endloop
  endfacet
  facet normal 0.06680749772953472 -0.9977658834852584 0
    outer loop
      vertex 8.447130002081394 -3.7669799998402596 2
      vertex 8.447130002081394 -3.7669799998402596 1.2
      vertex 8.77768199890852 -3.7448472008109093 1.2
    endloop
  endfacet
  facet normal 0.2106803401943445 -0.9775550083016278 0
    outer loop
      vertex 8.77768199890852 -3.7448472008109093 2
      vertex 8.77768199890852 -3.7448472008109093 1.2
      vertex 9.0857700034976 -3.6784488037228584 1.2
    endloop
  endfacet
  facet normal 0.36127764959628267 -0.9324582885588961 0
    outer loop
      vertex 9.0857700034976 -3.6784488037228584 2
      vertex 9.0857700034976 -3.6784488037228584 1.2
      vertex 9.371394000947475 -3.5677848011255264 1.2
    endloop
  endfacet
  facet normal 0.5073353902019281 -0.8617486883359077 0
    outer loop
      vertex 9.371394000947475 -3.5677848011255264 2
      vertex 9.371394000947475 -3.5677848011255264 1.2
      vertex 9.634553998708725 -3.412855200469494 1.2
    endloop
  endfacet
  facet normal 0.6375648848075243 -0.770396662544931 0
    outer loop
      vertex 9.634553998708725 -3.412855200469494 2
      vertex 9.634553998708725 -3.412855200469494 1.2
      vertex 9.87524999678135 -3.2136600017547607 1.2
    endloop
  endfacet
  facet normal 0.2181381066158199 0.9759179096840396 0
    outer loop
      vertex 8.31110280007124 -2.8100304007530212 2
      vertex 8.31110280007124 -2.8100304007530212 1.2
      vertex 8.190985202789307 -2.7831816002726555 1.2
    endloop
  endfacet
  facet normal 0.3701410287561958 0.9289755749379556 0
    outer loop
      vertex 8.190985202789307 -2.7831816002726555 2
      vertex 8.190985202789307 -2.7831816002726555 1.2
      vertex 8.078677199780941 -2.738433599472046 1.2
    endloop
  endfacet
  facet normal 0.06978797110578677 0.9975618472500529 0
    outer loop
      vertex 8.43902999907732 -2.818980000913143 2
      vertex 8.43902999907732 -2.818980000913143 1.2
      vertex 8.31110280007124 -2.8100304007530212 1.2
    endloop
  endfacet
  facet normal -0.07809638841936742 0.9969458130288985 0
    outer loop
      vertex 8.576132401823997 -2.808239996433258 2
      vertex 8.576132401823997 -2.808239996433258 1.2
      vertex 8.43902999907732 -2.818980000913143 1.2
    endloop
  endfacet
  facet normal -0.24382597340310336 0.9698190009965927 0
    outer loop
      vertex 8.704287603497505 -2.776019997894764 2
      vertex 8.704287603497505 -2.776019997894764 1.2
      vertex 8.576132401823997 -2.808239996433258 1.2
    endloop
  endfacet
  facet normal -0.41072339670509866 0.9117599965994484 0
    outer loop
      vertex 8.823495596647263 -2.7223199978470802 2
      vertex 8.823495596647263 -2.7223199978470802 1.2
      vertex 8.704287603497505 -2.776019997894764 1.2
    endloop
  endfacet
  facet normal 0.7514675030848508 0.6597701052695703 0
    outer loop
      vertex 7.877489998936653 -2.595239996910095 2
      vertex 7.877489998936653 -2.595239996910095 1.2
      vertex 7.791891597211361 -2.4977447986602783 1.2
    endloop
  endfacet
  facet normal 0.8467490781541387 0.5319924798764699 0
    outer loop
      vertex 7.791891597211361 -2.4977447986602783 2
      vertex 7.791891597211361 -2.4977447986602783 1.2
      vertex 7.720616400241852 -2.3842991963028908 1.2
    endloop
  endfacet
  facet normal 0.5141828690807816 0.8576805799036468 0
    outer loop
      vertex 8.078677199780941 -2.738433599472046 2
      vertex 8.078677199780941 -2.738433599472046 1.2
      vertex 7.974178798496723 -2.6757863983511925 1.2
    endloop
  endfacet
  facet normal 0.6400549637145238 0.7683291244150514 0
    outer loop
      vertex 7.974178798496723 -2.6757863983511925 2
      vertex 7.974178798496723 -2.6757863983511925 1.2
      vertex 7.877489998936653 -2.595239996910095 1.2
    endloop
  endfacet
  facet normal 0.9152687172020131 0.40284385971661685 0
    outer loop
      vertex 7.720616400241852 -2.3842991963028908 2
      vertex 7.720616400241852 -2.3842991963028908 1.2
      vertex 7.663664400577545 -2.254903197288513 1.2
    endloop
  endfacet
  facet normal 0.9595799301983438 0.28143624066658807 0
    outer loop
      vertex 7.663664400577545 -2.254903197288513 2
      vertex 7.663664400577545 -2.254903197288513 1.2
      vertex 7.621035598218441 -2.1095568016171455 1.2
    endloop
  endfacet
  facet normal -0.5633479689344533 0.8262197443158971 0
    outer loop
      vertex 8.933756403625011 -2.647139996290207 2
      vertex 8.933756403625011 -2.647139996290207 1.2
      vertex 8.823495596647263 -2.7223199978470802 1.2
    endloop
  endfacet
  facet normal -0.6902947207119474 0.7235282983803842 0
    outer loop
      vertex 9.03507000207901 -2.5504800006747246 2
      vertex 9.03507000207901 -2.5504800006747246 1.2
      vertex 8.933756403625011 -2.647139996290207 1.2
    endloop
  endfacet
  facet normal -0.7967473746777239 0.6043125192680973 0
    outer loop
      vertex 9.122225999832153 -2.4355703964829445 2
      vertex 9.122225999832153 -2.4355703964829445 1.2
      vertex 9.03507000207901 -2.5504800006747246 1.2
    endloop
  endfacet
  facet normal -0.8865173610286755 0.46269533020633885 0
    outer loop
      vertex 9.190013997256756 -2.3056896030902863 2
      vertex 9.190013997256756 -2.3056896030902863 1.2
      vertex 9.122225999832153 -2.4355703964829445 1.2
    endloop
  endfacet
  facet normal -0.948415816598573 0.31702908198722407 0
    outer loop
      vertex 9.238434001803398 -2.160837598145008 2
      vertex 9.238434001803398 -2.160837598145008 1.2
      vertex 9.190013997256756 -2.3056896030902863 1.2
    endloop
  endfacet
  facet normal 0.7449397397100646 -0.6671317592505256 0
    outer loop
      vertex 9.87524999678135 -3.2136600017547607 2
      vertex 9.87524999678135 -3.2136600017547607 1.2
      vertex 10.081789202988148 -2.983032003045082 1.2
    endloop
  endfacet
  facet normal 0.8404805211362121 -0.5418417606558223 0
    outer loop
      vertex 10.081789202988148 -2.983032003045082 2
      vertex 10.081789202988148 -2.983032003045082 1.2
      vertex 10.242430798709393 -2.7338519990444183 1.2
    endloop
  endfacet
  facet normal 0.919142899943792 -0.3939242687153414 0
    outer loop
      vertex 10.242430798709393 -2.7338519990444183 2
      vertex 10.242430798709393 -2.7338519990444183 1.2
      vertex 10.357174798846245 -2.46611999720335 1.2
    endloop
  endfacet
  facet normal 0.9722806557496908 -0.23381686520640715 0
    outer loop
      vertex 10.357174798846245 -2.46611999720335 2
      vertex 10.357174798846245 -2.46611999720335 1.2
      vertex 10.426021203398705 -2.1798359975218773 1.2
    endloop
  endfacet
  facet normal -0.46784262610394955 -0.883811788335141 0
    outer loop
      vertex 7.5751380026340485 -3.599277600646019 2
      vertex 7.328730002045631 -3.468842402100563 2
      vertex 7.5751380026340485 -3.599277600646019 1.2
    endloop
  endfacet
  facet normal -0.32778039228628664 -0.9447539438566256 0
    outer loop
      vertex 7.5751380026340485 -3.599277600646019 2
      vertex 7.843673996627331 -3.6924455985426903 1.2
      vertex 7.843673996627331 -3.6924455985426903 2
    endloop
  endfacet
  facet normal -0.1888600385055643 -0.9820040151932561 0
    outer loop
      vertex 7.843673996627331 -3.6924455985426903 2
      vertex 8.13433799892664 -3.7483464032411575 1.2
      vertex 8.13433799892664 -3.7483464032411575 2
    endloop
  endfacet
  facet normal -0.059466420677913606 -0.9982303064983337 0
    outer loop
      vertex 8.13433799892664 -3.7483464032411575 2
      vertex 8.447130002081394 -3.7669799998402596 1.2
      vertex 8.447130002081394 -3.7669799998402596 2
    endloop
  endfacet
  facet normal 0.06680749772953472 -0.9977658834852584 0
    outer loop
      vertex 8.447130002081394 -3.7669799998402596 2
      vertex 8.77768199890852 -3.7448472008109093 1.2
      vertex 8.77768199890852 -3.7448472008109093 2
    endloop
  endfacet
  facet normal 0.2106803401943445 -0.9775550083016278 0
    outer loop
      vertex 8.77768199890852 -3.7448472008109093 2
      vertex 9.0857700034976 -3.6784488037228584 1.2
      vertex 9.0857700034976 -3.6784488037228584 2
    endloop
  endfacet
  facet normal 0.36127764959628267 -0.9324582885588961 0
    outer loop
      vertex 9.0857700034976 -3.6784488037228584 2
      vertex 9.371394000947475 -3.5677848011255264 1.2
      vertex 9.371394000947475 -3.5677848011255264 2
    endloop
  endfacet
  facet normal 0.5073353902019281 -0.8617486883359077 0
    outer loop
      vertex 9.371394000947475 -3.5677848011255264 2
      vertex 9.634553998708725 -3.412855200469494 1.2
      vertex 9.634553998708725 -3.412855200469494 2
    endloop
  endfacet
  facet normal 0.6375648848075243 -0.770396662544931 0
    outer loop
      vertex 9.634553998708725 -3.412855200469494 2
      vertex 9.87524999678135 -3.2136600017547607 1.2
      vertex 9.87524999678135 -3.2136600017547607 2
    endloop
  endfacet
  facet normal 0 0 1
    outer loop
      vertex 7.5751380026340485 -3.599277600646019 2
      vertex 7.843673996627331 -3.6924455985426903 2
      vertex 8.078677199780941 -2.738433599472046 2
    endloop
  endfacet
  facet normal 0 0 1
    outer loop
      vertex 7.843673996627331 -3.6924455985426903 2
      vertex 8.13433799892664 -3.7483464032411575 2
      vertex 8.190985202789307 -2.7831816002726555 2
    endloop
  endfacet
  facet normal 0 0 1
    outer loop
      vertex 8.13433799892664 -3.7483464032411575 2
      vertex 8.447130002081394 -3.7669799998402596 2
      vertex 8.31110280007124 -2.8100304007530212 2
    endloop
  endfacet
  facet normal 0 0 1
    outer loop
      vertex 8.447130002081394 -3.7669799998402596 2
      vertex 8.77768199890852 -3.7448472008109093 2
      vertex 8.576132401823997 -2.808239996433258 2
    endloop
  endfacet
  facet normal 0 0 1
    outer loop
      vertex 8.77768199890852 -3.7448472008109093 2
      vertex 9.0857700034976 -3.6784488037228584 2
      vertex 8.704287603497505 -2.776019997894764 2
    endloop
  endfacet
  facet normal 0 0 1
    outer loop
      vertex 9.0857700034976 -3.6784488037228584 2
      vertex 9.371394000947475 -3.5677848011255264 2
      vertex 8.823495596647263 -2.7223199978470802 2
    endloop
  endfacet
  facet normal 0.3701410287561958 0.9289755749379556 0
    outer loop
      vertex 8.078677199780941 -2.738433599472046 2
      vertex 8.190985202789307 -2.7831816002726555 2
      vertex 8.078677199780941 -2.738433599472046 1.2
    endloop
  endfacet
  facet normal 0.2181381066158199 0.9759179096840396 0
    outer loop
      vertex 8.190985202789307 -2.7831816002726555 2
      vertex 8.31110280007124 -2.8100304007530212 2
      vertex 8.190985202789307 -2.7831816002726555 1.2
    endloop
  endfacet
  facet normal 0.06978797110578677 0.9975618472500529 0
    outer loop
      vertex 8.31110280007124 -2.8100304007530212 2
      vertex 8.43902999907732 -2.818980000913143 2
      vertex 8.31110280007124 -2.8100304007530212 1.2
    endloop
  endfacet
  facet normal -0.07809638841936742 0.9969458130288985 0
    outer loop
      vertex 8.43902999907732 -2.818980000913143 2
      vertex 8.576132401823997 -2.808239996433258 2
      vertex 8.43902999907732 -2.818980000913143 1.2
    endloop
  endfacet
  facet normal -0.24382597340310336 0.9698190009965927 0
    outer loop
      vertex 8.576132401823997 -2.808239996433258 2
      vertex 8.704287603497505 -2.776019997894764 2
      vertex 8.576132401823997 -2.808239996433258 1.2
    endloop
  endfacet
  facet normal -0.41072339670509866 0.9117599965994484 0
    outer loop
      vertex 8.704287603497505 -2.776019997894764 2
      vertex 8.823495596647263 -2.7223199978470802 2
      vertex 8.704287603497505 -2.776019997894764 1.2
    endloop
  endfacet
  facet normal 0.7514675030848508 0.6597701052695703 0
    outer loop
      vertex 7.791891597211361 -2.4977447986602783 2
      vertex 7.877489998936653 -2.595239996910095 2
      vertex 7.791891597211361 -2.4977447986602783 1.2
    endloop
  endfacet
  facet normal 0.5141828690807816 0.8576805799036468 0
    outer loop
      vertex 8.078677199780941 -2.738433599472046 2
      vertex 7.974178798496723 -2.6757863983511925 1.2
      vertex 7.974178798496723 -2.6757863983511925 2
    endloop
  endfacet
  facet normal 0.6400549637145238 0.7683291244150514 0
    outer loop
      vertex 7.974178798496723 -2.6757863983511925 2
      vertex 7.877489998936653 -2.595239996910095 1.2
      vertex 7.877489998936653 -2.595239996910095 2
    endloop
  endfacet
  facet normal 0.8467490781541387 0.5319924798764699 0
    outer loop
      vertex 7.791891597211361 -2.4977447986602783 2
      vertex 7.720616400241852 -2.3842991963028908 1.2
      vertex 7.720616400241852 -2.3842991963028908 2
    endloop
  endfacet
  facet normal 0.9152687172020131 0.40284385971661685 0
    outer loop
      vertex 7.720616400241852 -2.3842991963028908 2
      vertex 7.663664400577545 -2.254903197288513 1.2
      vertex 7.663664400577545 -2.254903197288513 2
    endloop
  endfacet
  facet normal -0.5633479689344533 0.8262197443158971 0
    outer loop
      vertex 8.823495596647263 -2.7223199978470802 2
      vertex 8.933756403625011 -2.647139996290207 2
      vertex 8.823495596647263 -2.7223199978470802 1.2
    endloop
  endfacet
  facet normal -0.6902947207119474 0.7235282983803842 0
    outer loop
      vertex 8.933756403625011 -2.647139996290207 2
      vertex 9.03507000207901 -2.5504800006747246 2
      vertex 8.933756403625011 -2.647139996290207 1.2
    endloop
  endfacet
  facet normal -0.7967473746777239 0.6043125192680973 0
    outer loop
      vertex 9.03507000207901 -2.5504800006747246 2
      vertex 9.122225999832153 -2.4355703964829445 2
      vertex 9.03507000207901 -2.5504800006747246 1.2
    endloop
  endfacet
  facet normal -0.8865173610286755 0.46269533020633885 0
    outer loop
      vertex 9.122225999832153 -2.4355703964829445 2
      vertex 9.190013997256756 -2.3056896030902863 2
      vertex 9.122225999832153 -2.4355703964829445 1.2
    endloop
  endfacet
  facet normal -0.948415816598573 0.31702908198722407 0
    outer loop
      vertex 9.190013997256756 -2.3056896030902863 2
      vertex 9.238434001803398 -2.160837598145008 2
      vertex 9.190013997256756 -2.3056896030902863 1.2
    endloop
  endfacet
  facet normal 0.7449397397100646 -0.6671317592505256 0
    outer loop
      vertex 9.87524999678135 -3.2136600017547607 2
      vertex 10.081789202988148 -2.983032003045082 1.2
      vertex 10.081789202988148 -2.983032003045082 2
    endloop
  endfacet
  facet normal 0.8404805211362121 -0.5418417606558223 0
    outer loop
      vertex 10.081789202988148 -2.983032003045082 2
      vertex 10.242430798709393 -2.7338519990444183 1.2
      vertex 10.242430798709393 -2.7338519990444183 2
    endloop
  endfacet
  facet normal 0.919142899943792 -0.3939242687153414 0
    outer loop
      vertex 10.242430798709393 -2.7338519990444183 2
      vertex 10.357174798846245 -2.46611999720335 1.2
      vertex 10.357174798846245 -2.46611999720335 2
    endloop
  endfacet
  facet normal 0.9722806557496908 -0.23381686520640715 0
    outer loop
      vertex 10.357174798846245 -2.46611999720335 2
      vertex 10.426021203398705 -2.1798359975218773 1.2
      vertex 10.426021203398705 -2.1798359975218773 2
    endloop
  endfacet
  facet normal 0 0 1
    outer loop
      vertex 7.5751380026340485 -3.599277600646019 2
      vertex 7.974178798496723 -2.6757863983511925 2
      vertex 7.328730002045631 -3.468842402100563 2
    endloop
  endfacet
  facet normal 0 0 1
    outer loop
      vertex 7.10445000231266 -3.3011400029063225 2
      vertex 7.328730002045631 -3.468842402100563 2
      vertex 7.877489998936653 -2.595239996910095 2
    endloop
  endfacet
  facet normal 0 0 1
    outer loop
      vertex 7.5751380026340485 -3.599277600646019 2
      vertex 8.078677199780941 -2.738433599472046 2
      vertex 7.974178798496723 -2.6757863983511925 2
    endloop
  endfacet
  facet normal 0 0 1
    outer loop
      vertex 7.843673996627331 -3.6924455985426903 2
      vertex 8.190985202789307 -2.7831816002726555 2
      vertex 8.078677199780941 -2.738433599472046 2
    endloop
  endfacet
  facet normal 0 0 1
    outer loop
      vertex 8.13433799892664 -3.7483464032411575 2
      vertex 8.31110280007124 -2.8100304007530212 2
      vertex 8.190985202789307 -2.7831816002726555 2
    endloop
  endfacet
  facet normal 0 0 1
    outer loop
      vertex 7.328730002045631 -3.468842402100563 2
      vertex 7.974178798496723 -2.6757863983511925 2
      vertex 7.877489998936653 -2.595239996910095 2
    endloop
  endfacet
  facet normal 0 0 1
    outer loop
      vertex 7.10445000231266 -3.3011400029063225 2
      vertex 7.877489998936653 -2.595239996910095 2
      vertex 7.791891597211361 -2.4977447986602783 2
    endloop
  endfacet
  facet normal 0 0 1
    outer loop
      vertex 8.447130002081394 -3.7669799998402596 2
      vertex 8.43902999907732 -2.818980000913143 2
      vertex 8.31110280007124 -2.8100304007530212 2
    endloop
  endfacet
  facet normal 0 0 1
    outer loop
      vertex 8.447130002081394 -3.7669799998402596 2
      vertex 8.576132401823997 -2.808239996433258 2
      vertex 8.43902999907732 -2.818980000913143 2
    endloop
  endfacet
  facet normal 0 0 1
    outer loop
      vertex 8.77768199890852 -3.7448472008109093 2
      vertex 8.704287603497505 -2.776019997894764 2
      vertex 8.576132401823997 -2.808239996433258 2
    endloop
  endfacet
  facet normal 0 0 1
    outer loop
      vertex 9.0857700034976 -3.6784488037228584 2
      vertex 8.823495596647263 -2.7223199978470802 2
      vertex 8.704287603497505 -2.776019997894764 2
    endloop
  endfacet
  facet normal 0 0 1
    outer loop
      vertex 9.371394000947475 -3.5677848011255264 2
      vertex 8.933756403625011 -2.647139996290207 2
      vertex 8.823495596647263 -2.7223199978470802 2
    endloop
  endfacet
  facet normal 0 0 1
    outer loop
      vertex 9.634553998708725 -3.412855200469494 2
      vertex 9.03507000207901 -2.5504800006747246 2
      vertex 8.933756403625011 -2.647139996290207 2
    endloop
  endfacet
  facet normal 0 0 1
    outer loop
      vertex 6.909159600734711 -3.1033079996705055 2
      vertex 7.791891597211361 -2.4977447986602783 2
      vertex 7.720616400241852 -2.3842991963028908 2
    endloop
  endfacet
  facet normal 0 0 1
    outer loop
      vertex 9.371394000947475 -3.5677848011255264 2
      vertex 9.634553998708725 -3.412855200469494 2
      vertex 8.933756403625011 -2.647139996290207 2
    endloop
  endfacet
  facet normal 0 0 1
    outer loop
      vertex 9.634553998708725 -3.412855200469494 2
      vertex 9.87524999678135 -3.2136600017547607 2
      vertex 9.03507000207901 -2.5504800006747246 2
    endloop
  endfacet
  facet normal 0 0 1
    outer loop
      vertex 9.87524999678135 -3.2136600017547607 2
      vertex 10.081789202988148 -2.983032003045082 2
      vertex 9.122225999832153 -2.4355703964829445 2
    endloop
  endfacet
  facet normal 0 0 1
    outer loop
      vertex 9.87524999678135 -3.2136600017547607 2
      vertex 9.122225999832153 -2.4355703964829445 2
      vertex 9.03507000207901 -2.5504800006747246 2
    endloop
  endfacet
  facet normal 0 0 1
    outer loop
      vertex 10.081789202988148 -2.983032003045082 2
      vertex 9.190013997256756 -2.3056896030902863 2
      vertex 9.122225999832153 -2.4355703964829445 2
    endloop
  endfacet
  facet normal 0 0 1
    outer loop
      vertex 10.081789202988148 -2.983032003045082 2
      vertex 10.242430798709393 -2.7338519990444183 2
      vertex 9.190013997256756 -2.3056896030902863 2
    endloop
  endfacet
  facet normal 0 0 1
    outer loop
      vertex 10.242430798709393 -2.7338519990444183 2
      vertex 10.357174798846245 -2.46611999720335 2
      vertex 9.190013997256756 -2.3056896030902863 2
    endloop
  endfacet
  facet normal 0 0 1
    outer loop
      vertex 10.357174798846245 -2.46611999720335 2
      vertex 9.238434001803398 -2.160837598145008 2
      vertex 9.190013997256756 -2.3056896030902863 2
    endloop
  endfacet
  facet normal 0 0 1
    outer loop
      vertex 10.357174798846245 -2.46611999720335 2
      vertex 10.426021203398705 -2.1798359975218773 2
      vertex 9.238434001803398 -2.160837598145008 2
    endloop
  endfacet
  facet normal 0.9849487989746294 0.1728463577818032 0
    outer loop
      vertex 7.621035598218441 -2.1095568016171455 2
      vertex 7.621035598218441 -2.1095568016171455 1.2
      vertex 7.59273000061512 -1.9482600018382072 1.2
    endloop
  endfacet
  facet normal -0.9838772412345088 0.1788451122641378 0
    outer loop
      vertex 9.267485998570919 -2.001014396548271 2
      vertex 9.267485998570919 -2.001014396548271 1.2
      vertex 9.238434001803398 -2.160837598145008 1.2
    endloop
  endfacet
  facet normal -0.998468819016108 0.05531742449336118 0
    outer loop
      vertex 9.27717000246048 -1.8262199983000755 2
      vertex 9.27717000246048 -1.8262199983000755 1.2
      vertex 9.267485998570919 -2.001014396548271 1.2
    endloop
  endfacet
  facet normal -0.9984293416799035 -0.056025437728183 0
    outer loop
      vertex 9.267891600728035 -1.6608695983886719 2
      vertex 9.267891600728035 -1.6608695983886719 1.2
      vertex 9.27717000246048 -1.8262199983000755 1.2
    endloop
  endfacet
  facet normal -0.9834364798716543 -0.1812531104771703 0
    outer loop
      vertex 9.240056402981281 -1.5098424032330513 2
      vertex 9.240056402981281 -1.5098424032330513 1.2
      vertex 9.267891600728035 -1.6608695983886719 1.2
    endloop
  endfacet
  facet normal -0.9469570208841716 -0.32136023493608346 0
    outer loop
      vertex 9.193664401769638 -1.3731383979320526 2
      vertex 9.193664401769638 -1.3731383979320526 1.2
      vertex 9.240056402981281 -1.5098424032330513 1.2
    endloop
  endfacet
  facet normal -0.8833129974288889 -0.46878369060067754 0
    outer loop
      vertex 9.128715597093105 -1.250757597386837 2
      vertex 9.128715597093105 -1.250757597386837 1.2
      vertex 9.193664401769638 -1.3731383979320526 1.2
    endloop
  endfacet
  facet normal -0.7912617970575544 -0.6114775290370444 0
    outer loop
      vertex 9.045209996402264 -1.1427000015974045 2
      vertex 9.045209996402264 -1.1427000015974045 1.2
      vertex 9.128715597093105 -1.250757597386837 1.2
    endloop
  endfacet
  facet normal 0.997178266373716 -0.07507000114500058 0
    outer loop
      vertex 10.426021203398705 -2.1798359975218773 2
      vertex 10.426021203398705 -2.1798359975218773 1.2
      vertex 10.44896999746561 -1.875 1.2
    endloop
  endfacet
  facet normal 0.9982941742789596 0.05838442943705389 0
    outer loop
      vertex 10.44896999746561 -1.875 2
      vertex 10.44896999746561 -1.875 1.2
      vertex 10.436682000756264 -1.664892002940178 1.2
    endloop
  endfacet
  facet normal 0.983007890519654 0.18356330563622994 0
    outer loop
      vertex 10.436682000756264 -1.664892002940178 2
      vertex 10.436682000756264 -1.664892002940178 1.2
      vertex 10.399818003177643 -1.4674799963831902 1.2
    endloop
  endfacet
  facet normal 0.9488865147552702 0.3156174616772594 0
    outer loop
      vertex 10.399818003177643 -1.4674799963831902 2
      vertex 10.399818003177643 -1.4674799963831902 1.2
      vertex 10.338377997279167 -1.2827640026807785 1.2
    endloop
  endfacet
  facet normal 0.8944147166452578 0.44723854333943885 0
    outer loop
      vertex 10.338377997279167 -1.2827640026807785 2
      vertex 10.338377997279167 -1.2827640026807785 1.2
      vertex 10.252361997961998 -1.1107439994812012 1.2
    endloop
  endfacet
  facet normal 0.2509485962920919 -0.9680004142659386 0
    outer loop
      vertex 7.954829998314381 -0.9758400022983551 2
      vertex 7.954829998314381 -0.9758400022983551 1.2
      vertex 8.073476396501064 -0.9450815990567207 1.2
    endloop
  endfacet
  facet normal 0.2092251443363878 -0.9778674956134996 0
    outer loop
      vertex 8.073476396501064 -0.9450815990567207 2
      vertex 8.073476396501064 -0.9450815990567207 1.2
      vertex 8.185287602245808 -0.9211584031581879 1.2
    endloop
  endfacet
  facet normal 0.16066541155886171 -0.987008928798834 0
    outer loop
      vertex 8.185287602245808 -0.9211584031581879 2
      vertex 8.185287602245808 -0.9211584031581879 1.2
      vertex 8.29026360064745 -0.9040703997015953 1.2
    endloop
  endfacet
  facet normal 0.10390480224718496 -0.9945872470879432 0
    outer loop
      vertex 8.29026360064745 -0.9040703997015953 2
      vertex 8.29026360064745 -0.9040703997015953 1.2
      vertex 8.38840439915657 -0.8938176035881042 1.2
    endloop
  endfacet
  facet normal 0.037404191496130605 -0.9993002183821039 0
    outer loop
      vertex 8.38840439915657 -0.8938176035881042 2
      vertex 8.38840439915657 -0.8938176035881042 1.2
      vertex 8.47970999777317 -0.8903999999165535 1.2
    endloop
  endfacet
  facet normal -0.07777132014723949 -0.9969712241396718 0
    outer loop
      vertex 8.47970999777317 -0.8903999999165535 2
      vertex 8.47970999777317 -0.8903999999165535 1.2
      vertex 8.609081998467445 -0.9004919975996017 1.2
    endloop
  endfacet
  facet normal -0.2422870617398364 -0.9702046071388636 0
    outer loop
      vertex 8.609081998467445 -0.9004919975996017 2
      vertex 8.609081998467445 -0.9004919975996017 1.2
      vertex 8.730318002402782 -0.9307679980993271 1.2
    endloop
  endfacet
  facet normal -0.4074416574472823 -0.9132312389403965 0
    outer loop
      vertex 8.730318002402782 -0.9307679980993271 2
      vertex 8.730318002402782 -0.9307679980993271 1.2
      vertex 8.843418002128601 -0.9812280014157295 1.2
    endloop
  endfacet
  facet normal -0.6841485726381742 -0.7293426701881284 0
    outer loop
      vertex 8.948381997644901 -1.0518720000982285 2
      vertex 8.948381997644901 -1.0518720000982285 1.2
      vertex 9.045209996402264 -1.1427000015974045 1.2
    endloop
  endfacet
  facet normal -0.558350017089465 -0.8296054835981945 0
    outer loop
      vertex 8.843418002128601 -0.9812280014157295 2
      vertex 8.843418002128601 -0.9812280014157295 1.2
      vertex 8.948381997644901 -1.0518720000982285 1.2
    endloop
  endfacet
  facet normal -0.9909628797639807 0.134136389282992 0
    outer loop
      vertex 8.080949999392033 -0.04410000145435333 2
      vertex 8.080949999392033 -0.04410000145435333 1.2
      vertex 7.954829998314381 -0.9758400022983551 1.2
    endloop
  endfacet
  facet normal -0.023524683452136045 0.9997232563407119 0
    outer loop
      vertex 8.257702797651291 -0.03994079679250717 2
      vertex 8.257702797651291 -0.03994079679250717 1.2
      vertex 8.080949999392033 -0.04410000145435333 1.2
    endloop
  endfacet
  facet normal -0.138267876002597 0.9903948679520357 0
    outer loop
      vertex 8.416873201727867 -0.017719201743602753 2
      vertex 8.416873201727867 -0.017719201743602753 1.2
      vertex 8.257702797651291 -0.03994079679250717 1.2
    endloop
  endfacet
  facet normal 0.7349233880073619 0.678150141015823 0
    outer loop
      vertex 10.141769997775555 -0.9514200016856194 2
      vertex 10.141769997775555 -0.9514200016856194 1.2
      vertex 10.010672397911549 -0.8093471974134445 1.2
    endloop
  endfacet
  facet normal 0.39106388846322787 0.9203635342298282 0
    outer loop
      vertex 9.699171602725983 -0.5906208008527756 2
      vertex 9.699171602725983 -0.5906208008527756 1.2
      vertex 9.518768399953842 -0.5139672011137009 1.2
    endloop
  endfacet
  facet normal 0.6318449852742445 0.7750947778070689 0
    outer loop
      vertex 10.010672397911549 -0.8093471974134445 2
      vertex 10.010672397911549 -0.8093471974134445 1.2
      vertex 9.863139599561691 -0.6890807971358299 1.2
    endloop
  endfacet
  facet normal 0.5148002004859838 0.8573101851603018 0
    outer loop
      vertex 9.863139599561691 -0.6890807971358299 2
      vertex 9.863139599561691 -0.6890807971358299 1.2
      vertex 9.699171602725983 -0.5906208008527756 1.2
    endloop
  endfacet
  facet normal 0.82148992124119 0.5702230346970767 0
    outer loop
      vertex 10.252361997961998 -1.1107439994812012 2
      vertex 10.252361997961998 -1.1107439994812012 1.2
      vertex 10.141769997775555 -0.9514200016856194 1.2
    endloop
  endfacet
  facet normal 0.2684155484842251 0.9633032198284779 0
    outer loop
      vertex 9.518768399953842 -0.5139672011137009 2
      vertex 9.518768399953842 -0.5139672011137009 1.2
      vertex 9.32192999869585 -0.4591199979186058 1.2
    endloop
  endfacet
  facet normal 0.543048738685141 -0.8397011774509295 0
    outer loop
      vertex 9.32192999869585 -0.4591199979186058 2
      vertex 9.32192999869585 -0.4591199979186058 1.2
      vertex 9.630982801318169 -0.2592504024505615 1.2
    endloop
  endfacet
  facet normal 0.6837889218761163 -0.7296798683803046 0
    outer loop
      vertex 9.630982801318169 -0.2592504024505615 2
      vertex 9.630982801318169 -0.2592504024505615 1.2
      vertex 9.871357202529907 -0.03399360179901123 1.2
    endloop
  endfacet
  facet normal 0.9595799301983438 0.28143624066658807 0
    outer loop
      vertex 7.663664400577545 -2.254903197288513 2
      vertex 7.621035598218441 -2.1095568016171455 1.2
      vertex 7.621035598218441 -2.1095568016171455 2
    endloop
  endfacet
  facet normal 0.9849487989746294 0.1728463577818032 0
    outer loop
      vertex 7.621035598218441 -2.1095568016171455 2
      vertex 7.59273000061512 -1.9482600018382072 1.2
      vertex 7.59273000061512 -1.9482600018382072 2
    endloop
  endfacet
  facet normal -0.9838772412345088 0.1788451122641378 0
    outer loop
      vertex 9.238434001803398 -2.160837598145008 2
      vertex 9.267485998570919 -2.001014396548271 2
      vertex 9.238434001803398 -2.160837598145008 1.2
    endloop
  endfacet
  facet normal -0.998468819016108 0.05531742449336118 0
    outer loop
      vertex 9.267485998570919 -2.001014396548271 2
      vertex 9.27717000246048 -1.8262199983000755 2
      vertex 9.267485998570919 -2.001014396548271 1.2
    endloop
  endfacet
  facet normal -0.9984293416799035 -0.056025437728183 0
    outer loop
      vertex 9.27717000246048 -1.8262199983000755 2
      vertex 9.267891600728035 -1.6608695983886719 2
      vertex 9.27717000246048 -1.8262199983000755 1.2
    endloop
  endfacet
  facet normal -0.9834364798716543 -0.1812531104771703 0
    outer loop
      vertex 9.267891600728035 -1.6608695983886719 2
      vertex 9.240056402981281 -1.5098424032330513 2
      vertex 9.267891600728035 -1.6608695983886719 1.2
    endloop
  endfacet
  facet normal -0.9469570208841716 -0.32136023493608346 0
    outer loop
      vertex 9.240056402981281 -1.5098424032330513 2
      vertex 9.193664401769638 -1.3731383979320526 2
      vertex 9.240056402981281 -1.5098424032330513 1.2
    endloop
  endfacet
  facet normal -0.8833129974288889 -0.46878369060067754 0
    outer loop
      vertex 9.128715597093105 -1.250757597386837 2
      vertex 9.193664401769638 -1.3731383979320526 1.2
      vertex 9.193664401769638 -1.3731383979320526 2
    endloop
  endfacet
  facet normal -0.6841485726381742 -0.7293426701881284 0
    outer loop
      vertex 9.045209996402264 -1.1427000015974045 2
      vertex 8.948381997644901 -1.0518720000982285 2
      vertex 9.045209996402264 -1.1427000015974045 1.2
    endloop
  endfacet
  facet normal -0.7912617970575544 -0.6114775290370444 0
    outer loop
      vertex 9.128715597093105 -1.250757597386837 2
      vertex 9.045209996402264 -1.1427000015974045 2
      vertex 9.128715597093105 -1.250757597386837 1.2
    endloop
  endfacet
  facet normal 0.997178266373716 -0.07507000114500058 0
    outer loop
      vertex 10.426021203398705 -2.1798359975218773 2
      vertex 10.44896999746561 -1.875 1.2
      vertex 10.44896999746561 -1.875 2
    endloop
  endfacet
  facet normal 0.9982941742789596 0.05838442943705389 0
    outer loop
      vertex 10.44896999746561 -1.875 2
      vertex 10.436682000756264 -1.664892002940178 1.2
      vertex 10.436682000756264 -1.664892002940178 2
    endloop
  endfacet
  facet normal 0.983007890519654 0.18356330563622994 0
    outer loop
      vertex 10.436682000756264 -1.664892002940178 2
      vertex 10.399818003177643 -1.4674799963831902 1.2
      vertex 10.399818003177643 -1.4674799963831902 2
    endloop
  endfacet
  facet normal 0.9488865147552702 0.3156174616772594 0
    outer loop
      vertex 10.399818003177643 -1.4674799963831902 2
      vertex 10.338377997279167 -1.2827640026807785 1.2
      vertex 10.338377997279167 -1.2827640026807785 2
    endloop
  endfacet
  facet normal 0.8944147166452578 0.44723854333943885 0
    outer loop
      vertex 10.338377997279167 -1.2827640026807785 2
      vertex 10.252361997961998 -1.1107439994812012 1.2
      vertex 10.252361997961998 -1.1107439994812012 2
    endloop
  endfacet
  facet normal 0 0 1
    outer loop
      vertex 9.238434001803398 -2.160837598145008 2
      vertex 10.426021203398705 -2.1798359975218773 2
      vertex 9.267485998570919 -2.001014396548271 2
    endloop
  endfacet
  facet normal 0 0 1
    outer loop
      vertex 9.267485998570919 -2.001014396548271 2
      vertex 10.426021203398705 -2.1798359975218773 2
      vertex 10.44896999746561 -1.875 2
    endloop
  endfacet
  facet normal 0 0 1
    outer loop
      vertex 9.267485998570919 -2.001014396548271 2
      vertex 10.44896999746561 -1.875 2
      vertex 9.27717000246048 -1.8262199983000755 2
    endloop
  endfacet
  facet normal 0 0 1
    outer loop
      vertex 9.27717000246048 -1.8262199983000755 2
      vertex 10.436682000756264 -1.664892002940178 2
      vertex 9.267891600728035 -1.6608695983886719 2
    endloop
  endfacet
  facet normal 0 0 1
    outer loop
      vertex 9.27717000246048 -1.8262199983000755 2
      vertex 10.44896999746561 -1.875 2
      vertex 10.436682000756264 -1.664892002940178 2
    endloop
  endfacet
  facet normal 0 0 1
    outer loop
      vertex 9.267891600728035 -1.6608695983886719 2
      vertex 10.338377997279167 -1.2827640026807785 2
      vertex 9.240056402981281 -1.5098424032330513 2
    endloop
  endfacet
  facet normal 0 0 1
    outer loop
      vertex 9.267891600728035 -1.6608695983886719 2
      vertex 10.436682000756264 -1.664892002940178 2
      vertex 10.399818003177643 -1.4674799963831902 2
    endloop
  endfacet
  facet normal 0 0 1
    outer loop
      vertex 9.267891600728035 -1.6608695983886719 2
      vertex 10.399818003177643 -1.4674799963831902 2
      vertex 10.338377997279167 -1.2827640026807785 2
    endloop
  endfacet
  facet normal 0 0 1
    outer loop
      vertex 9.240056402981281 -1.5098424032330513 2
      vertex 10.141769997775555 -0.9514200016856194 2
      vertex 9.193664401769638 -1.3731383979320526 2
    endloop
  endfacet
  facet normal 0 0 1
    outer loop
      vertex 9.128715597093105 -1.250757597386837 2
      vertex 9.193664401769638 -1.3731383979320526 2
      vertex 9.863139599561691 -0.6890807971358299 2
    endloop
  endfacet
  facet normal 0 0 1
    outer loop
      vertex 9.240056402981281 -1.5098424032330513 2
      vertex 10.338377997279167 -1.2827640026807785 2
      vertex 10.252361997961998 -1.1107439994812012 2
    endloop
  endfacet
  facet normal 0 0 1
    outer loop
      vertex 9.240056402981281 -1.5098424032330513 2
      vertex 10.252361997961998 -1.1107439994812012 2
      vertex 10.141769997775555 -0.9514200016856194 2
    endloop
  endfacet
  facet normal 0.2509485962920919 -0.9680004142659386 0
    outer loop
      vertex 7.954829998314381 -0.9758400022983551 2
      vertex 8.073476396501064 -0.9450815990567207 1.2
      vertex 8.073476396501064 -0.9450815990567207 2
    endloop
  endfacet
  facet normal 0.2092251443363878 -0.9778674956134996 0
    outer loop
      vertex 8.073476396501064 -0.9450815990567207 2
      vertex 8.185287602245808 -0.9211584031581879 1.2
      vertex 8.185287602245808 -0.9211584031581879 2
    endloop
  endfacet
  facet normal 0.16066541155886171 -0.987008928798834 0
    outer loop
      vertex 8.185287602245808 -0.9211584031581879 2
      vertex 8.29026360064745 -0.9040703997015953 1.2
      vertex 8.29026360064745 -0.9040703997015953 2
    endloop
  endfacet
  facet normal -0.9909628797639807 0.134136389282992 0
    outer loop
      vertex 7.954829998314381 -0.9758400022983551 2
      vertex 8.080949999392033 -0.04410000145435333 2
      vertex 7.954829998314381 -0.9758400022983551 1.2
    endloop
  endfacet
  facet normal -0.4074416574472823 -0.9132312389403965 0
    outer loop
      vertex 8.843418002128601 -0.9812280014157295 2
      vertex 8.730318002402782 -0.9307679980993271 2
      vertex 8.843418002128601 -0.9812280014157295 1.2
    endloop
  endfacet
  facet normal 0.10390480224718496 -0.9945872470879432 0
    outer loop
      vertex 8.29026360064745 -0.9040703997015953 2
      vertex 8.38840439915657 -0.8938176035881042 1.2
      vertex 8.38840439915657 -0.8938176035881042 2
    endloop
  endfacet
  facet normal 0.037404191496130605 -0.9993002183821039 0
    outer loop
      vertex 8.38840439915657 -0.8938176035881042 2
      vertex 8.47970999777317 -0.8903999999165535 1.2
      vertex 8.47970999777317 -0.8903999999165535 2
    endloop
  endfacet
  facet normal -0.07777132014723949 -0.9969712241396718 0
    outer loop
      vertex 8.47970999777317 -0.8903999999165535 2
      vertex 8.609081998467445 -0.9004919975996017 1.2
      vertex 8.609081998467445 -0.9004919975996017 2
    endloop
  endfacet
  facet normal -0.2422870617398364 -0.9702046071388636 0
    outer loop
      vertex 8.609081998467445 -0.9004919975996017 2
      vertex 8.730318002402782 -0.9307679980993271 1.2
      vertex 8.730318002402782 -0.9307679980993271 2
    endloop
  endfacet
  facet normal -0.558350017089465 -0.8296054835981945 0
    outer loop
      vertex 8.948381997644901 -1.0518720000982285 2
      vertex 8.843418002128601 -0.9812280014157295 2
      vertex 8.948381997644901 -1.0518720000982285 1.2
    endloop
  endfacet
  facet normal -0.023524683452136045 0.9997232563407119 0
    outer loop
      vertex 8.080949999392033 -0.04410000145435333 2
      vertex 8.257702797651291 -0.03994079679250717 2
      vertex 8.080949999392033 -0.04410000145435333 1.2
    endloop
  endfacet
  facet normal -0.138267876002597 0.9903948679520357 0
    outer loop
      vertex 8.257702797651291 -0.03994079679250717 2
      vertex 8.416873201727867 -0.017719201743602753 2
      vertex 8.257702797651291 -0.03994079679250717 1.2
    endloop
  endfacet
  facet normal -0.2736550871819401 0.9618278917038353 0
    outer loop
      vertex 8.416873201727867 -0.017719201743602753 2
      vertex 8.5584611967206 0.022564798593521118 2
      vertex 8.416873201727867 -0.017719201743602753 1.2
    endloop
  endfacet
  facet normal 0.82148992124119 0.5702230346970767 0
    outer loop
      vertex 10.252361997961998 -1.1107439994812012 2
      vertex 10.141769997775555 -0.9514200016856194 1.2
      vertex 10.141769997775555 -0.9514200016856194 2
    endloop
  endfacet
  facet normal 0.7349233880073619 0.678150141015823 0
    outer loop
      vertex 10.141769997775555 -0.9514200016856194 2
      vertex 10.010672397911549 -0.8093471974134445 1.2
      vertex 10.010672397911549 -0.8093471974134445 2
    endloop
  endfacet
  facet normal 0.6318449852742445 0.7750947778070689 0
    outer loop
      vertex 10.010672397911549 -0.8093471974134445 2
      vertex 9.863139599561691 -0.6890807971358299 1.2
      vertex 9.863139599561691 -0.6890807971358299 2
    endloop
  endfacet
  facet normal 0.5148002004859838 0.8573101851603018 0
    outer loop
      vertex 9.699171602725983 -0.5906208008527756 2
      vertex 9.863139599561691 -0.6890807971358299 2
      vertex 9.699171602725983 -0.5906208008527756 1.2
    endloop
  endfacet
  facet normal 0.2684155484842251 0.9633032198284779 0
    outer loop
      vertex 9.518768399953842 -0.5139672011137009 2
      vertex 9.32192999869585 -0.4591199979186058 1.2
      vertex 9.32192999869585 -0.4591199979186058 2
    endloop
  endfacet
  facet normal 0.39106388846322787 0.9203635342298282 0
    outer loop
      vertex 9.699171602725983 -0.5906208008527756 2
      vertex 9.518768399953842 -0.5139672011137009 1.2
      vertex 9.518768399953842 -0.5139672011137009 2
    endloop
  endfacet
  facet normal 0.543048738685141 -0.8397011774509295 0
    outer loop
      vertex 9.32192999869585 -0.4591199979186058 2
      vertex 9.630982801318169 -0.2592504024505615 1.2
      vertex 9.630982801318169 -0.2592504024505615 2
    endloop
  endfacet
  facet normal 0.6837889218761163 -0.7296798683803046 0
    outer loop
      vertex 9.630982801318169 -0.2592504024505615 2
      vertex 9.871357202529907 -0.03399360179901123 1.2
      vertex 9.871357202529907 -0.03399360179901123 2
    endloop
  endfacet
  facet normal 0 0 1
    outer loop
      vertex 7.954829998314381 -0.9758400022983551 2
      vertex 8.073476396501064 -0.9450815990567207 2
      vertex 8.080949999392033 -0.04410000145435333 2
    endloop
  endfacet
  facet normal 0 0 1
    outer loop
      vertex 8.073476396501064 -0.9450815990567207 2
      vertex 8.185287602245808 -0.9211584031581879 2
      vertex 8.080949999392033 -0.04410000145435333 2
    endloop
  endfacet
  facet normal 0 0 1
    outer loop
      vertex 8.185287602245808 -0.9211584031581879 2
      vertex 8.29026360064745 -0.9040703997015953 2
      vertex 8.080949999392033 -0.04410000145435333 2
    endloop
  endfacet
  facet normal 0 0 1
    outer loop
      vertex 8.29026360064745 -0.9040703997015953 2
      vertex 8.38840439915657 -0.8938176035881042 2
      vertex 8.257702797651291 -0.03994079679250717 2
    endloop
  endfacet
  facet normal 0 0 1
    outer loop
      vertex 9.128715597093105 -1.250757597386837 2
      vertex 9.518768399953842 -0.5139672011137009 2
      vertex 9.045209996402264 -1.1427000015974045 2
    endloop
  endfacet
  facet normal 0 0 1
    outer loop
      vertex 8.948381997644901 -1.0518720000982285 2
      vertex 9.32192999869585 -0.4591199979186058 2
      vertex 8.843418002128601 -0.9812280014157295 2
    endloop
  endfacet
  facet normal 0 0 1
    outer loop
      vertex 9.045209996402264 -1.1427000015974045 2
      vertex 9.32192999869585 -0.4591199979186058 2
      vertex 8.948381997644901 -1.0518720000982285 2
    endloop
  endfacet
  facet normal 0 0 1
    outer loop
      vertex 8.38840439915657 -0.8938176035881042 2
      vertex 8.47970999777317 -0.8903999999165535 2
      vertex 8.416873201727867 -0.017719201743602753 2
    endloop
  endfacet
  facet normal 0 0 1
    outer loop
      vertex 8.47970999777317 -0.8903999999165535 2
      vertex 8.609081998467445 -0.9004919975996017 2
      vertex 8.416873201727867 -0.017719201743602753 2
    endloop
  endfacet
  facet normal 0 0 1
    outer loop
      vertex 8.609081998467445 -0.9004919975996017 2
      vertex 8.730318002402782 -0.9307679980993271 2
      vertex 8.5584611967206 0.022564798593521118 2
    endloop
  endfacet
  facet normal 0 0 1
    outer loop
      vertex 8.843418002128601 -0.9812280014157295 2
      vertex 8.682466797530651 0.08091119676828384 2
      vertex 8.730318002402782 -0.9307679980993271 2
    endloop
  endfacet
  facet normal 0 0 1
    outer loop
      vertex 8.29026360064745 -0.9040703997015953 2
      vertex 8.257702797651291 -0.03994079679250717 2
      vertex 8.080949999392033 -0.04410000145435333 2
    endloop
  endfacet
  facet normal 0 0 1
    outer loop
      vertex 8.38840439915657 -0.8938176035881042 2
      vertex 8.416873201727867 -0.017719201743602753 2
      vertex 8.257702797651291 -0.03994079679250717 2
    endloop
  endfacet
  facet normal 0 0 1
    outer loop
      vertex 8.609081998467445 -0.9004919975996017 2
      vertex 8.5584611967206 0.022564798593521118 2
      vertex 8.416873201727867 -0.017719201743602753 2
    endloop
  endfacet
  facet normal 0 0 1
    outer loop
      vertex 8.730318002402782 -0.9307679980993271 2
      vertex 8.682466797530651 0.08091119676828384 2
      vertex 8.5584611967206 0.022564798593521118 2
    endloop
  endfacet
  facet normal 0 0 1
    outer loop
      vertex 8.843418002128601 -0.9812280014157295 2
      vertex 9.32192999869585 -0.4591199979186058 2
      vertex 8.682466797530651 0.08091119676828384 2
    endloop
  endfacet
  facet normal 0 0 1
    outer loop
      vertex 9.32192999869585 -0.4591199979186058 2
      vertex 9.630982801318169 -0.2592504024505615 2
      vertex 8.876780398190022 0.2483759969472885 2
    endloop
  endfacet
  facet normal 0 0 1
    outer loop
      vertex 9.32192999869585 -0.4591199979186058 2
      vertex 8.78888999670744 0.15732000023126602 2
      vertex 8.682466797530651 0.08091119676828384 2
    endloop
  endfacet
  facet normal 0 0 1
    outer loop
      vertex 9.32192999869585 -0.4591199979186058 2
      vertex 8.876780398190022 0.2483759969472885 2
      vertex 8.78888999670744 0.15732000023126602 2
    endloop
  endfacet
  facet normal 0 0 1
    outer loop
      vertex 9.193664401769638 -1.3731383979320526 2
      vertex 10.010672397911549 -0.8093471974134445 2
      vertex 9.863139599561691 -0.6890807971358299 2
    endloop
  endfacet
  facet normal 0 0 1
    outer loop
      vertex 9.128715597093105 -1.250757597386837 2
      vertex 9.863139599561691 -0.6890807971358299 2
      vertex 9.699171602725983 -0.5906208008527756 2
    endloop
  endfacet
  facet normal 0 0 1
    outer loop
      vertex 9.193664401769638 -1.3731383979320526 2
      vertex 10.141769997775555 -0.9514200016856194 2
      vertex 10.010672397911549 -0.8093471974134445 2
    endloop
  endfacet
  facet normal 0 0 1
    outer loop
      vertex 9.128715597093105 -1.250757597386837 2
      vertex 9.699171602725983 -0.5906208008527756 2
      vertex 9.518768399953842 -0.5139672011137009 2
    endloop
  endfacet
  facet normal 0 0 1
    outer loop
      vertex 9.045209996402264 -1.1427000015974045 2
      vertex 9.518768399953842 -0.5139672011137009 2
      vertex 9.32192999869585 -0.4591199979186058 2
    endloop
  endfacet
  facet normal 0.691865248077301 0.7220266466709762 0
    outer loop
      vertex 0.21542999893426895 0.11658000200986862 2
      vertex 0.21542999893426895 0.11658000200986862 1.2
      vertex -0.023804396390914917 0.3458207994699478 1.2
    endloop
  endfacet
  facet normal -1 0 0
    outer loop
      vertex 1.2084899991750717 0.65574000030756 2
      vertex 1.2084899991750717 0.65574000030756 1.2
      vertex 1.2084899991750717 -0.2556599974632263 1.2
    endloop
  endfacet
  facet normal 0 1 0
    outer loop
      vertex 1.7333699986338615 0.65574000030756 2
      vertex 1.7333699986338615 0.65574000030756 1.2
      vertex 1.2084899991750717 0.65574000030756 1.2
    endloop
  endfacet
  facet normal 1 0 0
    outer loop
      vertex 3.661949999630451 -0.2556599974632263 2
      vertex 3.661949999630451 -0.2556599974632263 1.2
      vertex 3.661949999630451 0.65574000030756 1.2
    endloop
  endfacet
  facet normal 0 1 0
    outer loop
      vertex 3.661949999630451 0.65574000030756 2
      vertex 3.661949999630451 0.65574000030756 1.2
      vertex 2.880750000476837 0.65574000030756 1.2
    endloop
  endfacet
  facet normal -1 0 0
    outer loop
      vertex 1.7333699986338615 1.5142199993133545 2
      vertex 1.7333699986338615 1.5142199993133545 1.2
      vertex 1.7333699986338615 0.65574000030756 1.2
    endloop
  endfacet
  facet normal 1 0 0
    outer loop
      vertex 2.880750000476837 0.65574000030756 2
      vertex 2.880750000476837 0.65574000030756 1.2
      vertex 2.880750000476837 2.181539997458458 1.2
    endloop
  endfacet
  facet normal -0.5027547998232562 0.86442906664149 0
    outer loop
      vertex 2.880750000476837 2.181539997458458 2
      vertex 2.880750000476837 2.181539997458458 1.2
      vertex 1.7333699986338615 1.5142199993133545 1.2
    endloop
  endfacet
  facet normal -0.167502201463054 -0.9858717018481818 0
    outer loop
      vertex 6.571469999849796 0.7656000033020973 2
      vertex 6.571469999849796 0.7656000033020973 1.2
      vertex 7.625249996781349 0.5865600034594536 1.2
    endloop
  endfacet
  facet normal -0.973900430970995 0.2269756607094913 0
    outer loop
      vertex 6.619887597858906 0.9733487963676453 2
      vertex 6.619887597858906 0.9733487963676453 1.2
      vertex 6.571469999849796 0.7656000033020973 1.2
    endloop
  endfacet
  facet normal -0.957459332981489 0.2885682340221149 0
    outer loop
      vertex 6.677252396941185 1.1636831983923912 2
      vertex 6.677252396941185 1.1636831983923912 1.2
      vertex 6.619887597858906 0.9733487963676453 1.2
    endloop
  endfacet
  facet normal -0.9336991902235403 0.35805840609585643 0
    outer loop
      vertex 6.743564397096634 1.3366032019257545 2
      vertex 6.743564397096634 1.3366032019257545 1.2
      vertex 6.677252396941185 1.1636831983923912 1.2
    endloop
  endfacet
  facet normal -0.9001262115317746 0.435629203926292 0
    outer loop
      vertex 6.8188235983252525 1.4921087995171547 2
      vertex 6.8188235983252525 1.4921087995171547 1.2
      vertex 6.743564397096634 1.3366032019257545 1.2
    endloop
  endfacet
  facet normal -0.8537839416363204 0.52062748775295 0
    outer loop
      vertex 6.903030000627041 1.6301999986171722 2
      vertex 6.903030000627041 1.6301999986171722 1.2
      vertex 6.8188235983252525 1.4921087995171547 1.2
    endloop
  endfacet
  facet normal -0.7912836467268134 0.6114492541680916 0
    outer loop
      vertex 6.998732402920723 1.7540495991706848 2
      vertex 6.998732402920723 1.7540495991706848 1.2
      vertex 6.903030000627041 1.6301999986171722 1.2
    endloop
  endfacet
  facet normal -0.7168322660116513 0.6972456542744466 0
    outer loop
      vertex 7.108431600034237 1.86683040112257 2
      vertex 7.108431600034237 1.86683040112257 1.2
      vertex 6.998732402920723 1.7540495991706848 1.2
    endloop
  endfacet
  facet normal -0.63512923011933 0.7724058913861463 0
    outer loop
      vertex 7.232127599418163 1.9685423970222473 2
      vertex 7.232127599418163 1.9685423970222473 1.2
      vertex 7.108431600034237 1.86683040112257 1.2
    endloop
  endfacet
  facet normal -0.5498528679634875 0.8352615300565013 0
    outer loop
      vertex 7.369820401072502 2.059185601770878 2
      vertex 7.369820401072502 2.059185601770878 1.2
      vertex 7.232127599418163 1.9685423970222473 1.2
    endloop
  endfacet
  facet normal 0.8158740910144276 0.5782295976611549 0
    outer loop
      vertex 0.415138803422451 -0.1652064025402069 2
      vertex 0.21542999893426895 0.11658000200986862 1.2
      vertex 0.21542999893426895 0.11658000200986862 2
    endloop
  endfacet
  facet normal 0.691865248077301 0.7220266466709762 0
    outer loop
      vertex 0.21542999893426895 0.11658000200986862 2
      vertex -0.023804396390914917 0.3458207994699478 1.2
      vertex -0.023804396390914917 0.3458207994699478 2
    endloop
  endfacet
  facet normal -1 0 0
    outer loop
      vertex 1.2084899991750717 -0.2556599974632263 2
      vertex 1.2084899991750717 0.65574000030756 2
      vertex 1.2084899991750717 -0.2556599974632263 1.2
    endloop
  endfacet
  facet normal 0 1 0
    outer loop
      vertex 1.2084899991750717 0.65574000030756 2
      vertex 1.7333699986338615 0.65574000030756 2
      vertex 1.2084899991750717 0.65574000030756 1.2
    endloop
  endfacet
  facet normal -1 0 0
    outer loop
      vertex 1.7333699986338615 0.65574000030756 2
      vertex 1.7333699986338615 1.5142199993133545 2
      vertex 1.7333699986338615 0.65574000030756 1.2
    endloop
  endfacet
  facet normal 1 0 0
    outer loop
      vertex 3.661949999630451 -0.2556599974632263 2
      vertex 3.661949999630451 0.65574000030756 1.2
      vertex 3.661949999630451 0.65574000030756 2
    endloop
  endfacet
  facet normal 0 1 0
    outer loop
      vertex 2.880750000476837 0.65574000030756 2
      vertex 3.661949999630451 0.65574000030756 2
      vertex 2.880750000476837 0.65574000030756 1.2
    endloop
  endfacet
  facet normal 0 0 1
    outer loop
      vertex 1.2084899991750717 -0.2556599974632263 2
      vertex 1.7333699986338615 -0.2556599974632263 2
      vertex 1.7333699986338615 0.65574000030756 2
    endloop
  endfacet
  facet normal 0 0 1
    outer loop
      vertex 1.2084899991750717 -0.2556599974632263 2
      vertex 1.7333699986338615 0.65574000030756 2
      vertex 1.2084899991750717 0.65574000030756 2
    endloop
  endfacet
  facet normal 0 0 1
    outer loop
      vertex 1.7333699986338615 -0.2556599974632263 2
      vertex 2.880750000476837 -0.2556599974632263 2
      vertex 1.7333699986338615 0.65574000030756 2
    endloop
  endfacet
  facet normal 0 0 1
    outer loop
      vertex 2.880750000476837 -0.2556599974632263 2
      vertex 2.880750000476837 0.65574000030756 2
      vertex 1.7333699986338615 0.65574000030756 2
    endloop
  endfacet
  facet normal 0 0 1
    outer loop
      vertex 2.880750000476837 -0.2556599974632263 2
      vertex 3.661949999630451 -0.2556599974632263 2
      vertex 3.661949999630451 0.65574000030756 2
    endloop
  endfacet
  facet normal 0 0 1
    outer loop
      vertex 2.880750000476837 -0.2556599974632263 2
      vertex 3.661949999630451 0.65574000030756 2
      vertex 2.880750000476837 0.65574000030756 2
    endloop
  endfacet
  facet normal 0 0 1
    outer loop
      vertex 1.7333699986338615 0.65574000030756 2
      vertex 2.880750000476837 0.65574000030756 2
      vertex 1.7333699986338615 1.5142199993133545 2
    endloop
  endfacet
  facet normal -0.5027547998232562 0.86442906664149 0
    outer loop
      vertex 1.7333699986338615 1.5142199993133545 2
      vertex 2.880750000476837 2.181539997458458 2
      vertex 1.7333699986338615 1.5142199993133545 1.2
    endloop
  endfacet
  facet normal 1 0 0
    outer loop
      vertex 2.880750000476837 0.65574000030756 2
      vertex 2.880750000476837 2.181539997458458 1.2
      vertex 2.880750000476837 2.181539997458458 2
    endloop
  endfacet
  facet normal 0 0 1
    outer loop
      vertex 1.7333699986338615 1.5142199993133545 2
      vertex 2.880750000476837 0.65574000030756 2
      vertex 2.880750000476837 2.181539997458458 2
    endloop
  endfacet
  facet normal -0.167502201463054 -0.9858717018481818 0
    outer loop
      vertex 6.571469999849796 0.7656000033020973 2
      vertex 7.625249996781349 0.5865600034594536 1.2
      vertex 7.625249996781349 0.5865600034594536 2
    endloop
  endfacet
  facet normal -0.973900430970995 0.2269756607094913 0
    outer loop
      vertex 6.571469999849796 0.7656000033020973 2
      vertex 6.619887597858906 0.9733487963676453 2
      vertex 6.571469999849796 0.7656000033020973 1.2
    endloop
  endfacet
  facet normal -0.957459332981489 0.2885682340221149 0
    outer loop
      vertex 6.619887597858906 0.9733487963676453 2
      vertex 6.677252396941185 1.1636831983923912 2
      vertex 6.619887597858906 0.9733487963676453 1.2
    endloop
  endfacet
  facet normal 0 0 1
    outer loop
      vertex 6.571469999849796 0.7656000033020973 2
      vertex 7.625249996781349 0.5865600034594536 2
      vertex 7.649662800133228 0.7353119999170303 2
    endloop
  endfacet
  facet normal 0 0 1
    outer loop
      vertex 6.571469999849796 0.7656000033020973 2
      vertex 7.649662800133228 0.7353119999170303 2
      vertex 6.619887597858906 0.9733487963676453 2
    endloop
  endfacet
  facet normal 0 0 1
    outer loop
      vertex 7.649662800133228 0.7353119999170303 2
      vertex 7.687093198299408 0.8690880015492439 2
      vertex 6.677252396941185 1.1636831983923912 2
    endloop
  endfacet
  facet normal 0 0 1
    outer loop
      vertex 7.649662800133228 0.7353119999170303 2
      vertex 6.677252396941185 1.1636831983923912 2
      vertex 6.619887597858906 0.9733487963676453 2
    endloop
  endfacet
  facet normal 0 0 1
    outer loop
      vertex 7.687093198299408 0.8690880015492439 2
      vertex 7.737541198730469 0.9878880009055138 2
      vertex 6.743564397096634 1.3366032019257545 2
    endloop
  endfacet
  facet normal -0.9336991902235403 0.35805840609585643 0
    outer loop
      vertex 6.677252396941185 1.1636831983923912 2
      vertex 6.743564397096634 1.3366032019257545 2
      vertex 6.677252396941185 1.1636831983923912 1.2
    endloop
  endfacet
  facet normal -0.9001262115317746 0.435629203926292 0
    outer loop
      vertex 6.743564397096634 1.3366032019257545 2
      vertex 6.8188235983252525 1.4921087995171547 2
      vertex 6.743564397096634 1.3366032019257545 1.2
    endloop
  endfacet
  facet normal -0.8537839416363204 0.52062748775295 0
    outer loop
      vertex 6.8188235983252525 1.4921087995171547 2
      vertex 6.903030000627041 1.6301999986171722 2
      vertex 6.8188235983252525 1.4921087995171547 1.2
    endloop
  endfacet
  facet normal -0.7912836467268134 0.6114492541680916 0
    outer loop
      vertex 6.903030000627041 1.6301999986171722 2
      vertex 6.998732402920723 1.7540495991706848 2
      vertex 6.903030000627041 1.6301999986171722 1.2
    endloop
  endfacet
  facet normal -0.7168322660116513 0.6972456542744466 0
    outer loop
      vertex 6.998732402920723 1.7540495991706848 2
      vertex 7.108431600034237 1.86683040112257 2
      vertex 6.998732402920723 1.7540495991706848 1.2
    endloop
  endfacet
  facet normal -0.63512923011933 0.7724058913861463 0
    outer loop
      vertex 7.108431600034237 1.86683040112257 2
      vertex 7.232127599418163 1.9685423970222473 2
      vertex 7.108431600034237 1.86683040112257 1.2
    endloop
  endfacet
  facet normal -0.5498528679634875 0.8352615300565013 0
    outer loop
      vertex 7.232127599418163 1.9685423970222473 2
      vertex 7.369820401072502 2.059185601770878 2
      vertex 7.232127599418163 1.9685423970222473 1.2
    endloop
  endfacet
  facet normal -0.4645472051729859 0.8855483578924235 0
    outer loop
      vertex 7.369820401072502 2.059185601770878 2
      vertex 7.521509997546673 2.1387600004673004 2
      vertex 7.369820401072502 2.059185601770878 1.2
    endloop
  endfacet
  facet normal 0 0 1
    outer loop
      vertex 7.687093198299408 0.8690880015492439 2
      vertex 6.743564397096634 1.3366032019257545 2
      vertex 6.677252396941185 1.1636831983923912 2
    endloop
  endfacet
  facet normal 0 0 1
    outer loop
      vertex 6.743564397096634 1.3366032019257545 2
      vertex 7.737541198730469 0.9878880009055138 2
      vertex 6.8188235983252525 1.4921087995171547 2
    endloop
  endfacet
  facet normal 0 0 1
    outer loop
      vertex 7.737541198730469 0.9878880009055138 2
      vertex 6.903030000627041 1.6301999986171722 2
      vertex 6.8188235983252525 1.4921087995171547 2
    endloop
  endfacet
  facet normal 0 0 1
    outer loop
      vertex 7.801006801426411 1.0917119979858398 2
      vertex 6.998732402920723 1.7540495991706848 2
      vertex 6.903030000627041 1.6301999986171722 2
    endloop
  endfacet
  facet normal 0 0 1
    outer loop
      vertex 7.801006801426411 1.0917119979858398 2
      vertex 7.108431600034237 1.86683040112257 2
      vertex 6.998732402920723 1.7540495991706848 2
    endloop
  endfacet
  facet normal 0 0 1
    outer loop
      vertex 7.108431600034237 1.86683040112257 2
      vertex 7.877489998936653 1.1805600002408028 2
      vertex 7.232127599418163 1.9685423970222473 2
    endloop
  endfacet
  facet normal -0.2736550871819401 0.9618278917038353 0
    outer loop
      vertex 8.5584611967206 0.022564798593521118 2
      vertex 8.5584611967206 0.022564798593521118 1.2
      vertex 8.416873201727867 -0.017719201743602753 1.2
    endloop
  endfacet
  facet normal -0.4257422033219523 0.90484450394008 0
    outer loop
      vertex 8.682466797530651 0.08091119676828384 2
      vertex 8.682466797530651 0.08091119676828384 1.2
      vertex 8.5584611967206 0.022564798593521118 1.2
    endloop
  endfacet
  facet normal -0.5832188915361481 0.8123150402124454 0
    outer loop
      vertex 8.78888999670744 0.15732000023126602 2
      vertex 8.78888999670744 0.15732000023126602 1.2
      vertex 8.682466797530651 0.08091119676828384 1.2
    endloop
  endfacet
  facet normal -0.7195030595073445 0.6944892708743389 0
    outer loop
      vertex 8.876780398190022 0.2483759969472885 2
      vertex 8.876780398190022 0.2483759969472885 1.2
      vertex 8.78888999670744 0.15732000023126602 1.2
    endloop
  endfacet
  facet normal -0.831422498573824 0.5556407372261862 0
    outer loop
      vertex 8.945139601826668 0.35066399723291397 2
      vertex 8.945139601826668 0.35066399723291397 1.2
      vertex 8.876780398190022 0.2483759969472885 1.2
    endloop
  endfacet
  facet normal -0.9186269041717312 0.39512606966873376 0
    outer loop
      vertex 8.993967600166798 0.4641840010881424 2
      vertex 8.993967600166798 0.4641840010881424 1.2
      vertex 8.945139601826668 0.35066399723291397 1.2
    endloop
  endfacet
  facet normal 0.9867988111804984 -0.16195093779523215 0
    outer loop
      vertex 7.625249996781349 0.5865600034594536 2
      vertex 7.625249996781349 0.5865600034594536 1.2
      vertex 7.649662800133228 0.7353119999170303 1.2
    endloop
  endfacet
  facet normal 0.963014248697229 -0.26945047189810517 0
    outer loop
      vertex 7.649662800133228 0.7353119999170303 2
      vertex 7.649662800133228 0.7353119999170303 1.2
      vertex 7.687093198299408 0.8690880015492439 1.2
    endloop
  endfacet
  facet normal 0.9204480162608544 -0.39086500145377295 0
    outer loop
      vertex 7.687093198299408 0.8690880015492439 2
      vertex 7.687093198299408 0.8690880015492439 1.2
      vertex 7.737541198730469 0.9878880009055138 1.2
    endloop
  endfacet
  facet normal 0.853217456133055 -0.5215553398728063 0
    outer loop
      vertex 7.737541198730469 0.9878880009055138 2
      vertex 7.737541198730469 0.9878880009055138 1.2
      vertex 7.801006801426411 1.0917119979858398 1.2
    endloop
  endfacet
  facet normal -0.9735155717711528 0.22862071541985296 0
    outer loop
      vertex 9.023264400660992 0.5889360010623932 2
      vertex 9.023264400660992 0.5889360010623932 1.2
      vertex 8.993967600166798 0.4641840010881424 1.2
    endloop
  endfacet
  facet normal -0.9974312808623997 0.0716298817337614 0
    outer loop
      vertex 9.03303000330925 0.7249199971556664 2
      vertex 9.03303000330925 0.7249199971556664 1.2
      vertex 9.023264400660992 0.5889360010623932 1.2
    endloop
  endfacet
  facet normal -0.9980847895336932 -0.06186075412960427 0
    outer loop
      vertex 9.025868400931358 0.8404679968953133 2
      vertex 9.025868400931358 0.8404679968953133 1.2
      vertex 9.03303000330925 0.7249199971556664 1.2
    endloop
  endfacet
  facet normal -0.9799905073416277 -0.19904423006030328 0
    outer loop
      vertex 9.004383601248264 0.9462480023503304 2
      vertex 9.004383601248264 0.9462480023503304 1.2
      vertex 9.025868400931358 0.8404679968953133 1.2
    endloop
  endfacet
  facet normal -0.9369580923214504 -0.3494417451211981 0
    outer loop
      vertex 8.968575596809387 1.0422599986195564 2
      vertex 8.968575596809387 1.0422599986195564 1.2
      vertex 9.004383601248264 0.9462480023503304 1.2
    endloop
  endfacet
  facet normal 0.8249961433035246 -0.565138357868505 0
    outer loop
      vertex 9.871357202529907 -0.03399360179901123 2
      vertex 9.871357202529907 -0.03399360179901123 1.2
      vertex 10.043053202331066 0.21665039658546448 1.2
    endloop
  endfacet
  facet normal 0.9368793782195476 -0.3496527286708256 0
    outer loop
      vertex 10.043053202331066 0.21665039658546448 2
      vertex 10.043053202331066 0.21665039658546448 1.2
      vertex 10.146070800721645 0.4926816001534462 1.2
    endloop
  endfacet
  facet normal 0.9935730019752409 -0.11319315238082177 0
    outer loop
      vertex 10.146070800721645 0.4926816001534462 2
      vertex 10.146070800721645 0.4926816001534462 1.2
      vertex 10.180409997701645 0.7941000014543533 1.2
    endloop
  endfacet
  facet normal 0.9970238879410966 0.07709323494846775 0
    outer loop
      vertex 10.180409997701645 0.7941000014543533 2
      vertex 10.180409997701645 0.7941000014543533 1.2
      vertex 10.163648396730423 1.0108728036284447 1.2
    endloop
  endfacet
  facet normal 0.9719118018981205 0.23534538306741548 0
    outer loop
      vertex 10.163648396730423 1.0108728036284447 2
      vertex 10.163648396730423 1.0108728036284447 1.2
      vertex 10.113363601267338 1.2185351997613907 1.2
    endloop
  endfacet
  facet normal 0.7578734116990005 -0.652401633842005 0
    outer loop
      vertex 7.801006801426411 1.0917119979858398 2
      vertex 7.801006801426411 1.0917119979858398 1.2
      vertex 7.877489998936653 1.1805600002408028 1.2
    endloop
  endfacet
  facet normal 0.6465156440021658 -0.7629007288372878 0
    outer loop
      vertex 7.877489998936653 1.1805600002408028 2
      vertex 7.877489998936653 1.1805600002408028 1.2
      vertex 7.963921196758747 1.2538056001067162 1.2
    endloop
  endfacet
  facet normal 0.5212874461866234 -0.8533811566048481 0
    outer loop
      vertex 7.963921196758747 1.2538056001067162 2
      vertex 7.963921196758747 1.2538056001067162 1.2
      vertex 8.057182796299458 1.3107744008302689 1.2
    endloop
  endfacet
  facet normal 0.3766123874653764 -0.9263709352131193 0
    outer loop
      vertex 8.057182796299458 1.3107744008302689 2
      vertex 8.057182796299458 1.3107744008302689 1.2
      vertex 8.157274797558784 1.3514664024114609 1.2
    endloop
  endfacet
  facet normal 0.22261500023668943 -0.9749064373926448 0
    outer loop
      vertex 8.157274797558784 1.3514664024114609 2
      vertex 8.157274797558784 1.3514664024114609 1.2
      vertex 8.264197200536728 1.3758815973997116 1.2
    endloop
  endfacet
  facet normal 0.07136223769994231 -0.9974504654520228 0
    outer loop
      vertex 8.264197200536728 1.3758815973997116 2
      vertex 8.264197200536728 1.3758815973997116 1.2
      vertex 8.377949997782707 1.3840200006961823 1.2
    endloop
  endfacet
  facet normal -0.6452418877719293 -0.7639783414891531 0
    outer loop
      vertex 8.777674801647663 1.2694343999028206 2
      vertex 8.777674801647663 1.2694343999028206 1.2
      vertex 8.853990003466606 1.2049800008535385 1.2
    endloop
  endfacet
  facet normal -0.3520282285287814 -0.9359893836571482 0
    outer loop
      vertex 8.596705198287964 1.3553735986351967 2
      vertex 8.596705198287964 1.3553735986351967 1.2
      vertex 8.691913202404976 1.3195656016469002 1.2
    endloop
  endfacet
  facet normal -0.5046489568151835 -0.8633246378885215 0
    outer loop
      vertex 8.691913202404976 1.3195656016469002 2
      vertex 8.691913202404976 1.3195656016469002 1.2
      vertex 8.777674801647663 1.2694343999028206 1.2
    endloop
  endfacet
  facet normal -0.8645536481419377 -0.5025405351655393 0
    outer loop
      vertex 8.918444402515888 1.1285040006041527 2
      vertex 8.918444402515888 1.1285040006041527 1.2
      vertex 8.968575596809387 1.0422599986195564 1.2
    endloop
  endfacet
  facet normal -0.7646472952531789 -0.644449000202497 0
    outer loop
      vertex 8.853990003466606 1.2049800008535385 2
      vertex 8.853990003466606 1.2049800008535385 1.2
      vertex 8.918444402515888 1.1285040006041527 1.2
    endloop
  endfacet
  facet normal -0.06264230712919988 -0.9980360421134754 0
    outer loop
      vertex 8.377949997782707 1.3840200006961823 2
      vertex 8.377949997782707 1.3840200006961823 1.2
      vertex 8.492050796747208 1.3768583983182907 1.2
    endloop
  endfacet
  facet normal -0.2010989041834306 -0.9795709421661217 0
    outer loop
      vertex 8.492050796747208 1.3768583983182907 2
      vertex 8.492050796747208 1.3768583983182907 1.2
      vertex 8.596705198287964 1.3553735986351967 1.2
    endloop
  endfacet
  facet normal -0.4645472051729859 0.8855483578924235 0
    outer loop
      vertex 7.521509997546673 2.1387600004673004 2
      vertex 7.521509997546673 2.1387600004673004 1.2
      vertex 7.369820401072502 2.059185601770878 1.2
    endloop
  endfacet
  facet normal 0.36944713029374526 0.9292517516355384 0
    outer loop
      vertex 9.301097996532917 2.130578398704529 2
      vertex 9.301097996532917 2.130578398704529 1.2
      vertex 9.030929997563362 2.237990401685238 1.2
    endloop
  endfacet
  facet normal 0.9212912250995844 0.38887334513245675 0
    outer loop
      vertex 10.113363601267338 1.2185351997613907 2
      vertex 10.113363601267338 1.2185351997613907 1.2
      vertex 10.029555596411228 1.417087197303772 1.2
    endloop
  endfacet
  facet normal 0.8501489917499871 0.5265422032719508 0
    outer loop
      vertex 10.029555596411228 1.417087197303772 2
      vertex 10.029555596411228 1.417087197303772 1.2
      vertex 9.912224397063255 1.6065288037061691 1.2
    endloop
  endfacet
  facet normal 0.6655891085088367 0.746318389586115 0
    outer loop
      vertex 9.76137000322342 1.7868599966168404 2
      vertex 9.76137000322342 1.7868599966168404 1.2
      vertex 9.54457800090313 1.9802016019821167 1.2
    endloop
  endfacet
  facet normal 0.7670100070317811 0.6416351370624175 0
    outer loop
      vertex 9.912224397063255 1.6065288037061691 2
      vertex 9.912224397063255 1.6065288037061691 1.2
      vertex 9.76137000322342 1.7868599966168404 1.2
    endloop
  endfacet
  facet normal 0.525472868095441 0.8508103577740171 0
    outer loop
      vertex 9.54457800090313 1.9802016019821167 2
      vertex 9.54457800090313 1.9802016019821167 1.2
      vertex 9.301097996532917 2.130578398704529 1.2
    endloop
  endfacet
  facet normal -0.4257422033219523 0.90484450394008 0
    outer loop
      vertex 8.5584611967206 0.022564798593521118 2
      vertex 8.682466797530651 0.08091119676828384 2
      vertex 8.5584611967206 0.022564798593521118 1.2
    endloop
  endfacet
  facet normal -0.5832188915361481 0.8123150402124454 0
    outer loop
      vertex 8.682466797530651 0.08091119676828384 2
      vertex 8.78888999670744 0.15732000023126602 2
      vertex 8.682466797530651 0.08091119676828384 1.2
    endloop
  endfacet
  facet normal -0.7195030595073445 0.6944892708743389 0
    outer loop
      vertex 8.78888999670744 0.15732000023126602 2
      vertex 8.876780398190022 0.2483759969472885 2
      vertex 8.78888999670744 0.15732000023126602 1.2
    endloop
  endfacet
  facet normal -0.831422498573824 0.5556407372261862 0
    outer loop
      vertex 8.876780398190022 0.2483759969472885 2
      vertex 8.945139601826668 0.35066399723291397 2
      vertex 8.876780398190022 0.2483759969472885 1.2
    endloop
  endfacet
  facet normal -0.9186269041717312 0.39512606966873376 0
    outer loop
      vertex 8.945139601826668 0.35066399723291397 2
      vertex 8.993967600166798 0.4641840010881424 2
      vertex 8.945139601826668 0.35066399723291397 1.2
    endloop
  endfacet
  facet normal -0.9735155717711528 0.22862071541985296 0
    outer loop
      vertex 8.993967600166798 0.4641840010881424 2
      vertex 9.023264400660992 0.5889360010623932 2
      vertex 8.993967600166798 0.4641840010881424 1.2
    endloop
  endfacet
  facet normal 0.9867988111804984 -0.16195093779523215 0
    outer loop
      vertex 7.625249996781349 0.5865600034594536 2
      vertex 7.649662800133228 0.7353119999170303 1.2
      vertex 7.649662800133228 0.7353119999170303 2
    endloop
  endfacet
  facet normal 0.963014248697229 -0.26945047189810517 0
    outer loop
      vertex 7.649662800133228 0.7353119999170303 2
      vertex 7.687093198299408 0.8690880015492439 1.2
      vertex 7.687093198299408 0.8690880015492439 2
    endloop
  endfacet
  facet normal 0.9204480162608544 -0.39086500145377295 0
    outer loop
      vertex 7.687093198299408 0.8690880015492439 2
      vertex 7.737541198730469 0.9878880009055138 1.2
      vertex 7.737541198730469 0.9878880009055138 2
    endloop
  endfacet
  facet normal 0.853217456133055 -0.5215553398728063 0
    outer loop
      vertex 7.737541198730469 0.9878880009055138 2
      vertex 7.801006801426411 1.0917119979858398 1.2
      vertex 7.801006801426411 1.0917119979858398 2
    endloop
  endfacet
  facet normal -0.9974312808623997 0.0716298817337614 0
    outer loop
      vertex 9.023264400660992 0.5889360010623932 2
      vertex 9.03303000330925 0.7249199971556664 2
      vertex 9.023264400660992 0.5889360010623932 1.2
    endloop
  endfacet
  facet normal -0.9980847895336932 -0.06186075412960427 0
    outer loop
      vertex 9.03303000330925 0.7249199971556664 2
      vertex 9.025868400931358 0.8404679968953133 2
      vertex 9.03303000330925 0.7249199971556664 1.2
    endloop
  endfacet
  facet normal -0.9799905073416277 -0.19904423006030328 0
    outer loop
      vertex 9.025868400931358 0.8404679968953133 2
      vertex 9.004383601248264 0.9462480023503304 2
      vertex 9.025868400931358 0.8404679968953133 1.2
    endloop
  endfacet
  facet normal -0.9369580923214504 -0.3494417451211981 0
    outer loop
      vertex 9.004383601248264 0.9462480023503304 2
      vertex 8.968575596809387 1.0422599986195564 2
      vertex 9.004383601248264 0.9462480023503304 1.2
    endloop
  endfacet
  facet normal -0.8645536481419377 -0.5025405351655393 0
    outer loop
      vertex 8.968575596809387 1.0422599986195564 2
      vertex 8.918444402515888 1.1285040006041527 2
      vertex 8.968575596809387 1.0422599986195564 1.2
    endloop
  endfacet
  facet normal 0.8249961433035246 -0.565138357868505 0
    outer loop
      vertex 9.871357202529907 -0.03399360179901123 2
      vertex 10.043053202331066 0.21665039658546448 1.2
      vertex 10.043053202331066 0.21665039658546448 2
    endloop
  endfacet
  facet normal 0.9368793782195476 -0.3496527286708256 0
    outer loop
      vertex 10.043053202331066 0.21665039658546448 2
      vertex 10.146070800721645 0.4926816001534462 1.2
      vertex 10.146070800721645 0.4926816001534462 2
    endloop
  endfacet
  facet normal 0.9935730019752409 -0.11319315238082177 0
    outer loop
      vertex 10.146070800721645 0.4926816001534462 2
      vertex 10.180409997701645 0.7941000014543533 1.2
      vertex 10.180409997701645 0.7941000014543533 2
    endloop
  endfacet
  facet normal 0.9970238879410966 0.07709323494846775 0
    outer loop
      vertex 10.180409997701645 0.7941000014543533 2
      vertex 10.163648396730423 1.0108728036284447 1.2
      vertex 10.163648396730423 1.0108728036284447 2
    endloop
  endfacet
  facet normal 0 0 1
    outer loop
      vertex 9.630982801318169 -0.2592504024505615 2
      vertex 8.945139601826668 0.35066399723291397 2
      vertex 8.876780398190022 0.2483759969472885 2
    endloop
  endfacet
  facet normal 0 0 1
    outer loop
      vertex 9.871357202529907 -0.03399360179901123 2
      vertex 8.993967600166798 0.4641840010881424 2
      vertex 8.945139601826668 0.35066399723291397 2
    endloop
  endfacet
  facet normal 0 0 1
    outer loop
      vertex 9.630982801318169 -0.2592504024505615 2
      vertex 9.871357202529907 -0.03399360179901123 2
      vertex 8.945139601826668 0.35066399723291397 2
    endloop
  endfacet
  facet normal 0 0 1
    outer loop
      vertex 9.871357202529907 -0.03399360179901123 2
      vertex 10.043053202331066 0.21665039658546448 2
      vertex 8.993967600166798 0.4641840010881424 2
    endloop
  endfacet
  facet normal 0 0 1
    outer loop
      vertex 8.993967600166798 0.4641840010881424 2
      vertex 10.043053202331066 0.21665039658546448 2
      vertex 9.023264400660992 0.5889360010623932 2
    endloop
  endfacet
  facet normal 0 0 1
    outer loop
      vertex 9.023264400660992 0.5889360010623932 2
      vertex 10.043053202331066 0.21665039658546448 2
      vertex 10.146070800721645 0.4926816001534462 2
    endloop
  endfacet
  facet normal 0 0 1
    outer loop
      vertex 9.023264400660992 0.5889360010623932 2
      vertex 10.146070800721645 0.4926816001534462 2
      vertex 9.03303000330925 0.7249199971556664 2
    endloop
  endfacet
  facet normal 0 0 1
    outer loop
      vertex 9.03303000330925 0.7249199971556664 2
      vertex 10.180409997701645 0.7941000014543533 2
      vertex 9.025868400931358 0.8404679968953133 2
    endloop
  endfacet
  facet normal 0 0 1
    outer loop
      vertex 9.03303000330925 0.7249199971556664 2
      vertex 10.146070800721645 0.4926816001534462 2
      vertex 10.180409997701645 0.7941000014543533 2
    endloop
  endfacet
  facet normal 0 0 1
    outer loop
      vertex 9.025868400931358 0.8404679968953133 2
      vertex 10.163648396730423 1.0108728036284447 2
      vertex 9.004383601248264 0.9462480023503304 2
    endloop
  endfacet
  facet normal 0 0 1
    outer loop
      vertex 9.025868400931358 0.8404679968953133 2
      vertex 10.180409997701645 0.7941000014543533 2
      vertex 10.163648396730423 1.0108728036284447 2
    endloop
  endfacet
  facet normal 0 0 1
    outer loop
      vertex 9.004383601248264 0.9462480023503304 2
      vertex 10.163648396730423 1.0108728036284447 2
      vertex 10.113363601267338 1.2185351997613907 2
    endloop
  endfacet
  facet normal 0.7578734116990005 -0.652401633842005 0
    outer loop
      vertex 7.801006801426411 1.0917119979858398 2
      vertex 7.877489998936653 1.1805600002408028 1.2
      vertex 7.877489998936653 1.1805600002408028 2
    endloop
  endfacet
  facet normal 0.6465156440021658 -0.7629007288372878 0
    outer loop
      vertex 7.877489998936653 1.1805600002408028 2
      vertex 7.963921196758747 1.2538056001067162 1.2
      vertex 7.963921196758747 1.2538056001067162 2
    endloop
  endfacet
  facet normal 0.5212874461866234 -0.8533811566048481 0
    outer loop
      vertex 7.963921196758747 1.2538056001067162 2
      vertex 8.057182796299458 1.3107744008302689 1.2
      vertex 8.057182796299458 1.3107744008302689 2
    endloop
  endfacet
  facet normal 0.3766123874653764 -0.9263709352131193 0
    outer loop
      vertex 8.057182796299458 1.3107744008302689 2
      vertex 8.157274797558784 1.3514664024114609 1.2
      vertex 8.157274797558784 1.3514664024114609 2
    endloop
  endfacet
  facet normal 0.22261500023668943 -0.9749064373926448 0
    outer loop
      vertex 8.157274797558784 1.3514664024114609 2
      vertex 8.264197200536728 1.3758815973997116 1.2
      vertex 8.264197200536728 1.3758815973997116 2
    endloop
  endfacet
  facet normal 0.07136223769994231 -0.9974504654520228 0
    outer loop
      vertex 8.264197200536728 1.3758815973997116 2
      vertex 8.377949997782707 1.3840200006961823 1.2
      vertex 8.377949997782707 1.3840200006961823 2
    endloop
  endfacet
  facet normal -0.5046489568151835 -0.8633246378885215 0
    outer loop
      vertex 8.777674801647663 1.2694343999028206 2
      vertex 8.691913202404976 1.3195656016469002 2
      vertex 8.777674801647663 1.2694343999028206 1.2
    endloop
  endfacet
  facet normal -0.3520282285287814 -0.9359893836571482 0
    outer loop
      vertex 8.596705198287964 1.3553735986351967 2
      vertex 8.691913202404976 1.3195656016469002 1.2
      vertex 8.691913202404976 1.3195656016469002 2
    endloop
  endfacet
  facet normal -0.7646472952531789 -0.644449000202497 0
    outer loop
      vertex 8.918444402515888 1.1285040006041527 2
      vertex 8.853990003466606 1.2049800008535385 2
      vertex 8.918444402515888 1.1285040006041527 1.2
    endloop
  endfacet
  facet normal -0.6452418877719293 -0.7639783414891531 0
    outer loop
      vertex 8.777674801647663 1.2694343999028206 2
      vertex 8.853990003466606 1.2049800008535385 1.2
      vertex 8.853990003466606 1.2049800008535385 2
    endloop
  endfacet
  facet normal -0.06264230712919988 -0.9980360421134754 0
    outer loop
      vertex 8.377949997782707 1.3840200006961823 2
      vertex 8.492050796747208 1.3768583983182907 1.2
      vertex 8.492050796747208 1.3768583983182907 2
    endloop
  endfacet
  facet normal -0.2010989041834306 -0.9795709421661217 0
    outer loop
      vertex 8.492050796747208 1.3768583983182907 2
      vertex 8.596705198287964 1.3553735986351967 1.2
      vertex 8.596705198287964 1.3553735986351967 2
    endloop
  endfacet
  facet normal -0.37948979739805544 0.9251959217759137 0
    outer loop
      vertex 7.521509997546673 2.1387600004673004 2
      vertex 7.684021197259426 2.2054176032543182 2
      vertex 7.521509997546673 2.1387600004673004 1.2
    endloop
  endfacet
  facet normal 0.9719118018981205 0.23534538306741548 0
    outer loop
      vertex 10.163648396730423 1.0108728036284447 2
      vertex 10.113363601267338 1.2185351997613907 1.2
      vertex 10.113363601267338 1.2185351997613907 2
    endloop
  endfacet
  facet normal 0.9212912250995844 0.38887334513245675 0
    outer loop
      vertex 10.113363601267338 1.2185351997613907 2
      vertex 10.029555596411228 1.417087197303772 1.2
      vertex 10.029555596411228 1.417087197303772 2
    endloop
  endfacet
  facet normal 0.8501489917499871 0.5265422032719508 0
    outer loop
      vertex 10.029555596411228 1.417087197303772 2
      vertex 9.912224397063255 1.6065288037061691 1.2
      vertex 9.912224397063255 1.6065288037061691 2
    endloop
  endfacet
  facet normal 0.7670100070317811 0.6416351370624175 0
    outer loop
      vertex 9.76137000322342 1.7868599966168404 2
      vertex 9.912224397063255 1.6065288037061691 2
      vertex 9.76137000322342 1.7868599966168404 1.2
    endloop
  endfacet
  facet normal 0.6655891085088367 0.746318389586115 0
    outer loop
      vertex 9.76137000322342 1.7868599966168404 2
      vertex 9.54457800090313 1.9802016019821167 1.2
      vertex 9.54457800090313 1.9802016019821167 2
    endloop
  endfacet
  facet normal 0.525472868095441 0.8508103577740171 0
    outer loop
      vertex 9.54457800090313 1.9802016019821167 2
      vertex 9.301097996532917 2.130578398704529 1.2
      vertex 9.301097996532917 2.130578398704529 2
    endloop
  endfacet
  facet normal 0 0 1
    outer loop
      vertex 7.737541198730469 0.9878880009055138 2
      vertex 7.801006801426411 1.0917119979858398 2
      vertex 6.903030000627041 1.6301999986171722 2
    endloop
  endfacet
  facet normal 0 0 1
    outer loop
      vertex 7.801006801426411 1.0917119979858398 2
      vertex 7.877489998936653 1.1805600002408028 2
      vertex 7.108431600034237 1.86683040112257 2
    endloop
  endfacet
  facet normal 0 0 1
    outer loop
      vertex 7.877489998936653 1.1805600002408028 2
      vertex 7.963921196758747 1.2538056001067162 2
      vertex 7.369820401072502 2.059185601770878 2
    endloop
  endfacet
  facet normal 0 0 1
    outer loop
      vertex 7.963921196758747 1.2538056001067162 2
      vertex 8.057182796299458 1.3107744008302689 2
      vertex 7.521509997546673 2.1387600004673004 2
    endloop
  endfacet
  facet normal 0 0 1
    outer loop
      vertex 8.057182796299458 1.3107744008302689 2
      vertex 8.157274797558784 1.3514664024114609 2
      vertex 7.684021197259426 2.2054176032543182 2
    endloop
  endfacet
  facet normal 0 0 1
    outer loop
      vertex 8.968575596809387 1.0422599986195564 2
      vertex 9.912224397063255 1.6065288037061691 2
      vertex 8.918444402515888 1.1285040006041527 2
    endloop
  endfacet
  facet normal 0 0 1
    outer loop
      vertex 8.918444402515888 1.1285040006041527 2
      vertex 9.76137000322342 1.7868599966168404 2
      vertex 8.853990003466606 1.2049800008535385 2
    endloop
  endfacet
  facet normal 0 0 1
    outer loop
      vertex 8.777674801647663 1.2694343999028206 2
      vertex 8.853990003466606 1.2049800008535385 2
      vertex 9.54457800090313 1.9802016019821167 2
    endloop
  endfacet
  facet normal 0 0 1
    outer loop
      vertex 8.777674801647663 1.2694343999028206 2
      vertex 9.301097996532917 2.130578398704529 2
      vertex 8.691913202404976 1.3195656016469002 2
    endloop
  endfacet
  facet normal 0 0 1
    outer loop
      vertex 7.877489998936653 1.1805600002408028 2
      vertex 7.369820401072502 2.059185601770878 2
      vertex 7.232127599418163 1.9685423970222473 2
    endloop
  endfacet
  facet normal 0 0 1
    outer loop
      vertex 7.963921196758747 1.2538056001067162 2
      vertex 7.521509997546673 2.1387600004673004 2
      vertex 7.369820401072502 2.059185601770878 2
    endloop
  endfacet
  facet normal 0 0 1
    outer loop
      vertex 8.057182796299458 1.3107744008302689 2
      vertex 7.684021197259426 2.2054176032543182 2
      vertex 7.521509997546673 2.1387600004673004 2
    endloop
  endfacet
  facet normal 0 0 1
    outer loop
      vertex 8.157274797558784 1.3514664024114609 2
      vertex 8.264197200536728 1.3758815973997116 2
      vertex 8.03198280185461 2.2942944020032883 2
    endloop
  endfacet
  facet normal 0 0 1
    outer loop
      vertex 8.264197200536728 1.3758815973997116 2
      vertex 8.377949997782707 1.3840200006961823 2
      vertex 8.21743319928646 2.3165135979652405 2
    endloop
  endfacet
  facet normal 0 0 1
    outer loop
      vertex 8.157274797558784 1.3514664024114609 2
      vertex 7.854178801178932 2.2572624012827873 2
      vertex 7.684021197259426 2.2054176032543182 2
    endloop
  endfacet
  facet normal 0 0 1
    outer loop
      vertex 8.157274797558784 1.3514664024114609 2
      vertex 8.03198280185461 2.2942944020032883 2
      vertex 7.854178801178932 2.2572624012827873 2
    endloop
  endfacet
  facet normal 0 0 1
    outer loop
      vertex 8.264197200536728 1.3758815973997116 2
      vertex 8.21743319928646 2.3165135979652405 2
      vertex 8.03198280185461 2.2942944020032883 2
    endloop
  endfacet
  facet normal 0 0 1
    outer loop
      vertex 8.377949997782707 1.3840200006961823 2
      vertex 8.410530000925064 2.3239199966192245 2
      vertex 8.21743319928646 2.3165135979652405 2
    endloop
  endfacet
  facet normal 0 0 1
    outer loop
      vertex 8.377949997782707 1.3840200006961823 2
      vertex 8.492050796747208 1.3768583983182907 2
      vertex 8.410530000925064 2.3239199966192245 2
    endloop
  endfacet
  facet normal 0 0 1
    outer loop
      vertex 8.492050796747208 1.3768583983182907 2
      vertex 8.596705198287964 1.3553735986351967 2
      vertex 8.734073996543884 2.3024376034736633 2
    endloop
  endfacet
  facet normal 0 0 1
    outer loop
      vertex 8.596705198287964 1.3553735986351967 2
      vertex 8.691913202404976 1.3195656016469002 2
      vertex 9.030929997563362 2.237990401685238 2
    endloop
  endfacet
  facet normal 0 0 1
    outer loop
      vertex 8.691913202404976 1.3195656016469002 2
      vertex 9.301097996532917 2.130578398704529 2
      vertex 9.030929997563362 2.237990401685238 2
    endloop
  endfacet
  facet normal 0 0 1
    outer loop
      vertex 8.777674801647663 1.2694343999028206 2
      vertex 9.54457800090313 1.9802016019821167 2
      vertex 9.301097996532917 2.130578398704529 2
    endloop
  endfacet
  facet normal 0 0 1
    outer loop
      vertex 8.492050796747208 1.3768583983182907 2
      vertex 8.734073996543884 2.3024376034736633 2
      vertex 8.410530000925064 2.3239199966192245 2
    endloop
  endfacet
  facet normal 0 0 1
    outer loop
      vertex 8.596705198287964 1.3553735986351967 2
      vertex 9.030929997563362 2.237990401685238 2
      vertex 8.734073996543884 2.3024376034736633 2
    endloop
  endfacet
  facet normal 0 0 1
    outer loop
      vertex 9.004383601248264 0.9462480023503304 2
      vertex 10.029555596411228 1.417087197303772 2
      vertex 8.968575596809387 1.0422599986195564 2
    endloop
  endfacet
  facet normal 0 0 1
    outer loop
      vertex 9.004383601248264 0.9462480023503304 2
      vertex 10.113363601267338 1.2185351997613907 2
      vertex 10.029555596411228 1.417087197303772 2
    endloop
  endfacet
  facet normal 0 0 1
    outer loop
      vertex 8.968575596809387 1.0422599986195564 2
      vertex 10.029555596411228 1.417087197303772 2
      vertex 9.912224397063255 1.6065288037061691 2
    endloop
  endfacet
  facet normal 0 0 1
    outer loop
      vertex 8.918444402515888 1.1285040006041527 2
      vertex 9.912224397063255 1.6065288037061691 2
      vertex 9.76137000322342 1.7868599966168404 2
    endloop
  endfacet
  facet normal 0 0 1
    outer loop
      vertex 8.853990003466606 1.2049800008535385 2
      vertex 9.76137000322342 1.7868599966168404 2
      vertex 9.54457800090313 1.9802016019821167 2
    endloop
  endfacet
  facet normal -0.37948979739805544 0.9251959217759137 0
    outer loop
      vertex 7.684021197259426 2.2054176032543182 2
      vertex 7.684021197259426 2.2054176032543182 1.2
      vertex 7.521509997546673 2.1387600004673004 1.2
    endloop
  endfacet
  facet normal -0.29145848390045387 0.9565834789303278 0
    outer loop
      vertex 7.854178801178932 2.2572624012827873 2
      vertex 7.854178801178932 2.2572624012827873 1.2
      vertex 7.684021197259426 2.2054176032543182 1.2
    endloop
  endfacet
  facet normal -0.20389884853417714 0.9789919609304443 0
    outer loop
      vertex 8.03198280185461 2.2942944020032883 2
      vertex 8.03198280185461 2.2942944020032883 1.2
      vertex 7.854178801178932 2.2572624012827873 1.2
    endloop
  endfacet
  facet normal -0.11896127172259731 0.992898895069454 0
    outer loop
      vertex 8.21743319928646 2.3165135979652405 2
      vertex 8.21743319928646 2.3165135979652405 1.2
      vertex 8.03198280185461 2.2942944020032883 1.2
    endloop
  endfacet
  facet normal -0.03832770167572209 0.9992652236940185 0
    outer loop
      vertex 8.410530000925064 2.3239199966192245 2
      vertex 8.410530000925064 2.3239199966192245 1.2
      vertex 8.21743319928646 2.3165135979652405 1.2
    endloop
  endfacet
  facet normal 0.06625125491338997 0.997802972145504 0
    outer loop
      vertex 8.734073996543884 2.3024376034736633 2
      vertex 8.734073996543884 2.3024376034736633 1.2
      vertex 8.410530000925064 2.3239199966192245 1.2
    endloop
  endfacet
  facet normal 0.21215706740173265 0.9772355799660063 0
    outer loop
      vertex 9.030929997563362 2.237990401685238 2
      vertex 9.030929997563362 2.237990401685238 1.2
      vertex 8.734073996543884 2.3024376034736633 1.2
    endloop
  endfacet
  facet normal -0.29145848390045387 0.9565834789303278 0
    outer loop
      vertex 7.684021197259426 2.2054176032543182 2
      vertex 7.854178801178932 2.2572624012827873 2
      vertex 7.684021197259426 2.2054176032543182 1.2
    endloop
  endfacet
  facet normal -0.20389884853417714 0.9789919609304443 0
    outer loop
      vertex 7.854178801178932 2.2572624012827873 2
      vertex 8.03198280185461 2.2942944020032883 2
      vertex 7.854178801178932 2.2572624012827873 1.2
    endloop
  endfacet
  facet normal -0.11896127172259731 0.992898895069454 0
    outer loop
      vertex 8.03198280185461 2.2942944020032883 2
      vertex 8.21743319928646 2.3165135979652405 2
      vertex 8.03198280185461 2.2942944020032883 1.2
    endloop
  endfacet
  facet normal -0.03832770167572209 0.9992652236940185 0
    outer loop
      vertex 8.21743319928646 2.3165135979652405 2
      vertex 8.410530000925064 2.3239199966192245 2
      vertex 8.21743319928646 2.3165135979652405 1.2
    endloop
  endfacet
  facet normal 0.06625125491338997 0.997802972145504 0
    outer loop
      vertex 8.410530000925064 2.3239199966192245 2
      vertex 8.734073996543884 2.3024376034736633 2
      vertex 8.410530000925064 2.3239199966192245 1.2
    endloop
  endfacet
  facet normal 0.21215706740173265 0.9772355799660063 0
    outer loop
      vertex 8.734073996543884 2.3024376034736633 2
      vertex 9.030929997563362 2.237990401685238 2
      vertex 8.734073996543884 2.3024376034736633 1.2
    endloop
  endfacet
  facet normal 0.36944713029374526 0.9292517516355384 0
    outer loop
      vertex 9.030929997563362 2.237990401685238 2
      vertex 9.301097996532917 2.130578398704529 2
      vertex 9.030929997563362 2.237990401685238 1.2
    endloop
  endfacet
endsolid OpenSCAD_Model
