solid OpenSCAD_Model
  facet normal -0.2902846772544611 -0.9569403357322092 0
    outer loop
      vertex -14.23268343236509 -4.273879532511287 0
      vertex -14.045090322016128 -4.33078528040323 0
      vertex -14.23268343236509 -4.273879532511287 1.2
    endloop
  endfacet
  facet normal -0.47139673682599764 -0.881921264348355 0
    outer loop
      vertex -14.405570233019603 -4.1814696123025445 0
      vertex -14.23268343236509 -4.273879532511287 0
      vertex -14.405570233019603 -4.1814696123025445 1.2
    endloop
  endfacet
  facet normal -0.09801714032956085 -0.9951847266721969 0
    outer loop
      vertex -14.045090322016128 -4.33078528040323 0
      vertex -13.85 -4.35 0
      vertex -14.045090322016128 -4.33078528040323 1.2
    endloop
  endfacet
  facet normal -0.6343932841636445 -0.7730104533627378 -8.530653689077567e-19
    outer loop
      vertex -14.405570233019603 -4.1814696123025445 0
      vertex -14.557106781186548 -4.0571067811865476 1.2
      vertex -14.557106781186548 -4.0571067811865476 0
    endloop
  endfacet
  facet normal -0.7730104533627397 -0.6343932841636422 1.5526348423559025e-18
    outer loop
      vertex -14.557106781186548 -4.0571067811865476 0
      vertex -14.681469612302545 -3.905570233019602 1.2
      vertex -14.681469612302545 -3.905570233019602 0
    endloop
  endfacet
  facet normal -0.8819212643483559 -0.47139673682599603 -4.956636405845545e-18
    outer loop
      vertex -14.681469612302545 -3.905570233019602 0
      vertex -14.773879532511286 -3.7326834323650893 1.2
      vertex -14.773879532511286 -3.7326834323650893 0
    endloop
  endfacet
  facet normal -0.9569403357322077 -0.2902846772544659 2.4143463782532686e-19
    outer loop
      vertex -14.773879532511286 -3.7326834323650893 0
      vertex -14.83078528040323 -3.545090322016128 1.2
      vertex -14.83078528040323 -3.545090322016128 0
    endloop
  endfacet
  facet normal -0.9951847266721969 -0.09801714032956063 -1.408419263936858e-20
    outer loop
      vertex -14.83078528040323 -3.545090322016128 0
      vertex -14.85 -3.3499999999999996 1.2
      vertex -14.85 -3.3499999999999996 0
    endloop
  endfacet
  facet normal -0.47139673682599764 -0.881921264348355 0
    outer loop
      vertex -14.23268343236509 -4.273879532511287 0
      vertex -14.23268343236509 -4.273879532511287 1.2
      vertex -14.405570233019603 -4.1814696123025445 1.2
    endloop
  endfacet
  facet normal -0.2902846772544611 -0.9569403357322092 0
    outer loop
      vertex -14.045090322016128 -4.33078528040323 0
      vertex -14.045090322016128 -4.33078528040323 1.2
      vertex -14.23268343236509 -4.273879532511287 1.2
    endloop
  endfacet
  facet normal -0.09801714032956085 -0.9951847266721969 0
    outer loop
      vertex -13.85 -4.35 0
      vertex -13.85 -4.35 1.2
      vertex -14.045090322016128 -4.33078528040323 1.2
    endloop
  endfacet
  facet normal -0.6343932841636445 -0.7730104533627378 0
    outer loop
      vertex -14.405570233019603 -4.1814696123025445 0
      vertex -14.405570233019603 -4.1814696123025445 1.2
      vertex -14.557106781186548 -4.0571067811865476 1.2
    endloop
  endfacet
  facet normal -0.7730104533627397 -0.6343932841636422 0
    outer loop
      vertex -14.557106781186548 -4.0571067811865476 0
      vertex -14.557106781186548 -4.0571067811865476 1.2
      vertex -14.681469612302545 -3.905570233019602 1.2
    endloop
  endfacet
  facet normal -0.8819212643483559 -0.47139673682599603 0
    outer loop
      vertex -14.681469612302545 -3.905570233019602 0
      vertex -14.681469612302545 -3.905570233019602 1.2
      vertex -14.773879532511286 -3.7326834323650893 1.2
    endloop
  endfacet
  facet normal -0.9569403357322077 -0.2902846772544659 0
    outer loop
      vertex -14.773879532511286 -3.7326834323650893 0
      vertex -14.773879532511286 -3.7326834323650893 1.2
      vertex -14.83078528040323 -3.545090322016128 1.2
    endloop
  endfacet
  facet normal -0.9951847266721969 -0.09801714032956063 0
    outer loop
      vertex -14.83078528040323 -3.545090322016128 0
      vertex -14.83078528040323 -3.545090322016128 1.2
      vertex -14.85 -3.3499999999999996 1.2
    endloop
  endfacet
  facet normal 0 0 -1
    outer loop
      vertex -14.557106781186548 -4.0571067811865476 0
      vertex -14.681469612302545 -3.905570233019602 0
      vertex -14.681469612302545 3.905570233019602 0
    endloop
  endfacet
  facet normal 0 0 -1
    outer loop
      vertex -14.405570233019603 -4.1814696123025445 0
      vertex -14.557106781186548 -4.0571067811865476 0
      vertex -14.557106781186548 4.0571067811865476 0
    endloop
  endfacet
  facet normal 0 0 -1
    outer loop
      vertex -14.681469612302545 -3.905570233019602 0
      vertex -14.773879532511286 -3.7326834323650893 0
      vertex -14.773879532511286 3.7326834323650893 0
    endloop
  endfacet
  facet normal 0 0 -1
    outer loop
      vertex -14.773879532511286 -3.7326834323650893 0
      vertex -14.83078528040323 -3.545090322016128 0
      vertex -14.83078528040323 3.545090322016128 0
    endloop
  endfacet
  facet normal 0 0 -1
    outer loop
      vertex -14.83078528040323 -3.545090322016128 0
      vertex -14.85 -3.3499999999999996 0
      vertex -14.85 3.3499999999999996 0
    endloop
  endfacet
  facet normal 0 0 -1
    outer loop
      vertex -14.405570233019603 -4.1814696123025445 0
      vertex -14.405570233019603 4.1814696123025445 0
      vertex -14.23268343236509 -4.273879532511287 0
    endloop
  endfacet
  facet normal 0 0 -1
    outer loop
      vertex -14.23268343236509 -4.273879532511287 0
      vertex -14.23268343236509 4.273879532511287 0
      vertex -14.045090322016128 -4.33078528040323 0
    endloop
  endfacet
  facet normal 0 0 -1
    outer loop
      vertex -14.045090322016128 -4.33078528040323 0
      vertex -14.045090322016128 4.33078528040323 0
      vertex -13.85 -4.35 0
    endloop
  endfacet
  facet normal -1 0 0
    outer loop
      vertex -14.85 -3.3499999999999996 0
      vertex -14.85 -3.3499999999999996 1.2
      vertex -14.85 3.3499999999999996 1.2
    endloop
  endfacet
  facet normal 0 -1 0
    outer loop
      vertex -13.85 -4.35 0
      vertex 13.85 -4.35 0
      vertex -13.85 -4.35 1.2
    endloop
  endfacet
  facet normal 0 -1 0
    outer loop
      vertex -13.85 -4.35 1.2
      vertex 13.85 -4.35 0
      vertex -9.983510002493858 -4.35 1.2
    endloop
  endfacet
  facet normal 0 -1 0
    outer loop
      vertex 13.85 -4.35 0
      vertex -8.079130001366138 -4.35 1.2
      vertex -9.983510002493858 -4.35 1.2
    endloop
  endfacet
  facet normal 0 -1 0
    outer loop
      vertex 13.85 -4.35 0
      vertex -6.248029999434948 -4.35 1.2
      vertex -8.079130001366138 -4.35 1.2
    endloop
  endfacet
  facet normal 0 0 -1
    outer loop
      vertex -13.85 -4.35 0
      vertex -13.85 4.35 0
      vertex 13.85 -4.35 0
    endloop
  endfacet
  facet normal 0 0 1
    outer loop
      vertex -13.85 -4.35 1.2
      vertex -9.983510002493858 -4.35 1.2
      vertex -11.75338999927044 -0.3760000020265579 1.2
    endloop
  endfacet
  facet normal 0 0 1
    outer loop
      vertex -14.557106781186548 -4.0571067811865476 1.2
      vertex -14.681469612302545 3.905570233019602 1.2
      vertex -14.681469612302545 -3.905570233019602 1.2
    endloop
  endfacet
  facet normal 0 0 1
    outer loop
      vertex -14.405570233019603 -4.1814696123025445 1.2
      vertex -14.557106781186548 4.0571067811865476 1.2
      vertex -14.557106781186548 -4.0571067811865476 1.2
    endloop
  endfacet
  facet normal 0 0 1
    outer loop
      vertex -14.681469612302545 -3.905570233019602 1.2
      vertex -14.773879532511286 3.7326834323650893 1.2
      vertex -14.773879532511286 -3.7326834323650893 1.2
    endloop
  endfacet
  facet normal 0 0 1
    outer loop
      vertex -14.773879532511286 -3.7326834323650893 1.2
      vertex -14.83078528040323 3.545090322016128 1.2
      vertex -14.83078528040323 -3.545090322016128 1.2
    endloop
  endfacet
  facet normal 0 0 1
    outer loop
      vertex -14.83078528040323 -3.545090322016128 1.2
      vertex -14.85 3.3499999999999996 1.2
      vertex -14.85 -3.3499999999999996 1.2
    endloop
  endfacet
  facet normal 0 0 1
    outer loop
      vertex -14.405570233019603 -4.1814696123025445 1.2
      vertex -14.23268343236509 -4.273879532511287 1.2
      vertex -14.405570233019603 4.1814696123025445 1.2
    endloop
  endfacet
  facet normal 0 0 1
    outer loop
      vertex -14.23268343236509 -4.273879532511287 1.2
      vertex -14.045090322016128 -4.33078528040323 1.2
      vertex -14.23268343236509 4.273879532511287 1.2
    endloop
  endfacet
  facet normal 0 0 1
    outer loop
      vertex -14.045090322016128 -4.33078528040323 1.2
      vertex -13.85 -4.35 1.2
      vertex -14.045090322016128 4.33078528040323 1.2
    endloop
  endfacet
  facet normal 0 0 1
    outer loop
      vertex -9.983510002493858 -4.35 1.2
      vertex -9.983510002493858 -0.3760000020265579 1.2
      vertex -11.75338999927044 -0.3760000020265579 1.2
    endloop
  endfacet
  facet normal 0 0 1
    outer loop
      vertex -8.079130001366138 -4.35 1.2
      vertex -6.313330002129078 -0.3760000020265579 1.2
      vertex -8.079130001366138 -0.3760000020265579 1.2
    endloop
  endfacet
  facet normal 0 0 1
    outer loop
      vertex -8.079130001366138 -4.35 1.2
      vertex -6.248029999434948 -4.35 1.2
      vertex -6.313330002129078 -0.3760000020265579 1.2
    endloop
  endfacet
  facet normal 0 0 1
    outer loop
      vertex -4.404729999601841 -4.35 1.2
      vertex -3.4568900018930435 -4.35 1.2
      vertex -4.404729999601841 -2.8207006081938744 1.2
    endloop
  endfacet
  facet normal 0 0 1
    outer loop
      vertex -3.4568900018930435 -4.35 1.2
      vertex -3.4568900018930435 -2.7009886652231216 1.2
      vertex -4.404729999601841 -2.8207006081938744 1.2
    endloop
  endfacet
  facet normal 0 0 1
    outer loop
      vertex -1.6135900020599365 -4.35 1.2
      vertex -1.0475150644821194 -4.35 1.2
      vertex -1.0636194720864296 -4.306899316608906 1.2
    endloop
  endfacet
  facet normal 0 0 1
    outer loop
      vertex -1.6135900020599365 -4.35 1.2
      vertex -1.0636194720864296 -4.306899316608906 1.2
      vertex -1.1154188886284828 -4.103332668542862 1.2
    endloop
  endfacet
  facet normal 0 0 1
    outer loop
      vertex -1.6135900020599365 -4.35 1.2
      vertex -1.1154188886284828 -4.103332668542862 1.2
      vertex -1.1508592441678047 -3.8840867578983307 1.2
    endloop
  endfacet
  facet normal 0 0 1
    outer loop
      vertex -1.6135900020599365 -4.35 1.2
      vertex -1.1508592441678047 -3.8840867578983307 1.2
      vertex -1.17144413292408 -3.6483620703220367 1.2
    endloop
  endfacet
  facet normal 0 0 1
    outer loop
      vertex -1.6135900020599365 -4.35 1.2
      vertex -1.17144413292408 -3.6483620703220367 1.2
      vertex -1.6135900020599365 -2.4450678527355194 1.2
    endloop
  endfacet
  facet normal 0 0 1
    outer loop
      vertex -1.6135900020599365 -2.4450678527355194 1.2
      vertex -1.17144413292408 -3.6483620703220367 1.2
      vertex -1.1780299991369247 -3.3995717018842697 1.2
    endloop
  endfacet
  facet normal 0 0 1
    outer loop
      vertex -4.404729999601841 -2.8207006081938744 1.2
      vertex -3.4568900018930435 -2.7009886652231216 1.2
      vertex -4.400814205408096 -2.624961130321026 1.2
    endloop
  endfacet
  facet normal 0 0 1
    outer loop
      vertex -4.400814205408096 -2.624961130321026 1.2
      vertex -3.4568900018930435 -2.7009886652231216 1.2
      vertex -4.389594979584217 -2.4572373032569885 1.2
    endloop
  endfacet
  facet normal 0 0 1
    outer loop
      vertex -4.389594979584217 -2.4572373032569885 1.2
      vertex -3.4568900018930435 -2.7009886652231216 1.2
      vertex -3.459427446126938 -2.455484986305237 1.2
    endloop
  endfacet
  facet normal 0 0 1
    outer loop
      vertex -4.389594979584217 -2.4572373032569885 1.2
      vertex -3.459427446126938 -2.455484986305237 1.2
      vertex -4.3717552945017815 -2.315551571547985 1.2
    endloop
  endfacet
  facet normal 0 0 1
    outer loop
      vertex -4.3717552945017815 -2.315551571547985 1.2
      vertex -3.4668210223317146 -2.254625253379345 1.2
      vertex -4.348667301237583 -2.2015213444828987 1.2
    endloop
  endfacet
  facet normal 0 0 1
    outer loop
      vertex -4.3717552945017815 -2.315551571547985 1.2
      vertex -3.459427446126938 -2.455484986305237 1.2
      vertex -3.4668210223317146 -2.254625253379345 1.2
    endloop
  endfacet
  facet normal 0 0 1
    outer loop
      vertex -4.348667301237583 -2.2015213444828987 1.2
      vertex -3.4668210223317146 -2.254625253379345 1.2
      vertex -4.322204798460007 -2.114976152777672 1.2
    endloop
  endfacet
  facet normal 0 0 1
    outer loop
      vertex -4.322204798460007 -2.114976152777672 1.2
      vertex -3.4668210223317146 -2.254625253379345 1.2
      vertex -4.292531341314316 -2.047124519944191 1.2
    endloop
  endfacet
  facet normal 0 0 1
    outer loop
      vertex -4.292531341314316 -2.047124519944191 1.2
      vertex -3.4668210223317146 -2.254625253379345 1.2
      vertex -4.259219340980053 -1.990730233490467 1.2
    endloop
  endfacet
  facet normal 0 0 1
    outer loop
      vertex -3.4668210223317146 -2.254625253379345 1.2
      vertex -4.223126590251923 -1.944772981107235 1.2
      vertex -4.259219340980053 -1.990730233490467 1.2
    endloop
  endfacet
  facet normal 0 0 1
    outer loop
      vertex -3.4668210223317146 -2.254625253379345 1.2
      vertex -4.183570310473442 -1.9067586585879326 1.2
      vertex -4.223126590251923 -1.944772981107235 1.2
    endloop
  endfacet
  facet normal 0 0 1
    outer loop
      vertex -3.4668210223317146 -2.254625253379345 1.2
      vertex -4.1371395364403725 -1.873349905014038 1.2
      vertex -4.183570310473442 -1.9067586585879326 1.2
    endloop
  endfacet
  facet normal 0 0 1
    outer loop
      vertex -3.4668210223317146 -2.254625253379345 1.2
      vertex -4.082645006477833 -1.8438335210084915 1.2
      vertex -4.1371395364403725 -1.873349905014038 1.2
    endloop
  endfacet
  facet normal 0 0 1
    outer loop
      vertex -3.4668210223317146 -2.254625253379345 1.2
      vertex -4.023344665765762 -1.8201110363006592 1.2
      vertex -4.082645006477833 -1.8438335210084915 1.2
    endloop
  endfacet
  facet normal 0 0 1
    outer loop
      vertex -3.4668210223317146 -2.254625253379345 1.2
      vertex -3.9598309472203255 -1.8028333857655525 1.2
      vertex -4.023344665765762 -1.8201110363006592 1.2
    endloop
  endfacet
  facet normal 0 0 1
    outer loop
      vertex -3.4668210223317146 -2.254625253379345 1.2
      vertex -3.8906118869781494 -1.7920529171824455 1.2
      vertex -3.9598309472203255 -1.8028333857655525 1.2
    endloop
  endfacet
  facet normal 0 0 1
    outer loop
      vertex -3.478528708219528 -2.0995010510087013 1.2
      vertex -3.81401140242815 -1.7882503494620323 1.2
      vertex -3.8906118869781494 -1.7920529171824455 1.2
    endloop
  endfacet
  facet normal 0 0 1
    outer loop
      vertex -6.248029999434948 -4.35 1.2
      vertex -6.248029999434948 1.3330200016498566 1.2
      vertex -6.313330002129078 -0.3760000020265579 1.2
    endloop
  endfacet
  facet normal 0 0 1
    outer loop
      vertex -3.4668210223317146 -2.254625253379345 1.2
      vertex -3.478528708219528 -2.0995010510087013 1.2
      vertex -3.8906118869781494 -1.7920529171824455 1.2
    endloop
  endfacet
  facet normal 0 0 1
    outer loop
      vertex -3.478528708219528 -2.0995010510087013 1.2
      vertex -3.492676518857479 -1.996429719030857 1.2
      vertex -3.6220543384552 -1.8235136270523071 1.2
    endloop
  endfacet
  facet normal 0 0 1
    outer loop
      vertex -3.492676518857479 -1.996429719030857 1.2
      vertex -3.504659377038479 -1.9488369897007942 1.2
      vertex -3.592824511229992 -1.839899554848671 1.2
    endloop
  endfacet
  facet normal 0 0 1
    outer loop
      vertex -3.478528708219528 -2.0995010510087013 1.2
      vertex -3.7519481107592583 -1.7910406365990639 1.2
      vertex -3.81401140242815 -1.7882503494620323 1.2
    endloop
  endfacet
  facet normal 0 0 1
    outer loop
      vertex -3.478528708219528 -2.0995010510087013 1.2
      vertex -3.6563581377267838 -1.8098712787032127 1.2
      vertex -3.6991799399256706 -1.7986898198723793 1.2
    endloop
  endfacet
  facet normal 0 0 1
    outer loop
      vertex -3.478528708219528 -2.0995010510087013 1.2
      vertex -3.6991799399256706 -1.7986898198723793 1.2
      vertex -3.7519481107592583 -1.7910406365990639 1.2
    endloop
  endfacet
  facet normal 0 0 1
    outer loop
      vertex -3.478528708219528 -2.0995010510087013 1.2
      vertex -3.6220543384552 -1.8235136270523071 1.2
      vertex -3.6563581377267838 -1.8098712787032127 1.2
    endloop
  endfacet
  facet normal 0 0 1
    outer loop
      vertex -3.492676518857479 -1.996429719030857 1.2
      vertex -3.592824511229992 -1.839899554848671 1.2
      vertex -3.6220543384552 -1.8235136270523071 1.2
    endloop
  endfacet
  facet normal 0 0 1
    outer loop
      vertex -3.5148548260331154 -1.9249902814626694 1.2
      vertex -3.5460991263389587 -1.8793584555387497 1.2
      vertex -3.567076623439789 -1.8590797781944275 1.2
    endloop
  endfacet
  facet normal 0 0 1
    outer loop
      vertex -3.504659377038479 -1.9488369897007942 1.2
      vertex -3.5148548260331154 -1.9249902814626694 1.2
      vertex -3.592824511229992 -1.839899554848671 1.2
    endloop
  endfacet
  facet normal 0 0 1
    outer loop
      vertex -3.5148548260331154 -1.9249902814626694 1.2
      vertex -3.52922710031271 -1.9007082656025887 1.2
      vertex -3.5460991263389587 -1.8793584555387497 1.2
    endloop
  endfacet
  facet normal 0 0 1
    outer loop
      vertex -3.5148548260331154 -1.9249902814626694 1.2
      vertex -3.567076623439789 -1.8590797781944275 1.2
      vertex -3.592824511229992 -1.839899554848671 1.2
    endloop
  endfacet
  facet normal 0 0 1
    outer loop
      vertex -1.6135900020599365 -2.4450678527355194 1.2
      vertex -1.1780299991369247 -3.3995717018842697 1.2
      vertex -1.6160167381167412 -2.218233324587345 1.2
    endloop
  endfacet
  facet normal 0 0 1
    outer loop
      vertex -1.6160167381167412 -2.218233324587345 1.2
      vertex -1.1780299991369247 -3.3995717018842697 1.2
      vertex -1.1780299991369247 -0.31074000149965286 1.2
    endloop
  endfacet
  facet normal 0 0 1
    outer loop
      vertex -1.6160167381167412 -2.218233324587345 1.2
      vertex -1.1780299991369247 -0.31074000149965286 1.2
      vertex -1.6234597861766815 -2.0119983702898026 1.2
    endloop
  endfacet
  facet normal 0 0 1
    outer loop
      vertex -1.6234597861766815 -2.0119983702898026 1.2
      vertex -1.1780299991369247 -0.31074000149965286 1.2
      vertex -1.6361625418066978 -1.827104277908802 1.2
    endloop
  endfacet
  facet normal 0 0 1
    outer loop
      vertex -1.654676578938961 -1.661987341940403 1.2
      vertex -1.6361625418066978 -1.827104277908802 1.2
      vertex -1.1780299991369247 -0.31074000149965286 1.2
    endloop
  endfacet
  facet normal 0 0 1
    outer loop
      vertex -1.654676578938961 -1.661987341940403 1.2
      vertex -1.1780299991369247 -0.31074000149965286 1.2
      vertex -1.6800074204802513 -1.515402302145958 1.2
    endloop
  endfacet
  facet normal 0 0 1
    outer loop
      vertex -1.6800074204802513 -1.515402302145958 1.2
      vertex -1.1780299991369247 -0.31074000149965286 1.2
      vertex -1.7144917994737625 -1.3798553198575974 1.2
    endloop
  endfacet
  facet normal 0 0 1
    outer loop
      vertex -1.7144917994737625 -1.3798553198575974 1.2
      vertex -1.1780299991369247 -0.31074000149965286 1.2
      vertex -1.759440690279007 -1.2482597380876541 1.2
    endloop
  endfacet
  facet normal 0 0 1
    outer loop
      vertex -1.759440690279007 -1.2482597380876541 1.2
      vertex -1.1780299991369247 -0.31074000149965286 1.2
      vertex -1.8148254454135895 -1.1210804879665375 1.2
    endloop
  endfacet
  facet normal 0 0 1
    outer loop
      vertex -1.8148254454135895 -1.1210804879665375 1.2
      vertex -1.1780299991369247 -0.31074000149965286 1.2
      vertex -1.8804578557610512 -0.9988551661372185 1.2
    endloop
  endfacet
  facet normal 0 0 1
    outer loop
      vertex -1.958140842616558 -0.8787892311811447 1.2
      vertex -1.8804578557610512 -0.9988551661372185 1.2
      vertex -1.1780299991369247 -0.31074000149965286 1.2
    endloop
  endfacet
  facet normal 0 0 1
    outer loop
      vertex -1.958140842616558 -0.8787892311811447 1.2
      vertex -1.1780299991369247 -0.31074000149965286 1.2
      vertex -2.052963249385357 -0.7606386765837669 1.2
    endloop
  endfacet
  facet normal 0 0 1
    outer loop
      vertex -2.052963249385357 -0.7606386765837669 1.2
      vertex -1.1780299991369247 -0.31074000149965286 1.2
      vertex -2.1648524925112724 -0.6510346680879593 1.2
    endloop
  endfacet
  facet normal 0 0 -1
    outer loop
      vertex -14.83078528040323 -3.545090322016128 0
      vertex -14.85 3.3499999999999996 0
      vertex -14.83078528040323 3.545090322016128 0
    endloop
  endfacet
  facet normal 0 0 -1
    outer loop
      vertex -14.773879532511286 -3.7326834323650893 0
      vertex -14.83078528040323 3.545090322016128 0
      vertex -14.773879532511286 3.7326834323650893 0
    endloop
  endfacet
  facet normal 0 0 -1
    outer loop
      vertex -14.681469612302545 -3.905570233019602 0
      vertex -14.773879532511286 3.7326834323650893 0
      vertex -14.681469612302545 3.905570233019602 0
    endloop
  endfacet
  facet normal 0 0 -1
    outer loop
      vertex -14.557106781186548 -4.0571067811865476 0
      vertex -14.681469612302545 3.905570233019602 0
      vertex -14.557106781186548 4.0571067811865476 0
    endloop
  endfacet
  facet normal 0 0 -1
    outer loop
      vertex -14.405570233019603 -4.1814696123025445 0
      vertex -14.557106781186548 4.0571067811865476 0
      vertex -14.405570233019603 4.1814696123025445 0
    endloop
  endfacet
  facet normal 0 0 -1
    outer loop
      vertex -14.23268343236509 -4.273879532511287 0
      vertex -14.405570233019603 4.1814696123025445 0
      vertex -14.23268343236509 4.273879532511287 0
    endloop
  endfacet
  facet normal 0 0 -1
    outer loop
      vertex -14.045090322016128 -4.33078528040323 0
      vertex -14.23268343236509 4.273879532511287 0
      vertex -14.045090322016128 4.33078528040323 0
    endloop
  endfacet
  facet normal 0 0 -1
    outer loop
      vertex -13.85 -4.35 0
      vertex -14.045090322016128 4.33078528040323 0
      vertex -13.85 4.35 0
    endloop
  endfacet
  facet normal -1 0 0
    outer loop
      vertex -14.85 -3.3499999999999996 0
      vertex -14.85 3.3499999999999996 1.2
      vertex -14.85 3.3499999999999996 0
    endloop
  endfacet
  facet normal -0.9951847266721969 0.09801714032956063 1.408419263936858e-20
    outer loop
      vertex -14.85 3.3499999999999996 0
      vertex -14.83078528040323 3.545090322016128 1.2
      vertex -14.83078528040323 3.545090322016128 0
    endloop
  endfacet
  facet normal -0.9569403357322077 0.2902846772544659 -2.4143463782532686e-19
    outer loop
      vertex -14.83078528040323 3.545090322016128 0
      vertex -14.773879532511286 3.7326834323650893 1.2
      vertex -14.773879532511286 3.7326834323650893 0
    endloop
  endfacet
  facet normal -0.8819212643483559 0.47139673682599603 4.956636405845545e-18
    outer loop
      vertex -14.773879532511286 3.7326834323650893 0
      vertex -14.681469612302545 3.905570233019602 1.2
      vertex -14.681469612302545 3.905570233019602 0
    endloop
  endfacet
  facet normal -0.7730104533627397 0.6343932841636422 -1.5526348423559025e-18
    outer loop
      vertex -14.681469612302545 3.905570233019602 0
      vertex -14.557106781186548 4.0571067811865476 1.2
      vertex -14.557106781186548 4.0571067811865476 0
    endloop
  endfacet
  facet normal -0.6343932841636445 0.7730104533627378 8.530653689077567e-19
    outer loop
      vertex -14.557106781186548 4.0571067811865476 0
      vertex -14.405570233019603 4.1814696123025445 1.2
      vertex -14.405570233019603 4.1814696123025445 0
    endloop
  endfacet
  facet normal -0.47139673682599764 0.881921264348355 3.7171829289897885e-18
    outer loop
      vertex -14.405570233019603 4.1814696123025445 0
      vertex -14.23268343236509 4.273879532511287 1.2
      vertex -14.23268343236509 4.273879532511287 0
    endloop
  endfacet
  facet normal -0.2902846772544611 0.9569403357322092 3.594634866415353e-18
    outer loop
      vertex -14.23268343236509 4.273879532511287 0
      vertex -14.045090322016128 4.33078528040323 1.2
      vertex -14.045090322016128 4.33078528040323 0
    endloop
  endfacet
  facet normal -0.09801714032956085 0.9951847266721969 6.116316224030831e-19
    outer loop
      vertex -14.045090322016128 4.33078528040323 0
      vertex -13.85 4.35 1.2
      vertex -13.85 4.35 0
    endloop
  endfacet
  facet normal -0.9951847266721969 0.09801714032956063 0
    outer loop
      vertex -14.85 3.3499999999999996 0
      vertex -14.85 3.3499999999999996 1.2
      vertex -14.83078528040323 3.545090322016128 1.2
    endloop
  endfacet
  facet normal -0.9569403357322077 0.2902846772544659 0
    outer loop
      vertex -14.83078528040323 3.545090322016128 0
      vertex -14.83078528040323 3.545090322016128 1.2
      vertex -14.773879532511286 3.7326834323650893 1.2
    endloop
  endfacet
  facet normal -0.8819212643483559 0.47139673682599603 0
    outer loop
      vertex -14.773879532511286 3.7326834323650893 0
      vertex -14.773879532511286 3.7326834323650893 1.2
      vertex -14.681469612302545 3.905570233019602 1.2
    endloop
  endfacet
  facet normal -0.7730104533627397 0.6343932841636422 0
    outer loop
      vertex -14.681469612302545 3.905570233019602 0
      vertex -14.681469612302545 3.905570233019602 1.2
      vertex -14.557106781186548 4.0571067811865476 1.2
    endloop
  endfacet
  facet normal -0.6343932841636445 0.7730104533627378 0
    outer loop
      vertex -14.557106781186548 4.0571067811865476 0
      vertex -14.557106781186548 4.0571067811865476 1.2
      vertex -14.405570233019603 4.1814696123025445 1.2
    endloop
  endfacet
  facet normal -0.47139673682599764 0.881921264348355 0
    outer loop
      vertex -14.405570233019603 4.1814696123025445 0
      vertex -14.405570233019603 4.1814696123025445 1.2
      vertex -14.23268343236509 4.273879532511287 1.2
    endloop
  endfacet
  facet normal -0.2902846772544611 0.9569403357322092 0
    outer loop
      vertex -14.23268343236509 4.273879532511287 0
      vertex -14.23268343236509 4.273879532511287 1.2
      vertex -14.045090322016128 4.33078528040323 1.2
    endloop
  endfacet
  facet normal -0.09801714032956085 0.9951847266721969 0
    outer loop
      vertex -14.045090322016128 4.33078528040323 0
      vertex -14.045090322016128 4.33078528040323 1.2
      vertex -13.85 4.35 1.2
    endloop
  endfacet
  facet normal 0 1 0
    outer loop
      vertex -13.85 4.35 0
      vertex -13.85 4.35 1.2
      vertex 13.85 4.35 1.2
    endloop
  endfacet
  facet normal 0 0 1
    outer loop
      vertex -13.85 -4.35 1.2
      vertex -11.75338999927044 -0.3760000020265579 1.2
      vertex -13.85 4.35 1.2
    endloop
  endfacet
  facet normal 0 0 1
    outer loop
      vertex -14.83078528040323 -3.545090322016128 1.2
      vertex -14.83078528040323 3.545090322016128 1.2
      vertex -14.85 3.3499999999999996 1.2
    endloop
  endfacet
  facet normal 0 0 1
    outer loop
      vertex -14.773879532511286 -3.7326834323650893 1.2
      vertex -14.773879532511286 3.7326834323650893 1.2
      vertex -14.83078528040323 3.545090322016128 1.2
    endloop
  endfacet
  facet normal 0 0 1
    outer loop
      vertex -14.681469612302545 -3.905570233019602 1.2
      vertex -14.681469612302545 3.905570233019602 1.2
      vertex -14.773879532511286 3.7326834323650893 1.2
    endloop
  endfacet
  facet normal 0 0 1
    outer loop
      vertex -14.557106781186548 -4.0571067811865476 1.2
      vertex -14.557106781186548 4.0571067811865476 1.2
      vertex -14.681469612302545 3.905570233019602 1.2
    endloop
  endfacet
  facet normal 0 0 1
    outer loop
      vertex -14.405570233019603 -4.1814696123025445 1.2
      vertex -14.405570233019603 4.1814696123025445 1.2
      vertex -14.557106781186548 4.0571067811865476 1.2
    endloop
  endfacet
  facet normal 0 0 1
    outer loop
      vertex -14.23268343236509 -4.273879532511287 1.2
      vertex -14.23268343236509 4.273879532511287 1.2
      vertex -14.405570233019603 4.1814696123025445 1.2
    endloop
  endfacet
  facet normal 0 0 1
    outer loop
      vertex -14.045090322016128 -4.33078528040323 1.2
      vertex -14.045090322016128 4.33078528040323 1.2
      vertex -14.23268343236509 4.273879532511287 1.2
    endloop
  endfacet
  facet normal 0 0 1
    outer loop
      vertex -13.85 -4.35 1.2
      vertex -13.85 4.35 1.2
      vertex -14.045090322016128 4.33078528040323 1.2
    endloop
  endfacet
  facet normal 0 0 1
    outer loop
      vertex -13.85 4.35 1.2
      vertex -11.75338999927044 -0.3760000020265579 1.2
      vertex -11.75338999927044 1.3330200016498566 1.2
    endloop
  endfacet
  facet normal 0 0 1
    outer loop
      vertex -13.85 4.35 1.2
      vertex -11.75338999927044 1.3330200016498566 1.2
      vertex -6.313330002129078 1.3330200016498566 1.2
    endloop
  endfacet
  facet normal 0 0 1
    outer loop
      vertex -13.85 4.35 1.2
      vertex -6.313330002129078 1.3330200016498566 1.2
      vertex -6.248029999434948 1.3330200016498566 1.2
    endloop
  endfacet
  facet normal 0 0 1
    outer loop
      vertex -13.85 4.35 1.2
      vertex -6.248029999434948 1.3330200016498566 1.2
      vertex -4.404729999601841 1.3330200016498566 1.2
    endloop
  endfacet
  facet normal 0 0 1
    outer loop
      vertex -4.404729999601841 -0.4685850664973259 1.2
      vertex -4.137562304735184 -0.33788030594587326 1.2
      vertex -4.404729999601841 1.3330200016498566 1.2
    endloop
  endfacet
  facet normal 0 0 1
    outer loop
      vertex -4.137562304735184 -0.33788030594587326 1.2
      vertex -3.7934651523828506 -0.24306268244981766 1.2
      vertex -4.404729999601841 1.3330200016498566 1.2
    endloop
  endfacet
  facet normal 0 0 1
    outer loop
      vertex -4.404729999601841 1.3330200016498566 1.2
      vertex -3.7934651523828506 -0.24306268244981766 1.2
      vertex -3.4408935606479645 -0.21254751831293106 1.2
    endloop
  endfacet
  facet normal 0 0 1
    outer loop
      vertex -6.313330002129078 -0.3760000020265579 1.2
      vertex -6.248029999434948 1.3330200016498566 1.2
      vertex -6.313330002129078 1.3330200016498566 1.2
    endloop
  endfacet
  facet normal 0 0 1
    outer loop
      vertex -2.1648524925112724 -0.6510346680879593 1.2
      vertex -1.1780299991369247 -0.31074000149965286 1.2
      vertex -2.289631575345993 -0.553331770002842 1.2
    endloop
  endfacet
  facet normal 0 0 1
    outer loop
      vertex -2.4260297417640686 -0.4671264514327049 1.2
      vertex -1.1780299991369247 -0.31074000149965286 1.2
      vertex -2.5745238065719604 -0.39103978127241135 1.2
    endloop
  endfacet
  facet normal 0 0 1
    outer loop
      vertex -2.4260297417640686 -0.4671264514327049 1.2
      vertex -2.289631575345993 -0.553331770002842 1.2
      vertex -1.1780299991369247 -0.31074000149965286 1.2
    endloop
  endfacet
  facet normal 0 0 1
    outer loop
      vertex -2.7339408546686172 -0.3263978883624077 1.2
      vertex -2.5745238065719604 -0.39103978127241135 1.2
      vertex -1.1780299991369247 -0.31074000149965286 1.2
    endloop
  endfacet
  facet normal 0 0 1
    outer loop
      vertex -4.404729999601841 1.3330200016498566 1.2
      vertex -3.250393606722355 -0.21975798159837723 1.2
      vertex -3.0731049329042435 -0.2407274916768074 1.2
    endloop
  endfacet
  facet normal 0 0 1
    outer loop
      vertex -4.404729999601841 1.3330200016498566 1.2
      vertex -3.4408935606479645 -0.21254751831293106 1.2
      vertex -3.250393606722355 -0.21975798159837723 1.2
    endloop
  endfacet
  facet normal 0 0 1
    outer loop
      vertex -2.9007375240325928 -0.2761828526854515 1.2
      vertex -4.404729999601841 1.3330200016498566 1.2
      vertex -3.0731049329042435 -0.2407274916768074 1.2
    endloop
  endfacet
  facet normal 0 0 1
    outer loop
      vertex -2.7339408546686172 -0.3263978883624077 1.2
      vertex -4.404729999601841 1.3330200016498566 1.2
      vertex -2.9007375240325928 -0.2761828526854515 1.2
    endloop
  endfacet
  facet normal 0 0 1
    outer loop
      vertex -2.7339408546686172 -0.3263978883624077 1.2
      vertex -1.1780299991369247 -0.31074000149965286 1.2
      vertex -4.404729999601841 1.3330200016498566 1.2
    endloop
  endfacet
  facet normal 0 0 1
    outer loop
      vertex 0.896951749920845 1.4347200021147728 1.2
      vertex -1.1780299991369247 -0.31074000149965286 1.2
      vertex 0.09132833033800125 -0.31074000149965286 1.2
    endloop
  endfacet
  facet normal 0 0 1
    outer loop
      vertex 0.896951749920845 1.4347200021147728 1.2
      vertex -4.404729999601841 1.3330200016498566 1.2
      vertex -1.1780299991369247 -0.31074000149965286 1.2
    endloop
  endfacet
  facet normal 0 0 1
    outer loop
      vertex -13.85 4.35 1.2
      vertex -4.404729999601841 1.3330200016498566 1.2
      vertex 0.896951749920845 1.4347200021147728 1.2
    endloop
  endfacet
  facet normal 0 0 1
    outer loop
      vertex -13.85 4.35 1.2
      vertex 0.896951749920845 1.4347200021147728 1.2
      vertex 3.1999933049082756 1.4347200021147728 1.2
    endloop
  endfacet
  facet normal 0 0 1
    outer loop
      vertex -13.85 4.35 1.2
      vertex 3.1999933049082756 1.4347200021147728 1.2
      vertex 8.648941457271576 1.2229954227805138 1.2
    endloop
  endfacet
  facet normal 0 -1 0
    outer loop
      vertex 13.85 -4.35 0
      vertex -4.404729999601841 -4.35 1.2
      vertex -6.248029999434948 -4.35 1.2
    endloop
  endfacet
  facet normal 0 -1 0
    outer loop
      vertex 13.85 -4.35 0
      vertex -3.4568900018930435 -4.35 1.2
      vertex -4.404729999601841 -4.35 1.2
    endloop
  endfacet
  facet normal 0 -1 0
    outer loop
      vertex 13.85 -4.35 0
      vertex -1.6135900020599365 -4.35 1.2
      vertex -3.4568900018930435 -4.35 1.2
    endloop
  endfacet
  facet normal 0 -1 0
    outer loop
      vertex 13.85 -4.35 0
      vertex -1.0475150644821194 -4.35 1.2
      vertex -1.6135900020599365 -4.35 1.2
    endloop
  endfacet
  facet normal 0 -1 0
    outer loop
      vertex 13.85 -4.35 0
      vertex 3.4523300006985664 -4.35 1.2
      vertex -1.0475150644821194 -4.35 1.2
    endloop
  endfacet
  facet normal 0.09801714032956085 -0.9951847266721969 0
    outer loop
      vertex 13.85 -4.35 0
      vertex 14.045090322016128 -4.33078528040323 0
      vertex 13.85 -4.35 1.2
    endloop
  endfacet
  facet normal 0.2902846772544611 -0.9569403357322092 0
    outer loop
      vertex 14.045090322016128 -4.33078528040323 0
      vertex 14.23268343236509 -4.273879532511287 0
      vertex 14.045090322016128 -4.33078528040323 1.2
    endloop
  endfacet
  facet normal 0.47139673682599764 -0.881921264348355 0
    outer loop
      vertex 14.23268343236509 -4.273879532511287 0
      vertex 14.405570233019603 -4.1814696123025445 0
      vertex 14.23268343236509 -4.273879532511287 1.2
    endloop
  endfacet
  facet normal 0.6343932841636445 -0.7730104533627378 0
    outer loop
      vertex 14.405570233019603 -4.1814696123025445 0
      vertex 14.557106781186548 -4.0571067811865476 0
      vertex 14.405570233019603 -4.1814696123025445 1.2
    endloop
  endfacet
  facet normal 0.7730104533627397 -0.6343932841636422 0
    outer loop
      vertex 14.557106781186548 -4.0571067811865476 0
      vertex 14.681469612302545 -3.905570233019602 0
      vertex 14.557106781186548 -4.0571067811865476 1.2
    endloop
  endfacet
  facet normal 0.8819212643483559 -0.47139673682599603 0
    outer loop
      vertex 14.681469612302545 -3.905570233019602 0
      vertex 14.773879532511286 -3.7326834323650893 0
      vertex 14.681469612302545 -3.905570233019602 1.2
    endloop
  endfacet
  facet normal 0.9569403357322077 -0.2902846772544659 0
    outer loop
      vertex 14.773879532511286 -3.7326834323650893 0
      vertex 14.83078528040323 -3.545090322016128 0
      vertex 14.773879532511286 -3.7326834323650893 1.2
    endloop
  endfacet
  facet normal 0.9951847266721969 -0.09801714032956063 0
    outer loop
      vertex 14.83078528040323 -3.545090322016128 0
      vertex 14.85 -3.3499999999999996 0
      vertex 14.83078528040323 -3.545090322016128 1.2
    endloop
  endfacet
  facet normal 0 -1 0
    outer loop
      vertex 13.85 -4.35 0
      vertex 7.443092906434582 -4.35 1.2
      vertex 3.4523300006985664 -4.35 1.2
    endloop
  endfacet
  facet normal 0 -1 0
    outer loop
      vertex 13.85 -4.35 0
      vertex 11.312281041743878 -4.35 1.2
      vertex 7.443092906434582 -4.35 1.2
    endloop
  endfacet
  facet normal 0 -1 0
    outer loop
      vertex 13.85 -4.35 0
      vertex 13.85 -4.35 1.2
      vertex 11.312281041743878 -4.35 1.2
    endloop
  endfacet
  facet normal 0.09801714032956085 -0.9951847266721969 0
    outer loop
      vertex 14.045090322016128 -4.33078528040323 0
      vertex 14.045090322016128 -4.33078528040323 1.2
      vertex 13.85 -4.35 1.2
    endloop
  endfacet
  facet normal 0.2902846772544611 -0.9569403357322092 0
    outer loop
      vertex 14.23268343236509 -4.273879532511287 0
      vertex 14.23268343236509 -4.273879532511287 1.2
      vertex 14.045090322016128 -4.33078528040323 1.2
    endloop
  endfacet
  facet normal 0.47139673682599764 -0.881921264348355 0
    outer loop
      vertex 14.405570233019603 -4.1814696123025445 0
      vertex 14.405570233019603 -4.1814696123025445 1.2
      vertex 14.23268343236509 -4.273879532511287 1.2
    endloop
  endfacet
  facet normal 0.6343932841636445 -0.7730104533627378 0
    outer loop
      vertex 14.557106781186548 -4.0571067811865476 0
      vertex 14.557106781186548 -4.0571067811865476 1.2
      vertex 14.405570233019603 -4.1814696123025445 1.2
    endloop
  endfacet
  facet normal 0.7730104533627397 -0.6343932841636422 0
    outer loop
      vertex 14.681469612302545 -3.905570233019602 0
      vertex 14.681469612302545 -3.905570233019602 1.2
      vertex 14.557106781186548 -4.0571067811865476 1.2
    endloop
  endfacet
  facet normal 0.8819212643483559 -0.47139673682599603 0
    outer loop
      vertex 14.773879532511286 -3.7326834323650893 0
      vertex 14.773879532511286 -3.7326834323650893 1.2
      vertex 14.681469612302545 -3.905570233019602 1.2
    endloop
  endfacet
  facet normal 0.9569403357322077 -0.2902846772544659 0
    outer loop
      vertex 14.83078528040323 -3.545090322016128 0
      vertex 14.83078528040323 -3.545090322016128 1.2
      vertex 14.773879532511286 -3.7326834323650893 1.2
    endloop
  endfacet
  facet normal 0.9951847266721969 -0.09801714032956063 0
    outer loop
      vertex 14.85 -3.3499999999999996 0
      vertex 14.85 -3.3499999999999996 1.2
      vertex 14.83078528040323 -3.545090322016128 1.2
    endloop
  endfacet
  facet normal 0 0 -1
    outer loop
      vertex 13.85 -4.35 0
      vertex 13.85 4.35 0
      vertex 14.045090322016128 -4.33078528040323 0
    endloop
  endfacet
  facet normal 0 0 -1
    outer loop
      vertex 14.045090322016128 -4.33078528040323 0
      vertex 14.045090322016128 4.33078528040323 0
      vertex 14.23268343236509 -4.273879532511287 0
    endloop
  endfacet
  facet normal 0 0 -1
    outer loop
      vertex 14.23268343236509 -4.273879532511287 0
      vertex 14.23268343236509 4.273879532511287 0
      vertex 14.405570233019603 -4.1814696123025445 0
    endloop
  endfacet
  facet normal 0 0 -1
    outer loop
      vertex 14.405570233019603 -4.1814696123025445 0
      vertex 14.405570233019603 4.1814696123025445 0
      vertex 14.557106781186548 -4.0571067811865476 0
    endloop
  endfacet
  facet normal 0 0 -1
    outer loop
      vertex 14.557106781186548 -4.0571067811865476 0
      vertex 14.557106781186548 4.0571067811865476 0
      vertex 14.681469612302545 -3.905570233019602 0
    endloop
  endfacet
  facet normal 0 0 -1
    outer loop
      vertex 14.681469612302545 -3.905570233019602 0
      vertex 14.681469612302545 3.905570233019602 0
      vertex 14.773879532511286 -3.7326834323650893 0
    endloop
  endfacet
  facet normal 0 0 -1
    outer loop
      vertex 14.773879532511286 -3.7326834323650893 0
      vertex 14.773879532511286 3.7326834323650893 0
      vertex 14.83078528040323 -3.545090322016128 0
    endloop
  endfacet
  facet normal 0 0 -1
    outer loop
      vertex 14.83078528040323 -3.545090322016128 0
      vertex 14.83078528040323 3.545090322016128 0
      vertex 14.85 -3.3499999999999996 0
    endloop
  endfacet
  facet normal 1 0 0
    outer loop
      vertex 14.85 -3.3499999999999996 0
      vertex 14.85 3.3499999999999996 0
      vertex 14.85 -3.3499999999999996 1.2
    endloop
  endfacet
  facet normal 0 0 1
    outer loop
      vertex 0.8116595074534416 -3.8010529205203056 1.2
      vertex 0.7300090044736862 -3.7068947479128838 1.2
      vertex 0.7786950692534447 -3.7744230777025223 1.2
    endloop
  endfacet
  facet normal 0 0 1
    outer loop
      vertex 0.8427557125687599 -3.8204900324344635 1.2
      vertex 0.7208598032593727 -3.6774140000343323 1.2
      vertex 0.8116595074534416 -3.8010529205203056 1.2
    endloop
  endfacet
  facet normal 0 0 1
    outer loop
      vertex 0.8756945133209229 -3.835024408996105 1.2
      vertex 0.9170123636722565 -3.8469458371400833 1.2
      vertex 0.7036546468734741 -3.5835036039352417 1.2
    endloop
  endfacet
  facet normal 0 0 1
    outer loop
      vertex 0.9170123636722565 -3.8469458371400833 1.2
      vertex 0.9687397256493568 -3.855202578008175 1.2
      vertex 0.7036546468734741 -3.5835036039352417 1.2
    endloop
  endfacet
  facet normal 0 0 1
    outer loop
      vertex 0.9687397256493568 -3.855202578008175 1.2
      vertex 1.0302096903324127 -3.858236640691757 1.2
      vertex 0.7036546468734741 -3.5835036039352417 1.2
    endloop
  endfacet
  facet normal 0 0 1
    outer loop
      vertex 0.7786950692534447 -3.7744230777025223 1.2
      vertex 0.7300090044736862 -3.7068947479128838 1.2
      vertex 0.7405826672911644 -3.728442959487438 1.2
    endloop
  endfacet
  facet normal 0 0 1
    outer loop
      vertex 0.7786950692534447 -3.7744230777025223 1.2
      vertex 0.7405826672911644 -3.728442959487438 1.2
      vertex 0.7558632791042328 -3.7502752766013145 1.2
    endloop
  endfacet
  facet normal 0 0 1
    outer loop
      vertex 0.8427557125687599 -3.8204900324344635 1.2
      vertex 0.8756945133209229 -3.835024408996105 1.2
      vertex 0.7036546468734741 -3.5835036039352417 1.2
    endloop
  endfacet
  facet normal 0 0 1
    outer loop
      vertex 0.8116595074534416 -3.8010529205203056 1.2
      vertex 0.7208598032593727 -3.6774140000343323 1.2
      vertex 0.7300090044736862 -3.7068947479128838 1.2
    endloop
  endfacet
  facet normal 0 0 1
    outer loop
      vertex 0.8427557125687599 -3.8204900324344635 1.2
      vertex 0.7036546468734741 -3.5835036039352417 1.2
      vertex 0.7208598032593727 -3.6774140000343323 1.2
    endloop
  endfacet
  facet normal 0 0 1
    outer loop
      vertex 1.0302096903324127 -3.858236640691757 1.2
      vertex 0.6876495704054832 -3.4294586926698685 1.2
      vertex 0.7036546468734741 -3.5835036039352417 1.2
    endloop
  endfacet
  facet normal 0 0 1
    outer loop
      vertex 1.0302096903324127 -3.858236640691757 1.2
      vertex 1.104681819677353 -3.854066364467144 1.2
      vertex 0.6876495704054832 -3.4294586926698685 1.2
    endloop
  endfacet
  facet normal 0 0 1
    outer loop
      vertex 1.104681819677353 -3.854066364467144 1.2
      vertex 1.172438956797123 -3.8422243148088455 1.2
      vertex 0.6876495704054832 -3.4294586926698685 1.2
    endloop
  endfacet
  facet normal 0 0 1
    outer loop
      vertex 1.172438956797123 -3.8422243148088455 1.2
      vertex 1.2360138073563576 -3.8229271546006203 1.2
      vertex 0.6876495704054832 -3.4294586926698685 1.2
    endloop
  endfacet
  facet normal 0 0 1
    outer loop
      vertex 1.2360138073563576 -3.8229271546006203 1.2
      vertex 1.297238551080227 -3.7957678213715553 1.2
      vertex 0.6876495704054832 -3.4294586926698685 1.2
    endloop
  endfacet
  facet normal 0 0 1
    outer loop
      vertex 1.297238551080227 -3.7957678213715553 1.2
      vertex 1.357910379767418 -3.759575441479683 1.2
      vertex 0.6876495704054832 -3.4294586926698685 1.2
    endloop
  endfacet
  facet normal 0 0 1
    outer loop
      vertex 1.357910379767418 -3.759575441479683 1.2
      vertex 1.4133944883942604 -3.717324562370777 1.2
      vertex 0.6876495704054832 -3.4294586926698685 1.2
    endloop
  endfacet
  facet normal 0 0 1
    outer loop
      vertex 0.6876495704054832 -3.4294586926698685 1.2
      vertex 1.4133944883942604 -3.717324562370777 1.2
      vertex 1.4583293423056602 -3.67388017475605 1.2
    endloop
  endfacet
  facet normal 0 0 1
    outer loop
      vertex 0.6876495704054832 -3.4294586926698685 1.2
      vertex 1.4583293423056602 -3.67388017475605 1.2
      vertex 1.4937430769205093 -3.629664570093155 1.2
    endloop
  endfacet
  facet normal 0 0 1
    outer loop
      vertex 0.6876495704054832 -3.4294586926698685 1.2
      vertex 1.4937430769205093 -3.629664570093155 1.2
      vertex 1.5215666741132736 -3.583505518734455 1.2
    endloop
  endfacet
  facet normal 0 0 1
    outer loop
      vertex 0.6876495704054832 -3.4294586926698685 1.2
      vertex 1.5215666741132736 -3.583505518734455 1.2
      vertex 1.5409150049090385 -3.538761854171753 1.2
    endloop
  endfacet
  facet normal 0 0 1
    outer loop
      vertex 0.6876495704054832 -3.4294586926698685 1.2
      vertex 1.5409150049090385 -3.538761854171753 1.2
      vertex 1.5600274428725243 -3.462004914879799 1.2
    endloop
  endfacet
  facet normal 0 0 1
    outer loop
      vertex 0.6876495704054832 -3.4294586926698685 1.2
      vertex 1.57997328042984 -3.3131514489650726 1.2
      vertex 0.6753912791609764 -3.2195425406098366 1.2
    endloop
  endfacet
  facet normal 0 0 1
    outer loop
      vertex 0.6876495704054832 -3.4294586926698685 1.2
      vertex 1.5600274428725243 -3.462004914879799 1.2
      vertex 1.57997328042984 -3.3131514489650726 1.2
    endloop
  endfacet
  facet normal 0 0 1
    outer loop
      vertex 0.6753912791609764 -3.2195425406098366 1.2
      vertex 1.57997328042984 -3.3131514489650726 1.2
      vertex 1.5958135202527046 -3.096660852432251 1.2
    endloop
  endfacet
  facet normal 0 0 1
    outer loop
      vertex 0.6753912791609764 -3.2195425406098366 1.2
      vertex 1.5958135202527046 -3.096660852432251 1.2
      vertex 0.6678326204419136 -2.957834117114544 1.2
    endloop
  endfacet
  facet normal 0 0 1
    outer loop
      vertex 3.4523300006985664 -4.35 1.2
      vertex 3.4741145446896553 -3.530462294816971 1.2
      vertex 3.4523300006985664 -3.534861795604229 1.2
    endloop
  endfacet
  facet normal 0 0 1
    outer loop
      vertex 3.4523300006985664 -4.35 1.2
      vertex 3.7630292251706123 -3.4442845210433006 1.2
      vertex 3.4741145446896553 -3.530462294816971 1.2
    endloop
  endfacet
  facet normal 0 0 1
    outer loop
      vertex 3.4523300006985664 -4.35 1.2
      vertex 7.443092906434582 -4.35 1.2
      vertex 7.364168748259544 -4.230689078569412 1.2
    endloop
  endfacet
  facet normal 0 0 1
    outer loop
      vertex 3.4523300006985664 -4.35 1.2
      vertex 7.364168748259544 -4.230689078569412 1.2
      vertex 3.7630292251706123 -3.4442845210433006 1.2
    endloop
  endfacet
  facet normal 0 0 1
    outer loop
      vertex 3.7630292251706123 -3.4442845210433006 1.2
      vertex 7.364168748259544 -4.230689078569412 1.2
      vertex 4.025579363107681 -3.3335429579019547 1.2
    endloop
  endfacet
  facet normal 0 0 1
    outer loop
      vertex 4.025579363107681 -3.3335429579019547 1.2
      vertex 7.364168748259544 -4.230689078569412 1.2
      vertex 4.260800376534462 -3.195729821920395 1.2
    endloop
  endfacet
  facet normal 0 0 1
    outer loop
      vertex 4.260800376534462 -3.195729821920395 1.2
      vertex 7.178409934043884 -3.7878059670329094 1.2
      vertex 4.45878691226244 -3.0344688147306442 1.2
    endloop
  endfacet
  facet normal 0 0 1
    outer loop
      vertex 4.45878691226244 -3.0344688147306442 1.2
      vertex 7.178409934043884 -3.7878059670329094 1.2
      vertex 4.573741428554058 -2.9149541780352592 1.2
    endloop
  endfacet
  facet normal 0 0 1
    outer loop
      vertex 4.573741428554058 -2.9149541780352592 1.2
      vertex 7.178409934043884 -3.7878059670329094 1.2
      vertex 4.671986632049084 -2.7907011657953262 1.2
    endloop
  endfacet
  facet normal 0 0 1
    outer loop
      vertex 4.260800376534462 -3.195729821920395 1.2
      vertex 7.364168748259544 -4.230689078569412 1.2
      vertex 7.178409934043884 -3.7878059670329094 1.2
    endloop
  endfacet
  facet normal 0 0 1
    outer loop
      vertex 4.671986632049084 -2.7907011657953262 1.2
      vertex 7.178409934043884 -3.7878059670329094 1.2
      vertex 7.050588972866535 -3.2823219522833824 1.2
    endloop
  endfacet
  facet normal 0 0 1
    outer loop
      vertex 0.6678326204419136 -2.957834117114544 1.2
      vertex 1.5958135202527046 -3.096660852432251 1.2
      vertex 1.605674222111702 -2.8191438168287277 1.2
    endloop
  endfacet
  facet normal 0 0 1
    outer loop
      vertex 0.6678326204419136 -2.957834117114544 1.2
      vertex 1.605674222111702 -2.8191438168287277 1.2
      vertex 0.6652700006961823 -2.644887089729309 1.2
    endloop
  endfacet
  facet normal 0 0 1
    outer loop
      vertex 0.6652700006961823 -2.644887089729309 1.2
      vertex 1.605674222111702 -2.8191438168287277 1.2
      vertex 1.6090300008654594 -2.4817991331219673 1.2
    endloop
  endfacet
  facet normal 0 0 1
    outer loop
      vertex 0.6652700006961823 -2.644887089729309 1.2
      vertex 1.6090300008654594 -2.4817991331219673 1.2
      vertex 1.4372859373688698 -0.4817800000309944 1.2
    endloop
  endfacet
  facet normal 0 0 1
    outer loop
      vertex 3.4523300006985664 -2.291393533349037 1.2
      vertex 3.469864636659622 -2.2820427864789963 1.2
      vertex 3.4523300006985664 -2.15404000133276 1.2
    endloop
  endfacet
  facet normal 0 0 1
    outer loop
      vertex 3.469864636659622 -2.2820427864789963 1.2
      vertex 3.5532037541270256 -2.2185966596007347 1.2
      vertex 3.4523300006985664 -2.15404000133276 1.2
    endloop
  endfacet
  facet normal 0 0 1
    outer loop
      vertex 3.4523300006985664 -2.15404000133276 1.2
      vertex 3.5532037541270256 -2.2185966596007347 1.2
      vertex 3.611518181860447 -2.15404000133276 1.2
    endloop
  endfacet
  facet normal 0 0 1
    outer loop
      vertex 0.6652700006961823 -2.644887089729309 1.2
      vertex 1.4372859373688698 -0.4817800000309944 1.2
      vertex 0.6652700006961823 -0.4817800000309944 1.2
    endloop
  endfacet
  facet normal 0 0 1
    outer loop
      vertex 1.6090300008654594 -0.31074000149965286 1.2
      vertex 1.4372859373688698 -0.4817800000309944 1.2
      vertex 1.6090300008654594 -2.4817991331219673 1.2
    endloop
  endfacet
  facet normal 0 0 1
    outer loop
      vertex 4.671986632049084 -2.7907011657953262 1.2
      vertex 7.050588972866535 -3.2823219522833824 1.2
      vertex 4.7563311830163 -2.658074773848057 1.2
    endloop
  endfacet
  facet normal 0 0 1
    outer loop
      vertex 4.7563311830163 -2.658074773848057 1.2
      vertex 7.050588972866535 -3.2823219522833824 1.2
      vertex 4.825828105211258 -2.5177892297506332 1.2
    endloop
  endfacet
  facet normal 0 0 1
    outer loop
      vertex 4.825828105211258 -2.5177892297506332 1.2
      vertex 6.976003021001816 -2.7140524312853813 1.2
      vertex 4.879362054169178 -2.371977888047695 1.2
    endloop
  endfacet
  facet normal 0 0 1
    outer loop
      vertex 4.825828105211258 -2.5177892297506332 1.2
      vertex 7.050588972866535 -3.2823219522833824 1.2
      vertex 6.976003021001816 -2.7140524312853813 1.2
    endloop
  endfacet
  facet normal 0 0 1
    outer loop
      vertex 4.879362054169178 -2.371977888047695 1.2
      vertex 6.976003021001816 -2.7140524312853813 1.2
      vertex 4.918647602200508 -2.218895360827446 1.2
    endloop
  endfacet
  facet normal 0 0 1
    outer loop
      vertex 4.918647602200508 -2.218895360827446 1.2
      vertex 6.976003021001816 -2.7140524312853813 1.2
      vertex 4.947382748126984 -2.0543116480112076 1.2
    endloop
  endfacet
  facet normal 0 0 1
    outer loop
      vertex 6.9515859335660934 -2.0806535482406616 1.2
      vertex 4.947382748126984 -2.0543116480112076 1.2
      vertex 6.976003021001816 -2.7140524312853813 1.2
    endloop
  endfacet
  facet normal 0 0 1
    outer loop
      vertex 6.9515859335660934 -2.0806535482406616 1.2
      vertex 4.967059276998043 -1.87676402926445 1.2
      vertex 4.947382748126984 -2.0543116480112076 1.2
    endloop
  endfacet
  facet normal 0 0 1
    outer loop
      vertex 6.9515859335660934 -2.0806535482406616 1.2
      vertex 4.978521220386028 -1.6851969957351685 1.2
      vertex 4.967059276998043 -1.87676402926445 1.2
    endloop
  endfacet
  facet normal 0 0 1
    outer loop
      vertex 4.978521220386028 -1.6851969957351685 1.2
      vertex 6.977007046341896 -1.4314615055918694 1.2
      vertex 4.982210002839565 -1.4817121475934982 1.2
    endloop
  endfacet
  facet normal 0 0 1
    outer loop
      vertex 4.978521220386028 -1.6851969957351685 1.2
      vertex 6.9515859335660934 -2.0806535482406616 1.2
      vertex 6.977007046341896 -1.4314615055918694 1.2
    endloop
  endfacet
  facet normal 0 0 1
    outer loop
      vertex 4.982210002839565 -1.4817121475934982 1.2
      vertex 6.977007046341896 -1.4314615055918694 1.2
      vertex 4.982210002839565 -0.31074000149965286 1.2
    endloop
  endfacet
  facet normal 0 0 1
    outer loop
      vertex 4.982210002839565 -0.31074000149965286 1.2
      vertex 6.977007046341896 -1.4314615055918694 1.2
      vertex 7.0546580478549 -0.8486358597874641 1.2
    endloop
  endfacet
  facet normal 0 0 1
    outer loop
      vertex 9.003600299358368 -3.4236608296632767 1.2
      vertex 9.808715723454952 -3.256642408668995 1.2
      vertex 8.96651104837656 -3.2991444170475006 1.2
    endloop
  endfacet
  facet normal 0 0 1
    outer loop
      vertex 9.81596303731203 -3.0738239362835884 1.2
      vertex 8.942426957190037 -3.1484572365880013 1.2
      vertex 8.96651104837656 -3.2991444170475006 1.2
    endloop
  endfacet
  facet normal 0 0 1
    outer loop
      vertex 9.81596303731203 -3.0738239362835884 1.2
      vertex 8.93391003459692 -2.9716953337192535 1.2
      vertex 8.942426957190037 -3.1484572365880013 1.2
    endloop
  endfacet
  facet normal 0 0 1
    outer loop
      vertex 9.489737778902054 -3.77913860976696 1.2
      vertex 9.54319579899311 -3.7652038782835007 1.2
      vertex 9.59097771346569 -3.7427845895290375 1.2
    endloop
  endfacet
  facet normal 0 0 1
    outer loop
      vertex 9.36345212161541 -3.778057038784027 1.2
      vertex 9.428025215864182 -3.784130945801735 1.2
      vertex 9.72265662997961 -3.6060444563627243 1.2
    endloop
  endfacet
  facet normal 0 0 1
    outer loop
      vertex 9.36345212161541 -3.778057038784027 1.2
      vertex 9.758076637983322 -3.523929536342621 1.2
      vertex 9.304993905127048 -3.760775111615658 1.2
    endloop
  endfacet
  facet normal 0 0 1
    outer loop
      vertex 9.244543567299843 -3.729500651359558 1.2
      vertex 9.758076637983322 -3.523929536342621 1.2
      vertex 9.178559616208076 -3.6791922077536583 1.2
    endloop
  endfacet
  facet normal 0 0 1
    outer loop
      vertex 9.304993905127048 -3.760775111615658 1.2
      vertex 9.758076637983322 -3.523929536342621 1.2
      vertex 9.244543567299843 -3.729500651359558 1.2
    endloop
  endfacet
  facet normal 0 0 1
    outer loop
      vertex 9.428025215864182 -3.784130945801735 1.2
      vertex 9.489737778902054 -3.77913860976696 1.2
      vertex 9.683540798723698 -3.6635407730937004 1.2
    endloop
  endfacet
  facet normal 0 0 1
    outer loop
      vertex 9.489737778902054 -3.77913860976696 1.2
      vertex 9.59097771346569 -3.7427845895290375 1.2
      vertex 9.638405412435532 -3.7089212015271187 1.2
    endloop
  endfacet
  facet normal 0 0 1
    outer loop
      vertex 9.489737778902054 -3.77913860976696 1.2
      vertex 9.638405412435532 -3.7089212015271187 1.2
      vertex 9.683540798723698 -3.6635407730937004 1.2
    endloop
  endfacet
  facet normal 0 0 1
    outer loop
      vertex 9.428025215864182 -3.784130945801735 1.2
      vertex 9.683540798723698 -3.6635407730937004 1.2
      vertex 9.72265662997961 -3.6060444563627243 1.2
    endloop
  endfacet
  facet normal 0 0 1
    outer loop
      vertex 9.36345212161541 -3.778057038784027 1.2
      vertex 9.72265662997961 -3.6060444563627243 1.2
      vertex 9.758076637983322 -3.523929536342621 1.2
    endloop
  endfacet
  facet normal 0 0 1
    outer loop
      vertex 9.178559616208076 -3.6791922077536583 1.2
      vertex 9.788354188203812 -3.407497875392437 1.2
      vertex 9.110536865890026 -3.60880558937788 1.2
    endloop
  endfacet
  facet normal 0 0 1
    outer loop
      vertex 9.051176682114601 -3.5242642611265182 1.2
      vertex 9.110536865890026 -3.60880558937788 1.2
      vertex 9.788354188203812 -3.407497875392437 1.2
    endloop
  endfacet
  facet normal 0 0 1
    outer loop
      vertex 9.178559616208076 -3.6791922077536583 1.2
      vertex 9.758076637983322 -3.523929536342621 1.2
      vertex 9.788354188203812 -3.407497875392437 1.2
    endloop
  endfacet
  facet normal 0 0 1
    outer loop
      vertex 9.051176682114601 -3.5242642611265182 1.2
      vertex 9.808715723454952 -3.256642408668995 1.2
      vertex 9.003600299358368 -3.4236608296632767 1.2
    endloop
  endfacet
  facet normal 0 0 1
    outer loop
      vertex 9.051176682114601 -3.5242642611265182 1.2
      vertex 9.788354188203812 -3.407497875392437 1.2
      vertex 9.808715723454952 -3.256642408668995 1.2
    endloop
  endfacet
  facet normal 0 0 1
    outer loop
      vertex 9.81596303731203 -3.0738239362835884 1.2
      vertex 8.96651104837656 -3.2991444170475006 1.2
      vertex 9.808715723454952 -3.256642408668995 1.2
    endloop
  endfacet
  facet normal 0 0 1
    outer loop
      vertex 13.85 -4.35 1.2
      vertex 11.410510323941708 -4.1770244762301445 1.2
      vertex 11.312281041743878 -4.35 1.2
    endloop
  endfacet
  facet normal 0 0 1
    outer loop
      vertex 13.85 -4.35 1.2
      vertex 11.537155836820602 -3.8306487798690796 1.2
      vertex 11.410510323941708 -4.1770244762301445 1.2
    endloop
  endfacet
  facet normal 0 0 1
    outer loop
      vertex 13.85 -4.35 1.2
      vertex 11.611542314291 -3.458134651184082 1.2
      vertex 11.537155836820602 -3.8306487798690796 1.2
    endloop
  endfacet
  facet normal 0 0 1
    outer loop
      vertex 13.85 -4.35 1.2
      vertex 11.63578637689352 -3.061212934553623 1.2
      vertex 11.611542314291 -3.458134651184082 1.2
    endloop
  endfacet
  facet normal 0 0 1
    outer loop
      vertex 13.85 -4.35 1.2
      vertex 11.612585604190826 -2.683744467794895 1.2
      vertex 11.63578637689352 -3.061212934553623 1.2
    endloop
  endfacet
  facet normal 0 0 1
    outer loop
      vertex 13.85 -4.35 1.2
      vertex 11.541470311582088 -2.3275329545140266 1.2
      vertex 11.612585604190826 -2.683744467794895 1.2
    endloop
  endfacet
  facet normal 0 0 1
    outer loop
      vertex 9.81596303731203 -3.0738239362835884 1.2
      vertex 8.94131588190794 -2.8156850785017014 1.2
      vertex 8.93391003459692 -2.9716953337192535 1.2
    endloop
  endfacet
  facet normal 0 0 1
    outer loop
      vertex 8.94131588190794 -2.8156850785017014 1.2
      vertex 9.786135397851467 -2.7275852113962173 1.2
      vertex 8.961987555027008 -2.685421407222748 1.2
    endloop
  endfacet
  facet normal 0 0 1
    outer loop
      vertex 8.961987555027008 -2.685421407222748 1.2
      vertex 9.752965793013573 -2.6035179644823074 1.2
      vertex 8.992995515465736 -2.58158515393734 1.2
    endloop
  endfacet
  facet normal 0 0 1
    outer loop
      vertex 8.992995515465736 -2.58158515393734 1.2
      vertex 9.752965793013573 -2.6035179644823074 1.2
      vertex 9.031214617192745 -2.5019676461815834 1.2
    endloop
  endfacet
  facet normal 0 0 1
    outer loop
      vertex 8.94131588190794 -2.8156850785017014 1.2
      vertex 9.81596303731203 -3.0738239362835884 1.2
      vertex 9.808141574263573 -2.884811393916607 1.2
    endloop
  endfacet
  facet normal 0 0 1
    outer loop
      vertex 8.94131588190794 -2.8156850785017014 1.2
      vertex 9.808141574263573 -2.884811393916607 1.2
      vertex 9.786135397851467 -2.7275852113962173 1.2
    endloop
  endfacet
  facet normal 0 0 1
    outer loop
      vertex 8.961987555027008 -2.685421407222748 1.2
      vertex 9.786135397851467 -2.7275852113962173 1.2
      vertex 9.752965793013573 -2.6035179644823074 1.2
    endloop
  endfacet
  facet normal 0 0 1
    outer loop
      vertex 9.031214617192745 -2.5019676461815834 1.2
      vertex 9.752965793013573 -2.6035179644823074 1.2
      vertex 9.07724317908287 -2.438442498445511 1.2
    endloop
  endfacet
  facet normal 0 0 1
    outer loop
      vertex 9.07724317908287 -2.438442498445511 1.2
      vertex 9.752965793013573 -2.6035179644823074 1.2
      vertex 9.130668811500072 -2.386255756020546 1.2
    endloop
  endfacet
  facet normal 0 0 1
    outer loop
      vertex 9.752965793013573 -2.6035179644823074 1.2
      vertex 9.185206651687622 -2.348081037402153 1.2
      vertex 9.130668811500072 -2.386255756020546 1.2
    endloop
  endfacet
  facet normal 0 0 1
    outer loop
      vertex 9.752965793013573 -2.6035179644823074 1.2
      vertex 9.239839732646942 -2.3227581083774567 1.2
      vertex 9.185206651687622 -2.348081037402153 1.2
    endloop
  endfacet
  facet normal 0 0 1
    outer loop
      vertex 9.752965793013573 -2.6035179644823074 1.2
      vertex 9.299443736672401 -2.307308755815029 1.2
      vertex 9.239839732646942 -2.3227581083774567 1.2
    endloop
  endfacet
  facet normal 0 0 1
    outer loop
      vertex 9.752965793013573 -2.6035179644823074 1.2
      vertex 9.712810523808002 -2.511906675994396 1.2
      vertex 9.299443736672401 -2.307308755815029 1.2
    endloop
  endfacet
  facet normal 0 0 1
    outer loop
      vertex 9.712810523808002 -2.511906675994396 1.2
      vertex 9.666622526943684 -2.4439691677689552 1.2
      vertex 9.368556372821331 -2.3017175272107124 1.2
    endloop
  endfacet
  facet normal 0 0 1
    outer loop
      vertex 9.441500425338745 -2.3076913356781006 1.2
      vertex 9.666622526943684 -2.4439691677689552 1.2
      vertex 9.613690242171288 -2.3900809958577156 1.2
    endloop
  endfacet
  facet normal 0 0 1
    outer loop
      vertex 9.712810523808002 -2.511906675994396 1.2
      vertex 9.368556372821331 -2.3017175272107124 1.2
      vertex 9.299443736672401 -2.307308755815029 1.2
    endloop
  endfacet
  facet normal 0 0 1
    outer loop
      vertex 9.368556372821331 -2.3017175272107124 1.2
      vertex 9.666622526943684 -2.4439691677689552 1.2
      vertex 9.441500425338745 -2.3076913356781006 1.2
    endloop
  endfacet
  facet normal 0 0 1
    outer loop
      vertex 9.441500425338745 -2.3076913356781006 1.2
      vertex 9.558771640062332 -2.350379131734371 1.2
      vertex 9.503167383372784 -2.3239650577306747 1.2
    endloop
  endfacet
  facet normal 0 0 1
    outer loop
      vertex 9.441500425338745 -2.3076913356781006 1.2
      vertex 9.613690242171288 -2.3900809958577156 1.2
      vertex 9.558771640062332 -2.350379131734371 1.2
    endloop
  endfacet
  facet normal 0 0 1
    outer loop
      vertex 8.934970371425152 -0.8671789169311523 1.2
      vertex 8.952320739626884 -0.8589355498552322 1.2
      vertex 8.966737650334835 -0.7306732907891273 1.2
    endloop
  endfacet
  facet normal 0 0 1
    outer loop
      vertex 8.952320739626884 -0.8589355498552322 1.2
      vertex 9.242648497223854 -0.7821734845638275 1.2
      vertex 8.966737650334835 -0.7306732907891273 1.2
    endloop
  endfacet
  facet normal 0 0 1
    outer loop
      vertex 8.966737650334835 -0.7306732907891273 1.2
      vertex 9.242648497223854 -0.7821734845638275 1.2
      vertex 9.026613920927048 -0.5656089410185814 1.2
    endloop
  endfacet
  facet normal 0 0 1
    outer loop
      vertex 9.242648497223854 -0.7821734845638275 1.2
      vertex 9.085541002452374 -0.46492092311382294 1.2
      vertex 9.026613920927048 -0.5656089410185814 1.2
    endloop
  endfacet
  facet normal 0 0 1
    outer loop
      vertex 9.242648497223854 -0.7821734845638275 1.2
      vertex 9.54710929095745 -0.757154569029808 1.2
      vertex 9.085541002452374 -0.46492092311382294 1.2
    endloop
  endfacet
  facet normal 0 0 1
    outer loop
      vertex 9.54710929095745 -0.757154569029808 1.2
      vertex 9.742434799671173 -0.7724655270576477 1.2
      vertex 9.704834505915642 -0.5457042381167412 1.2
    endloop
  endfacet
  facet normal 0 0 1
    outer loop
      vertex 9.54710929095745 -0.757154569029808 1.2
      vertex 9.704834505915642 -0.5457042381167412 1.2
      vertex 9.683818772435188 -0.4697882682085037 1.2
    endloop
  endfacet
  facet normal 0 0 1
    outer loop
      vertex 9.54710929095745 -0.757154569029808 1.2
      vertex 9.683818772435188 -0.4697882682085037 1.2
      vertex 9.660283513367176 -0.4136667549610138 1.2
    endloop
  endfacet
  facet normal 0 0 1
    outer loop
      vertex 10.335136286914349 -0.9224463552236557 1.2
      vertex 10.50250630825758 -0.9968357533216476 1.2
      vertex 11.602195642888546 -0.7827229127287865 1.2
    endloop
  endfacet
  facet normal 0 0 1
    outer loop
      vertex 10.779208295047283 -1.1813782081007957 1.2
      vertex 11.602195642888546 -0.7827229127287865 1.2
      vertex 10.50250630825758 -0.9968357533216476 1.2
    endloop
  endfacet
  facet normal 0 0 1
    outer loop
      vertex 11.420679427683353 -1.994538426399231 1.2
      vertex 11.602195642888546 -0.7827229127287865 1.2
      vertex 11.249941304326057 -1.6886473074555397 1.2
    endloop
  endfacet
  facet normal 0 0 1
    outer loop
      vertex 11.249941304326057 -1.6886473074555397 1.2
      vertex 11.602195642888546 -0.7827229127287865 1.2
      vertex 11.031589932739735 -1.4145386442542076 1.2
    endloop
  endfacet
  facet normal 0 0 1
    outer loop
      vertex 11.031589932739735 -1.4145386442542076 1.2
      vertex 11.602195642888546 -0.7827229127287865 1.2
      vertex 10.779208295047283 -1.1813782081007957 1.2
    endloop
  endfacet
  facet normal 0 0 1
    outer loop
      vertex 13.85 -4.35 1.2
      vertex 14.045090322016128 -4.33078528040323 1.2
      vertex 13.85 4.35 1.2
    endloop
  endfacet
  facet normal 0 0 1
    outer loop
      vertex 14.045090322016128 -4.33078528040323 1.2
      vertex 14.23268343236509 -4.273879532511287 1.2
      vertex 14.045090322016128 4.33078528040323 1.2
    endloop
  endfacet
  facet normal 0 0 1
    outer loop
      vertex 14.23268343236509 -4.273879532511287 1.2
      vertex 14.405570233019603 -4.1814696123025445 1.2
      vertex 14.23268343236509 4.273879532511287 1.2
    endloop
  endfacet
  facet normal 0 0 1
    outer loop
      vertex 14.405570233019603 -4.1814696123025445 1.2
      vertex 14.557106781186548 -4.0571067811865476 1.2
      vertex 14.405570233019603 4.1814696123025445 1.2
    endloop
  endfacet
  facet normal 0 0 1
    outer loop
      vertex 14.557106781186548 -4.0571067811865476 1.2
      vertex 14.681469612302545 -3.905570233019602 1.2
      vertex 14.557106781186548 4.0571067811865476 1.2
    endloop
  endfacet
  facet normal 0 0 1
    outer loop
      vertex 14.681469612302545 -3.905570233019602 1.2
      vertex 14.773879532511286 -3.7326834323650893 1.2
      vertex 14.681469612302545 3.905570233019602 1.2
    endloop
  endfacet
  facet normal 0 0 1
    outer loop
      vertex 14.773879532511286 -3.7326834323650893 1.2
      vertex 14.83078528040323 -3.545090322016128 1.2
      vertex 14.773879532511286 3.7326834323650893 1.2
    endloop
  endfacet
  facet normal 0 0 1
    outer loop
      vertex 13.85 -4.35 1.2
      vertex 13.85 4.35 1.2
      vertex 11.541470311582088 -2.3275329545140266 1.2
    endloop
  endfacet
  facet normal 0 0 1
    outer loop
      vertex 14.83078528040323 -3.545090322016128 1.2
      vertex 14.85 -3.3499999999999996 1.2
      vertex 14.83078528040323 3.545090322016128 1.2
    endloop
  endfacet
  facet normal 0 0 -1
    outer loop
      vertex -13.85 4.35 0
      vertex 13.85 4.35 0
      vertex 13.85 -4.35 0
    endloop
  endfacet
  facet normal 0 1 0
    outer loop
      vertex -13.85 4.35 0
      vertex 13.85 4.35 1.2
      vertex 13.85 4.35 0
    endloop
  endfacet
  facet normal 0 0 -1
    outer loop
      vertex 14.85 -3.3499999999999996 0
      vertex 14.83078528040323 3.545090322016128 0
      vertex 14.85 3.3499999999999996 0
    endloop
  endfacet
  facet normal 0 0 -1
    outer loop
      vertex 14.83078528040323 -3.545090322016128 0
      vertex 14.773879532511286 3.7326834323650893 0
      vertex 14.83078528040323 3.545090322016128 0
    endloop
  endfacet
  facet normal 0 0 -1
    outer loop
      vertex 14.23268343236509 -4.273879532511287 0
      vertex 14.045090322016128 4.33078528040323 0
      vertex 14.23268343236509 4.273879532511287 0
    endloop
  endfacet
  facet normal 0 0 -1
    outer loop
      vertex 14.405570233019603 -4.1814696123025445 0
      vertex 14.23268343236509 4.273879532511287 0
      vertex 14.405570233019603 4.1814696123025445 0
    endloop
  endfacet
  facet normal 0 0 -1
    outer loop
      vertex 14.045090322016128 -4.33078528040323 0
      vertex 13.85 4.35 0
      vertex 14.045090322016128 4.33078528040323 0
    endloop
  endfacet
  facet normal 0 0 -1
    outer loop
      vertex 14.557106781186548 -4.0571067811865476 0
      vertex 14.405570233019603 4.1814696123025445 0
      vertex 14.557106781186548 4.0571067811865476 0
    endloop
  endfacet
  facet normal 0 0 -1
    outer loop
      vertex 14.681469612302545 -3.905570233019602 0
      vertex 14.557106781186548 4.0571067811865476 0
      vertex 14.681469612302545 3.905570233019602 0
    endloop
  endfacet
  facet normal 0 0 -1
    outer loop
      vertex 14.773879532511286 -3.7326834323650893 0
      vertex 14.681469612302545 3.905570233019602 0
      vertex 14.773879532511286 3.7326834323650893 0
    endloop
  endfacet
  facet normal 1 0 0
    outer loop
      vertex 14.85 -3.3499999999999996 1.2
      vertex 14.85 3.3499999999999996 0
      vertex 14.85 3.3499999999999996 1.2
    endloop
  endfacet
  facet normal 0.9951847266721969 0.09801714032956063 0
    outer loop
      vertex 14.85 3.3499999999999996 0
      vertex 14.83078528040323 3.545090322016128 0
      vertex 14.85 3.3499999999999996 1.2
    endloop
  endfacet
  facet normal 0.9569403357322077 0.2902846772544659 0
    outer loop
      vertex 14.83078528040323 3.545090322016128 0
      vertex 14.773879532511286 3.7326834323650893 0
      vertex 14.83078528040323 3.545090322016128 1.2
    endloop
  endfacet
  facet normal 0.8819212643483559 0.47139673682599603 0
    outer loop
      vertex 14.773879532511286 3.7326834323650893 0
      vertex 14.681469612302545 3.905570233019602 0
      vertex 14.773879532511286 3.7326834323650893 1.2
    endloop
  endfacet
  facet normal 0.7730104533627397 0.6343932841636422 0
    outer loop
      vertex 14.681469612302545 3.905570233019602 0
      vertex 14.557106781186548 4.0571067811865476 0
      vertex 14.681469612302545 3.905570233019602 1.2
    endloop
  endfacet
  facet normal 0.09801714032956085 0.9951847266721969 -6.116316224030831e-19
    outer loop
      vertex 13.85 4.35 0
      vertex 14.045090322016128 4.33078528040323 1.2
      vertex 14.045090322016128 4.33078528040323 0
    endloop
  endfacet
  facet normal 0.47139673682599764 0.881921264348355 -3.7171829289897885e-18
    outer loop
      vertex 14.23268343236509 4.273879532511287 0
      vertex 14.405570233019603 4.1814696123025445 1.2
      vertex 14.405570233019603 4.1814696123025445 0
    endloop
  endfacet
  facet normal 0.2902846772544611 0.9569403357322092 -3.594634866415353e-18
    outer loop
      vertex 14.045090322016128 4.33078528040323 0
      vertex 14.23268343236509 4.273879532511287 1.2
      vertex 14.23268343236509 4.273879532511287 0
    endloop
  endfacet
  facet normal 0.6343932841636445 0.7730104533627378 0
    outer loop
      vertex 14.557106781186548 4.0571067811865476 0
      vertex 14.405570233019603 4.1814696123025445 0
      vertex 14.557106781186548 4.0571067811865476 1.2
    endloop
  endfacet
  facet normal 0.9951847266721969 0.09801714032956063 0
    outer loop
      vertex 14.83078528040323 3.545090322016128 0
      vertex 14.83078528040323 3.545090322016128 1.2
      vertex 14.85 3.3499999999999996 1.2
    endloop
  endfacet
  facet normal 0.9569403357322077 0.2902846772544659 0
    outer loop
      vertex 14.773879532511286 3.7326834323650893 0
      vertex 14.773879532511286 3.7326834323650893 1.2
      vertex 14.83078528040323 3.545090322016128 1.2
    endloop
  endfacet
  facet normal 0.09801714032956085 0.9951847266721969 0
    outer loop
      vertex 13.85 4.35 0
      vertex 13.85 4.35 1.2
      vertex 14.045090322016128 4.33078528040323 1.2
    endloop
  endfacet
  facet normal 0.8819212643483559 0.47139673682599603 0
    outer loop
      vertex 14.681469612302545 3.905570233019602 0
      vertex 14.681469612302545 3.905570233019602 1.2
      vertex 14.773879532511286 3.7326834323650893 1.2
    endloop
  endfacet
  facet normal 0.7730104533627397 0.6343932841636422 0
    outer loop
      vertex 14.557106781186548 4.0571067811865476 0
      vertex 14.557106781186548 4.0571067811865476 1.2
      vertex 14.681469612302545 3.905570233019602 1.2
    endloop
  endfacet
  facet normal 0.2902846772544611 0.9569403357322092 0
    outer loop
      vertex 14.045090322016128 4.33078528040323 0
      vertex 14.045090322016128 4.33078528040323 1.2
      vertex 14.23268343236509 4.273879532511287 1.2
    endloop
  endfacet
  facet normal 0.47139673682599764 0.881921264348355 0
    outer loop
      vertex 14.23268343236509 4.273879532511287 0
      vertex 14.23268343236509 4.273879532511287 1.2
      vertex 14.405570233019603 4.1814696123025445 1.2
    endloop
  endfacet
  facet normal 0.6343932841636445 0.7730104533627378 0
    outer loop
      vertex 14.405570233019603 4.1814696123025445 0
      vertex 14.405570233019603 4.1814696123025445 1.2
      vertex 14.557106781186548 4.0571067811865476 1.2
    endloop
  endfacet
  facet normal 0 0 1
    outer loop
      vertex 1.4372859373688698 -0.4817800000309944 1.2
      vertex 1.6090300008654594 -0.31074000149965286 1.2
      vertex 3.1999933049082756 1.4347200021147728 1.2
    endloop
  endfacet
  facet normal 0 0 1
    outer loop
      vertex 1.6090300008654594 -0.31074000149965286 1.2
      vertex 4.982210002839565 -0.31074000149965286 1.2
      vertex 3.1999933049082756 1.4347200021147728 1.2
    endloop
  endfacet
  facet normal 0 0 1
    outer loop
      vertex 4.982210002839565 -0.31074000149965286 1.2
      vertex 7.380597211420536 0.1240692287683487 1.2
      vertex 3.1999933049082756 1.4347200021147728 1.2
    endloop
  endfacet
  facet normal 0 0 1
    outer loop
      vertex 4.982210002839565 -0.31074000149965286 1.2
      vertex 7.0546580478549 -0.8486358597874641 1.2
      vertex 7.187631368637085 -0.3301267623901367 1.2
    endloop
  endfacet
  facet normal 0 0 1
    outer loop
      vertex 4.982210002839565 -0.31074000149965286 1.2
      vertex 7.187631368637085 -0.3301267623901367 1.2
      vertex 7.380597211420536 0.1240692287683487 1.2
    endloop
  endfacet
  facet normal 0 0 1
    outer loop
      vertex 3.1999933049082756 1.4347200021147728 1.2
      vertex 7.380597211420536 0.1240692287683487 1.2
      vertex 7.635573163628578 0.5052854120731354 1.2
    endloop
  endfacet
  facet normal 0 0 1
    outer loop
      vertex 3.1999933049082756 1.4347200021147728 1.2
      vertex 7.635573163628578 0.5052854120731354 1.2
      vertex 7.937443733215332 0.8115652948617935 1.2
    endloop
  endfacet
  facet normal 0 0 1
    outer loop
      vertex 3.1999933049082756 1.4347200021147728 1.2
      vertex 7.937443733215332 0.8115652948617935 1.2
      vertex 8.275140710175037 1.051058180630207 1.2
    endloop
  endfacet
  facet normal 0 0 1
    outer loop
      vertex 3.1999933049082756 1.4347200021147728 1.2
      vertex 8.275140710175037 1.051058180630207 1.2
      vertex 8.648941457271576 1.2229954227805138 1.2
    endloop
  endfacet
  facet normal 0 0 1
    outer loop
      vertex -13.85 4.35 1.2
      vertex 8.648941457271576 1.2229954227805138 1.2
      vertex 9.052971512079239 1.3251075819134712 1.2
    endloop
  endfacet
  facet normal 0 0 1
    outer loop
      vertex -13.85 4.35 1.2
      vertex 9.052971512079239 1.3251075819134712 1.2
      vertex 13.85 4.35 1.2
    endloop
  endfacet
  facet normal 0 0 1
    outer loop
      vertex 9.54710929095745 -0.757154569029808 1.2
      vertex 9.147485002875328 -0.3955122008919716 1.2
      vertex 9.085541002452374 -0.46492092311382294 1.2
    endloop
  endfacet
  facet normal 0 0 1
    outer loop
      vertex 9.54710929095745 -0.757154569029808 1.2
      vertex 9.212628707289696 -0.3432135134935379 1.2
      vertex 9.147485002875328 -0.3955122008919716 1.2
    endloop
  endfacet
  facet normal 0 0 1
    outer loop
      vertex 9.54710929095745 -0.757154569029808 1.2
      vertex 9.275024473667145 -0.31004704535007477 1.2
      vertex 9.212628707289696 -0.3432135134935379 1.2
    endloop
  endfacet
  facet normal 0 0 1
    outer loop
      vertex 9.54710929095745 -0.757154569029808 1.2
      vertex 9.33978496491909 -0.2907991334795952 1.2
      vertex 9.275024473667145 -0.31004704535007477 1.2
    endloop
  endfacet
  facet normal 0 0 1
    outer loop
      vertex 9.54710929095745 -0.757154569029808 1.2
      vertex 9.418852359056473 -0.28346506506204605 1.2
      vertex 9.33978496491909 -0.2907991334795952 1.2
    endloop
  endfacet
  facet normal 0 0 1
    outer loop
      vertex 9.54710929095745 -0.757154569029808 1.2
      vertex 9.519868679344654 -0.2963007241487503 1.2
      vertex 9.472828075289726 -0.2868126332759857 1.2
    endloop
  endfacet
  facet normal 0 0 1
    outer loop
      vertex 9.54710929095745 -0.757154569029808 1.2
      vertex 9.472828075289726 -0.2868126332759857 1.2
      vertex 9.418852359056473 -0.28346506506204605 1.2
    endloop
  endfacet
  facet normal 0 0 1
    outer loop
      vertex 9.54710929095745 -0.757154569029808 1.2
      vertex 9.660283513367176 -0.4136667549610138 1.2
      vertex 9.636854693293571 -0.3751995638012886 1.2
    endloop
  endfacet
  facet normal 0 0 1
    outer loop
      vertex 9.54710929095745 -0.757154569029808 1.2
      vertex 9.636854693293571 -0.3751995638012886 1.2
      vertex 9.613359771668911 -0.34831658005714417 1.2
    endloop
  endfacet
  facet normal 0 0 1
    outer loop
      vertex 9.54710929095745 -0.757154569029808 1.2
      vertex 9.613359771668911 -0.34831658005714417 1.2
      vertex 9.586988136172295 -0.3269778937101364 1.2
    endloop
  endfacet
  facet normal 0 0 1
    outer loop
      vertex 9.54710929095745 -0.757154569029808 1.2
      vertex 9.556579373776913 -0.3097742274403572 1.2
      vertex 9.519868679344654 -0.2963007241487503 1.2
    endloop
  endfacet
  facet normal 0 0 1
    outer loop
      vertex 9.54710929095745 -0.757154569029808 1.2
      vertex 9.586988136172295 -0.3269778937101364 1.2
      vertex 9.556579373776913 -0.3097742274403572 1.2
    endloop
  endfacet
  facet normal 0 0 1
    outer loop
      vertex 13.85 4.35 1.2
      vertex 11.420679427683353 -1.994538426399231 1.2
      vertex 11.541470311582088 -2.3275329545140266 1.2
    endloop
  endfacet
  facet normal 0 0 1
    outer loop
      vertex 13.85 4.35 1.2
      vertex 11.602195642888546 -0.7827229127287865 1.2
      vertex 11.420679427683353 -1.994538426399231 1.2
    endloop
  endfacet
  facet normal 0 0 1
    outer loop
      vertex 13.85 4.35 1.2
      vertex 11.450512580573559 -0.10495331138372421 1.2
      vertex 11.602195642888546 -0.7827229127287865 1.2
    endloop
  endfacet
  facet normal 0 0 1
    outer loop
      vertex 13.85 4.35 1.2
      vertex 11.040591388940811 0.6883260980248451 1.2
      vertex 11.211657211184502 0.4509680047631264 1.2
    endloop
  endfacet
  facet normal 0 0 1
    outer loop
      vertex 13.85 4.35 1.2
      vertex 11.348039358854294 0.18554182350635529 1.2
      vertex 11.450512580573559 -0.10495331138372421 1.2
    endloop
  endfacet
  facet normal 0 0 1
    outer loop
      vertex 13.85 4.35 1.2
      vertex 11.211657211184502 0.4509680047631264 1.2
      vertex 11.348039358854294 0.18554182350635529 1.2
    endloop
  endfacet
  facet normal 0 0 1
    outer loop
      vertex 14.85 -3.3499999999999996 1.2
      vertex 14.85 3.3499999999999996 1.2
      vertex 14.83078528040323 3.545090322016128 1.2
    endloop
  endfacet
  facet normal 0 0 1
    outer loop
      vertex 14.83078528040323 -3.545090322016128 1.2
      vertex 14.83078528040323 3.545090322016128 1.2
      vertex 14.773879532511286 3.7326834323650893 1.2
    endloop
  endfacet
  facet normal 0 0 1
    outer loop
      vertex 14.23268343236509 -4.273879532511287 1.2
      vertex 14.23268343236509 4.273879532511287 1.2
      vertex 14.045090322016128 4.33078528040323 1.2
    endloop
  endfacet
  facet normal 0 0 1
    outer loop
      vertex 14.405570233019603 -4.1814696123025445 1.2
      vertex 14.405570233019603 4.1814696123025445 1.2
      vertex 14.23268343236509 4.273879532511287 1.2
    endloop
  endfacet
  facet normal 0 0 1
    outer loop
      vertex 14.045090322016128 -4.33078528040323 1.2
      vertex 14.045090322016128 4.33078528040323 1.2
      vertex 13.85 4.35 1.2
    endloop
  endfacet
  facet normal 0 0 1
    outer loop
      vertex 14.557106781186548 -4.0571067811865476 1.2
      vertex 14.557106781186548 4.0571067811865476 1.2
      vertex 14.405570233019603 4.1814696123025445 1.2
    endloop
  endfacet
  facet normal 0 0 1
    outer loop
      vertex 14.681469612302545 -3.905570233019602 1.2
      vertex 14.681469612302545 3.905570233019602 1.2
      vertex 14.557106781186548 4.0571067811865476 1.2
    endloop
  endfacet
  facet normal 0 0 1
    outer loop
      vertex 14.773879532511286 -3.7326834323650893 1.2
      vertex 14.773879532511286 3.7326834323650893 1.2
      vertex 14.681469612302545 3.905570233019602 1.2
    endloop
  endfacet
  facet normal 0 0 1
    outer loop
      vertex 13.85 4.35 1.2
      vertex 9.052971512079239 1.3251075819134712 1.2
      vertex 9.479228593409061 1.3582275286316872 1.2
    endloop
  endfacet
  facet normal 0 0 1
    outer loop
      vertex 13.85 4.35 1.2
      vertex 9.479228593409061 1.3582275286316872 1.2
      vertex 9.78763448446989 1.3403436541557312 1.2
    endloop
  endfacet
  facet normal 0 0 1
    outer loop
      vertex 13.85 4.35 1.2
      vertex 10.836252212524414 0.8934456333518028 1.2
      vertex 11.040591388940811 0.6883260980248451 1.2
    endloop
  endfacet
  facet normal 0 0 1
    outer loop
      vertex 13.85 4.35 1.2
      vertex 10.604707092046738 1.0625313520431519 1.2
      vertex 10.836252212524414 0.8934456333518028 1.2
    endloop
  endfacet
  facet normal 0 0 1
    outer loop
      vertex 13.85 4.35 1.2
      vertex 10.350968711078167 1.1935689896345139 1.2
      vertex 10.604707092046738 1.0625313520431519 1.2
    endloop
  endfacet
  facet normal 0 0 1
    outer loop
      vertex 13.85 4.35 1.2
      vertex 9.78763448446989 1.3403436541557312 1.2
      vertex 10.077554933726788 1.2860338911414146 1.2
    endloop
  endfacet
  facet normal 0 0 1
    outer loop
      vertex 13.85 4.35 1.2
      vertex 10.077554933726788 1.2860338911414146 1.2
      vertex 10.350968711078167 1.1935689896345139 1.2
    endloop
  endfacet
  facet normal 0 0 -1
    outer loop
      vertex -9.983510002493858 -5.331760004162788 1.2
      vertex -9.983510002493858 -4.35 1.2
      vertex -8.079130001366138 -5.331760004162788 1.2
    endloop
  endfacet
  facet normal 0 0 -1
    outer loop
      vertex -8.079130001366138 -5.331760004162788 1.2
      vertex -9.983510002493858 -4.35 1.2
      vertex -8.079130001366138 -4.35 1.2
    endloop
  endfacet
  facet normal 0 -1 0
    outer loop
      vertex -9.983510002493858 -5.331760004162788 1.2
      vertex -8.079130001366138 -5.331760004162788 1.2
      vertex -9.983510002493858 -5.331760004162788 2
    endloop
  endfacet
  facet normal 1 0 0
    outer loop
      vertex -8.079130001366138 -5.331760004162788 1.2
      vertex -8.079130001366138 -4.35 1.2
      vertex -8.079130001366138 -5.331760004162788 2
    endloop
  endfacet
  facet normal -1 0 0
    outer loop
      vertex -9.983510002493858 -5.331760004162788 1.2
      vertex -9.983510002493858 -0.3760000020265579 2
      vertex -9.983510002493858 -4.35 1.2
    endloop
  endfacet
  facet normal 1 0 0
    outer loop
      vertex -8.079130001366138 -5.331760004162788 2
      vertex -8.079130001366138 -4.35 1.2
      vertex -8.079130001366138 -0.3760000020265579 1.2
    endloop
  endfacet
  facet normal 0 -1 0
    outer loop
      vertex -8.079130001366138 -5.331760004162788 1.2
      vertex -8.079130001366138 -5.331760004162788 2
      vertex -9.983510002493858 -5.331760004162788 2
    endloop
  endfacet
  facet normal -1 0 0
    outer loop
      vertex -9.983510002493858 -5.331760004162788 1.2
      vertex -9.983510002493858 -5.331760004162788 2
      vertex -9.983510002493858 -0.3760000020265579 2
    endloop
  endfacet
  facet normal 0 0 1
    outer loop
      vertex -9.983510002493858 -5.331760004162788 2
      vertex -8.079130001366138 -5.331760004162788 2
      vertex -9.983510002493858 -0.3760000020265579 2
    endloop
  endfacet
  facet normal -1 0 0
    outer loop
      vertex -9.983510002493858 -0.3760000020265579 2
      vertex -9.983510002493858 -0.3760000020265579 1.2
      vertex -9.983510002493858 -4.35 1.2
    endloop
  endfacet
  facet normal 1 0 0
    outer loop
      vertex -8.079130001366138 -5.331760004162788 2
      vertex -8.079130001366138 -0.3760000020265579 1.2
      vertex -8.079130001366138 -0.3760000020265579 2
    endloop
  endfacet
  facet normal 0 0 1
    outer loop
      vertex -8.079130001366138 -5.331760004162788 2
      vertex -8.079130001366138 -0.3760000020265579 2
      vertex -9.983510002493858 -0.3760000020265579 2
    endloop
  endfacet
  facet normal 0 0 -1
    outer loop
      vertex -6.248029999434948 -5.331760004162788 1.2
      vertex -6.248029999434948 -4.35 1.2
      vertex -4.404729999601841 -5.331760004162788 1.2
    endloop
  endfacet
  facet normal 0 0 -1
    outer loop
      vertex -4.404729999601841 -5.331760004162788 1.2
      vertex -6.248029999434948 -4.35 1.2
      vertex -4.404729999601841 -4.35 1.2
    endloop
  endfacet
  facet normal 0 -1 0
    outer loop
      vertex -6.248029999434948 -5.331760004162788 1.2
      vertex -4.404729999601841 -5.331760004162788 1.2
      vertex -6.248029999434948 -5.331760004162788 2
    endloop
  endfacet
  facet normal 1 0 0
    outer loop
      vertex -4.404729999601841 -5.331760004162788 1.2
      vertex -4.404729999601841 -4.35 1.2
      vertex -4.404729999601841 -5.331760004162788 2
    endloop
  endfacet
  facet normal 1 0 0
    outer loop
      vertex -4.404729999601841 -5.331760004162788 2
      vertex -4.404729999601841 -4.35 1.2
      vertex -4.404729999601841 -2.8207006081938744 1.2
    endloop
  endfacet
  facet normal 0 0 -1
    outer loop
      vertex -3.4568900018930435 -5.331760004162788 1.2
      vertex -3.4568900018930435 -4.35 1.2
      vertex -1.6135900020599365 -5.331760004162788 1.2
    endloop
  endfacet
  facet normal 0 0 -1
    outer loop
      vertex -1.6135900020599365 -5.331760004162788 1.2
      vertex -3.4568900018930435 -4.35 1.2
      vertex -1.6135900020599365 -4.35 1.2
    endloop
  endfacet
  facet normal 0 0 -1
    outer loop
      vertex -0.19218514114618301 -5.287986293435097 1.2
      vertex -0.5254745110869408 -5.098585069179535 1.2
      vertex -1.0475150644821194 -4.35 1.2
    endloop
  endfacet
  facet normal 0 0 -1
    outer loop
      vertex -0.19218514114618301 -5.287986293435097 1.2
      vertex -1.0475150644821194 -4.35 1.2
      vertex 0.18817759305238724 -5.396348923444748 1.2
    endloop
  endfacet
  facet normal 0 0 -1
    outer loop
      vertex 0.18817759305238724 -5.396348923444748 1.2
      vertex -1.0475150644821194 -4.35 1.2
      vertex 0.6086882054805756 -5.43064258992672 1.2
    endloop
  endfacet
  facet normal 0 0 -1
    outer loop
      vertex -0.7962378636002541 -4.830378375947475 1.2
      vertex -0.9904297292232513 -4.502779103815556 1.2
      vertex -1.0475150644821194 -4.35 1.2
    endloop
  endfacet
  facet normal 0 0 -1
    outer loop
      vertex -0.5254745110869408 -5.098585069179535 1.2
      vertex -0.7962378636002541 -4.830378375947475 1.2
      vertex -1.0475150644821194 -4.35 1.2
    endloop
  endfacet
  facet normal 0 -1 0
    outer loop
      vertex -3.4568900018930435 -5.331760004162788 1.2
      vertex -1.6135900020599365 -5.331760004162788 1.2
      vertex -3.4568900018930435 -5.331760004162788 2
    endloop
  endfacet
  facet normal 1 0 0
    outer loop
      vertex -1.6135900020599365 -5.331760004162788 1.2
      vertex -1.6135900020599365 -4.35 1.2
      vertex -1.6135900020599365 -5.331760004162788 2
    endloop
  endfacet
  facet normal -0.2739906855854846 -0.9617323454123794 0
    outer loop
      vertex -0.19218514114618301 -5.287986293435097 1.2
      vertex 0.18817759305238724 -5.396348923444748 1.2
      vertex -0.19218514114618301 -5.287986293435097 2
    endloop
  endfacet
  facet normal -0.4940730306112349 -0.8694204048805331 0
    outer loop
      vertex -0.19218514114618301 -5.287986293435097 1.2
      vertex -0.5254745110869408 -5.098585069179535 2
      vertex -0.5254745110869408 -5.098585069179535 1.2
    endloop
  endfacet
  facet normal -0.7037446304825803 -0.7104530210133083 0
    outer loop
      vertex -0.5254745110869408 -5.098585069179535 1.2
      vertex -0.7962378636002541 -4.830378375947475 2
      vertex -0.7962378636002541 -4.830378375947475 1.2
    endloop
  endfacet
  facet normal -0.9367454413600689 -0.35001139708747986 -1.3812824258229297e-16
    outer loop
      vertex -0.9904297292232513 -4.502779103815556 1.2
      vertex -1.0636194720864296 -4.306899316608906 2
      vertex -1.0475150644821194 -4.35 1.2
    endloop
  endfacet
  facet normal -0.9367454413600681 -0.3500113970874821 0
    outer loop
      vertex -1.0636194720864296 -4.306899316608906 2
      vertex -1.0636194720864296 -4.306899316608906 1.2
      vertex -1.0475150644821194 -4.35 1.2
    endloop
  endfacet
  facet normal -0.8602236212639086 -0.5099169750259424 0
    outer loop
      vertex -0.7962378636002541 -4.830378375947475 1.2
      vertex -0.9904297292232513 -4.502779103815556 2
      vertex -0.9904297292232513 -4.502779103815556 1.2
    endloop
  endfacet
  facet normal -1 0 0
    outer loop
      vertex -3.4568900018930435 -5.331760004162788 1.2
      vertex -3.4568900018930435 -2.7009886652231216 2
      vertex -3.4568900018930435 -4.35 1.2
    endloop
  endfacet
  facet normal -1 0 0
    outer loop
      vertex -3.4568900018930435 -2.7009886652231216 2
      vertex -3.4568900018930435 -2.7009886652231216 1.2
      vertex -3.4568900018930435 -4.35 1.2
    endloop
  endfacet
  facet normal 1 0 0
    outer loop
      vertex -1.6135900020599365 -5.331760004162788 2
      vertex -1.6135900020599365 -4.35 1.2
      vertex -1.6135900020599365 -2.4450678527355194 1.2
    endloop
  endfacet
  facet normal -0.969117142108526 -0.24660082090577654 0
    outer loop
      vertex -1.1154188886284828 -4.103332668542862 2
      vertex -1.1154188886284828 -4.103332668542862 1.2
      vertex -1.0636194720864296 -4.306899316608906 1.2
    endloop
  endfacet
  facet normal -0.9871857721283571 -0.15957522147043823 0
    outer loop
      vertex -1.1508592441678047 -3.8840867578983307 2
      vertex -1.1508592441678047 -3.8840867578983307 1.2
      vertex -1.1154188886284828 -4.103332668542862 1.2
    endloop
  endfacet
  facet normal -0.9962087566249269 -0.08699490343587431 0
    outer loop
      vertex -1.17144413292408 -3.6483620703220367 2
      vertex -1.17144413292408 -3.6483620703220367 1.2
      vertex -1.1508592441678047 -3.8840867578983307 1.2
    endloop
  endfacet
  facet normal -0.9996498126024967 -0.026462278129317104 0
    outer loop
      vertex -1.1780299991369247 -3.3995717018842697 2
      vertex -1.1780299991369247 -3.3995717018842697 1.2
      vertex -1.17144413292408 -3.6483620703220367 1.2
    endloop
  endfacet
  facet normal 0 -1 0
    outer loop
      vertex -4.404729999601841 -5.331760004162788 1.2
      vertex -4.404729999601841 -5.331760004162788 2
      vertex -6.248029999434948 -5.331760004162788 2
    endloop
  endfacet
  facet normal 0 0 1
    outer loop
      vertex -6.248029999434948 -5.331760004162788 2
      vertex -4.404729999601841 -5.331760004162788 2
      vertex -4.404729999601841 -2.8207006081938744 2
    endloop
  endfacet
  facet normal -1 0 0
    outer loop
      vertex -6.248029999434948 -5.331760004162788 1.2
      vertex -6.248029999434948 -5.331760004162788 2
      vertex -6.248029999434948 1.3330200016498566 2
    endloop
  endfacet
  facet normal 1 0 0
    outer loop
      vertex -4.404729999601841 -5.331760004162788 2
      vertex -4.404729999601841 -2.8207006081938744 1.2
      vertex -4.404729999601841 -2.8207006081938744 2
    endloop
  endfacet
  facet normal 0 0 1
    outer loop
      vertex -6.248029999434948 -5.331760004162788 2
      vertex -4.404729999601841 -2.8207006081938744 2
      vertex -4.400814205408096 -2.624961130321026 2
    endloop
  endfacet
  facet normal 0 0 1
    outer loop
      vertex -6.248029999434948 -5.331760004162788 2
      vertex -4.400814205408096 -2.624961130321026 2
      vertex -4.389594979584217 -2.4572373032569885 2
    endloop
  endfacet
  facet normal 0 0 1
    outer loop
      vertex -6.248029999434948 -5.331760004162788 2
      vertex -4.389594979584217 -2.4572373032569885 2
      vertex -4.3717552945017815 -2.315551571547985 2
    endloop
  endfacet
  facet normal 0 0 1
    outer loop
      vertex -6.248029999434948 -5.331760004162788 2
      vertex -4.3717552945017815 -2.315551571547985 2
      vertex -4.348667301237583 -2.2015213444828987 2
    endloop
  endfacet
  facet normal 0 0 1
    outer loop
      vertex -6.248029999434948 -5.331760004162788 2
      vertex -4.348667301237583 -2.2015213444828987 2
      vertex -4.322204798460007 -2.114976152777672 2
    endloop
  endfacet
  facet normal 0 0 1
    outer loop
      vertex -6.248029999434948 -5.331760004162788 2
      vertex -4.322204798460007 -2.114976152777672 2
      vertex -4.292531341314316 -2.047124519944191 2
    endloop
  endfacet
  facet normal 0 -1 0
    outer loop
      vertex -1.6135900020599365 -5.331760004162788 1.2
      vertex -1.6135900020599365 -5.331760004162788 2
      vertex -3.4568900018930435 -5.331760004162788 2
    endloop
  endfacet
  facet normal -1 0 0
    outer loop
      vertex -3.4568900018930435 -5.331760004162788 1.2
      vertex -3.4568900018930435 -5.331760004162788 2
      vertex -3.4568900018930435 -2.7009886652231216 2
    endloop
  endfacet
  facet normal -0.4940730306112349 -0.8694204048805331 0
    outer loop
      vertex -0.19218514114618301 -5.287986293435097 1.2
      vertex -0.19218514114618301 -5.287986293435097 2
      vertex -0.5254745110869408 -5.098585069179535 2
    endloop
  endfacet
  facet normal -0.7037446304825803 -0.7104530210133083 0
    outer loop
      vertex -0.5254745110869408 -5.098585069179535 1.2
      vertex -0.5254745110869408 -5.098585069179535 2
      vertex -0.7962378636002541 -4.830378375947475 2
    endloop
  endfacet
  facet normal -0.9367454413600688 -0.3500113970874804 0
    outer loop
      vertex -0.9904297292232513 -4.502779103815556 1.2
      vertex -0.9904297292232513 -4.502779103815556 2
      vertex -1.0636194720864296 -4.306899316608906 2
    endloop
  endfacet
  facet normal -0.969117142108526 -0.24660082090577654 0
    outer loop
      vertex -1.0636194720864296 -4.306899316608906 2
      vertex -1.1154188886284828 -4.103332668542862 2
      vertex -1.0636194720864296 -4.306899316608906 1.2
    endloop
  endfacet
  facet normal -0.8602236212639086 -0.5099169750259424 0
    outer loop
      vertex -0.7962378636002541 -4.830378375947475 1.2
      vertex -0.7962378636002541 -4.830378375947475 2
      vertex -0.9904297292232513 -4.502779103815556 2
    endloop
  endfacet
  facet normal 0 0 1
    outer loop
      vertex -3.4568900018930435 -5.331760004162788 2
      vertex -1.6135900020599365 -5.331760004162788 2
      vertex -3.4568900018930435 -2.7009886652231216 2
    endloop
  endfacet
  facet normal 0 0 1
    outer loop
      vertex -0.5254745110869408 -5.098585069179535 2
      vertex 0.7558632791042328 -3.7502752766013145 2
      vertex -0.7962378636002541 -4.830378375947475 2
    endloop
  endfacet
  facet normal 0 0 1
    outer loop
      vertex -0.7962378636002541 -4.830378375947475 2
      vertex 0.7300090044736862 -3.7068947479128838 2
      vertex -0.9904297292232513 -4.502779103815556 2
    endloop
  endfacet
  facet normal -0.9871857721283571 -0.15957522147043823 0
    outer loop
      vertex -1.1154188886284828 -4.103332668542862 2
      vertex -1.1508592441678047 -3.8840867578983307 2
      vertex -1.1154188886284828 -4.103332668542862 1.2
    endloop
  endfacet
  facet normal -0.9962087566249269 -0.08699490343587431 0
    outer loop
      vertex -1.1508592441678047 -3.8840867578983307 2
      vertex -1.17144413292408 -3.6483620703220367 2
      vertex -1.1508592441678047 -3.8840867578983307 1.2
    endloop
  endfacet
  facet normal 1 0 0
    outer loop
      vertex -1.6135900020599365 -5.331760004162788 2
      vertex -1.6135900020599365 -2.4450678527355194 1.2
      vertex -1.6135900020599365 -2.4450678527355194 2
    endloop
  endfacet
  facet normal -0.9996498126024967 -0.026462278129317104 0
    outer loop
      vertex -1.17144413292408 -3.6483620703220367 2
      vertex -1.1780299991369247 -3.3995717018842697 2
      vertex -1.17144413292408 -3.6483620703220367 1.2
    endloop
  endfacet
  facet normal 0 0 1
    outer loop
      vertex -1.6135900020599365 -5.331760004162788 2
      vertex -1.6135900020599365 -2.4450678527355194 2
      vertex -3.4568900018930435 -2.7009886652231216 2
    endloop
  endfacet
  facet normal 0 0 1
    outer loop
      vertex -1.0636194720864296 -4.306899316608906 2
      vertex 0.7208598032593727 -3.6774140000343323 2
      vertex -1.1154188886284828 -4.103332668542862 2
    endloop
  endfacet
  facet normal 0 0 1
    outer loop
      vertex -0.9904297292232513 -4.502779103815556 2
      vertex 0.7300090044736862 -3.7068947479128838 2
      vertex -1.0636194720864296 -4.306899316608906 2
    endloop
  endfacet
  facet normal 0 0 1
    outer loop
      vertex -1.1154188886284828 -4.103332668542862 2
      vertex 0.7036546468734741 -3.5835036039352417 2
      vertex -1.1508592441678047 -3.8840867578983307 2
    endloop
  endfacet
  facet normal 0 0 1
    outer loop
      vertex -1.1508592441678047 -3.8840867578983307 2
      vertex 0.7036546468734741 -3.5835036039352417 2
      vertex -1.17144413292408 -3.6483620703220367 2
    endloop
  endfacet
  facet normal 0 0 1
    outer loop
      vertex -1.17144413292408 -3.6483620703220367 2
      vertex 0.6876495704054832 -3.4294586926698685 2
      vertex -1.1780299991369247 -3.3995717018842697 2
    endloop
  endfacet
  facet normal -1 0 0
    outer loop
      vertex -6.248029999434948 -5.331760004162788 1.2
      vertex -6.248029999434948 1.3330200016498566 2
      vertex -6.248029999434948 -4.35 1.2
    endloop
  endfacet
  facet normal 0.9997999573780695 -0.020001130638298604 0
    outer loop
      vertex -4.404729999601841 -2.8207006081938744 2
      vertex -4.404729999601841 -2.8207006081938744 1.2
      vertex -4.400814205408096 -2.624961130321026 1.2
    endloop
  endfacet
  facet normal 0.9977702723111068 -0.06674191855363411 0
    outer loop
      vertex -4.400814205408096 -2.624961130321026 2
      vertex -4.400814205408096 -2.624961130321026 1.2
      vertex -4.389594979584217 -2.4572373032569885 1.2
    endloop
  endfacet
  facet normal 0.9921663258298081 -0.12492390439535153 0
    outer loop
      vertex -4.389594979584217 -2.4572373032569885 2
      vertex -4.389594979584217 -2.4572373032569885 1.2
      vertex -4.3717552945017815 -2.315551571547985 1.2
    endloop
  endfacet
  facet normal 0.9801118692730879 -0.19844577019935028 0
    outer loop
      vertex -4.3717552945017815 -2.315551571547985 2
      vertex -4.3717552945017815 -2.315551571547985 1.2
      vertex -4.348667301237583 -2.2015213444828987 1.2
    endloop
  endfacet
  facet normal 0.9562955417030732 -0.2924018415106612 0
    outer loop
      vertex -4.348667301237583 -2.2015213444828987 2
      vertex -4.348667301237583 -2.2015213444828987 1.2
      vertex -4.322204798460007 -2.114976152777672 1.2
    endloop
  endfacet
  facet normal 0.9162150044329931 -0.40068699211710196 0
    outer loop
      vertex -4.322204798460007 -2.114976152777672 2
      vertex -4.322204798460007 -2.114976152777672 1.2
      vertex -4.292531341314316 -2.047124519944191 1.2
    endloop
  endfacet
  facet normal 0.8610060662733208 -0.508594685226401 0
    outer loop
      vertex -4.292531341314316 -2.047124519944191 2
      vertex -4.292531341314316 -2.047124519944191 1.2
      vertex -4.259219340980053 -1.990730233490467 1.2
    endloop
  endfacet
  facet normal 0.786455649401026 -0.6176467530273356 0
    outer loop
      vertex -4.259219340980053 -1.990730233490467 2
      vertex -4.259219340980053 -1.990730233490467 1.2
      vertex -4.223126590251923 -1.944772981107235 1.2
    endloop
  endfacet
  facet normal 0.6929139468464947 -0.7210202925477294 0
    outer loop
      vertex -4.223126590251923 -1.944772981107235 2
      vertex -4.223126590251923 -1.944772981107235 1.2
      vertex -4.183570310473442 -1.9067586585879326 1.2
    endloop
  endfacet
  facet normal 0.5840582657325348 -0.8117117359195342 0
    outer loop
      vertex -4.183570310473442 -1.9067586585879326 2
      vertex -4.183570310473442 -1.9067586585879326 1.2
      vertex -4.1371395364403725 -1.873349905014038 1.2
    endloop
  endfacet
  facet normal 0.4762646052476293 -0.8793020105676548 0
    outer loop
      vertex -4.1371395364403725 -1.873349905014038 2
      vertex -4.1371395364403725 -1.873349905014038 1.2
      vertex -4.082645006477833 -1.8438335210084915 1.2
    endloop
  endfacet
  facet normal 0.37142237372613657 -0.928464011308808 0
    outer loop
      vertex -4.082645006477833 -1.8438335210084915 2
      vertex -4.082645006477833 -1.8438335210084915 1.2
      vertex -4.023344665765762 -1.8201110363006592 1.2
    endloop
  endfacet
  facet normal 0.2624913014292108 -0.9649343587384581 0
    outer loop
      vertex -4.023344665765762 -1.8201110363006592 2
      vertex -4.023344665765762 -1.8201110363006592 1.2
      vertex -3.9598309472203255 -1.8028333857655525 1.2
    endloop
  endfacet
  facet normal 0.1538890170222271 -0.9880881390037696 0
    outer loop
      vertex -3.9598309472203255 -1.8028333857655525 2
      vertex -3.9598309472203255 -1.8028333857655525 1.2
      vertex -3.8906118869781494 -1.7920529171824455 1.2
    endloop
  endfacet
  facet normal 0.04958050957113135 -0.998770130245527 0
    outer loop
      vertex -3.8906118869781494 -1.7920529171824455 2
      vertex -3.8906118869781494 -1.7920529171824455 1.2
      vertex -3.81401140242815 -1.7882503494620323 1.2
    endloop
  endfacet
  facet normal -0.04491336735509019 -0.9989908855604374 0
    outer loop
      vertex -3.81401140242815 -1.7882503494620323 2
      vertex -3.81401140242815 -1.7882503494620323 1.2
      vertex -3.7519481107592583 -1.7910406365990639 1.2
    endloop
  endfacet
  facet normal -0.1434588719274191 -0.9896562797584383 0
    outer loop
      vertex -3.7519481107592583 -1.7910406365990639 2
      vertex -3.7519481107592583 -1.7910406365990639 1.2
      vertex -3.6991799399256706 -1.7986898198723793 1.2
    endloop
  endfacet
  facet normal -1 0 0
    outer loop
      vertex -6.248029999434948 1.3330200016498566 2
      vertex -6.248029999434948 1.3330200016498566 1.2
      vertex -6.248029999434948 -4.35 1.2
    endloop
  endfacet
  facet normal -0.9999465912745036 -0.010335114827670126 0
    outer loop
      vertex -3.459427446126938 -2.455484986305237 2
      vertex -3.459427446126938 -2.455484986305237 1.2
      vertex -3.4568900018930435 -2.7009886652231216 1.2
    endloop
  endfacet
  facet normal -0.9993232125640629 -0.03678473638128741 0
    outer loop
      vertex -3.4668210223317146 -2.254625253379345 2
      vertex -3.4668210223317146 -2.254625253379345 1.2
      vertex -3.459427446126938 -2.455484986305237 1.2
    endloop
  endfacet
  facet normal -0.9971640245291395 -0.07525894089641114 0
    outer loop
      vertex -3.478528708219528 -2.0995010510087013 2
      vertex -3.478528708219528 -2.0995010510087013 1.2
      vertex -3.4668210223317146 -2.254625253379345 1.2
    endloop
  endfacet
  facet normal -0.9907105888972545 -0.1359872385441189 0
    outer loop
      vertex -3.492676518857479 -1.996429719030857 2
      vertex -3.492676518857479 -1.996429719030857 1.2
      vertex -3.478528708219528 -2.0995010510087013 1.2
    endloop
  endfacet
  facet normal -0.9697351812115 -0.2441591249998638 0
    outer loop
      vertex -3.504659377038479 -1.9488369897007942 2
      vertex -3.504659377038479 -1.9488369897007942 1.2
      vertex -3.492676518857479 -1.996429719030857 1.2
    endloop
  endfacet
  facet normal -0.9194876807793877 -0.3931188177827954 0
    outer loop
      vertex -3.5148548260331154 -1.9249902814626694 2
      vertex -3.5148548260331154 -1.9249902814626694 1.2
      vertex -3.504659377038479 -1.9488369897007942 1.2
    endloop
  endfacet
  facet normal -0.7845803940636304 -0.6200271004165532 0
    outer loop
      vertex -3.5460991263389587 -1.8793584555387497 2
      vertex -3.5460991263389587 -1.8793584555387497 1.2
      vertex -3.52922710031271 -1.9007082656025887 1.2
    endloop
  endfacet
  facet normal -0.8605567166378364 -0.509354628377427 0
    outer loop
      vertex -3.52922710031271 -1.9007082656025887 2
      vertex -3.52922710031271 -1.9007082656025887 1.2
      vertex -3.5148548260331154 -1.9249902814626694 1.2
    endloop
  endfacet
  facet normal -0.6950297180238526 -0.7189810088338106 0
    outer loop
      vertex -3.567076623439789 -1.8590797781944275 2
      vertex -3.567076623439789 -1.8590797781944275 1.2
      vertex -3.5460991263389587 -1.8793584555387497 1.2
    endloop
  endfacet
  facet normal -0.5973916483407529 -0.8019496358829014 0
    outer loop
      vertex -3.592824511229992 -1.839899554848671 2
      vertex -3.592824511229992 -1.839899554848671 1.2
      vertex -3.567076623439789 -1.8590797781944275 1.2
    endloop
  endfacet
  facet normal -0.4889946269590935 -0.8722867961886945 0
    outer loop
      vertex -3.6220543384552 -1.8235136270523071 2
      vertex -3.6220543384552 -1.8235136270523071 1.2
      vertex -3.592824511229992 -1.839899554848671 1.2
    endloop
  endfacet
  facet normal -0.3695411661910469 -0.9292143598170236 0
    outer loop
      vertex -3.6563581377267838 -1.8098712787032127 2
      vertex -3.6563581377267838 -1.8098712787032127 1.2
      vertex -3.6220543384552 -1.8235136270523071 1.2
    endloop
  endfacet
  facet normal -0.25264516183052227 -0.9675590019237221 0
    outer loop
      vertex -3.6991799399256706 -1.7986898198723793 2
      vertex -3.6991799399256706 -1.7986898198723793 1.2
      vertex -3.6563581377267838 -1.8098712787032127 1.2
    endloop
  endfacet
  facet normal 0.9999427784671129 0.010697653549738501 0
    outer loop
      vertex -1.6135900020599365 -2.4450678527355194 2
      vertex -1.6135900020599365 -2.4450678527355194 1.2
      vertex -1.6160167381167412 -2.218233324587345 1.2
    endloop
  endfacet
  facet normal 0.9993493864505015 0.0360666577465409 0
    outer loop
      vertex -1.6160167381167412 -2.218233324587345 2
      vertex -1.6160167381167412 -2.218233324587345 1.2
      vertex -1.6234597861766815 -2.0119983702898026 1.2
    endloop
  endfacet
  facet normal 0.997648279489249 0.06854130456988256 0
    outer loop
      vertex -1.6234597861766815 -2.0119983702898026 2
      vertex -1.6234597861766815 -2.0119983702898026 1.2
      vertex -1.6361625418066978 -1.827104277908802 1.2
    endloop
  endfacet
  facet normal 0.9937724484253849 0.11142854549268602 0
    outer loop
      vertex -1.6361625418066978 -1.827104277908802 2
      vertex -1.6361625418066978 -1.827104277908802 1.2
      vertex -1.654676578938961 -1.661987341940403 1.2
    endloop
  endfacet
  facet normal 0.8395916393930856 0.5432180768910688 0
    outer loop
      vertex -1.8804578557610512 -0.9988551661372185 2
      vertex -1.8804578557610512 -0.9988551661372185 1.2
      vertex -1.958140842616558 -0.8787892311811447 1.2
    endloop
  endfacet
  facet normal 0.6997740331378847 0.7143642646059073 0
    outer loop
      vertex -2.052963249385357 -0.7606386765837669 2
      vertex -2.052963249385357 -0.7606386765837669 1.2
      vertex -2.1648524925112724 -0.6510346680879593 1.2
    endloop
  endfacet
  facet normal 0.7798955627159587 0.625909667009512 0
    outer loop
      vertex -1.958140842616558 -0.8787892311811447 2
      vertex -1.958140842616558 -0.8787892311811447 1.2
      vertex -2.052963249385357 -0.7606386765837669 1.2
    endloop
  endfacet
  facet normal 0.6165027409166909 0.787352761119314 0
    outer loop
      vertex -2.1648524925112724 -0.6510346680879593 2
      vertex -2.1648524925112724 -0.6510346680879593 1.2
      vertex -2.289631575345993 -0.553331770002842 1.2
    endloop
  endfacet
  facet normal 0.9853952578616992 0.17028266436626843 0
    outer loop
      vertex -1.654676578938961 -1.661987341940403 2
      vertex -1.654676578938961 -1.661987341940403 1.2
      vertex -1.6800074204802513 -1.515402302145958 1.2
    endloop
  endfacet
  facet normal 0.9691287676635248 0.24655512910296054 0
    outer loop
      vertex -1.6800074204802513 -1.515402302145958 2
      vertex -1.6800074204802513 -1.515402302145958 1.2
      vertex -1.7144917994737625 -1.3798553198575974 1.2
    endloop
  endfacet
  facet normal 0.9463194733538574 0.32323281756541694 0
    outer loop
      vertex -1.7144917994737625 -1.3798553198575974 2
      vertex -1.7144917994737625 -1.3798553198575974 1.2
      vertex -1.759440690279007 -1.2482597380876541 1.2
    endloop
  endfacet
  facet normal 0.9168341577160648 0.39926823971494907 0
    outer loop
      vertex -1.759440690279007 -1.2482597380876541 2
      vertex -1.759440690279007 -1.2482597380876541 1.2
      vertex -1.8148254454135895 -1.1210804879665375 1.2
    endloop
  endfacet
  facet normal -1 0 0
    outer loop
      vertex -1.1780299991369247 -0.31074000149965286 2
      vertex -1.1780299991369247 -0.31074000149965286 1.2
      vertex -1.1780299991369247 -3.3995717018842697 1.2
    endloop
  endfacet
  facet normal 0.8810158034727933 0.47308683561391623 0
    outer loop
      vertex -1.8148254454135895 -1.1210804879665375 2
      vertex -1.8148254454135895 -1.1210804879665375 1.2
      vertex -1.8804578557610512 -0.9988551661372185 1.2
    endloop
  endfacet
  facet normal 0.9997999573780695 -0.020001130638298604 0
    outer loop
      vertex -4.404729999601841 -2.8207006081938744 2
      vertex -4.400814205408096 -2.624961130321026 1.2
      vertex -4.400814205408096 -2.624961130321026 2
    endloop
  endfacet
  facet normal 0.9977702723111068 -0.06674191855363411 0
    outer loop
      vertex -4.400814205408096 -2.624961130321026 2
      vertex -4.389594979584217 -2.4572373032569885 1.2
      vertex -4.389594979584217 -2.4572373032569885 2
    endloop
  endfacet
  facet normal 0.9921663258298081 -0.12492390439535153 0
    outer loop
      vertex -4.389594979584217 -2.4572373032569885 2
      vertex -4.3717552945017815 -2.315551571547985 1.2
      vertex -4.3717552945017815 -2.315551571547985 2
    endloop
  endfacet
  facet normal 0.9801118692730879 -0.19844577019935028 0
    outer loop
      vertex -4.3717552945017815 -2.315551571547985 2
      vertex -4.348667301237583 -2.2015213444828987 1.2
      vertex -4.348667301237583 -2.2015213444828987 2
    endloop
  endfacet
  facet normal 0.9562955417030732 -0.2924018415106612 0
    outer loop
      vertex -4.348667301237583 -2.2015213444828987 2
      vertex -4.322204798460007 -2.114976152777672 1.2
      vertex -4.322204798460007 -2.114976152777672 2
    endloop
  endfacet
  facet normal 0.9162150044329931 -0.40068699211710196 0
    outer loop
      vertex -4.322204798460007 -2.114976152777672 2
      vertex -4.292531341314316 -2.047124519944191 1.2
      vertex -4.292531341314316 -2.047124519944191 2
    endloop
  endfacet
  facet normal 0.8610060662733208 -0.508594685226401 0
    outer loop
      vertex -4.292531341314316 -2.047124519944191 2
      vertex -4.259219340980053 -1.990730233490467 1.2
      vertex -4.259219340980053 -1.990730233490467 2
    endloop
  endfacet
  facet normal 0.786455649401026 -0.6176467530273356 0
    outer loop
      vertex -4.259219340980053 -1.990730233490467 2
      vertex -4.223126590251923 -1.944772981107235 1.2
      vertex -4.223126590251923 -1.944772981107235 2
    endloop
  endfacet
  facet normal 0.6929139468464947 -0.7210202925477294 0
    outer loop
      vertex -4.223126590251923 -1.944772981107235 2
      vertex -4.183570310473442 -1.9067586585879326 1.2
      vertex -4.183570310473442 -1.9067586585879326 2
    endloop
  endfacet
  facet normal 0.5840582657325348 -0.8117117359195342 0
    outer loop
      vertex -4.183570310473442 -1.9067586585879326 2
      vertex -4.1371395364403725 -1.873349905014038 1.2
      vertex -4.1371395364403725 -1.873349905014038 2
    endloop
  endfacet
  facet normal 0.4762646052476293 -0.8793020105676548 0
    outer loop
      vertex -4.1371395364403725 -1.873349905014038 2
      vertex -4.082645006477833 -1.8438335210084915 1.2
      vertex -4.082645006477833 -1.8438335210084915 2
    endloop
  endfacet
  facet normal 0.37142237372613657 -0.928464011308808 0
    outer loop
      vertex -4.082645006477833 -1.8438335210084915 2
      vertex -4.023344665765762 -1.8201110363006592 1.2
      vertex -4.023344665765762 -1.8201110363006592 2
    endloop
  endfacet
  facet normal 0.2624913014292108 -0.9649343587384581 0
    outer loop
      vertex -4.023344665765762 -1.8201110363006592 2
      vertex -3.9598309472203255 -1.8028333857655525 1.2
      vertex -3.9598309472203255 -1.8028333857655525 2
    endloop
  endfacet
  facet normal 0.1538890170222271 -0.9880881390037696 0
    outer loop
      vertex -3.9598309472203255 -1.8028333857655525 2
      vertex -3.8906118869781494 -1.7920529171824455 1.2
      vertex -3.8906118869781494 -1.7920529171824455 2
    endloop
  endfacet
  facet normal 0.04958050957113135 -0.998770130245527 0
    outer loop
      vertex -3.8906118869781494 -1.7920529171824455 2
      vertex -3.81401140242815 -1.7882503494620323 1.2
      vertex -3.81401140242815 -1.7882503494620323 2
    endloop
  endfacet
  facet normal -0.04491336735509019 -0.9989908855604374 0
    outer loop
      vertex -3.81401140242815 -1.7882503494620323 2
      vertex -3.7519481107592583 -1.7910406365990639 1.2
      vertex -3.7519481107592583 -1.7910406365990639 2
    endloop
  endfacet
  facet normal -0.1434588719274191 -0.9896562797584383 0
    outer loop
      vertex -3.7519481107592583 -1.7910406365990639 2
      vertex -3.6991799399256706 -1.7986898198723793 1.2
      vertex -3.6991799399256706 -1.7986898198723793 2
    endloop
  endfacet
  facet normal 0 0 1
    outer loop
      vertex -6.248029999434948 -5.331760004162788 2
      vertex -4.292531341314316 -2.047124519944191 2
      vertex -6.248029999434948 1.3330200016498566 2
    endloop
  endfacet
  facet normal 0 0 1
    outer loop
      vertex -4.259219340980053 -1.990730233490467 2
      vertex -4.223126590251923 -1.944772981107235 2
      vertex -4.404729999601841 -0.4685850664973259 2
    endloop
  endfacet
  facet normal 0 0 1
    outer loop
      vertex -4.223126590251923 -1.944772981107235 2
      vertex -4.183570310473442 -1.9067586585879326 2
      vertex -4.404729999601841 -0.4685850664973259 2
    endloop
  endfacet
  facet normal 0 0 1
    outer loop
      vertex -4.183570310473442 -1.9067586585879326 2
      vertex -4.1371395364403725 -1.873349905014038 2
      vertex -4.404729999601841 -0.4685850664973259 2
    endloop
  endfacet
  facet normal 0 0 1
    outer loop
      vertex -4.1371395364403725 -1.873349905014038 2
      vertex -4.082645006477833 -1.8438335210084915 2
      vertex -4.404729999601841 -0.4685850664973259 2
    endloop
  endfacet
  facet normal 0 0 1
    outer loop
      vertex -4.082645006477833 -1.8438335210084915 2
      vertex -4.023344665765762 -1.8201110363006592 2
      vertex -4.404729999601841 -0.4685850664973259 2
    endloop
  endfacet
  facet normal 0 0 1
    outer loop
      vertex -4.023344665765762 -1.8201110363006592 2
      vertex -3.9598309472203255 -1.8028333857655525 2
      vertex -4.404729999601841 -0.4685850664973259 2
    endloop
  endfacet
  facet normal 0 0 1
    outer loop
      vertex -3.9598309472203255 -1.8028333857655525 2
      vertex -3.8906118869781494 -1.7920529171824455 2
      vertex -4.404729999601841 -0.4685850664973259 2
    endloop
  endfacet
  facet normal 0 0 1
    outer loop
      vertex -3.8906118869781494 -1.7920529171824455 2
      vertex -3.81401140242815 -1.7882503494620323 2
      vertex -4.137562304735184 -0.33788030594587326 2
    endloop
  endfacet
  facet normal 0 0 1
    outer loop
      vertex -3.81401140242815 -1.7882503494620323 2
      vertex -3.7519481107592583 -1.7910406365990639 2
      vertex -3.7934651523828506 -0.24306268244981766 2
    endloop
  endfacet
  facet normal 0 0 1
    outer loop
      vertex -3.7519481107592583 -1.7910406365990639 2
      vertex -3.6991799399256706 -1.7986898198723793 2
      vertex -3.7934651523828506 -0.24306268244981766 2
    endloop
  endfacet
  facet normal 0 0 1
    outer loop
      vertex -4.292531341314316 -2.047124519944191 2
      vertex -4.259219340980053 -1.990730233490467 2
      vertex -6.248029999434948 1.3330200016498566 2
    endloop
  endfacet
  facet normal 0 0 1
    outer loop
      vertex -3.8906118869781494 -1.7920529171824455 2
      vertex -4.137562304735184 -0.33788030594587326 2
      vertex -4.404729999601841 -0.4685850664973259 2
    endloop
  endfacet
  facet normal 0 0 1
    outer loop
      vertex -3.81401140242815 -1.7882503494620323 2
      vertex -3.7934651523828506 -0.24306268244981766 2
      vertex -4.137562304735184 -0.33788030594587326 2
    endloop
  endfacet
  facet normal -0.9999465912745036 -0.010335114827670126 0
    outer loop
      vertex -3.4568900018930435 -2.7009886652231216 2
      vertex -3.459427446126938 -2.455484986305237 2
      vertex -3.4568900018930435 -2.7009886652231216 1.2
    endloop
  endfacet
  facet normal -0.9993232125640629 -0.03678473638128741 0
    outer loop
      vertex -3.459427446126938 -2.455484986305237 2
      vertex -3.4668210223317146 -2.254625253379345 2
      vertex -3.459427446126938 -2.455484986305237 1.2
    endloop
  endfacet
  facet normal -0.9971640245291395 -0.07525894089641114 0
    outer loop
      vertex -3.4668210223317146 -2.254625253379345 2
      vertex -3.478528708219528 -2.0995010510087013 2
      vertex -3.4668210223317146 -2.254625253379345 1.2
    endloop
  endfacet
  facet normal -0.9907105888972545 -0.1359872385441189 0
    outer loop
      vertex -3.478528708219528 -2.0995010510087013 2
      vertex -3.492676518857479 -1.996429719030857 2
      vertex -3.478528708219528 -2.0995010510087013 1.2
    endloop
  endfacet
  facet normal -0.9697351812115 -0.2441591249998638 0
    outer loop
      vertex -3.492676518857479 -1.996429719030857 2
      vertex -3.504659377038479 -1.9488369897007942 2
      vertex -3.492676518857479 -1.996429719030857 1.2
    endloop
  endfacet
  facet normal -0.9194876807793877 -0.3931188177827954 0
    outer loop
      vertex -3.504659377038479 -1.9488369897007942 2
      vertex -3.5148548260331154 -1.9249902814626694 2
      vertex -3.504659377038479 -1.9488369897007942 1.2
    endloop
  endfacet
  facet normal -0.8605567166378364 -0.509354628377427 0
    outer loop
      vertex -3.5148548260331154 -1.9249902814626694 2
      vertex -3.52922710031271 -1.9007082656025887 2
      vertex -3.5148548260331154 -1.9249902814626694 1.2
    endloop
  endfacet
  facet normal -0.7845803940636304 -0.6200271004165532 0
    outer loop
      vertex -3.52922710031271 -1.9007082656025887 2
      vertex -3.5460991263389587 -1.8793584555387497 2
      vertex -3.52922710031271 -1.9007082656025887 1.2
    endloop
  endfacet
  facet normal -0.6950297180238526 -0.7189810088338106 0
    outer loop
      vertex -3.5460991263389587 -1.8793584555387497 2
      vertex -3.567076623439789 -1.8590797781944275 2
      vertex -3.5460991263389587 -1.8793584555387497 1.2
    endloop
  endfacet
  facet normal -0.5973916483407529 -0.8019496358829014 0
    outer loop
      vertex -3.592824511229992 -1.839899554848671 2
      vertex -3.567076623439789 -1.8590797781944275 1.2
      vertex -3.567076623439789 -1.8590797781944275 2
    endloop
  endfacet
  facet normal -0.25264516183052227 -0.9675590019237221 0
    outer loop
      vertex -3.6991799399256706 -1.7986898198723793 2
      vertex -3.6563581377267838 -1.8098712787032127 1.2
      vertex -3.6563581377267838 -1.8098712787032127 2
    endloop
  endfacet
  facet normal -0.4889946269590935 -0.8722867961886945 0
    outer loop
      vertex -3.592824511229992 -1.839899554848671 2
      vertex -3.6220543384552 -1.8235136270523071 2
      vertex -3.592824511229992 -1.839899554848671 1.2
    endloop
  endfacet
  facet normal -0.3695411661910469 -0.9292143598170236 0
    outer loop
      vertex -3.6220543384552 -1.8235136270523071 2
      vertex -3.6563581377267838 -1.8098712787032127 2
      vertex -3.6220543384552 -1.8235136270523071 1.2
    endloop
  endfacet
  facet normal 0.9999427784671129 0.010697653549738501 0
    outer loop
      vertex -1.6135900020599365 -2.4450678527355194 2
      vertex -1.6160167381167412 -2.218233324587345 1.2
      vertex -1.6160167381167412 -2.218233324587345 2
    endloop
  endfacet
  facet normal 0.9993493864505015 0.0360666577465409 0
    outer loop
      vertex -1.6160167381167412 -2.218233324587345 2
      vertex -1.6234597861766815 -2.0119983702898026 1.2
      vertex -1.6234597861766815 -2.0119983702898026 2
    endloop
  endfacet
  facet normal -1 0 0
    outer loop
      vertex -1.1780299991369247 -3.3995717018842697 2
      vertex -1.1780299991369247 -0.31074000149965286 2
      vertex -1.1780299991369247 -3.3995717018842697 1.2
    endloop
  endfacet
  facet normal 0.997648279489249 0.06854130456988256 0
    outer loop
      vertex -1.6234597861766815 -2.0119983702898026 2
      vertex -1.6361625418066978 -1.827104277908802 1.2
      vertex -1.6361625418066978 -1.827104277908802 2
    endloop
  endfacet
  facet normal 0 0 1
    outer loop
      vertex -3.4568900018930435 -2.7009886652231216 2
      vertex -1.6135900020599365 -2.4450678527355194 2
      vertex -3.459427446126938 -2.455484986305237 2
    endloop
  endfacet
  facet normal 0 0 1
    outer loop
      vertex -3.459427446126938 -2.455484986305237 2
      vertex -1.6160167381167412 -2.218233324587345 2
      vertex -3.4668210223317146 -2.254625253379345 2
    endloop
  endfacet
  facet normal 0 0 1
    outer loop
      vertex -3.4668210223317146 -2.254625253379345 2
      vertex -1.6234597861766815 -2.0119983702898026 2
      vertex -3.478528708219528 -2.0995010510087013 2
    endloop
  endfacet
  facet normal 0 0 1
    outer loop
      vertex -3.478528708219528 -2.0995010510087013 2
      vertex -1.6361625418066978 -1.827104277908802 2
      vertex -3.492676518857479 -1.996429719030857 2
    endloop
  endfacet
  facet normal 0 0 1
    outer loop
      vertex -3.492676518857479 -1.996429719030857 2
      vertex -1.6800074204802513 -1.515402302145958 2
      vertex -3.504659377038479 -1.9488369897007942 2
    endloop
  endfacet
  facet normal 0 0 1
    outer loop
      vertex -3.459427446126938 -2.455484986305237 2
      vertex -1.6135900020599365 -2.4450678527355194 2
      vertex -1.6160167381167412 -2.218233324587345 2
    endloop
  endfacet
  facet normal 0 0 1
    outer loop
      vertex -3.4668210223317146 -2.254625253379345 2
      vertex -1.6160167381167412 -2.218233324587345 2
      vertex -1.6234597861766815 -2.0119983702898026 2
    endloop
  endfacet
  facet normal 0 0 1
    outer loop
      vertex -3.478528708219528 -2.0995010510087013 2
      vertex -1.6234597861766815 -2.0119983702898026 2
      vertex -1.6361625418066978 -1.827104277908802 2
    endloop
  endfacet
  facet normal 0 0 1
    outer loop
      vertex -3.492676518857479 -1.996429719030857 2
      vertex -1.6361625418066978 -1.827104277908802 2
      vertex -1.654676578938961 -1.661987341940403 2
    endloop
  endfacet
  facet normal 0 0 1
    outer loop
      vertex -1.1780299991369247 -3.3995717018842697 2
      vertex 0.6652700006961823 -2.644887089729309 2
      vertex 0.09132833033800125 -0.31074000149965286 2
    endloop
  endfacet
  facet normal 0.8810158034727933 0.47308683561391623 0
    outer loop
      vertex -1.8148254454135895 -1.1210804879665375 2
      vertex -1.8804578557610512 -0.9988551661372185 1.2
      vertex -1.8804578557610512 -0.9988551661372185 2
    endloop
  endfacet
  facet normal 0.8395916393930856 0.5432180768910688 0
    outer loop
      vertex -1.8804578557610512 -0.9988551661372185 2
      vertex -1.958140842616558 -0.8787892311811447 1.2
      vertex -1.958140842616558 -0.8787892311811447 2
    endloop
  endfacet
  facet normal 0.7798955627159587 0.625909667009512 0
    outer loop
      vertex -1.958140842616558 -0.8787892311811447 2
      vertex -2.052963249385357 -0.7606386765837669 1.2
      vertex -2.052963249385357 -0.7606386765837669 2
    endloop
  endfacet
  facet normal 0.6997740331378847 0.7143642646059073 0
    outer loop
      vertex -2.052963249385357 -0.7606386765837669 2
      vertex -2.1648524925112724 -0.6510346680879593 1.2
      vertex -2.1648524925112724 -0.6510346680879593 2
    endloop
  endfacet
  facet normal 0.6165027409166909 0.787352761119314 0
    outer loop
      vertex -2.289631575345993 -0.553331770002842 2
      vertex -2.1648524925112724 -0.6510346680879593 2
      vertex -2.289631575345993 -0.553331770002842 1.2
    endloop
  endfacet
  facet normal 0.9937724484253849 0.11142854549268602 0
    outer loop
      vertex -1.6361625418066978 -1.827104277908802 2
      vertex -1.654676578938961 -1.661987341940403 1.2
      vertex -1.654676578938961 -1.661987341940403 2
    endloop
  endfacet
  facet normal 0.9853952578616992 0.17028266436626843 0
    outer loop
      vertex -1.654676578938961 -1.661987341940403 2
      vertex -1.6800074204802513 -1.515402302145958 1.2
      vertex -1.6800074204802513 -1.515402302145958 2
    endloop
  endfacet
  facet normal 0.9691287676635248 0.24655512910296054 0
    outer loop
      vertex -1.6800074204802513 -1.515402302145958 2
      vertex -1.7144917994737625 -1.3798553198575974 1.2
      vertex -1.7144917994737625 -1.3798553198575974 2
    endloop
  endfacet
  facet normal 0.9463194733538574 0.32323281756541694 0
    outer loop
      vertex -1.7144917994737625 -1.3798553198575974 2
      vertex -1.759440690279007 -1.2482597380876541 1.2
      vertex -1.759440690279007 -1.2482597380876541 2
    endloop
  endfacet
  facet normal 0.9168341577160648 0.39926823971494907 0
    outer loop
      vertex -1.759440690279007 -1.2482597380876541 2
      vertex -1.8148254454135895 -1.1210804879665375 1.2
      vertex -1.8148254454135895 -1.1210804879665375 2
    endloop
  endfacet
  facet normal 0 0 1
    outer loop
      vertex -3.504659377038479 -1.9488369897007942 2
      vertex -1.8148254454135895 -1.1210804879665375 2
      vertex -3.5148548260331154 -1.9249902814626694 2
    endloop
  endfacet
  facet normal 0 0 1
    outer loop
      vertex -3.52922710031271 -1.9007082656025887 2
      vertex -2.052963249385357 -0.7606386765837669 2
      vertex -3.5460991263389587 -1.8793584555387497 2
    endloop
  endfacet
  facet normal 0 0 1
    outer loop
      vertex -3.5148548260331154 -1.9249902814626694 2
      vertex -1.958140842616558 -0.8787892311811447 2
      vertex -3.52922710031271 -1.9007082656025887 2
    endloop
  endfacet
  facet normal 0 0 1
    outer loop
      vertex -3.592824511229992 -1.839899554848671 2
      vertex -3.567076623439789 -1.8590797781944275 2
      vertex -3.0731049329042435 -0.2407274916768074 2
    endloop
  endfacet
  facet normal 0 0 1
    outer loop
      vertex -3.5460991263389587 -1.8793584555387497 2
      vertex -2.7339408546686172 -0.3263978883624077 2
      vertex -3.567076623439789 -1.8590797781944275 2
    endloop
  endfacet
  facet normal 0 0 1
    outer loop
      vertex -3.6991799399256706 -1.7986898198723793 2
      vertex -3.6563581377267838 -1.8098712787032127 2
      vertex -3.4408935606479645 -0.21254751831293106 2
    endloop
  endfacet
  facet normal 0 0 1
    outer loop
      vertex -3.6220543384552 -1.8235136270523071 2
      vertex -3.4408935606479645 -0.21254751831293106 2
      vertex -3.6563581377267838 -1.8098712787032127 2
    endloop
  endfacet
  facet normal 0 0 1
    outer loop
      vertex -3.592824511229992 -1.839899554848671 2
      vertex -3.250393606722355 -0.21975798159837723 2
      vertex -3.6220543384552 -1.8235136270523071 2
    endloop
  endfacet
  facet normal 0 0 1
    outer loop
      vertex -3.504659377038479 -1.9488369897007942 2
      vertex -1.7144917994737625 -1.3798553198575974 2
      vertex -1.759440690279007 -1.2482597380876541 2
    endloop
  endfacet
  facet normal 0 0 1
    outer loop
      vertex -3.492676518857479 -1.996429719030857 2
      vertex -1.654676578938961 -1.661987341940403 2
      vertex -1.6800074204802513 -1.515402302145958 2
    endloop
  endfacet
  facet normal 0 0 1
    outer loop
      vertex -3.504659377038479 -1.9488369897007942 2
      vertex -1.6800074204802513 -1.515402302145958 2
      vertex -1.7144917994737625 -1.3798553198575974 2
    endloop
  endfacet
  facet normal 0 0 1
    outer loop
      vertex -3.504659377038479 -1.9488369897007942 2
      vertex -1.759440690279007 -1.2482597380876541 2
      vertex -1.8148254454135895 -1.1210804879665375 2
    endloop
  endfacet
  facet normal 0 0 1
    outer loop
      vertex -3.5148548260331154 -1.9249902814626694 2
      vertex -1.8148254454135895 -1.1210804879665375 2
      vertex -1.8804578557610512 -0.9988551661372185 2
    endloop
  endfacet
  facet normal 0 0 1
    outer loop
      vertex -3.5148548260331154 -1.9249902814626694 2
      vertex -1.8804578557610512 -0.9988551661372185 2
      vertex -1.958140842616558 -0.8787892311811447 2
    endloop
  endfacet
  facet normal 0 0 1
    outer loop
      vertex -3.52922710031271 -1.9007082656025887 2
      vertex -1.958140842616558 -0.8787892311811447 2
      vertex -2.052963249385357 -0.7606386765837669 2
    endloop
  endfacet
  facet normal 0 0 1
    outer loop
      vertex -3.5460991263389587 -1.8793584555387497 2
      vertex -2.5745238065719604 -0.39103978127241135 2
      vertex -2.7339408546686172 -0.3263978883624077 2
    endloop
  endfacet
  facet normal 0 0 1
    outer loop
      vertex -3.5460991263389587 -1.8793584555387497 2
      vertex -2.4260297417640686 -0.4671264514327049 2
      vertex -2.5745238065719604 -0.39103978127241135 2
    endloop
  endfacet
  facet normal 0 0 1
    outer loop
      vertex -3.6991799399256706 -1.7986898198723793 2
      vertex -3.4408935606479645 -0.21254751831293106 2
      vertex -3.7934651523828506 -0.24306268244981766 2
    endloop
  endfacet
  facet normal 0 0 1
    outer loop
      vertex -3.6220543384552 -1.8235136270523071 2
      vertex -3.250393606722355 -0.21975798159837723 2
      vertex -3.4408935606479645 -0.21254751831293106 2
    endloop
  endfacet
  facet normal 0 0 1
    outer loop
      vertex -3.592824511229992 -1.839899554848671 2
      vertex -3.0731049329042435 -0.2407274916768074 2
      vertex -3.250393606722355 -0.21975798159837723 2
    endloop
  endfacet
  facet normal 0 0 1
    outer loop
      vertex -3.567076623439789 -1.8590797781944275 2
      vertex -2.9007375240325928 -0.2761828526854515 2
      vertex -3.0731049329042435 -0.2407274916768074 2
    endloop
  endfacet
  facet normal 0 0 1
    outer loop
      vertex -3.567076623439789 -1.8590797781944275 2
      vertex -2.7339408546686172 -0.3263978883624077 2
      vertex -2.9007375240325928 -0.2761828526854515 2
    endloop
  endfacet
  facet normal 0 0 1
    outer loop
      vertex -3.5460991263389587 -1.8793584555387497 2
      vertex -2.052963249385357 -0.7606386765837669 2
      vertex -2.1648524925112724 -0.6510346680879593 2
    endloop
  endfacet
  facet normal 0 0 1
    outer loop
      vertex -3.5460991263389587 -1.8793584555387497 2
      vertex -2.1648524925112724 -0.6510346680879593 2
      vertex -2.289631575345993 -0.553331770002842 2
    endloop
  endfacet
  facet normal 0 0 1
    outer loop
      vertex -3.5460991263389587 -1.8793584555387497 2
      vertex -2.289631575345993 -0.553331770002842 2
      vertex -2.4260297417640686 -0.4671264514327049 2
    endloop
  endfacet
  facet normal 0 0 1
    outer loop
      vertex -1.1780299991369247 -3.3995717018842697 2
      vertex 0.09132833033800125 -0.31074000149965286 2
      vertex -1.1780299991369247 -0.31074000149965286 2
    endloop
  endfacet
  facet normal 0 -1 0
    outer loop
      vertex -11.75338999927044 -0.3760000020265579 2
      vertex -11.75338999927044 -0.3760000020265579 1.2
      vertex -9.983510002493858 -0.3760000020265579 1.2
    endloop
  endfacet
  facet normal -1 0 0
    outer loop
      vertex -11.75338999927044 1.3330200016498566 2
      vertex -11.75338999927044 1.3330200016498566 1.2
      vertex -11.75338999927044 -0.3760000020265579 1.2
    endloop
  endfacet
  facet normal 0 -1 0
    outer loop
      vertex -8.079130001366138 -0.3760000020265579 2
      vertex -8.079130001366138 -0.3760000020265579 1.2
      vertex -6.313330002129078 -0.3760000020265579 1.2
    endloop
  endfacet
  facet normal 0 1 0
    outer loop
      vertex -6.313330002129078 1.3330200016498566 2
      vertex -6.313330002129078 1.3330200016498566 1.2
      vertex -11.75338999927044 1.3330200016498566 1.2
    endloop
  endfacet
  facet normal -1 0 0
    outer loop
      vertex -11.75338999927044 -0.3760000020265579 2
      vertex -11.75338999927044 1.3330200016498566 2
      vertex -11.75338999927044 -0.3760000020265579 1.2
    endloop
  endfacet
  facet normal 0 0 1
    outer loop
      vertex -11.75338999927044 -0.3760000020265579 2
      vertex -9.983510002493858 -0.3760000020265579 2
      vertex -11.75338999927044 1.3330200016498566 2
    endloop
  endfacet
  facet normal 0 -1 0
    outer loop
      vertex -11.75338999927044 -0.3760000020265579 2
      vertex -9.983510002493858 -0.3760000020265579 1.2
      vertex -9.983510002493858 -0.3760000020265579 2
    endloop
  endfacet
  facet normal 0 0 1
    outer loop
      vertex -9.983510002493858 -0.3760000020265579 2
      vertex -8.079130001366138 -0.3760000020265579 2
      vertex -6.313330002129078 1.3330200016498566 2
    endloop
  endfacet
  facet normal 0 1 0
    outer loop
      vertex -11.75338999927044 1.3330200016498566 2
      vertex -6.313330002129078 1.3330200016498566 2
      vertex -11.75338999927044 1.3330200016498566 1.2
    endloop
  endfacet
  facet normal 0 0 1
    outer loop
      vertex -9.983510002493858 -0.3760000020265579 2
      vertex -6.313330002129078 1.3330200016498566 2
      vertex -11.75338999927044 1.3330200016498566 2
    endloop
  endfacet
  facet normal 1 0 0
    outer loop
      vertex -6.313330002129078 -0.3760000020265579 2
      vertex -6.313330002129078 -0.3760000020265579 1.2
      vertex -6.313330002129078 1.3330200016498566 1.2
    endloop
  endfacet
  facet normal -0.439452828327889 0.8982656687609846 0
    outer loop
      vertex -4.137562304735184 -0.33788030594587326 2
      vertex -4.137562304735184 -0.33788030594587326 1.2
      vertex -4.404729999601841 -0.4685850664973259 1.2
    endloop
  endfacet
  facet normal -0.26565371159463 0.9640685170235554 0
    outer loop
      vertex -3.7934651523828506 -0.24306268244981766 2
      vertex -3.7934651523828506 -0.24306268244981766 1.2
      vertex -4.137562304735184 -0.33788030594587326 1.2
    endloop
  endfacet
  facet normal 1 0 0
    outer loop
      vertex -4.404729999601841 -0.4685850664973259 2
      vertex -4.404729999601841 -0.4685850664973259 1.2
      vertex -4.404729999601841 1.3330200016498566 1.2
    endloop
  endfacet
  facet normal 0 1 0
    outer loop
      vertex -4.404729999601841 1.3330200016498566 2
      vertex -4.404729999601841 1.3330200016498566 1.2
      vertex -6.248029999434948 1.3330200016498566 1.2
    endloop
  endfacet
  facet normal 0.20147821449328088 0.979492995934427 0
    outer loop
      vertex -2.9007375240325928 -0.2761828526854515 2
      vertex -2.9007375240325928 -0.2761828526854515 1.2
      vertex -3.0731049329042435 -0.2407274916768074 1.2
    endloop
  endfacet
  facet normal 0.28827489078577756 0.9575476945523121 0
    outer loop
      vertex -2.7339408546686172 -0.3263978883624077 2
      vertex -2.7339408546686172 -0.3263978883624077 1.2
      vertex -2.9007375240325928 -0.2761828526854515 1.2
    endloop
  endfacet
  facet normal -0.08622790161857245 0.9962754383113426 0
    outer loop
      vertex -3.4408935606479645 -0.21254751831293106 2
      vertex -3.4408935606479645 -0.21254751831293106 1.2
      vertex -3.7934651523828506 -0.24306268244981766 1.2
    endloop
  endfacet
  facet normal 0.03782312639299589 0.9992844495487057 0
    outer loop
      vertex -3.250393606722355 -0.21975798159837723 2
      vertex -3.250393606722355 -0.21975798159837723 1.2
      vertex -3.4408935606479645 -0.21254751831293106 1.2
    endloop
  endfacet
  facet normal 0.11746013027292787 0.993077599080891 0
    outer loop
      vertex -3.0731049329042435 -0.2407274916768074 2
      vertex -3.0731049329042435 -0.2407274916768074 1.2
      vertex -3.250393606722355 -0.21975798159837723 1.2
    endloop
  endfacet
  facet normal 0.5342548310803221 0.845323473865086 0
    outer loop
      vertex -2.289631575345993 -0.553331770002842 2
      vertex -2.289631575345993 -0.553331770002842 1.2
      vertex -2.4260297417640686 -0.4671264514327049 1.2
    endloop
  endfacet
  facet normal 0.456012289573728 0.8899734781204025 0
    outer loop
      vertex -2.4260297417640686 -0.4671264514327049 2
      vertex -2.4260297417640686 -0.4671264514327049 1.2
      vertex -2.5745238065719604 -0.39103978127241135 1.2
    endloop
  endfacet
  facet normal 0.3757718081598534 0.9267122251229205 0
    outer loop
      vertex -2.5745238065719604 -0.39103978127241135 2
      vertex -2.5745238065719604 -0.39103978127241135 1.2
      vertex -2.7339408546686172 -0.3263978883624077 1.2
    endloop
  endfacet
  facet normal 0 1 0
    outer loop
      vertex 0.09132833033800125 -0.31074000149965286 2
      vertex 0.09132833033800125 -0.31074000149965286 1.2
      vertex -1.1780299991369247 -0.31074000149965286 1.2
    endloop
  endfacet
  facet normal 0 -1 0
    outer loop
      vertex -8.079130001366138 -0.3760000020265579 2
      vertex -6.313330002129078 -0.3760000020265579 1.2
      vertex -6.313330002129078 -0.3760000020265579 2
    endloop
  endfacet
  facet normal -0.439452828327889 0.8982656687609846 0
    outer loop
      vertex -4.404729999601841 -0.4685850664973259 2
      vertex -4.137562304735184 -0.33788030594587326 2
      vertex -4.404729999601841 -0.4685850664973259 1.2
    endloop
  endfacet
  facet normal -0.26565371159463 0.9640685170235554 0
    outer loop
      vertex -4.137562304735184 -0.33788030594587326 2
      vertex -3.7934651523828506 -0.24306268244981766 2
      vertex -4.137562304735184 -0.33788030594587326 1.2
    endloop
  endfacet
  facet normal 0 0 1
    outer loop
      vertex -8.079130001366138 -0.3760000020265579 2
      vertex -6.313330002129078 -0.3760000020265579 2
      vertex -6.313330002129078 1.3330200016498566 2
    endloop
  endfacet
  facet normal 0 0 1
    outer loop
      vertex -6.248029999434948 1.3330200016498566 2
      vertex -4.259219340980053 -1.990730233490467 2
      vertex -4.404729999601841 -0.4685850664973259 2
    endloop
  endfacet
  facet normal 1 0 0
    outer loop
      vertex -6.313330002129078 -0.3760000020265579 2
      vertex -6.313330002129078 1.3330200016498566 1.2
      vertex -6.313330002129078 1.3330200016498566 2
    endloop
  endfacet
  facet normal 0 1 0
    outer loop
      vertex -6.248029999434948 1.3330200016498566 2
      vertex -4.404729999601841 1.3330200016498566 2
      vertex -6.248029999434948 1.3330200016498566 1.2
    endloop
  endfacet
  facet normal 1 0 0
    outer loop
      vertex -4.404729999601841 -0.4685850664973259 2
      vertex -4.404729999601841 1.3330200016498566 1.2
      vertex -4.404729999601841 1.3330200016498566 2
    endloop
  endfacet
  facet normal 0 0 1
    outer loop
      vertex -6.248029999434948 1.3330200016498566 2
      vertex -4.404729999601841 -0.4685850664973259 2
      vertex -4.404729999601841 1.3330200016498566 2
    endloop
  endfacet
  facet normal 0.20147821449328088 0.979492995934427 0
    outer loop
      vertex -3.0731049329042435 -0.2407274916768074 2
      vertex -2.9007375240325928 -0.2761828526854515 2
      vertex -3.0731049329042435 -0.2407274916768074 1.2
    endloop
  endfacet
  facet normal 0.28827489078577756 0.9575476945523121 0
    outer loop
      vertex -2.7339408546686172 -0.3263978883624077 2
      vertex -2.9007375240325928 -0.2761828526854515 1.2
      vertex -2.9007375240325928 -0.2761828526854515 2
    endloop
  endfacet
  facet normal -0.08622790161857245 0.9962754383113426 0
    outer loop
      vertex -3.7934651523828506 -0.24306268244981766 2
      vertex -3.4408935606479645 -0.21254751831293106 2
      vertex -3.7934651523828506 -0.24306268244981766 1.2
    endloop
  endfacet
  facet normal 0.03782312639299589 0.9992844495487057 0
    outer loop
      vertex -3.4408935606479645 -0.21254751831293106 2
      vertex -3.250393606722355 -0.21975798159837723 2
      vertex -3.4408935606479645 -0.21254751831293106 1.2
    endloop
  endfacet
  facet normal 0.11746013027292787 0.993077599080891 0
    outer loop
      vertex -3.250393606722355 -0.21975798159837723 2
      vertex -3.0731049329042435 -0.2407274916768074 2
      vertex -3.250393606722355 -0.21975798159837723 1.2
    endloop
  endfacet
  facet normal 0.5342548310803221 0.845323473865086 0
    outer loop
      vertex -2.289631575345993 -0.553331770002842 2
      vertex -2.4260297417640686 -0.4671264514327049 1.2
      vertex -2.4260297417640686 -0.4671264514327049 2
    endloop
  endfacet
  facet normal 0.456012289573728 0.8899734781204025 0
    outer loop
      vertex -2.5745238065719604 -0.39103978127241135 2
      vertex -2.4260297417640686 -0.4671264514327049 2
      vertex -2.5745238065719604 -0.39103978127241135 1.2
    endloop
  endfacet
  facet normal 0.3757718081598534 0.9267122251229205 0
    outer loop
      vertex -2.7339408546686172 -0.3263978883624077 2
      vertex -2.5745238065719604 -0.39103978127241135 2
      vertex -2.7339408546686172 -0.3263978883624077 1.2
    endloop
  endfacet
  facet normal 0 1 0
    outer loop
      vertex -1.1780299991369247 -0.31074000149965286 2
      vertex 0.09132833033800125 -0.31074000149965286 2
      vertex -1.1780299991369247 -0.31074000149965286 1.2
    endloop
  endfacet
  facet normal 0 0 -1
    outer loop
      vertex 0.6086882054805756 -5.43064258992672 1.2
      vertex -1.0475150644821194 -4.35 1.2
      vertex 1.0234261751174927 -5.3956349194049835 1.2
    endloop
  endfacet
  facet normal 0 0 -1
    outer loop
      vertex 1.0234261751174927 -5.3956349194049835 1.2
      vertex -1.0475150644821194 -4.35 1.2
      vertex 1.409903459250927 -5.2876014187932014 1.2
    endloop
  endfacet
  facet normal 0 0 -1
    outer loop
      vertex 1.409903459250927 -5.2876014187932014 1.2
      vertex -1.0475150644821194 -4.35 1.2
      vertex 1.6903899982571602 -5.141776613891125 1.2
    endloop
  endfacet
  facet normal 0 0 -1
    outer loop
      vertex 1.6903899982571602 -5.141776613891125 1.2
      vertex -1.0475150644821194 -4.35 1.2
      vertex 3.4523300006985664 -5.331760004162788 1.2
    endloop
  endfacet
  facet normal 0 0 -1
    outer loop
      vertex 1.6903899982571602 -5.331760004162788 1.2
      vertex 1.6903899982571602 -5.141776613891125 1.2
      vertex 3.4523300006985664 -5.331760004162788 1.2
    endloop
  endfacet
  facet normal 0 0 -1
    outer loop
      vertex 3.4523300006985664 -5.331760004162788 1.2
      vertex -1.0475150644821194 -4.35 1.2
      vertex 3.4523300006985664 -4.35 1.2
    endloop
  endfacet
  facet normal -0.08128259077074142 -0.9966910957952801 0
    outer loop
      vertex 0.18817759305238724 -5.396348923444748 1.2
      vertex 0.6086882054805756 -5.43064258992672 1.2
      vertex 0.18817759305238724 -5.396348923444748 2
    endloop
  endfacet
  facet normal 0.08411002241661679 -0.9964564737754863 0
    outer loop
      vertex 0.6086882054805756 -5.43064258992672 1.2
      vertex 1.0234261751174927 -5.3956349194049835 1.2
      vertex 0.6086882054805756 -5.43064258992672 2
    endloop
  endfacet
  facet normal 0.2692136387313299 -0.9630804829924844 0
    outer loop
      vertex 1.0234261751174927 -5.3956349194049835 1.2
      vertex 1.409903459250927 -5.2876014187932014 1.2
      vertex 1.0234261751174927 -5.3956349194049835 2
    endloop
  endfacet
  facet normal 0.4612825293822523 -0.8872533054808596 0
    outer loop
      vertex 1.409903459250927 -5.2876014187932014 1.2
      vertex 1.6903899982571602 -5.141776613891125 1.2
      vertex 1.409903459250927 -5.2876014187932014 2
    endloop
  endfacet
  facet normal -1 0 0
    outer loop
      vertex 1.6903899982571602 -5.331760004162788 1.2
      vertex 1.6903899982571602 -5.141776613891125 2
      vertex 1.6903899982571602 -5.141776613891125 1.2
    endloop
  endfacet
  facet normal 0 -1 0
    outer loop
      vertex 1.6903899982571602 -5.331760004162788 1.2
      vertex 3.4523300006985664 -5.331760004162788 1.2
      vertex 1.6903899982571602 -5.331760004162788 2
    endloop
  endfacet
  facet normal 1 0 0
    outer loop
      vertex 3.4523300006985664 -5.331760004162788 1.2
      vertex 3.4523300006985664 -4.35 1.2
      vertex 3.4523300006985664 -5.331760004162788 2
    endloop
  endfacet
  facet normal 1 0 0
    outer loop
      vertex 3.4523300006985664 -5.331760004162788 2
      vertex 3.4523300006985664 -4.35 1.2
      vertex 3.4523300006985664 -3.534861795604229 1.2
    endloop
  endfacet
  facet normal 0.40369955642969685 0.9148916155143548 0
    outer loop
      vertex 0.8756945133209229 -3.835024408996105 2
      vertex 0.8756945133209229 -3.835024408996105 1.2
      vertex 0.8427557125687599 -3.8204900324344635 1.2
    endloop
  endfacet
  facet normal 0.27722113524075115 0.96080614182874 0
    outer loop
      vertex 0.9170123636722565 -3.8469458371400833 2
      vertex 0.9170123636722565 -3.8469458371400833 1.2
      vertex 0.8756945133209229 -3.835024408996105 1.2
    endloop
  endfacet
  facet normal 0.6284045070079307 0.7778867369817535 0
    outer loop
      vertex 0.8116595074534416 -3.8010529205203056 2
      vertex 0.8116595074534416 -3.8010529205203056 1.2
      vertex 0.7786950692534447 -3.7744230777025223 1.2
    endloop
  endfacet
  facet normal 0.7266295017909857 0.687029524203279 0
    outer loop
      vertex 0.7786950692534447 -3.7744230777025223 2
      vertex 0.7786950692534447 -3.7744230777025223 1.2
      vertex 0.7558632791042328 -3.7502752766013145 1.2
    endloop
  endfacet
  facet normal 0.5300378390191065 0.8479739908794112 0
    outer loop
      vertex 0.8427557125687599 -3.8204900324344635 2
      vertex 0.8427557125687599 -3.8204900324344635 1.2
      vertex 0.8116595074534416 -3.8010529205203056 1.2
    endloop
  endfacet
  facet normal 0.8192673569915494 0.5734117175015533 0
    outer loop
      vertex 0.7558632791042328 -3.7502752766013145 2
      vertex 0.7558632791042328 -3.7502752766013145 1.2
      vertex 0.7405826672911644 -3.728442959487438 1.2
    endloop
  endfacet
  facet normal 0.8977425865165665 0.44052042898660765 0
    outer loop
      vertex 0.7405826672911644 -3.728442959487438 2
      vertex 0.7405826672911644 -3.728442959487438 1.2
      vertex 0.7300090044736862 -3.7068947479128838 1.2
    endloop
  endfacet
  facet normal 0.9550641038256784 0.29639932115923234 0
    outer loop
      vertex 0.7300090044736862 -3.7068947479128838 2
      vertex 0.7300090044736862 -3.7068947479128838 1.2
      vertex 0.7208598032593727 -3.6774140000343323 1.2
    endloop
  endfacet
  facet normal 0.9836283786486569 0.18020880310632514 0
    outer loop
      vertex 0.7208598032593727 -3.6774140000343323 2
      vertex 0.7208598032593727 -3.6774140000343323 1.2
      vertex 0.7036546468734741 -3.5835036039352417 1.2
    endloop
  endfacet
  facet normal 0.1576249674164536 0.9874990479220533 0
    outer loop
      vertex 0.9687397256493568 -3.855202578008175 2
      vertex 0.9687397256493568 -3.855202578008175 1.2
      vertex 0.9170123636722565 -3.8469458371400833 1.2
    endloop
  endfacet
  facet normal 0.049298442902660264 0.9987840925482209 0
    outer loop
      vertex 1.0302096903324127 -3.858236640691757 2
      vertex 1.0302096903324127 -3.858236640691757 1.2
      vertex 0.9687397256493568 -3.855202578008175 1.2
    endloop
  endfacet
  facet normal -0.05591021925314224 0.9984358003312309 0
    outer loop
      vertex 1.104681819677353 -3.854066364467144 2
      vertex 1.104681819677353 -3.854066364467144 1.2
      vertex 1.0302096903324127 -3.858236640691757 1.2
    endloop
  endfacet
  facet normal -0.17216239573039 0.9850685811131997 0
    outer loop
      vertex 1.172438956797123 -3.8422243148088455 2
      vertex 1.172438956797123 -3.8422243148088455 1.2
      vertex 1.104681819677353 -3.854066364467144 1.2
    endloop
  endfacet
  facet normal -0.2904492448435201 0.9568903992463447 0
    outer loop
      vertex 1.2360138073563576 -3.8229271546006203 2
      vertex 1.2360138073563576 -3.8229271546006203 1.2
      vertex 1.172438956797123 -3.8422243148088455 1.2
    endloop
  endfacet
  facet normal -0.4054942452126321 0.9140975971412668 0
    outer loop
      vertex 1.297238551080227 -3.7957678213715553 2
      vertex 1.297238551080227 -3.7957678213715553 1.2
      vertex 1.2360138073563576 -3.8229271546006203 1.2
    endloop
  endfacet
  facet normal -0.5123009176756271 0.8588060140385082 0
    outer loop
      vertex 1.357910379767418 -3.759575441479683 2
      vertex 1.357910379767418 -3.759575441479683 1.2
      vertex 1.297238551080227 -3.7957678213715553 1.2
    endloop
  endfacet
  facet normal -0.6058370005168262 0.7955887937903444 0
    outer loop
      vertex 1.4133944883942604 -3.717324562370777 2
      vertex 1.4133944883942604 -3.717324562370777 1.2
      vertex 1.357910379767418 -3.759575441479683 1.2
    endloop
  endfacet
  facet normal -0.6950829852535866 0.7189295122687358 0
    outer loop
      vertex 1.4583293423056602 -3.67388017475605 2
      vertex 1.4583293423056602 -3.67388017475605 1.2
      vertex 1.4133944883942604 -3.717324562370777 1.2
    endloop
  endfacet
  facet normal -0.7805134739792141 0.6251389581020356 0
    outer loop
      vertex 1.4937430769205093 -3.629664570093155 2
      vertex 1.4937430769205093 -3.629664570093155 1.2
      vertex 1.4583293423056602 -3.67388017475605 1.2
    endloop
  endfacet
  facet normal 0.9946458327292124 0.10334247642867721 0
    outer loop
      vertex 0.7036546468734741 -3.5835036039352417 2
      vertex 0.7036546468734741 -3.5835036039352417 1.2
      vertex 0.6876495704054832 -3.4294586926698685 1.2
    endloop
  endfacet
  facet normal 0.9982992943646939 0.05829681698818683 0
    outer loop
      vertex 0.6876495704054832 -3.4294586926698685 2
      vertex 0.6876495704054832 -3.4294586926698685 1.2
      vertex 0.6753912791609764 -3.2195425406098366 1.2
    endloop
  endfacet
  facet normal 0.9995831762339356 0.028869946139143017 0
    outer loop
      vertex 0.6753912791609764 -3.2195425406098366 2
      vertex 0.6753912791609764 -3.2195425406098366 1.2
      vertex 0.6678326204419136 -2.957834117114544 1.2
    endloop
  endfacet
  facet normal -0.8564420172136492 0.5162432286732829 0
    outer loop
      vertex 1.5215666741132736 -3.583505518734455 2
      vertex 1.5215666741132736 -3.583505518734455 1.2
      vertex 1.4937430769205093 -3.629664570093155 1.2
    endloop
  endfacet
  facet normal -0.9178591352517537 0.39690629603837607 0
    outer loop
      vertex 1.5409150049090385 -3.538761854171753 2
      vertex 1.5409150049090385 -3.538761854171753 1.2
      vertex 1.5215666741132736 -3.583505518734455 1.2
    endloop
  endfacet
  facet normal -0.9703705110339864 0.24162175257132845 0
    outer loop
      vertex 1.5600274428725243 -3.462004914879799 2
      vertex 1.5600274428725243 -3.462004914879799 1.2
      vertex 1.5409150049090385 -3.538761854171753 1.2
    endloop
  endfacet
  facet normal -0.9911415873320059 0.13280946450080983 0
    outer loop
      vertex 1.57997328042984 -3.3131514489650726 2
      vertex 1.57997328042984 -3.3131514489650726 1.2
      vertex 1.5600274428725243 -3.462004914879799 1.2
    endloop
  endfacet
  facet normal -0.9973339031472038 0.07297318434304446 0
    outer loop
      vertex 1.5958135202527046 -3.096660852432251 2
      vertex 1.5958135202527046 -3.096660852432251 1.2
      vertex 1.57997328042984 -3.3131514489650726 1.2
    endloop
  endfacet
  facet normal 0.19795853457042495 -0.9802103950635954 0
    outer loop
      vertex 3.4523300006985664 -3.534861795604229 2
      vertex 3.4523300006985664 -3.534861795604229 1.2
      vertex 3.4741145446896553 -3.530462294816971 1.2
    endloop
  endfacet
  facet normal 0.2858363037353407 -0.9582784602958151 0
    outer loop
      vertex 3.4741145446896553 -3.530462294816971 2
      vertex 3.4741145446896553 -3.530462294816971 1.2
      vertex 3.7630292251706123 -3.4442845210433006 1.2
    endloop
  endfacet
  facet normal -0.8340338485465755 -0.5517132765110767 0
    outer loop
      vertex 7.364168748259544 -4.230689078569412 2
      vertex 7.364168748259544 -4.230689078569412 1.2
      vertex 7.443092906434582 -4.35 1.2
    endloop
  endfacet
  facet normal 0.38863562924186706 -0.9213915278988504 0
    outer loop
      vertex 3.7630292251706123 -3.4442845210433006 2
      vertex 3.7630292251706123 -3.4442845210433006 1.2
      vertex 4.025579363107681 -3.3335429579019547 1.2
    endloop
  endfacet
  facet normal 0.5055146154454221 -0.8628180419828199 0
    outer loop
      vertex 4.025579363107681 -3.3335429579019547 2
      vertex 4.025579363107681 -3.3335429579019547 1.2
      vertex 4.260800376534462 -3.195729821920395 1.2
    endloop
  endfacet
  facet normal 0.6315285352452021 -0.7753526353673209 0
    outer loop
      vertex 4.260800376534462 -3.195729821920395 2
      vertex 4.260800376534462 -3.195729821920395 1.2
      vertex 4.45878691226244 -3.0344688147306442 1.2
    endloop
  endfacet
  facet normal 0.7207227948902479 -0.6932233788077186 0
    outer loop
      vertex 4.45878691226244 -3.0344688147306442 2
      vertex 4.45878691226244 -3.0344688147306442 1.2
      vertex 4.573741428554058 -2.9149541780352592 1.2
    endloop
  endfacet
  facet normal -0.9221694004099897 -0.3867862419314834 0
    outer loop
      vertex 7.178409934043884 -3.7878059670329094 2
      vertex 7.178409934043884 -3.7878059670329094 1.2
      vertex 7.364168748259544 -4.230689078569412 1.2
    endloop
  endfacet
  facet normal -0.9694846349558485 -0.24515208052253035 0
    outer loop
      vertex 7.050588972866535 -3.2823219522833824 2
      vertex 7.050588972866535 -3.2823219522833824 1.2
      vertex 7.178409934043884 -3.7878059670329094 1.2
    endloop
  endfacet
  facet normal -0.2739906855854846 -0.9617323454123794 0
    outer loop
      vertex -0.19218514114618301 -5.287986293435097 2
      vertex 0.18817759305238724 -5.396348923444748 1.2
      vertex 0.18817759305238724 -5.396348923444748 2
    endloop
  endfacet
  facet normal -0.08128259077074142 -0.9966910957952801 0
    outer loop
      vertex 0.6086882054805756 -5.43064258992672 1.2
      vertex 0.6086882054805756 -5.43064258992672 2
      vertex 0.18817759305238724 -5.396348923444748 2
    endloop
  endfacet
  facet normal 0.08411002241661679 -0.9964564737754863 0
    outer loop
      vertex 1.0234261751174927 -5.3956349194049835 1.2
      vertex 1.0234261751174927 -5.3956349194049835 2
      vertex 0.6086882054805756 -5.43064258992672 2
    endloop
  endfacet
  facet normal 0.2692136387313299 -0.9630804829924844 0
    outer loop
      vertex 1.409903459250927 -5.2876014187932014 1.2
      vertex 1.409903459250927 -5.2876014187932014 2
      vertex 1.0234261751174927 -5.3956349194049835 2
    endloop
  endfacet
  facet normal 0.4612825293822523 -0.8872533054808596 0
    outer loop
      vertex 1.6903899982571602 -5.141776613891125 1.2
      vertex 1.6903899982571602 -5.141776613891125 2
      vertex 1.409903459250927 -5.2876014187932014 2
    endloop
  endfacet
  facet normal -1 0 0
    outer loop
      vertex 1.6903899982571602 -5.331760004162788 1.2
      vertex 1.6903899982571602 -5.331760004162788 2
      vertex 1.6903899982571602 -5.141776613891125 2
    endloop
  endfacet
  facet normal 0 -1 0
    outer loop
      vertex 3.4523300006985664 -5.331760004162788 1.2
      vertex 3.4523300006985664 -5.331760004162788 2
      vertex 1.6903899982571602 -5.331760004162788 2
    endloop
  endfacet
  facet normal 0 0 1
    outer loop
      vertex 0.18817759305238724 -5.396348923444748 2
      vertex 0.6086882054805756 -5.43064258992672 2
      vertex 0.8427557125687599 -3.8204900324344635 2
    endloop
  endfacet
  facet normal 0 0 1
    outer loop
      vertex 0.6086882054805756 -5.43064258992672 2
      vertex 1.0234261751174927 -5.3956349194049835 2
      vertex 0.9170123636722565 -3.8469458371400833 2
    endloop
  endfacet
  facet normal 0 0 1
    outer loop
      vertex 1.0234261751174927 -5.3956349194049835 2
      vertex 1.409903459250927 -5.2876014187932014 2
      vertex 1.0302096903324127 -3.858236640691757 2
    endloop
  endfacet
  facet normal 0 0 1
    outer loop
      vertex -0.19218514114618301 -5.287986293435097 2
      vertex 0.7786950692534447 -3.7744230777025223 2
      vertex -0.5254745110869408 -5.098585069179535 2
    endloop
  endfacet
  facet normal 0 0 1
    outer loop
      vertex -0.19218514114618301 -5.287986293435097 2
      vertex 0.18817759305238724 -5.396348923444748 2
      vertex 0.7786950692534447 -3.7744230777025223 2
    endloop
  endfacet
  facet normal 0 0 1
    outer loop
      vertex 0.6086882054805756 -5.43064258992672 2
      vertex 0.9170123636722565 -3.8469458371400833 2
      vertex 0.8756945133209229 -3.835024408996105 2
    endloop
  endfacet
  facet normal 0 0 1
    outer loop
      vertex 0.18817759305238724 -5.396348923444748 2
      vertex 0.8427557125687599 -3.8204900324344635 2
      vertex 0.8116595074534416 -3.8010529205203056 2
    endloop
  endfacet
  facet normal 0 0 1
    outer loop
      vertex 0.18817759305238724 -5.396348923444748 2
      vertex 0.8116595074534416 -3.8010529205203056 2
      vertex 0.7786950692534447 -3.7744230777025223 2
    endloop
  endfacet
  facet normal 0 0 1
    outer loop
      vertex 0.6086882054805756 -5.43064258992672 2
      vertex 0.8756945133209229 -3.835024408996105 2
      vertex 0.8427557125687599 -3.8204900324344635 2
    endloop
  endfacet
  facet normal 0 0 1
    outer loop
      vertex 1.409903459250927 -5.2876014187932014 2
      vertex 1.6903899982571602 -5.141776613891125 2
      vertex 1.104681819677353 -3.854066364467144 2
    endloop
  endfacet
  facet normal 0 0 1
    outer loop
      vertex 1.0234261751174927 -5.3956349194049835 2
      vertex 0.9687397256493568 -3.855202578008175 2
      vertex 0.9170123636722565 -3.8469458371400833 2
    endloop
  endfacet
  facet normal 0 0 1
    outer loop
      vertex 1.0234261751174927 -5.3956349194049835 2
      vertex 1.0302096903324127 -3.858236640691757 2
      vertex 0.9687397256493568 -3.855202578008175 2
    endloop
  endfacet
  facet normal 0 0 1
    outer loop
      vertex 1.409903459250927 -5.2876014187932014 2
      vertex 1.104681819677353 -3.854066364467144 2
      vertex 1.0302096903324127 -3.858236640691757 2
    endloop
  endfacet
  facet normal 0 0 1
    outer loop
      vertex 1.6903899982571602 -5.141776613891125 2
      vertex 1.172438956797123 -3.8422243148088455 2
      vertex 1.104681819677353 -3.854066364467144 2
    endloop
  endfacet
  facet normal 0 0 1
    outer loop
      vertex 1.6903899982571602 -5.141776613891125 2
      vertex 1.2360138073563576 -3.8229271546006203 2
      vertex 1.172438956797123 -3.8422243148088455 2
    endloop
  endfacet
  facet normal 0 0 1
    outer loop
      vertex 1.6903899982571602 -5.141776613891125 2
      vertex 1.297238551080227 -3.7957678213715553 2
      vertex 1.2360138073563576 -3.8229271546006203 2
    endloop
  endfacet
  facet normal 0 0 1
    outer loop
      vertex 1.6903899982571602 -5.141776613891125 2
      vertex 1.357910379767418 -3.759575441479683 2
      vertex 1.297238551080227 -3.7957678213715553 2
    endloop
  endfacet
  facet normal 0 0 1
    outer loop
      vertex 1.6903899982571602 -5.331760004162788 2
      vertex 3.4523300006985664 -5.331760004162788 2
      vertex 1.6903899982571602 -5.141776613891125 2
    endloop
  endfacet
  facet normal 0 0 1
    outer loop
      vertex 1.6903899982571602 -5.141776613891125 2
      vertex 3.4523300006985664 -5.331760004162788 2
      vertex 3.4523300006985664 -3.534861795604229 2
    endloop
  endfacet
  facet normal 0.27722113524075115 0.96080614182874 0
    outer loop
      vertex 0.8756945133209229 -3.835024408996105 2
      vertex 0.9170123636722565 -3.8469458371400833 2
      vertex 0.8756945133209229 -3.835024408996105 1.2
    endloop
  endfacet
  facet normal 0.6284045070079307 0.7778867369817535 0
    outer loop
      vertex 0.8116595074534416 -3.8010529205203056 2
      vertex 0.7786950692534447 -3.7744230777025223 1.2
      vertex 0.7786950692534447 -3.7744230777025223 2
    endloop
  endfacet
  facet normal 0.7266295017909857 0.687029524203279 0
    outer loop
      vertex 0.7786950692534447 -3.7744230777025223 2
      vertex 0.7558632791042328 -3.7502752766013145 1.2
      vertex 0.7558632791042328 -3.7502752766013145 2
    endloop
  endfacet
  facet normal 0.40369955642969685 0.9148916155143548 0
    outer loop
      vertex 0.8756945133209229 -3.835024408996105 2
      vertex 0.8427557125687599 -3.8204900324344635 1.2
      vertex 0.8427557125687599 -3.8204900324344635 2
    endloop
  endfacet
  facet normal 0.5300378390191065 0.8479739908794112 0
    outer loop
      vertex 0.8427557125687599 -3.8204900324344635 2
      vertex 0.8116595074534416 -3.8010529205203056 1.2
      vertex 0.8116595074534416 -3.8010529205203056 2
    endloop
  endfacet
  facet normal 0.8192673569915494 0.5734117175015533 0
    outer loop
      vertex 0.7558632791042328 -3.7502752766013145 2
      vertex 0.7405826672911644 -3.728442959487438 1.2
      vertex 0.7405826672911644 -3.728442959487438 2
    endloop
  endfacet
  facet normal 0.8977425865165665 0.44052042898660765 0
    outer loop
      vertex 0.7405826672911644 -3.728442959487438 2
      vertex 0.7300090044736862 -3.7068947479128838 1.2
      vertex 0.7300090044736862 -3.7068947479128838 2
    endloop
  endfacet
  facet normal 0.9550641038256784 0.29639932115923234 0
    outer loop
      vertex 0.7300090044736862 -3.7068947479128838 2
      vertex 0.7208598032593727 -3.6774140000343323 1.2
      vertex 0.7208598032593727 -3.6774140000343323 2
    endloop
  endfacet
  facet normal 0.9836283786486569 0.18020880310632514 0
    outer loop
      vertex 0.7208598032593727 -3.6774140000343323 2
      vertex 0.7036546468734741 -3.5835036039352417 1.2
      vertex 0.7036546468734741 -3.5835036039352417 2
    endloop
  endfacet
  facet normal 0.1576249674164536 0.9874990479220533 0
    outer loop
      vertex 0.9170123636722565 -3.8469458371400833 2
      vertex 0.9687397256493568 -3.855202578008175 2
      vertex 0.9170123636722565 -3.8469458371400833 1.2
    endloop
  endfacet
  facet normal 0.049298442902660264 0.9987840925482209 0
    outer loop
      vertex 0.9687397256493568 -3.855202578008175 2
      vertex 1.0302096903324127 -3.858236640691757 2
      vertex 0.9687397256493568 -3.855202578008175 1.2
    endloop
  endfacet
  facet normal -0.05591021925314224 0.9984358003312309 0
    outer loop
      vertex 1.0302096903324127 -3.858236640691757 2
      vertex 1.104681819677353 -3.854066364467144 2
      vertex 1.0302096903324127 -3.858236640691757 1.2
    endloop
  endfacet
  facet normal -0.17216239573039 0.9850685811131997 0
    outer loop
      vertex 1.104681819677353 -3.854066364467144 2
      vertex 1.172438956797123 -3.8422243148088455 2
      vertex 1.104681819677353 -3.854066364467144 1.2
    endloop
  endfacet
  facet normal -0.2904492448435201 0.9568903992463447 0
    outer loop
      vertex 1.172438956797123 -3.8422243148088455 2
      vertex 1.2360138073563576 -3.8229271546006203 2
      vertex 1.172438956797123 -3.8422243148088455 1.2
    endloop
  endfacet
  facet normal -0.4054942452126321 0.9140975971412668 0
    outer loop
      vertex 1.2360138073563576 -3.8229271546006203 2
      vertex 1.297238551080227 -3.7957678213715553 2
      vertex 1.2360138073563576 -3.8229271546006203 1.2
    endloop
  endfacet
  facet normal -0.5123009176756271 0.8588060140385082 0
    outer loop
      vertex 1.297238551080227 -3.7957678213715553 2
      vertex 1.357910379767418 -3.759575441479683 2
      vertex 1.297238551080227 -3.7957678213715553 1.2
    endloop
  endfacet
  facet normal -0.6058370005168262 0.7955887937903444 0
    outer loop
      vertex 1.357910379767418 -3.759575441479683 2
      vertex 1.4133944883942604 -3.717324562370777 2
      vertex 1.357910379767418 -3.759575441479683 1.2
    endloop
  endfacet
  facet normal -0.6950829852535866 0.7189295122687358 0
    outer loop
      vertex 1.4133944883942604 -3.717324562370777 2
      vertex 1.4583293423056602 -3.67388017475605 2
      vertex 1.4133944883942604 -3.717324562370777 1.2
    endloop
  endfacet
  facet normal -0.7805134739792141 0.6251389581020356 0
    outer loop
      vertex 1.4583293423056602 -3.67388017475605 2
      vertex 1.4937430769205093 -3.629664570093155 2
      vertex 1.4583293423056602 -3.67388017475605 1.2
    endloop
  endfacet
  facet normal -0.8564420172136492 0.5162432286732829 0
    outer loop
      vertex 1.4937430769205093 -3.629664570093155 2
      vertex 1.5215666741132736 -3.583505518734455 2
      vertex 1.4937430769205093 -3.629664570093155 1.2
    endloop
  endfacet
  facet normal 0.9946458327292124 0.10334247642867721 0
    outer loop
      vertex 0.7036546468734741 -3.5835036039352417 2
      vertex 0.6876495704054832 -3.4294586926698685 1.2
      vertex 0.6876495704054832 -3.4294586926698685 2
    endloop
  endfacet
  facet normal 0.9982992943646939 0.05829681698818683 0
    outer loop
      vertex 0.6876495704054832 -3.4294586926698685 2
      vertex 0.6753912791609764 -3.2195425406098366 1.2
      vertex 0.6753912791609764 -3.2195425406098366 2
    endloop
  endfacet
  facet normal 0.9995831762339356 0.028869946139143017 0
    outer loop
      vertex 0.6678326204419136 -2.957834117114544 2
      vertex 0.6753912791609764 -3.2195425406098366 2
      vertex 0.6678326204419136 -2.957834117114544 1.2
    endloop
  endfacet
  facet normal -0.9178591352517537 0.39690629603837607 0
    outer loop
      vertex 1.5215666741132736 -3.583505518734455 2
      vertex 1.5409150049090385 -3.538761854171753 2
      vertex 1.5215666741132736 -3.583505518734455 1.2
    endloop
  endfacet
  facet normal -0.9703705110339864 0.24162175257132845 0
    outer loop
      vertex 1.5409150049090385 -3.538761854171753 2
      vertex 1.5600274428725243 -3.462004914879799 2
      vertex 1.5409150049090385 -3.538761854171753 1.2
    endloop
  endfacet
  facet normal -0.9911415873320059 0.13280946450080983 0
    outer loop
      vertex 1.5600274428725243 -3.462004914879799 2
      vertex 1.57997328042984 -3.3131514489650726 2
      vertex 1.5600274428725243 -3.462004914879799 1.2
    endloop
  endfacet
  facet normal -0.9973339031472038 0.07297318434304446 0
    outer loop
      vertex 1.57997328042984 -3.3131514489650726 2
      vertex 1.5958135202527046 -3.096660852432251 2
      vertex 1.57997328042984 -3.3131514489650726 1.2
    endloop
  endfacet
  facet normal -0.9993693398711456 0.035509470926934496 0
    outer loop
      vertex 1.5958135202527046 -3.096660852432251 2
      vertex 1.605674222111702 -2.8191438168287277 2
      vertex 1.5958135202527046 -3.096660852432251 1.2
    endloop
  endfacet
  facet normal 1 0 0
    outer loop
      vertex 3.4523300006985664 -5.331760004162788 2
      vertex 3.4523300006985664 -3.534861795604229 1.2
      vertex 3.4523300006985664 -3.534861795604229 2
    endloop
  endfacet
  facet normal 0.19795853457042495 -0.9802103950635954 0
    outer loop
      vertex 3.4523300006985664 -3.534861795604229 2
      vertex 3.4741145446896553 -3.530462294816971 1.2
      vertex 3.4741145446896553 -3.530462294816971 2
    endloop
  endfacet
  facet normal 0.2858363037353407 -0.9582784602958151 0
    outer loop
      vertex 3.4741145446896553 -3.530462294816971 2
      vertex 3.7630292251706123 -3.4442845210433006 1.2
      vertex 3.7630292251706123 -3.4442845210433006 2
    endloop
  endfacet
  facet normal 0 0 1
    outer loop
      vertex -0.7962378636002541 -4.830378375947475 2
      vertex 0.7405826672911644 -3.728442959487438 2
      vertex 0.7300090044736862 -3.7068947479128838 2
    endloop
  endfacet
  facet normal 0 0 1
    outer loop
      vertex -0.5254745110869408 -5.098585069179535 2
      vertex 0.7786950692534447 -3.7744230777025223 2
      vertex 0.7558632791042328 -3.7502752766013145 2
    endloop
  endfacet
  facet normal 0 0 1
    outer loop
      vertex -0.7962378636002541 -4.830378375947475 2
      vertex 0.7558632791042328 -3.7502752766013145 2
      vertex 0.7405826672911644 -3.728442959487438 2
    endloop
  endfacet
  facet normal 0 0 1
    outer loop
      vertex -1.0636194720864296 -4.306899316608906 2
      vertex 0.7300090044736862 -3.7068947479128838 2
      vertex 0.7208598032593727 -3.6774140000343323 2
    endloop
  endfacet
  facet normal 0 0 1
    outer loop
      vertex -1.1154188886284828 -4.103332668542862 2
      vertex 0.7208598032593727 -3.6774140000343323 2
      vertex 0.7036546468734741 -3.5835036039352417 2
    endloop
  endfacet
  facet normal 0 0 1
    outer loop
      vertex -1.17144413292408 -3.6483620703220367 2
      vertex 0.7036546468734741 -3.5835036039352417 2
      vertex 0.6876495704054832 -3.4294586926698685 2
    endloop
  endfacet
  facet normal 0 0 1
    outer loop
      vertex -1.1780299991369247 -3.3995717018842697 2
      vertex 0.6876495704054832 -3.4294586926698685 2
      vertex 0.6753912791609764 -3.2195425406098366 2
    endloop
  endfacet
  facet normal 0 0 1
    outer loop
      vertex -1.1780299991369247 -3.3995717018842697 2
      vertex 0.6753912791609764 -3.2195425406098366 2
      vertex 0.6678326204419136 -2.957834117114544 2
    endloop
  endfacet
  facet normal 0 0 1
    outer loop
      vertex -1.1780299991369247 -3.3995717018842697 2
      vertex 0.6678326204419136 -2.957834117114544 2
      vertex 0.6652700006961823 -2.644887089729309 2
    endloop
  endfacet
  facet normal 0 0 1
    outer loop
      vertex 1.6903899982571602 -5.141776613891125 2
      vertex 3.4523300006985664 -3.534861795604229 2
      vertex 1.357910379767418 -3.759575441479683 2
    endloop
  endfacet
  facet normal 0 0 1
    outer loop
      vertex 1.357910379767418 -3.759575441479683 2
      vertex 3.4523300006985664 -3.534861795604229 2
      vertex 1.4133944883942604 -3.717324562370777 2
    endloop
  endfacet
  facet normal 0 0 1
    outer loop
      vertex 1.4133944883942604 -3.717324562370777 2
      vertex 3.4523300006985664 -3.534861795604229 2
      vertex 1.4583293423056602 -3.67388017475605 2
    endloop
  endfacet
  facet normal 0 0 1
    outer loop
      vertex 1.4583293423056602 -3.67388017475605 2
      vertex 3.4523300006985664 -3.534861795604229 2
      vertex 1.4937430769205093 -3.629664570093155 2
    endloop
  endfacet
  facet normal 0 0 1
    outer loop
      vertex 1.4937430769205093 -3.629664570093155 2
      vertex 3.4523300006985664 -3.534861795604229 2
      vertex 1.5215666741132736 -3.583505518734455 2
    endloop
  endfacet
  facet normal 0 0 1
    outer loop
      vertex 1.5215666741132736 -3.583505518734455 2
      vertex 3.4523300006985664 -3.534861795604229 2
      vertex 1.5409150049090385 -3.538761854171753 2
    endloop
  endfacet
  facet normal 0 0 1
    outer loop
      vertex 1.5409150049090385 -3.538761854171753 2
      vertex 3.4523300006985664 -3.534861795604229 2
      vertex 1.5600274428725243 -3.462004914879799 2
    endloop
  endfacet
  facet normal 0 0 1
    outer loop
      vertex 1.5600274428725243 -3.462004914879799 2
      vertex 3.4523300006985664 -3.534861795604229 2
      vertex 1.57997328042984 -3.3131514489650726 2
    endloop
  endfacet
  facet normal 0 0 1
    outer loop
      vertex 1.57997328042984 -3.3131514489650726 2
      vertex 3.4523300006985664 -3.534861795604229 2
      vertex 1.5958135202527046 -3.096660852432251 2
    endloop
  endfacet
  facet normal 0 0 1
    outer loop
      vertex 3.4523300006985664 -3.534861795604229 2
      vertex 3.4741145446896553 -3.530462294816971 2
      vertex 3.4523300006985664 -2.291393533349037 2
    endloop
  endfacet
  facet normal 0 0 1
    outer loop
      vertex 3.4741145446896553 -3.530462294816971 2
      vertex 3.7630292251706123 -3.4442845210433006 2
      vertex 3.4523300006985664 -2.291393533349037 2
    endloop
  endfacet
  facet normal 0.38863562924186706 -0.9213915278988504 0
    outer loop
      vertex 3.7630292251706123 -3.4442845210433006 2
      vertex 4.025579363107681 -3.3335429579019547 1.2
      vertex 4.025579363107681 -3.3335429579019547 2
    endloop
  endfacet
  facet normal 0.5055146154454221 -0.8628180419828199 0
    outer loop
      vertex 4.025579363107681 -3.3335429579019547 2
      vertex 4.260800376534462 -3.195729821920395 1.2
      vertex 4.260800376534462 -3.195729821920395 2
    endloop
  endfacet
  facet normal 0.6315285352452021 -0.7753526353673209 0
    outer loop
      vertex 4.260800376534462 -3.195729821920395 2
      vertex 4.45878691226244 -3.0344688147306442 1.2
      vertex 4.45878691226244 -3.0344688147306442 2
    endloop
  endfacet
  facet normal -0.9221694004099897 -0.3867862419314834 0
    outer loop
      vertex 7.178409934043884 -3.7878059670329094 2
      vertex 7.364168748259544 -4.230689078569412 1.2
      vertex 7.364168748259544 -4.230689078569412 2
    endloop
  endfacet
  facet normal -0.9694846349558485 -0.24515208052253035 0
    outer loop
      vertex 7.178409934043884 -3.7878059670329094 2
      vertex 7.050588972866535 -3.2823219522833824 2
      vertex 7.178409934043884 -3.7878059670329094 1.2
    endloop
  endfacet
  facet normal -0.9914962979159692 -0.13013489623820257 0
    outer loop
      vertex 7.050588972866535 -3.2823219522833824 2
      vertex 6.976003021001816 -2.7140524312853813 2
      vertex 7.050588972866535 -3.2823219522833824 1.2
    endloop
  endfacet
  facet normal 0 0 1
    outer loop
      vertex 3.7630292251706123 -3.4442845210433006 2
      vertex 4.025579363107681 -3.3335429579019547 2
      vertex 3.4523300006985664 -2.291393533349037 2
    endloop
  endfacet
  facet normal 0.9999664745327719 0.008188394867073127 0
    outer loop
      vertex 0.6678326204419136 -2.957834117114544 2
      vertex 0.6678326204419136 -2.957834117114544 1.2
      vertex 0.6652700006961823 -2.644887089729309 1.2
    endloop
  endfacet
  facet normal -0.9993693398711456 0.035509470926934496 0
    outer loop
      vertex 1.605674222111702 -2.8191438168287277 2
      vertex 1.605674222111702 -2.8191438168287277 1.2
      vertex 1.5958135202527046 -3.096660852432251 1.2
    endloop
  endfacet
  facet normal -0.9999505260400223 0.00994713387275613 0
    outer loop
      vertex 1.6090300008654594 -2.4817991331219673 2
      vertex 1.6090300008654594 -2.4817991331219673 1.2
      vertex 1.605674222111702 -2.8191438168287277 1.2
    endloop
  endfacet
  facet normal 1 0 0
    outer loop
      vertex 0.6652700006961823 -2.644887089729309 2
      vertex 0.6652700006961823 -2.644887089729309 1.2
      vertex 0.6652700006961823 -0.4817800000309944 1.2
    endloop
  endfacet
  facet normal -0.47054674632410115 0.8823750673743007 0
    outer loop
      vertex 3.4523300006985664 -2.291393533349037 2
      vertex 3.469864636659622 -2.2820427864789963 1.2
      vertex 3.4523300006985664 -2.291393533349037 1.2
    endloop
  endfacet
  facet normal -0.6057390612429695 0.7956633645484037 0
    outer loop
      vertex 3.469864636659622 -2.2820427864789963 2
      vertex 3.5532037541270256 -2.2185966596007347 1.2
      vertex 3.469864636659622 -2.2820427864789963 1.2
    endloop
  endfacet
  facet normal 1 0 0
    outer loop
      vertex 3.4523300006985664 -2.15404000133276 2
      vertex 3.4523300006985664 -2.291393533349037 1.2
      vertex 3.4523300006985664 -2.15404000133276 1.2
    endloop
  endfacet
  facet normal -0.7420729779729449 0.6703190996550563 0
    outer loop
      vertex 3.5532037541270256 -2.2185966596007347 2
      vertex 3.611518181860447 -2.15404000133276 1.2
      vertex 3.5532037541270256 -2.2185966596007347 1.2
    endloop
  endfacet
  facet normal 0 -1 0
    outer loop
      vertex 3.611518181860447 -2.15404000133276 2
      vertex 3.4523300006985664 -2.15404000133276 1.2
      vertex 3.611518181860447 -2.15404000133276 1.2
    endloop
  endfacet
  facet normal -1 0 0
    outer loop
      vertex 1.6090300008654594 -0.31074000149965286 2
      vertex 1.6090300008654594 -0.31074000149965286 1.2
      vertex 1.6090300008654594 -2.4817991331219673 1.2
    endloop
  endfacet
  facet normal 0.7844197820118255 -0.6202302843206868 0
    outer loop
      vertex 4.573741428554058 -2.9149541780352592 2
      vertex 4.573741428554058 -2.9149541780352592 1.2
      vertex 4.671986632049084 -2.7907011657953262 1.2
    endloop
  endfacet
  facet normal 0.8438172470534963 -0.5366306491200994 0
    outer loop
      vertex 4.671986632049084 -2.7907011657953262 2
      vertex 4.671986632049084 -2.7907011657953262 1.2
      vertex 4.7563311830163 -2.658074773848057 1.2
    endloop
  endfacet
  facet normal 0.8960712437011271 -0.4439102681983321 0
    outer loop
      vertex 4.7563311830163 -2.658074773848057 2
      vertex 4.7563311830163 -2.658074773848057 1.2
      vertex 4.825828105211258 -2.5177892297506332 1.2
    endloop
  endfacet
  facet normal 0.9387310100419435 -0.3446506793633704 0
    outer loop
      vertex 4.825828105211258 -2.5177892297506332 2
      vertex 4.825828105211258 -2.5177892297506332 1.2
      vertex 4.879362054169178 -2.371977888047695 1.2
    endloop
  endfacet
  facet normal 0.9686126681468896 -0.24857493659933522 0
    outer loop
      vertex 4.879362054169178 -2.371977888047695 2
      vertex 4.879362054169178 -2.371977888047695 1.2
      vertex 4.918647602200508 -2.218895360827446 1.2
    endloop
  endfacet
  facet normal 0.9850984875668292 -0.17199119103473226 0
    outer loop
      vertex 4.918647602200508 -2.218895360827446 2
      vertex 4.918647602200508 -2.218895360827446 1.2
      vertex 4.947382748126984 -2.0543116480112076 1.2
    endloop
  endfacet
  facet normal 0.9939150203095448 -0.11014959102546412 0
    outer loop
      vertex 4.947382748126984 -2.0543116480112076 2
      vertex 4.947382748126984 -2.0543116480112076 1.2
      vertex 4.967059276998043 -1.87676402926445 1.2
    endloop
  endfacet
  facet normal 0.9982148248852807 -0.05972573464804324 0
    outer loop
      vertex 4.967059276998043 -1.87676402926445 2
      vertex 4.967059276998043 -1.87676402926445 1.2
      vertex 4.978521220386028 -1.6851969957351685 1.2
    endloop
  endfacet
  facet normal -0.9914962979159692 -0.13013489623820257 0
    outer loop
      vertex 6.976003021001816 -2.7140524312853813 2
      vertex 6.976003021001816 -2.7140524312853813 1.2
      vertex 7.050588972866535 -3.2823219522833824 1.2
    endloop
  endfacet
  facet normal -0.9992578026029187 -0.03852069492086651 0
    outer loop
      vertex 6.9515859335660934 -2.0806535482406616 2
      vertex 6.9515859335660934 -2.0806535482406616 1.2
      vertex 6.976003021001816 -2.7140524312853813 1.2
    endloop
  endfacet
  facet normal 0.9998357274820048 -0.018125066911061728 0
    outer loop
      vertex 4.978521220386028 -1.6851969957351685 2
      vertex 4.978521220386028 -1.6851969957351685 1.2
      vertex 4.982210002839565 -1.4817121475934982 1.2
    endloop
  endfacet
  facet normal 1 0 0
    outer loop
      vertex 4.982210002839565 -1.4817121475934982 2
      vertex 4.982210002839565 -1.4817121475934982 1.2
      vertex 4.982210002839565 -0.31074000149965286 1.2
    endloop
  endfacet
  facet normal -0.9992342030222368 0.03912809106659001 0
    outer loop
      vertex 6.977007046341896 -1.4314615055918694 2
      vertex 6.977007046341896 -1.4314615055918694 1.2
      vertex 6.9515859335660934 -2.0806535482406616 1.2
    endloop
  endfacet
  facet normal -0.9912410601529763 0.13206498652861612 0
    outer loop
      vertex 7.0546580478549 -0.8486358597874641 2
      vertex 7.0546580478549 -0.8486358597874641 1.2
      vertex 6.977007046341896 -1.4314615055918694 1.2
    endloop
  endfacet
  facet normal 0.9999664745327719 0.008188394867073127 0
    outer loop
      vertex 0.6678326204419136 -2.957834117114544 2
      vertex 0.6652700006961823 -2.644887089729309 1.2
      vertex 0.6652700006961823 -2.644887089729309 2
    endloop
  endfacet
  facet normal -0.9999505260400223 0.00994713387275613 0
    outer loop
      vertex 1.605674222111702 -2.8191438168287277 2
      vertex 1.6090300008654594 -2.4817991331219673 2
      vertex 1.605674222111702 -2.8191438168287277 1.2
    endloop
  endfacet
  facet normal -0.47054674632410115 0.8823750673743007 0
    outer loop
      vertex 3.4523300006985664 -2.291393533349037 2
      vertex 3.469864636659622 -2.2820427864789963 2
      vertex 3.469864636659622 -2.2820427864789963 1.2
    endloop
  endfacet
  facet normal 1 0 0
    outer loop
      vertex 3.4523300006985664 -2.291393533349037 2
      vertex 3.4523300006985664 -2.291393533349037 1.2
      vertex 3.4523300006985664 -2.15404000133276 2
    endloop
  endfacet
  facet normal -0.6057390612429695 0.7956633645484037 0
    outer loop
      vertex 3.469864636659622 -2.2820427864789963 2
      vertex 3.5532037541270256 -2.2185966596007347 2
      vertex 3.5532037541270256 -2.2185966596007347 1.2
    endloop
  endfacet
  facet normal 0 -1 0
    outer loop
      vertex 3.4523300006985664 -2.15404000133276 2
      vertex 3.4523300006985664 -2.15404000133276 1.2
      vertex 3.611518181860447 -2.15404000133276 2
    endloop
  endfacet
  facet normal -0.7420729779729449 0.6703190996550563 0
    outer loop
      vertex 3.5532037541270256 -2.2185966596007347 2
      vertex 3.611518181860447 -2.15404000133276 2
      vertex 3.611518181860447 -2.15404000133276 1.2
    endloop
  endfacet
  facet normal 0 0 1
    outer loop
      vertex 1.5958135202527046 -3.096660852432251 2
      vertex 3.4523300006985664 -2.291393533349037 2
      vertex 1.605674222111702 -2.8191438168287277 2
    endloop
  endfacet
  facet normal 0 0 1
    outer loop
      vertex 1.605674222111702 -2.8191438168287277 2
      vertex 3.4523300006985664 -2.291393533349037 2
      vertex 1.6090300008654594 -2.4817991331219673 2
    endloop
  endfacet
  facet normal 0 0 1
    outer loop
      vertex 1.5958135202527046 -3.096660852432251 2
      vertex 3.4523300006985664 -3.534861795604229 2
      vertex 3.4523300006985664 -2.291393533349037 2
    endloop
  endfacet
  facet normal 0 0 1
    outer loop
      vertex 4.025579363107681 -3.3335429579019547 2
      vertex 3.469864636659622 -2.2820427864789963 2
      vertex 3.4523300006985664 -2.291393533349037 2
    endloop
  endfacet
  facet normal 0 0 1
    outer loop
      vertex 1.6090300008654594 -2.4817991331219673 2
      vertex 3.4523300006985664 -2.291393533349037 2
      vertex 3.4523300006985664 -2.15404000133276 2
    endloop
  endfacet
  facet normal 1 0 0
    outer loop
      vertex 0.6652700006961823 -2.644887089729309 2
      vertex 0.6652700006961823 -0.4817800000309944 1.2
      vertex 0.6652700006961823 -0.4817800000309944 2
    endloop
  endfacet
  facet normal -1 0 0
    outer loop
      vertex 1.6090300008654594 -2.4817991331219673 2
      vertex 1.6090300008654594 -0.31074000149965286 2
      vertex 1.6090300008654594 -2.4817991331219673 1.2
    endloop
  endfacet
  facet normal 0 0 1
    outer loop
      vertex 0.6652700006961823 -2.644887089729309 2
      vertex 0.6652700006961823 -0.4817800000309944 2
      vertex 0.09132833033800125 -0.31074000149965286 2
    endloop
  endfacet
  facet normal 0 0 1
    outer loop
      vertex 1.6090300008654594 -2.4817991331219673 2
      vertex 3.4523300006985664 -2.15404000133276 2
      vertex 1.6090300008654594 -0.31074000149965286 2
    endloop
  endfacet
  facet normal 0 0 1
    outer loop
      vertex 3.4523300006985664 -2.15404000133276 2
      vertex 3.611518181860447 -2.15404000133276 2
      vertex 1.6090300008654594 -0.31074000149965286 2
    endloop
  endfacet
  facet normal 0 0 1
    outer loop
      vertex 3.611518181860447 -2.15404000133276 2
      vertex 4.982210002839565 -0.31074000149965286 2
      vertex 1.6090300008654594 -0.31074000149965286 2
    endloop
  endfacet
  facet normal 0.7207227948902479 -0.6932233788077186 0
    outer loop
      vertex 4.45878691226244 -3.0344688147306442 2
      vertex 4.573741428554058 -2.9149541780352592 1.2
      vertex 4.573741428554058 -2.9149541780352592 2
    endloop
  endfacet
  facet normal 0.7844197820118255 -0.6202302843206868 0
    outer loop
      vertex 4.573741428554058 -2.9149541780352592 2
      vertex 4.671986632049084 -2.7907011657953262 1.2
      vertex 4.671986632049084 -2.7907011657953262 2
    endloop
  endfacet
  facet normal 0.8438172470534963 -0.5366306491200994 0
    outer loop
      vertex 4.671986632049084 -2.7907011657953262 2
      vertex 4.7563311830163 -2.658074773848057 1.2
      vertex 4.7563311830163 -2.658074773848057 2
    endloop
  endfacet
  facet normal 0.8960712437011271 -0.4439102681983321 0
    outer loop
      vertex 4.7563311830163 -2.658074773848057 2
      vertex 4.825828105211258 -2.5177892297506332 1.2
      vertex 4.825828105211258 -2.5177892297506332 2
    endloop
  endfacet
  facet normal 0.9387310100419435 -0.3446506793633704 0
    outer loop
      vertex 4.825828105211258 -2.5177892297506332 2
      vertex 4.879362054169178 -2.371977888047695 1.2
      vertex 4.879362054169178 -2.371977888047695 2
    endloop
  endfacet
  facet normal 0.9686126681468896 -0.24857493659933522 0
    outer loop
      vertex 4.879362054169178 -2.371977888047695 2
      vertex 4.918647602200508 -2.218895360827446 1.2
      vertex 4.918647602200508 -2.218895360827446 2
    endloop
  endfacet
  facet normal 0.9850984875668292 -0.17199119103473226 0
    outer loop
      vertex 4.918647602200508 -2.218895360827446 2
      vertex 4.947382748126984 -2.0543116480112076 1.2
      vertex 4.947382748126984 -2.0543116480112076 2
    endloop
  endfacet
  facet normal 0.9939150203095448 -0.11014959102546412 0
    outer loop
      vertex 4.947382748126984 -2.0543116480112076 2
      vertex 4.967059276998043 -1.87676402926445 1.2
      vertex 4.967059276998043 -1.87676402926445 2
    endloop
  endfacet
  facet normal -0.9992578026029187 -0.03852069492086651 0
    outer loop
      vertex 6.976003021001816 -2.7140524312853813 2
      vertex 6.9515859335660934 -2.0806535482406616 2
      vertex 6.976003021001816 -2.7140524312853813 1.2
    endloop
  endfacet
  facet normal -0.9992342030222368 0.03912809106659001 0
    outer loop
      vertex 6.9515859335660934 -2.0806535482406616 2
      vertex 6.977007046341896 -1.4314615055918694 2
      vertex 6.9515859335660934 -2.0806535482406616 1.2
    endloop
  endfacet
  facet normal 0 0 1
    outer loop
      vertex 4.025579363107681 -3.3335429579019547 2
      vertex 4.260800376534462 -3.195729821920395 2
      vertex 3.469864636659622 -2.2820427864789963 2
    endloop
  endfacet
  facet normal 0 0 1
    outer loop
      vertex 4.260800376534462 -3.195729821920395 2
      vertex 4.45878691226244 -3.0344688147306442 2
      vertex 3.5532037541270256 -2.2185966596007347 2
    endloop
  endfacet
  facet normal 0 0 1
    outer loop
      vertex 4.45878691226244 -3.0344688147306442 2
      vertex 4.573741428554058 -2.9149541780352592 2
      vertex 3.611518181860447 -2.15404000133276 2
    endloop
  endfacet
  facet normal 0 0 1
    outer loop
      vertex 4.260800376534462 -3.195729821920395 2
      vertex 3.5532037541270256 -2.2185966596007347 2
      vertex 3.469864636659622 -2.2820427864789963 2
    endloop
  endfacet
  facet normal 0 0 1
    outer loop
      vertex 4.45878691226244 -3.0344688147306442 2
      vertex 3.611518181860447 -2.15404000133276 2
      vertex 3.5532037541270256 -2.2185966596007347 2
    endloop
  endfacet
  facet normal 0 0 1
    outer loop
      vertex 4.573741428554058 -2.9149541780352592 2
      vertex 4.671986632049084 -2.7907011657953262 2
      vertex 3.611518181860447 -2.15404000133276 2
    endloop
  endfacet
  facet normal 0 0 1
    outer loop
      vertex 3.611518181860447 -2.15404000133276 2
      vertex 4.671986632049084 -2.7907011657953262 2
      vertex 4.7563311830163 -2.658074773848057 2
    endloop
  endfacet
  facet normal 0 0 1
    outer loop
      vertex 3.611518181860447 -2.15404000133276 2
      vertex 4.7563311830163 -2.658074773848057 2
      vertex 4.825828105211258 -2.5177892297506332 2
    endloop
  endfacet
  facet normal 0 0 1
    outer loop
      vertex 3.611518181860447 -2.15404000133276 2
      vertex 4.825828105211258 -2.5177892297506332 2
      vertex 4.879362054169178 -2.371977888047695 2
    endloop
  endfacet
  facet normal 0 0 1
    outer loop
      vertex 3.611518181860447 -2.15404000133276 2
      vertex 4.879362054169178 -2.371977888047695 2
      vertex 4.918647602200508 -2.218895360827446 2
    endloop
  endfacet
  facet normal 0 0 1
    outer loop
      vertex 3.611518181860447 -2.15404000133276 2
      vertex 4.918647602200508 -2.218895360827446 2
      vertex 4.947382748126984 -2.0543116480112076 2
    endloop
  endfacet
  facet normal 0 0 1
    outer loop
      vertex 3.611518181860447 -2.15404000133276 2
      vertex 4.947382748126984 -2.0543116480112076 2
      vertex 4.967059276998043 -1.87676402926445 2
    endloop
  endfacet
  facet normal 0 0 1
    outer loop
      vertex 3.611518181860447 -2.15404000133276 2
      vertex 4.967059276998043 -1.87676402926445 2
      vertex 4.978521220386028 -1.6851969957351685 2
    endloop
  endfacet
  facet normal 0 0 1
    outer loop
      vertex 3.611518181860447 -2.15404000133276 2
      vertex 4.978521220386028 -1.6851969957351685 2
      vertex 4.982210002839565 -1.4817121475934982 2
    endloop
  endfacet
  facet normal 0.9982148248852807 -0.05972573464804324 0
    outer loop
      vertex 4.967059276998043 -1.87676402926445 2
      vertex 4.978521220386028 -1.6851969957351685 1.2
      vertex 4.978521220386028 -1.6851969957351685 2
    endloop
  endfacet
  facet normal 0.9998357274820048 -0.018125066911061728 0
    outer loop
      vertex 4.978521220386028 -1.6851969957351685 2
      vertex 4.982210002839565 -1.4817121475934982 1.2
      vertex 4.982210002839565 -1.4817121475934982 2
    endloop
  endfacet
  facet normal 1 0 0
    outer loop
      vertex 4.982210002839565 -1.4817121475934982 2
      vertex 4.982210002839565 -0.31074000149965286 1.2
      vertex 4.982210002839565 -0.31074000149965286 2
    endloop
  endfacet
  facet normal -0.9912410601529763 0.13206498652861612 0
    outer loop
      vertex 6.977007046341896 -1.4314615055918694 2
      vertex 7.0546580478549 -0.8486358597874641 2
      vertex 6.977007046341896 -1.4314615055918694 1.2
    endloop
  endfacet
  facet normal -0.9686538556439833 0.24841438755846068 0
    outer loop
      vertex 7.0546580478549 -0.8486358597874641 2
      vertex 7.187631368637085 -0.3301267623901367 2
      vertex 7.0546580478549 -0.8486358597874641 1.2
    endloop
  endfacet
  facet normal 0 0 1
    outer loop
      vertex 3.611518181860447 -2.15404000133276 2
      vertex 4.982210002839565 -1.4817121475934982 2
      vertex 4.982210002839565 -0.31074000149965286 2
    endloop
  endfacet
  facet normal 0 0 -1
    outer loop
      vertex 8.577566556632519 -5.301575213670731 1.2
      vertex 7.443092906434582 -4.35 1.2
      vertex 8.961601383984089 -5.4017928540706635 1.2
    endloop
  endfacet
  facet normal 0 0 -1
    outer loop
      vertex 8.577566556632519 -5.301575213670731 1.2
      vertex 8.221589483320713 -5.13334508985281 1.2
      vertex 7.443092906434582 -4.35 1.2
    endloop
  endfacet
  facet normal 0 0 -1
    outer loop
      vertex 8.961601383984089 -5.4017928540706635 1.2
      vertex 7.443092906434582 -4.35 1.2
      vertex 9.366565302014351 -5.434419699013233 1.2
    endloop
  endfacet
  facet normal 0 0 -1
    outer loop
      vertex 9.366565302014351 -5.434419699013233 1.2
      vertex 7.443092906434582 -4.35 1.2
      vertex 9.743395932018757 -5.4087337255477905 1.2
    endloop
  endfacet
  facet normal 0 0 -1
    outer loop
      vertex 9.743395932018757 -5.4087337255477905 1.2
      vertex 7.443092906434582 -4.35 1.2
      vertex 10.097350098192692 -5.330468267202377 1.2
    endloop
  endfacet
  facet normal 0 0 -1
    outer loop
      vertex 8.221589483320713 -5.13334508985281 1.2
      vertex 7.899400666356087 -4.899974025785923 1.2
      vertex 7.443092906434582 -4.35 1.2
    endloop
  endfacet
  facet normal 0 0 -1
    outer loop
      vertex 7.899400666356087 -4.899974025785923 1.2
      vertex 7.609845444560051 -4.602082498371601 1.2
      vertex 7.443092906434582 -4.35 1.2
    endloop
  endfacet
  facet normal 0 0 -1
    outer loop
      vertex 10.097350098192692 -5.330468267202377 1.2
      vertex 7.443092906434582 -4.35 1.2
      vertex 10.427689053118229 -5.197953328490257 1.2
    endloop
  endfacet
  facet normal 0 0 -1
    outer loop
      vertex 10.427689053118229 -5.197953328490257 1.2
      vertex 7.443092906434582 -4.35 1.2
      vertex 10.72972072660923 -5.0118583887815475 1.2
    endloop
  endfacet
  facet normal 0 0 -1
    outer loop
      vertex 10.72972072660923 -5.0118583887815475 1.2
      vertex 7.443092906434582 -4.35 1.2
      vertex 11.000511899590492 -4.774270251393318 1.2
    endloop
  endfacet
  facet normal 0 0 -1
    outer loop
      vertex 11.000511899590492 -4.774270251393318 1.2
      vertex 7.443092906434582 -4.35 1.2
      vertex 11.231013678014278 -4.493106663227081 1.2
    endloop
  endfacet
  facet normal 0 0 -1
    outer loop
      vertex 11.231013678014278 -4.493106663227081 1.2
      vertex 7.443092906434582 -4.35 1.2
      vertex 11.312281041743878 -4.35 1.2
    endloop
  endfacet
  facet normal -0.42727592760501965 -0.9041212759852906 0
    outer loop
      vertex 8.577566556632519 -5.301575213670731 1.2
      vertex 8.221589483320713 -5.13334508985281 2
      vertex 8.221589483320713 -5.13334508985281 1.2
    endloop
  endfacet
  facet normal -0.5866119127321969 -0.809868176829213 0
    outer loop
      vertex 8.221589483320713 -5.13334508985281 1.2
      vertex 7.899400666356087 -4.899974025785923 2
      vertex 7.899400666356087 -4.899974025785923 1.2
    endloop
  endfacet
  facet normal -0.2525036171420198 -0.9675959504515284 0
    outer loop
      vertex 8.577566556632519 -5.301575213670731 1.2
      vertex 8.961601383984089 -5.4017928540706635 1.2
      vertex 8.577566556632519 -5.301575213670731 2
    endloop
  endfacet
  facet normal -0.08030707027362757 -0.996770171335432 0
    outer loop
      vertex 8.961601383984089 -5.4017928540706635 1.2
      vertex 9.366565302014351 -5.434419699013233 1.2
      vertex 8.961601383984089 -5.4017928540706635 2
    endloop
  endfacet
  facet normal -0.7170689544939632 -0.6970022342151669 0
    outer loop
      vertex 7.899400666356087 -4.899974025785923 1.2
      vertex 7.609845444560051 -4.602082498371601 2
      vertex 7.609845444560051 -4.602082498371601 1.2
    endloop
  endfacet
  facet normal -0.834033848546575 -0.5517132765110776 1.9001504713692298e-16
    outer loop
      vertex 7.609845444560051 -4.602082498371601 1.2
      vertex 7.364168748259544 -4.230689078569412 2
      vertex 7.443092906434582 -4.35 1.2
    endloop
  endfacet
  facet normal 0.06800537756250029 -0.9976849545936741 0
    outer loop
      vertex 9.366565302014351 -5.434419699013233 1.2
      vertex 9.743395932018757 -5.4087337255477905 1.2
      vertex 9.366565302014351 -5.434419699013233 2
    endloop
  endfacet
  facet normal 0.21590242584083996 -0.9764149438205258 0
    outer loop
      vertex 9.743395932018757 -5.4087337255477905 1.2
      vertex 10.097350098192692 -5.330468267202377 1.2
      vertex 9.743395932018757 -5.4087337255477905 2
    endloop
  endfacet
  facet normal 0.37230931119218974 -0.9281087095807244 0
    outer loop
      vertex 10.097350098192692 -5.330468267202377 1.2
      vertex 10.427689053118229 -5.197953328490257 1.2
      vertex 10.097350098192692 -5.330468267202377 2
    endloop
  endfacet
  facet normal 0.5245661489441229 -0.851369693718265 0
    outer loop
      vertex 10.427689053118229 -5.197953328490257 1.2
      vertex 10.72972072660923 -5.0118583887815475 1.2
      vertex 10.427689053118229 -5.197953328490257 2
    endloop
  endfacet
  facet normal 0.6595194231769145 -0.7516875218150094 0
    outer loop
      vertex 10.72972072660923 -5.0118583887815475 1.2
      vertex 11.000511899590492 -4.774270251393318 1.2
      vertex 10.72972072660923 -5.0118583887815475 2
    endloop
  endfacet
  facet normal 0.7733384037881805 -0.6339934646558664 0
    outer loop
      vertex 11.000511899590492 -4.774270251393318 1.2
      vertex 11.231013678014278 -4.493106663227081 1.2
      vertex 11.000511899590492 -4.774270251393318 2
    endloop
  endfacet
  facet normal 0.4595045689073823 0.8881754056228086 0
    outer loop
      vertex 9.244543567299843 -3.729500651359558 2
      vertex 9.304993905127048 -3.760775111615658 1.2
      vertex 9.244543567299843 -3.729500651359558 1.2
    endloop
  endfacet
  facet normal 0.6063097408606233 0.7952285823192751 0
    outer loop
      vertex 9.178559616208076 -3.6791922077536583 2
      vertex 9.244543567299843 -3.729500651359558 1.2
      vertex 9.178559616208076 -3.6791922077536583 1.2
    endloop
  endfacet
  facet normal 0.7190784624807455 0.6949288918992553 0
    outer loop
      vertex 9.110536865890026 -3.60880558937788 2
      vertex 9.178559616208076 -3.6791922077536583 1.2
      vertex 9.110536865890026 -3.60880558937788 1.2
    endloop
  endfacet
  facet normal 0.904008382572002 0.4275147298509757 0
    outer loop
      vertex 9.003600299358368 -3.4236608296632767 2
      vertex 9.051176682114601 -3.5242642611265182 1.2
      vertex 9.003600299358368 -3.4236608296632767 1.2
    endloop
  endfacet
  facet normal 0.8184067471766722 0.5746393618398401 0
    outer loop
      vertex 9.051176682114601 -3.5242642611265182 2
      vertex 9.110536865890026 -3.60880558937788 1.2
      vertex 9.051176682114601 -3.5242642611265182 1.2
    endloop
  endfacet
  facet normal 0.9583872508752996 0.2854713249341965 0
    outer loop
      vertex 8.96651104837656 -3.2991444170475006 2
      vertex 9.003600299358368 -3.4236608296632767 1.2
      vertex 8.96651104837656 -3.2991444170475006 1.2
    endloop
  endfacet
  facet normal 0.987467053011629 0.157825280663551 0
    outer loop
      vertex 8.942426957190037 -3.1484572365880013 2
      vertex 8.96651104837656 -3.2991444170475006 1.2
      vertex 8.942426957190037 -3.1484572365880013 1.2
    endloop
  endfacet
  facet normal 0.9988412155010322 0.048127187913075097 0
    outer loop
      vertex 8.93391003459692 -2.9716953337192535 2
      vertex 8.942426957190037 -3.1484572365880013 1.2
      vertex 8.93391003459692 -2.9716953337192535 1.2
    endloop
  endfacet
  facet normal 0.28349974782340187 0.9589723108536906 0
    outer loop
      vertex 9.304993905127048 -3.760775111615658 2
      vertex 9.36345212161541 -3.778057038784027 1.2
      vertex 9.304993905127048 -3.760775111615658 1.2
    endloop
  endfacet
  facet normal 0.09364912536790754 0.9956052638058047 0
    outer loop
      vertex 9.36345212161541 -3.778057038784027 2
      vertex 9.428025215864182 -3.784130945801735 1.2
      vertex 9.36345212161541 -3.778057038784027 1.2
    endloop
  endfacet
  facet normal -0.08063318008812231 0.9967438438580278 0
    outer loop
      vertex 9.428025215864182 -3.784130945801735 2
      vertex 9.489737778902054 -3.77913860976696 1.2
      vertex 9.428025215864182 -3.784130945801735 1.2
    endloop
  endfacet
  facet normal -0.25223819322073043 0.9676651765361516 0
    outer loop
      vertex 9.489737778902054 -3.77913860976696 2
      vertex 9.54319579899311 -3.7652038782835007 1.2
      vertex 9.489737778902054 -3.77913860976696 1.2
    endloop
  endfacet
  facet normal -0.42476807010543466 0.9053022073423351 0
    outer loop
      vertex 9.54319579899311 -3.7652038782835007 2
      vertex 9.59097771346569 -3.7427845895290375 1.2
      vertex 9.54319579899311 -3.7652038782835007 1.2
    endloop
  endfacet
  facet normal -0.581084337244765 0.813843346725162 0
    outer loop
      vertex 9.59097771346569 -3.7427845895290375 2
      vertex 9.638405412435532 -3.7089212015271187 1.2
      vertex 9.59097771346569 -3.7427845895290375 1.2
    endloop
  endfacet
  facet normal -0.7090184448231354 0.705189935336986 0
    outer loop
      vertex 9.638405412435532 -3.7089212015271187 2
      vertex 9.683540798723698 -3.6635407730937004 1.2
      vertex 9.638405412435532 -3.7089212015271187 1.2
    endloop
  endfacet
  facet normal -0.8268038777622813 0.5624903089985236 0
    outer loop
      vertex 9.683540798723698 -3.6635407730937004 2
      vertex 9.72265662997961 -3.6060444563627243 1.2
      vertex 9.683540798723698 -3.6635407730937004 1.2
    endloop
  endfacet
  facet normal -0.9182198115128439 0.39607117762507943 0
    outer loop
      vertex 9.72265662997961 -3.6060444563627243 2
      vertex 9.758076637983322 -3.523929536342621 1.2
      vertex 9.72265662997961 -3.6060444563627243 1.2
    endloop
  endfacet
  facet normal -0.967811739678597 0.2516752600878512 0
    outer loop
      vertex 9.758076637983322 -3.523929536342621 2
      vertex 9.788354188203812 -3.407497875392437 1.2
      vertex 9.758076637983322 -3.523929536342621 1.2
    endloop
  endfacet
  facet normal -0.9910136369098008 0.1337608741703248 0
    outer loop
      vertex 9.788354188203812 -3.407497875392437 2
      vertex 9.808715723454952 -3.256642408668995 1.2
      vertex 9.788354188203812 -3.407497875392437 1.2
    endloop
  endfacet
  facet normal -0.9992151756111034 0.0396110190284447 0
    outer loop
      vertex 9.808715723454952 -3.256642408668995 2
      vertex 9.81596303731203 -3.0738239362835884 1.2
      vertex 9.808715723454952 -3.256642408668995 1.2
    endloop
  endfacet
  facet normal -0.9991449186408267 -0.04134527245303621 0
    outer loop
      vertex 9.81596303731203 -3.0738239362835884 2
      vertex 9.808141574263573 -2.884811393916607 1.2
      vertex 9.81596303731203 -3.0738239362835884 1.2
    endloop
  endfacet
  facet normal 0.8695693887071076 -0.4938107716763046 0
    outer loop
      vertex 11.231013678014278 -4.493106663227081 1.2
      vertex 11.312281041743878 -4.35 1.2
      vertex 11.231013678014278 -4.493106663227081 2
    endloop
  endfacet
  facet normal 0.869569388707109 -0.49381077167630183 6.198962158870768e-16
    outer loop
      vertex 11.231013678014278 -4.493106663227081 2
      vertex 11.312281041743878 -4.35 1.2
      vertex 11.410510323941708 -4.1770244762301445 1.2
    endloop
  endfacet
  facet normal 0.9391904662109317 -0.34339666302760247 0
    outer loop
      vertex 11.410510323941708 -4.1770244762301445 2
      vertex 11.410510323941708 -4.1770244762301445 1.2
      vertex 11.537155836820602 -3.8306487798690796 1.2
    endloop
  endfacet
  facet normal 0.9806395325404247 -0.19582162091785832 0
    outer loop
      vertex 11.537155836820602 -3.8306487798690796 2
      vertex 11.537155836820602 -3.8306487798690796 1.2
      vertex 11.611542314291 -3.458134651184082 1.2
    endloop
  endfacet
  facet normal 0.9981398072299335 -0.06096659103961149 0
    outer loop
      vertex 11.611542314291 -3.458134651184082 2
      vertex 11.611542314291 -3.458134651184082 1.2
      vertex 11.63578637689352 -3.061212934553623 1.2
    endloop
  endfacet
  facet normal -0.5866119127321969 -0.809868176829213 0
    outer loop
      vertex 8.221589483320713 -5.13334508985281 1.2
      vertex 8.221589483320713 -5.13334508985281 2
      vertex 7.899400666356087 -4.899974025785923 2
    endloop
  endfacet
  facet normal -0.42727592760501965 -0.9041212759852906 0
    outer loop
      vertex 8.577566556632519 -5.301575213670731 1.2
      vertex 8.577566556632519 -5.301575213670731 2
      vertex 8.221589483320713 -5.13334508985281 2
    endloop
  endfacet
  facet normal -0.2525036171420198 -0.9675959504515284 0
    outer loop
      vertex 8.961601383984089 -5.4017928540706635 1.2
      vertex 8.961601383984089 -5.4017928540706635 2
      vertex 8.577566556632519 -5.301575213670731 2
    endloop
  endfacet
  facet normal -0.08030707027362757 -0.996770171335432 0
    outer loop
      vertex 9.366565302014351 -5.434419699013233 1.2
      vertex 9.366565302014351 -5.434419699013233 2
      vertex 8.961601383984089 -5.4017928540706635 2
    endloop
  endfacet
  facet normal -0.7170689544939632 -0.6970022342151669 0
    outer loop
      vertex 7.899400666356087 -4.899974025785923 1.2
      vertex 7.899400666356087 -4.899974025785923 2
      vertex 7.609845444560051 -4.602082498371601 2
    endloop
  endfacet
  facet normal -0.8340338485465753 -0.5517132765110774 0
    outer loop
      vertex 7.609845444560051 -4.602082498371601 1.2
      vertex 7.609845444560051 -4.602082498371601 2
      vertex 7.364168748259544 -4.230689078569412 2
    endloop
  endfacet
  facet normal 0.06800537756250029 -0.9976849545936741 0
    outer loop
      vertex 9.743395932018757 -5.4087337255477905 1.2
      vertex 9.743395932018757 -5.4087337255477905 2
      vertex 9.366565302014351 -5.434419699013233 2
    endloop
  endfacet
  facet normal 0.21590242584083996 -0.9764149438205258 0
    outer loop
      vertex 10.097350098192692 -5.330468267202377 1.2
      vertex 10.097350098192692 -5.330468267202377 2
      vertex 9.743395932018757 -5.4087337255477905 2
    endloop
  endfacet
  facet normal 0.37230931119218974 -0.9281087095807244 0
    outer loop
      vertex 10.427689053118229 -5.197953328490257 1.2
      vertex 10.427689053118229 -5.197953328490257 2
      vertex 10.097350098192692 -5.330468267202377 2
    endloop
  endfacet
  facet normal 0.5245661489441229 -0.851369693718265 0
    outer loop
      vertex 10.72972072660923 -5.0118583887815475 1.2
      vertex 10.72972072660923 -5.0118583887815475 2
      vertex 10.427689053118229 -5.197953328490257 2
    endloop
  endfacet
  facet normal 0.6595194231769145 -0.7516875218150094 0
    outer loop
      vertex 11.000511899590492 -4.774270251393318 1.2
      vertex 11.000511899590492 -4.774270251393318 2
      vertex 10.72972072660923 -5.0118583887815475 2
    endloop
  endfacet
  facet normal 0 0 1
    outer loop
      vertex 8.577566556632519 -5.301575213670731 2
      vertex 8.961601383984089 -5.4017928540706635 2
      vertex 9.36345212161541 -3.778057038784027 2
    endloop
  endfacet
  facet normal 0 0 1
    outer loop
      vertex 8.961601383984089 -5.4017928540706635 2
      vertex 9.366565302014351 -5.434419699013233 2
      vertex 9.428025215864182 -3.784130945801735 2
    endloop
  endfacet
  facet normal 0 0 1
    outer loop
      vertex 7.899400666356087 -4.899974025785923 2
      vertex 9.110536865890026 -3.60880558937788 2
      vertex 7.609845444560051 -4.602082498371601 2
    endloop
  endfacet
  facet normal 0 0 1
    outer loop
      vertex 8.577566556632519 -5.301575213670731 2
      vertex 9.304993905127048 -3.760775111615658 2
      vertex 8.221589483320713 -5.13334508985281 2
    endloop
  endfacet
  facet normal 0 0 1
    outer loop
      vertex 8.221589483320713 -5.13334508985281 2
      vertex 9.178559616208076 -3.6791922077536583 2
      vertex 7.899400666356087 -4.899974025785923 2
    endloop
  endfacet
  facet normal 0 0 1
    outer loop
      vertex 8.961601383984089 -5.4017928540706635 2
      vertex 9.428025215864182 -3.784130945801735 2
      vertex 9.36345212161541 -3.778057038784027 2
    endloop
  endfacet
  facet normal 0 0 1
    outer loop
      vertex 8.577566556632519 -5.301575213670731 2
      vertex 9.36345212161541 -3.778057038784027 2
      vertex 9.304993905127048 -3.760775111615658 2
    endloop
  endfacet
  facet normal 0 0 1
    outer loop
      vertex 9.366565302014351 -5.434419699013233 2
      vertex 9.743395932018757 -5.4087337255477905 2
      vertex 9.489737778902054 -3.77913860976696 2
    endloop
  endfacet
  facet normal 0 0 1
    outer loop
      vertex 9.743395932018757 -5.4087337255477905 2
      vertex 10.097350098192692 -5.330468267202377 2
      vertex 9.54319579899311 -3.7652038782835007 2
    endloop
  endfacet
  facet normal 0 0 1
    outer loop
      vertex 10.097350098192692 -5.330468267202377 2
      vertex 10.427689053118229 -5.197953328490257 2
      vertex 9.59097771346569 -3.7427845895290375 2
    endloop
  endfacet
  facet normal 0 0 1
    outer loop
      vertex 9.366565302014351 -5.434419699013233 2
      vertex 9.489737778902054 -3.77913860976696 2
      vertex 9.428025215864182 -3.784130945801735 2
    endloop
  endfacet
  facet normal 0 0 1
    outer loop
      vertex 9.743395932018757 -5.4087337255477905 2
      vertex 9.54319579899311 -3.7652038782835007 2
      vertex 9.489737778902054 -3.77913860976696 2
    endloop
  endfacet
  facet normal 0 0 1
    outer loop
      vertex 10.097350098192692 -5.330468267202377 2
      vertex 9.59097771346569 -3.7427845895290375 2
      vertex 9.54319579899311 -3.7652038782835007 2
    endloop
  endfacet
  facet normal 0 0 1
    outer loop
      vertex 10.427689053118229 -5.197953328490257 2
      vertex 9.638405412435532 -3.7089212015271187 2
      vertex 9.59097771346569 -3.7427845895290375 2
    endloop
  endfacet
  facet normal 0 0 1
    outer loop
      vertex 10.427689053118229 -5.197953328490257 2
      vertex 10.72972072660923 -5.0118583887815475 2
      vertex 9.638405412435532 -3.7089212015271187 2
    endloop
  endfacet
  facet normal 0 0 1
    outer loop
      vertex 10.72972072660923 -5.0118583887815475 2
      vertex 11.000511899590492 -4.774270251393318 2
      vertex 9.683540798723698 -3.6635407730937004 2
    endloop
  endfacet
  facet normal 0 0 1
    outer loop
      vertex 11.000511899590492 -4.774270251393318 2
      vertex 11.231013678014278 -4.493106663227081 2
      vertex 9.72265662997961 -3.6060444563627243 2
    endloop
  endfacet
  facet normal 0.6063097408606233 0.7952285823192751 0
    outer loop
      vertex 9.244543567299843 -3.729500651359558 2
      vertex 9.244543567299843 -3.729500651359558 1.2
      vertex 9.178559616208076 -3.6791922077536583 2
    endloop
  endfacet
  facet normal 0.7190784624807455 0.6949288918992553 0
    outer loop
      vertex 9.178559616208076 -3.6791922077536583 2
      vertex 9.178559616208076 -3.6791922077536583 1.2
      vertex 9.110536865890026 -3.60880558937788 2
    endloop
  endfacet
  facet normal 0.904008382572002 0.4275147298509757 0
    outer loop
      vertex 9.051176682114601 -3.5242642611265182 2
      vertex 9.051176682114601 -3.5242642611265182 1.2
      vertex 9.003600299358368 -3.4236608296632767 2
    endloop
  endfacet
  facet normal 0.8184067471766722 0.5746393618398401 0
    outer loop
      vertex 9.051176682114601 -3.5242642611265182 2
      vertex 9.110536865890026 -3.60880558937788 2
      vertex 9.110536865890026 -3.60880558937788 1.2
    endloop
  endfacet
  facet normal 0.9583872508752996 0.2854713249341965 0
    outer loop
      vertex 9.003600299358368 -3.4236608296632767 2
      vertex 9.003600299358368 -3.4236608296632767 1.2
      vertex 8.96651104837656 -3.2991444170475006 2
    endloop
  endfacet
  facet normal 0.987467053011629 0.157825280663551 0
    outer loop
      vertex 8.96651104837656 -3.2991444170475006 2
      vertex 8.96651104837656 -3.2991444170475006 1.2
      vertex 8.942426957190037 -3.1484572365880013 2
    endloop
  endfacet
  facet normal 0.9988412155010322 0.048127187913075097 0
    outer loop
      vertex 8.942426957190037 -3.1484572365880013 2
      vertex 8.942426957190037 -3.1484572365880013 1.2
      vertex 8.93391003459692 -2.9716953337192535 2
    endloop
  endfacet
  facet normal 0.28349974782340187 0.9589723108536906 0
    outer loop
      vertex 9.36345212161541 -3.778057038784027 2
      vertex 9.36345212161541 -3.778057038784027 1.2
      vertex 9.304993905127048 -3.760775111615658 2
    endloop
  endfacet
  facet normal 0.09364912536790754 0.9956052638058047 0
    outer loop
      vertex 9.36345212161541 -3.778057038784027 2
      vertex 9.428025215864182 -3.784130945801735 2
      vertex 9.428025215864182 -3.784130945801735 1.2
    endloop
  endfacet
  facet normal -0.08063318008812231 0.9967438438580278 0
    outer loop
      vertex 9.428025215864182 -3.784130945801735 2
      vertex 9.489737778902054 -3.77913860976696 2
      vertex 9.489737778902054 -3.77913860976696 1.2
    endloop
  endfacet
  facet normal -0.25223819322073043 0.9676651765361516 0
    outer loop
      vertex 9.489737778902054 -3.77913860976696 2
      vertex 9.54319579899311 -3.7652038782835007 2
      vertex 9.54319579899311 -3.7652038782835007 1.2
    endloop
  endfacet
  facet normal 0.4595045689073823 0.8881754056228086 0
    outer loop
      vertex 9.244543567299843 -3.729500651359558 2
      vertex 9.304993905127048 -3.760775111615658 2
      vertex 9.304993905127048 -3.760775111615658 1.2
    endloop
  endfacet
  facet normal -0.42476807010543466 0.9053022073423351 0
    outer loop
      vertex 9.54319579899311 -3.7652038782835007 2
      vertex 9.59097771346569 -3.7427845895290375 2
      vertex 9.59097771346569 -3.7427845895290375 1.2
    endloop
  endfacet
  facet normal -0.581084337244765 0.813843346725162 0
    outer loop
      vertex 9.59097771346569 -3.7427845895290375 2
      vertex 9.638405412435532 -3.7089212015271187 2
      vertex 9.638405412435532 -3.7089212015271187 1.2
    endloop
  endfacet
  facet normal -0.7090184448231354 0.705189935336986 0
    outer loop
      vertex 9.638405412435532 -3.7089212015271187 2
      vertex 9.683540798723698 -3.6635407730937004 2
      vertex 9.683540798723698 -3.6635407730937004 1.2
    endloop
  endfacet
  facet normal -0.8268038777622813 0.5624903089985236 0
    outer loop
      vertex 9.683540798723698 -3.6635407730937004 2
      vertex 9.72265662997961 -3.6060444563627243 2
      vertex 9.72265662997961 -3.6060444563627243 1.2
    endloop
  endfacet
  facet normal -0.9182198115128439 0.39607117762507943 0
    outer loop
      vertex 9.72265662997961 -3.6060444563627243 2
      vertex 9.758076637983322 -3.523929536342621 2
      vertex 9.758076637983322 -3.523929536342621 1.2
    endloop
  endfacet
  facet normal -0.967811739678597 0.2516752600878512 0
    outer loop
      vertex 9.758076637983322 -3.523929536342621 2
      vertex 9.788354188203812 -3.407497875392437 2
      vertex 9.788354188203812 -3.407497875392437 1.2
    endloop
  endfacet
  facet normal -0.9910136369098008 0.1337608741703248 0
    outer loop
      vertex 9.788354188203812 -3.407497875392437 2
      vertex 9.808715723454952 -3.256642408668995 2
      vertex 9.808715723454952 -3.256642408668995 1.2
    endloop
  endfacet
  facet normal -0.9992151756111034 0.0396110190284447 0
    outer loop
      vertex 9.808715723454952 -3.256642408668995 2
      vertex 9.81596303731203 -3.0738239362835884 2
      vertex 9.81596303731203 -3.0738239362835884 1.2
    endloop
  endfacet
  facet normal 0 0 1
    outer loop
      vertex 7.609845444560051 -4.602082498371601 2
      vertex 9.051176682114601 -3.5242642611265182 2
      vertex 7.364168748259544 -4.230689078569412 2
    endloop
  endfacet
  facet normal 0 0 1
    outer loop
      vertex 7.178409934043884 -3.7878059670329094 2
      vertex 7.364168748259544 -4.230689078569412 2
      vertex 9.003600299358368 -3.4236608296632767 2
    endloop
  endfacet
  facet normal 0 0 1
    outer loop
      vertex 7.899400666356087 -4.899974025785923 2
      vertex 9.178559616208076 -3.6791922077536583 2
      vertex 9.110536865890026 -3.60880558937788 2
    endloop
  endfacet
  facet normal 0 0 1
    outer loop
      vertex 7.609845444560051 -4.602082498371601 2
      vertex 9.110536865890026 -3.60880558937788 2
      vertex 9.051176682114601 -3.5242642611265182 2
    endloop
  endfacet
  facet normal 0 0 1
    outer loop
      vertex 8.221589483320713 -5.13334508985281 2
      vertex 9.304993905127048 -3.760775111615658 2
      vertex 9.244543567299843 -3.729500651359558 2
    endloop
  endfacet
  facet normal 0 0 1
    outer loop
      vertex 8.221589483320713 -5.13334508985281 2
      vertex 9.244543567299843 -3.729500651359558 2
      vertex 9.178559616208076 -3.6791922077536583 2
    endloop
  endfacet
  facet normal 0 0 1
    outer loop
      vertex 7.364168748259544 -4.230689078569412 2
      vertex 9.051176682114601 -3.5242642611265182 2
      vertex 9.003600299358368 -3.4236608296632767 2
    endloop
  endfacet
  facet normal 0 0 1
    outer loop
      vertex 7.178409934043884 -3.7878059670329094 2
      vertex 8.96651104837656 -3.2991444170475006 2
      vertex 7.050588972866535 -3.2823219522833824 2
    endloop
  endfacet
  facet normal 0 0 1
    outer loop
      vertex 7.050588972866535 -3.2823219522833824 2
      vertex 8.93391003459692 -2.9716953337192535 2
      vertex 6.976003021001816 -2.7140524312853813 2
    endloop
  endfacet
  facet normal 0 0 1
    outer loop
      vertex 7.050588972866535 -3.2823219522833824 2
      vertex 8.96651104837656 -3.2991444170475006 2
      vertex 8.942426957190037 -3.1484572365880013 2
    endloop
  endfacet
  facet normal 0 0 1
    outer loop
      vertex 7.050588972866535 -3.2823219522833824 2
      vertex 8.942426957190037 -3.1484572365880013 2
      vertex 8.93391003459692 -2.9716953337192535 2
    endloop
  endfacet
  facet normal 0 0 1
    outer loop
      vertex 7.178409934043884 -3.7878059670329094 2
      vertex 9.003600299358368 -3.4236608296632767 2
      vertex 8.96651104837656 -3.2991444170475006 2
    endloop
  endfacet
  facet normal 0 0 1
    outer loop
      vertex 10.72972072660923 -5.0118583887815475 2
      vertex 9.683540798723698 -3.6635407730937004 2
      vertex 9.638405412435532 -3.7089212015271187 2
    endloop
  endfacet
  facet normal 0 0 1
    outer loop
      vertex 11.000511899590492 -4.774270251393318 2
      vertex 9.72265662997961 -3.6060444563627243 2
      vertex 9.683540798723698 -3.6635407730937004 2
    endloop
  endfacet
  facet normal 0 0 1
    outer loop
      vertex 11.231013678014278 -4.493106663227081 2
      vertex 11.410510323941708 -4.1770244762301445 2
      vertex 9.758076637983322 -3.523929536342621 2
    endloop
  endfacet
  facet normal 0 0 1
    outer loop
      vertex 11.231013678014278 -4.493106663227081 2
      vertex 9.758076637983322 -3.523929536342621 2
      vertex 9.72265662997961 -3.6060444563627243 2
    endloop
  endfacet
  facet normal 0 0 1
    outer loop
      vertex 11.410510323941708 -4.1770244762301445 2
      vertex 11.537155836820602 -3.8306487798690796 2
      vertex 9.758076637983322 -3.523929536342621 2
    endloop
  endfacet
  facet normal 0 0 1
    outer loop
      vertex 11.537155836820602 -3.8306487798690796 2
      vertex 9.788354188203812 -3.407497875392437 2
      vertex 9.758076637983322 -3.523929536342621 2
    endloop
  endfacet
  facet normal 0 0 1
    outer loop
      vertex 9.788354188203812 -3.407497875392437 2
      vertex 11.611542314291 -3.458134651184082 2
      vertex 9.808715723454952 -3.256642408668995 2
    endloop
  endfacet
  facet normal 0 0 1
    outer loop
      vertex 11.537155836820602 -3.8306487798690796 2
      vertex 11.611542314291 -3.458134651184082 2
      vertex 9.788354188203812 -3.407497875392437 2
    endloop
  endfacet
  facet normal 0 0 1
    outer loop
      vertex 9.808715723454952 -3.256642408668995 2
      vertex 11.611542314291 -3.458134651184082 2
      vertex 9.81596303731203 -3.0738239362835884 2
    endloop
  endfacet
  facet normal 0 0 1
    outer loop
      vertex 9.81596303731203 -3.0738239362835884 2
      vertex 11.611542314291 -3.458134651184082 2
      vertex 11.63578637689352 -3.061212934553623 2
    endloop
  endfacet
  facet normal 0.7733384037881805 -0.6339934646558664 0
    outer loop
      vertex 11.231013678014278 -4.493106663227081 1.2
      vertex 11.231013678014278 -4.493106663227081 2
      vertex 11.000511899590492 -4.774270251393318 2
    endloop
  endfacet
  facet normal 0.8695693887071083 -0.4938107716763031 0
    outer loop
      vertex 11.231013678014278 -4.493106663227081 2
      vertex 11.410510323941708 -4.1770244762301445 1.2
      vertex 11.410510323941708 -4.1770244762301445 2
    endloop
  endfacet
  facet normal 0.9391904662109317 -0.34339666302760247 0
    outer loop
      vertex 11.410510323941708 -4.1770244762301445 2
      vertex 11.537155836820602 -3.8306487798690796 1.2
      vertex 11.537155836820602 -3.8306487798690796 2
    endloop
  endfacet
  facet normal 0.9806395325404247 -0.19582162091785832 0
    outer loop
      vertex 11.537155836820602 -3.8306487798690796 2
      vertex 11.611542314291 -3.458134651184082 1.2
      vertex 11.611542314291 -3.458134651184082 2
    endloop
  endfacet
  facet normal 0.9981398072299335 -0.06096659103961149 0
    outer loop
      vertex 11.611542314291 -3.458134651184082 2
      vertex 11.63578637689352 -3.061212934553623 1.2
      vertex 11.63578637689352 -3.061212934553623 2
    endloop
  endfacet
  facet normal 0.998875187881788 -0.04741686444845047 0
    outer loop
      vertex 8.94131588190794 -2.8156850785017014 2
      vertex 8.93391003459692 -2.9716953337192535 1.2
      vertex 8.94131588190794 -2.8156850785017014 1.2
    endloop
  endfacet
  facet normal 0.9876415147208015 -0.15672982613402164 0
    outer loop
      vertex 8.961987555027008 -2.685421407222748 2
      vertex 8.94131588190794 -2.8156850785017014 1.2
      vertex 8.961987555027008 -2.685421407222748 1.2
    endloop
  endfacet
  facet normal 0.9581884955953273 -0.28613774114709745 0
    outer loop
      vertex 8.992995515465736 -2.58158515393734 2
      vertex 8.961987555027008 -2.685421407222748 1.2
      vertex 8.992995515465736 -2.58158515393734 1.2
    endloop
  endfacet
  facet normal 0.9015111392174436 -0.43275589639757317 0
    outer loop
      vertex 9.031214617192745 -2.5019676461815834 2
      vertex 8.992995515465736 -2.58158515393734 1.2
      vertex 9.031214617192745 -2.5019676461815834 1.2
    endloop
  endfacet
  facet normal 0.809775001026392 -0.586740528438855 0
    outer loop
      vertex 9.07724317908287 -2.438442498445511 2
      vertex 9.031214617192745 -2.5019676461815834 1.2
      vertex 9.07724317908287 -2.438442498445511 1.2
    endloop
  endfacet
  facet normal 0.6987639628761668 -0.7153523077376596 0
    outer loop
      vertex 9.130668811500072 -2.386255756020546 2
      vertex 9.07724317908287 -2.438442498445511 1.2
      vertex 9.130668811500072 -2.386255756020546 1.2
    endloop
  endfacet
  facet normal 0.573444504713588 -0.8192444079844474 0
    outer loop
      vertex 9.185206651687622 -2.348081037402153 2
      vertex 9.130668811500072 -2.386255756020546 1.2
      vertex 9.185206651687622 -2.348081037402153 1.2
    endloop
  endfacet
  facet normal 0.42053155053959024 -0.907277914974661 0
    outer loop
      vertex 9.239839732646942 -2.3227581083774567 2
      vertex 9.185206651687622 -2.348081037402153 1.2
      vertex 9.239839732646942 -2.3227581083774567 1.2
    endloop
  endfacet
  facet normal 0.25090832729957974 -0.9680108528791023 0
    outer loop
      vertex 9.299443736672401 -2.307308755815029 2
      vertex 9.239839732646942 -2.3227581083774567 1.2
      vertex 9.299443736672401 -2.307308755815029 1.2
    endloop
  endfacet
  facet normal -0.9903464935926698 -0.13861393374658948 0
    outer loop
      vertex 9.808141574263573 -2.884811393916607 2
      vertex 9.786135397851467 -2.7275852113962173 1.2
      vertex 9.808141574263573 -2.884811393916607 1.2
    endloop
  endfacet
  facet normal -0.9660699509894454 -0.2582805641066522 0
    outer loop
      vertex 9.786135397851467 -2.7275852113962173 2
      vertex 9.752965793013573 -2.6035179644823074 1.2
      vertex 9.786135397851467 -2.7275852113962173 1.2
    endloop
  endfacet
  facet normal -0.9158805635331594 -0.4014508604327339 0
    outer loop
      vertex 9.752965793013573 -2.6035179644823074 2
      vertex 9.712810523808002 -2.511906675994396 1.2
      vertex 9.752965793013573 -2.6035179644823074 1.2
    endloop
  endfacet
  facet normal -0.8269803191579227 -0.5622308704842346 0
    outer loop
      vertex 9.712810523808002 -2.511906675994396 2
      vertex 9.666622526943684 -2.4439691677689552 1.2
      vertex 9.712810523808002 -2.511906675994396 1.2
    endloop
  endfacet
  facet normal -0.5858631800485615 -0.8104099791237683 0
    outer loop
      vertex 9.613690242171288 -2.3900809958577156 2
      vertex 9.558771640062332 -2.350379131734371 1.2
      vertex 9.613690242171288 -2.3900809958577156 1.2
    endloop
  endfacet
  facet normal -0.7134057916632665 -0.7007511515661662 0
    outer loop
      vertex 9.666622526943684 -2.4439691677689552 2
      vertex 9.613690242171288 -2.3900809958577156 1.2
      vertex 9.666622526943684 -2.4439691677689552 1.2
    endloop
  endfacet
  facet normal 0.08063678900276075 -0.9967435519025565 0
    outer loop
      vertex 9.368556372821331 -2.3017175272107124 2
      vertex 9.299443736672401 -2.307308755815029 1.2
      vertex 9.368556372821331 -2.3017175272107124 1.2
    endloop
  endfacet
  facet normal -0.08162249776324759 -0.9966633172034018 0
    outer loop
      vertex 9.441500425338745 -2.3076913356781006 2
      vertex 9.368556372821331 -2.3017175272107124 1.2
      vertex 9.441500425338745 -2.3076913356781006 1.2
    endloop
  endfacet
  facet normal -0.2551615467677108 -0.966898435747576 0
    outer loop
      vertex 9.503167383372784 -2.3239650577306747 2
      vertex 9.441500425338745 -2.3076913356781006 1.2
      vertex 9.503167383372784 -2.3239650577306747 1.2
    endloop
  endfacet
  facet normal -0.42908401273938884 -0.9032645847211457 0
    outer loop
      vertex 9.558771640062332 -2.350379131734371 2
      vertex 9.503167383372784 -2.3239650577306747 1.2
      vertex 9.558771640062332 -2.350379131734371 1.2
    endloop
  endfacet
  facet normal -0.4291393073834638 0.9032383156501063 0
    outer loop
      vertex 8.934970371425152 -0.8671789169311523 2
      vertex 8.952320739626884 -0.8589355498552322 1.2
      vertex 8.934970371425152 -0.8671789169311523 1.2
    endloop
  endfacet
  facet normal -0.25561434531212557 0.9667788301729892 0
    outer loop
      vertex 8.952320739626884 -0.8589355498552322 2
      vertex 9.242648497223854 -0.7821734845638275 1.2
      vertex 8.952320739626884 -0.8589355498552322 1.2
    endloop
  endfacet
  facet normal 0.9739737233046359 -0.22666095012618376 0
    outer loop
      vertex 8.966737650334835 -0.7306732907891273 2
      vertex 8.934970371425152 -0.8671789169311523 1.2
      vertex 8.966737650334835 -0.7306732907891273 1.2
    endloop
  endfacet
  facet normal 0.9400622450984902 -0.3410028963812274 0
    outer loop
      vertex 9.026613920927048 -0.5656089410185814 2
      vertex 8.966737650334835 -0.7306732907891273 1.2
      vertex 9.026613920927048 -0.5656089410185814 1.2
    endloop
  endfacet
  facet normal 0.6785829673936324 0.7345237616056083 0
    outer loop
      vertex 11.031589932739735 -1.4145386442542076 2
      vertex 11.031589932739735 -1.4145386442542076 1.2
      vertex 10.779208295047283 -1.1813782081007957 1.2
    endloop
  endfacet
  facet normal -0.08189845614578763 0.9966406789214137 0
    outer loop
      vertex 9.242648497223854 -0.7821734845638275 2
      vertex 9.54710929095745 -0.757154569029808 1.2
      vertex 9.242648497223854 -0.7821734845638275 1.2
    endloop
  endfacet
  facet normal 0.07814716408472572 0.9969418341836774 0
    outer loop
      vertex 9.54710929095745 -0.757154569029808 2
      vertex 9.742434799671173 -0.7724655270576477 1.2
      vertex 9.54710929095745 -0.757154569029808 1.2
    endloop
  endfacet
  facet normal -0.9865299236775097 -0.16358089646669283 0
    outer loop
      vertex 9.742434799671173 -0.7724655270576477 2
      vertex 9.704834505915642 -0.5457042381167412 1.2
      vertex 9.742434799671173 -0.7724655270576477 1.2
    endloop
  endfacet
  facet normal 0.40615087593796007 0.9138060330151184 0
    outer loop
      vertex 10.50250630825758 -0.9968357533216476 2
      vertex 10.50250630825758 -0.9968357533216476 1.2
      vertex 10.335136286914349 -0.9224463552236557 1.2
    endloop
  endfacet
  facet normal 0.5548551847309764 0.8319469478140742 0
    outer loop
      vertex 10.779208295047283 -1.1813782081007957 2
      vertex 10.779208295047283 -1.1813782081007957 1.2
      vertex 10.50250630825758 -0.9968357533216476 1.2
    endloop
  endfacet
  facet normal 0.10960936596321548 -0.9939747415770391 0
    outer loop
      vertex 10.335136286914349 -0.9224463552236557 2
      vertex 10.335136286914349 -0.9224463552236557 1.2
      vertex 11.602195642888546 -0.7827229127287865 1.2
    endloop
  endfacet
  facet normal 0.9981164153040569 0.06134836184104017 0
    outer loop
      vertex 11.63578637689352 -3.061212934553623 2
      vertex 11.63578637689352 -3.061212934553623 1.2
      vertex 11.612585604190826 -2.683744467794895 1.2
    endloop
  endfacet
  facet normal 0.9806478599363196 0.19577991419529334 0
    outer loop
      vertex 11.612585604190826 -2.683744467794895 2
      vertex 11.612585604190826 -2.683744467794895 1.2
      vertex 11.541470311582088 -2.3275329545140266 1.2
    endloop
  endfacet
  facet normal 0.9400633512617349 0.3409998469421296 0
    outer loop
      vertex 11.541470311582088 -2.3275329545140266 2
      vertex 11.541470311582088 -2.3275329545140266 1.2
      vertex 11.420679427683353 -1.994538426399231 1.2
    endloop
  endfacet
  facet normal 0.8731877446281828 0.4873839991537961 0
    outer loop
      vertex 11.420679427683353 -1.994538426399231 2
      vertex 11.420679427683353 -1.994538426399231 1.2
      vertex 11.249941304326057 -1.6886473074555397 1.2
    endloop
  endfacet
  facet normal 0.782169365697985 0.6230658740162326 0
    outer loop
      vertex 11.249941304326057 -1.6886473074555397 2
      vertex 11.249941304326057 -1.6886473074555397 1.2
      vertex 11.031589932739735 -1.4145386442542076 1.2
    endloop
  endfacet
  facet normal 0.975860450032802 0.21839501382077636 0
    outer loop
      vertex 11.602195642888546 -0.7827229127287865 2
      vertex 11.602195642888546 -0.7827229127287865 1.2
      vertex 11.450512580573559 -0.10495331138372421 1.2
    endloop
  endfacet
  facet normal 0.998875187881788 -0.04741686444845047 0
    outer loop
      vertex 8.93391003459692 -2.9716953337192535 2
      vertex 8.93391003459692 -2.9716953337192535 1.2
      vertex 8.94131588190794 -2.8156850785017014 2
    endloop
  endfacet
  facet normal 0.9876415147208015 -0.15672982613402164 0
    outer loop
      vertex 8.94131588190794 -2.8156850785017014 2
      vertex 8.94131588190794 -2.8156850785017014 1.2
      vertex 8.961987555027008 -2.685421407222748 2
    endloop
  endfacet
  facet normal 0.9581884955953273 -0.28613774114709745 0
    outer loop
      vertex 8.961987555027008 -2.685421407222748 2
      vertex 8.961987555027008 -2.685421407222748 1.2
      vertex 8.992995515465736 -2.58158515393734 2
    endloop
  endfacet
  facet normal 0.9015111392174436 -0.43275589639757317 0
    outer loop
      vertex 8.992995515465736 -2.58158515393734 2
      vertex 8.992995515465736 -2.58158515393734 1.2
      vertex 9.031214617192745 -2.5019676461815834 2
    endloop
  endfacet
  facet normal 0.809775001026392 -0.586740528438855 0
    outer loop
      vertex 9.031214617192745 -2.5019676461815834 2
      vertex 9.031214617192745 -2.5019676461815834 1.2
      vertex 9.07724317908287 -2.438442498445511 2
    endloop
  endfacet
  facet normal 0.6987639628761668 -0.7153523077376596 0
    outer loop
      vertex 9.07724317908287 -2.438442498445511 2
      vertex 9.07724317908287 -2.438442498445511 1.2
      vertex 9.130668811500072 -2.386255756020546 2
    endloop
  endfacet
  facet normal 0.573444504713588 -0.8192444079844474 0
    outer loop
      vertex 9.130668811500072 -2.386255756020546 2
      vertex 9.130668811500072 -2.386255756020546 1.2
      vertex 9.185206651687622 -2.348081037402153 2
    endloop
  endfacet
  facet normal 0.42053155053959024 -0.907277914974661 0
    outer loop
      vertex 9.185206651687622 -2.348081037402153 2
      vertex 9.185206651687622 -2.348081037402153 1.2
      vertex 9.239839732646942 -2.3227581083774567 2
    endloop
  endfacet
  facet normal 0.25090832729957974 -0.9680108528791023 0
    outer loop
      vertex 9.239839732646942 -2.3227581083774567 2
      vertex 9.239839732646942 -2.3227581083774567 1.2
      vertex 9.299443736672401 -2.307308755815029 2
    endloop
  endfacet
  facet normal -0.9991449186408267 -0.04134527245303621 0
    outer loop
      vertex 9.81596303731203 -3.0738239362835884 2
      vertex 9.808141574263573 -2.884811393916607 2
      vertex 9.808141574263573 -2.884811393916607 1.2
    endloop
  endfacet
  facet normal -0.9903464935926698 -0.13861393374658948 0
    outer loop
      vertex 9.808141574263573 -2.884811393916607 2
      vertex 9.786135397851467 -2.7275852113962173 2
      vertex 9.786135397851467 -2.7275852113962173 1.2
    endloop
  endfacet
  facet normal -0.9158805635331594 -0.4014508604327339 0
    outer loop
      vertex 9.752965793013573 -2.6035179644823074 2
      vertex 9.712810523808002 -2.511906675994396 2
      vertex 9.712810523808002 -2.511906675994396 1.2
    endloop
  endfacet
  facet normal -0.8269803191579227 -0.5622308704842346 0
    outer loop
      vertex 9.712810523808002 -2.511906675994396 2
      vertex 9.666622526943684 -2.4439691677689552 2
      vertex 9.666622526943684 -2.4439691677689552 1.2
    endloop
  endfacet
  facet normal -0.7134057916632665 -0.7007511515661662 0
    outer loop
      vertex 9.666622526943684 -2.4439691677689552 2
      vertex 9.613690242171288 -2.3900809958577156 2
      vertex 9.613690242171288 -2.3900809958577156 1.2
    endloop
  endfacet
  facet normal -0.9660699509894454 -0.2582805641066522 0
    outer loop
      vertex 9.786135397851467 -2.7275852113962173 2
      vertex 9.752965793013573 -2.6035179644823074 2
      vertex 9.752965793013573 -2.6035179644823074 1.2
    endloop
  endfacet
  facet normal 0.08063678900276075 -0.9967435519025565 0
    outer loop
      vertex 9.299443736672401 -2.307308755815029 2
      vertex 9.299443736672401 -2.307308755815029 1.2
      vertex 9.368556372821331 -2.3017175272107124 2
    endloop
  endfacet
  facet normal -0.08162249776324759 -0.9966633172034018 0
    outer loop
      vertex 9.368556372821331 -2.3017175272107124 2
      vertex 9.368556372821331 -2.3017175272107124 1.2
      vertex 9.441500425338745 -2.3076913356781006 2
    endloop
  endfacet
  facet normal -0.2551615467677108 -0.966898435747576 0
    outer loop
      vertex 9.441500425338745 -2.3076913356781006 2
      vertex 9.441500425338745 -2.3076913356781006 1.2
      vertex 9.503167383372784 -2.3239650577306747 2
    endloop
  endfacet
  facet normal -0.5858631800485615 -0.8104099791237683 0
    outer loop
      vertex 9.613690242171288 -2.3900809958577156 2
      vertex 9.558771640062332 -2.350379131734371 2
      vertex 9.558771640062332 -2.350379131734371 1.2
    endloop
  endfacet
  facet normal -0.42908401273938884 -0.9032645847211457 0
    outer loop
      vertex 9.503167383372784 -2.3239650577306747 2
      vertex 9.503167383372784 -2.3239650577306747 1.2
      vertex 9.558771640062332 -2.350379131734371 2
    endloop
  endfacet
  facet normal 0 0 1
    outer loop
      vertex 6.976003021001816 -2.7140524312853813 2
      vertex 8.93391003459692 -2.9716953337192535 2
      vertex 8.94131588190794 -2.8156850785017014 2
    endloop
  endfacet
  facet normal 0 0 1
    outer loop
      vertex 6.976003021001816 -2.7140524312853813 2
      vertex 8.94131588190794 -2.8156850785017014 2
      vertex 6.9515859335660934 -2.0806535482406616 2
    endloop
  endfacet
  facet normal 0 0 1
    outer loop
      vertex 6.9515859335660934 -2.0806535482406616 2
      vertex 8.94131588190794 -2.8156850785017014 2
      vertex 8.961987555027008 -2.685421407222748 2
    endloop
  endfacet
  facet normal 0 0 1
    outer loop
      vertex 6.9515859335660934 -2.0806535482406616 2
      vertex 8.961987555027008 -2.685421407222748 2
      vertex 8.992995515465736 -2.58158515393734 2
    endloop
  endfacet
  facet normal 0 0 1
    outer loop
      vertex 8.992995515465736 -2.58158515393734 2
      vertex 9.031214617192745 -2.5019676461815834 2
      vertex 6.977007046341896 -1.4314615055918694 2
    endloop
  endfacet
  facet normal 0 0 1
    outer loop
      vertex 6.9515859335660934 -2.0806535482406616 2
      vertex 8.992995515465736 -2.58158515393734 2
      vertex 6.977007046341896 -1.4314615055918694 2
    endloop
  endfacet
  facet normal 0 0 1
    outer loop
      vertex 9.031214617192745 -2.5019676461815834 2
      vertex 9.07724317908287 -2.438442498445511 2
      vertex 6.977007046341896 -1.4314615055918694 2
    endloop
  endfacet
  facet normal 0 0 1
    outer loop
      vertex 9.07724317908287 -2.438442498445511 2
      vertex 9.130668811500072 -2.386255756020546 2
      vertex 7.0546580478549 -0.8486358597874641 2
    endloop
  endfacet
  facet normal 0 0 1
    outer loop
      vertex 9.130668811500072 -2.386255756020546 2
      vertex 9.185206651687622 -2.348081037402153 2
      vertex 7.0546580478549 -0.8486358597874641 2
    endloop
  endfacet
  facet normal 0 0 1
    outer loop
      vertex 9.185206651687622 -2.348081037402153 2
      vertex 9.239839732646942 -2.3227581083774567 2
      vertex 8.934970371425152 -0.8671789169311523 2
    endloop
  endfacet
  facet normal 0 0 1
    outer loop
      vertex 9.239839732646942 -2.3227581083774567 2
      vertex 9.299443736672401 -2.307308755815029 2
      vertex 8.934970371425152 -0.8671789169311523 2
    endloop
  endfacet
  facet normal 0 0 1
    outer loop
      vertex 9.81596303731203 -3.0738239362835884 2
      vertex 11.612585604190826 -2.683744467794895 2
      vertex 9.808141574263573 -2.884811393916607 2
    endloop
  endfacet
  facet normal 0 0 1
    outer loop
      vertex 9.808141574263573 -2.884811393916607 2
      vertex 11.612585604190826 -2.683744467794895 2
      vertex 9.786135397851467 -2.7275852113962173 2
    endloop
  endfacet
  facet normal 0 0 1
    outer loop
      vertex 9.81596303731203 -3.0738239362835884 2
      vertex 11.63578637689352 -3.061212934553623 2
      vertex 11.612585604190826 -2.683744467794895 2
    endloop
  endfacet
  facet normal 0 0 1
    outer loop
      vertex 9.786135397851467 -2.7275852113962173 2
      vertex 11.420679427683353 -1.994538426399231 2
      vertex 9.752965793013573 -2.6035179644823074 2
    endloop
  endfacet
  facet normal 0 0 1
    outer loop
      vertex 9.786135397851467 -2.7275852113962173 2
      vertex 11.612585604190826 -2.683744467794895 2
      vertex 11.541470311582088 -2.3275329545140266 2
    endloop
  endfacet
  facet normal 0 0 1
    outer loop
      vertex 9.712810523808002 -2.511906675994396 2
      vertex 11.031589932739735 -1.4145386442542076 2
      vertex 9.666622526943684 -2.4439691677689552 2
    endloop
  endfacet
  facet normal 0 0 1
    outer loop
      vertex 9.299443736672401 -2.307308755815029 2
      vertex 9.368556372821331 -2.3017175272107124 2
      vertex 9.242648497223854 -0.7821734845638275 2
    endloop
  endfacet
  facet normal 0 0 1
    outer loop
      vertex 9.368556372821331 -2.3017175272107124 2
      vertex 9.441500425338745 -2.3076913356781006 2
      vertex 9.54710929095745 -0.757154569029808 2
    endloop
  endfacet
  facet normal 0 0 1
    outer loop
      vertex 9.503167383372784 -2.3239650577306747 2
      vertex 9.558771640062332 -2.350379131734371 2
      vertex 9.742434799671173 -0.7724655270576477 2
    endloop
  endfacet
  facet normal 0 0 1
    outer loop
      vertex 9.441500425338745 -2.3076913356781006 2
      vertex 9.503167383372784 -2.3239650577306747 2
      vertex 9.742434799671173 -0.7724655270576477 2
    endloop
  endfacet
  facet normal 0 0 1
    outer loop
      vertex 9.666622526943684 -2.4439691677689552 2
      vertex 10.779208295047283 -1.1813782081007957 2
      vertex 9.613690242171288 -2.3900809958577156 2
    endloop
  endfacet
  facet normal 0 0 1
    outer loop
      vertex 9.613690242171288 -2.3900809958577156 2
      vertex 10.335136286914349 -0.9224463552236557 2
      vertex 9.558771640062332 -2.350379131734371 2
    endloop
  endfacet
  facet normal 0 0 1
    outer loop
      vertex 9.752965793013573 -2.6035179644823074 2
      vertex 11.249941304326057 -1.6886473074555397 2
      vertex 9.712810523808002 -2.511906675994396 2
    endloop
  endfacet
  facet normal 0 0 1
    outer loop
      vertex 9.786135397851467 -2.7275852113962173 2
      vertex 11.541470311582088 -2.3275329545140266 2
      vertex 11.420679427683353 -1.994538426399231 2
    endloop
  endfacet
  facet normal 0 0 1
    outer loop
      vertex 9.752965793013573 -2.6035179644823074 2
      vertex 11.420679427683353 -1.994538426399231 2
      vertex 11.249941304326057 -1.6886473074555397 2
    endloop
  endfacet
  facet normal 0 0 1
    outer loop
      vertex 9.712810523808002 -2.511906675994396 2
      vertex 11.249941304326057 -1.6886473074555397 2
      vertex 11.031589932739735 -1.4145386442542076 2
    endloop
  endfacet
  facet normal -0.4291393073834638 0.9032383156501063 0
    outer loop
      vertex 8.934970371425152 -0.8671789169311523 2
      vertex 8.952320739626884 -0.8589355498552322 2
      vertex 8.952320739626884 -0.8589355498552322 1.2
    endloop
  endfacet
  facet normal 0.9739737233046359 -0.22666095012618376 0
    outer loop
      vertex 8.934970371425152 -0.8671789169311523 2
      vertex 8.934970371425152 -0.8671789169311523 1.2
      vertex 8.966737650334835 -0.7306732907891273 2
    endloop
  endfacet
  facet normal -0.25561434531212557 0.9667788301729892 0
    outer loop
      vertex 8.952320739626884 -0.8589355498552322 2
      vertex 9.242648497223854 -0.7821734845638275 2
      vertex 9.242648497223854 -0.7821734845638275 1.2
    endloop
  endfacet
  facet normal 0.9400622450984902 -0.3410028963812274 0
    outer loop
      vertex 8.966737650334835 -0.7306732907891273 2
      vertex 8.966737650334835 -0.7306732907891273 1.2
      vertex 9.026613920927048 -0.5656089410185814 2
    endloop
  endfacet
  facet normal 0.782169365697985 0.6230658740162326 0
    outer loop
      vertex 11.249941304326057 -1.6886473074555397 2
      vertex 11.031589932739735 -1.4145386442542076 1.2
      vertex 11.031589932739735 -1.4145386442542076 2
    endloop
  endfacet
  facet normal 0.6785829673936324 0.7345237616056083 0
    outer loop
      vertex 10.779208295047283 -1.1813782081007957 2
      vertex 11.031589932739735 -1.4145386442542076 2
      vertex 10.779208295047283 -1.1813782081007957 1.2
    endloop
  endfacet
  facet normal -0.08189845614578763 0.9966406789214137 0
    outer loop
      vertex 9.242648497223854 -0.7821734845638275 2
      vertex 9.54710929095745 -0.757154569029808 2
      vertex 9.54710929095745 -0.757154569029808 1.2
    endloop
  endfacet
  facet normal 0.07814716408472572 0.9969418341836774 0
    outer loop
      vertex 9.54710929095745 -0.757154569029808 2
      vertex 9.742434799671173 -0.7724655270576477 2
      vertex 9.742434799671173 -0.7724655270576477 1.2
    endloop
  endfacet
  facet normal -0.9865299236775097 -0.16358089646669283 0
    outer loop
      vertex 9.742434799671173 -0.7724655270576477 2
      vertex 9.704834505915642 -0.5457042381167412 2
      vertex 9.704834505915642 -0.5457042381167412 1.2
    endloop
  endfacet
  facet normal 0.5548551847309764 0.8319469478140742 0
    outer loop
      vertex 10.779208295047283 -1.1813782081007957 2
      vertex 10.50250630825758 -0.9968357533216476 1.2
      vertex 10.50250630825758 -0.9968357533216476 2
    endloop
  endfacet
  facet normal 0.40615087593796007 0.9138060330151184 0
    outer loop
      vertex 10.50250630825758 -0.9968357533216476 2
      vertex 10.335136286914349 -0.9224463552236557 1.2
      vertex 10.335136286914349 -0.9224463552236557 2
    endloop
  endfacet
  facet normal 0 0 1
    outer loop
      vertex 9.07724317908287 -2.438442498445511 2
      vertex 7.0546580478549 -0.8486358597874641 2
      vertex 6.977007046341896 -1.4314615055918694 2
    endloop
  endfacet
  facet normal 0 0 1
    outer loop
      vertex 9.185206651687622 -2.348081037402153 2
      vertex 8.934970371425152 -0.8671789169311523 2
      vertex 7.0546580478549 -0.8486358597874641 2
    endloop
  endfacet
  facet normal 0 0 1
    outer loop
      vertex 9.299443736672401 -2.307308755815029 2
      vertex 8.952320739626884 -0.8589355498552322 2
      vertex 8.934970371425152 -0.8671789169311523 2
    endloop
  endfacet
  facet normal 0 0 1
    outer loop
      vertex 9.299443736672401 -2.307308755815029 2
      vertex 9.242648497223854 -0.7821734845638275 2
      vertex 8.952320739626884 -0.8589355498552322 2
    endloop
  endfacet
  facet normal 0 0 1
    outer loop
      vertex 7.0546580478549 -0.8486358597874641 2
      vertex 8.934970371425152 -0.8671789169311523 2
      vertex 7.187631368637085 -0.3301267623901367 2
    endloop
  endfacet
  facet normal 0 0 1
    outer loop
      vertex 7.187631368637085 -0.3301267623901367 2
      vertex 8.934970371425152 -0.8671789169311523 2
      vertex 8.966737650334835 -0.7306732907891273 2
    endloop
  endfacet
  facet normal 0 0 1
    outer loop
      vertex 9.368556372821331 -2.3017175272107124 2
      vertex 9.54710929095745 -0.757154569029808 2
      vertex 9.242648497223854 -0.7821734845638275 2
    endloop
  endfacet
  facet normal 0 0 1
    outer loop
      vertex 9.441500425338745 -2.3076913356781006 2
      vertex 9.742434799671173 -0.7724655270576477 2
      vertex 9.54710929095745 -0.757154569029808 2
    endloop
  endfacet
  facet normal 0 0 1
    outer loop
      vertex 9.558771640062332 -2.350379131734371 2
      vertex 10.335136286914349 -0.9224463552236557 2
      vertex 9.742434799671173 -0.7724655270576477 2
    endloop
  endfacet
  facet normal 0 0 1
    outer loop
      vertex 9.613690242171288 -2.3900809958577156 2
      vertex 10.50250630825758 -0.9968357533216476 2
      vertex 10.335136286914349 -0.9224463552236557 2
    endloop
  endfacet
  facet normal 0 0 1
    outer loop
      vertex 9.666622526943684 -2.4439691677689552 2
      vertex 11.031589932739735 -1.4145386442542076 2
      vertex 10.779208295047283 -1.1813782081007957 2
    endloop
  endfacet
  facet normal 0 0 1
    outer loop
      vertex 9.613690242171288 -2.3900809958577156 2
      vertex 10.779208295047283 -1.1813782081007957 2
      vertex 10.50250630825758 -0.9968357533216476 2
    endloop
  endfacet
  facet normal 0 0 1
    outer loop
      vertex 9.742434799671173 -0.7724655270576477 2
      vertex 11.602195642888546 -0.7827229127287865 2
      vertex 9.704834505915642 -0.5457042381167412 2
    endloop
  endfacet
  facet normal 0 0 1
    outer loop
      vertex 9.742434799671173 -0.7724655270576477 2
      vertex 10.335136286914349 -0.9224463552236557 2
      vertex 11.602195642888546 -0.7827229127287865 2
    endloop
  endfacet
  facet normal 0.9981164153040569 0.06134836184104017 0
    outer loop
      vertex 11.63578637689352 -3.061212934553623 2
      vertex 11.612585604190826 -2.683744467794895 1.2
      vertex 11.612585604190826 -2.683744467794895 2
    endloop
  endfacet
  facet normal 0.9806478599363196 0.19577991419529334 0
    outer loop
      vertex 11.612585604190826 -2.683744467794895 2
      vertex 11.541470311582088 -2.3275329545140266 1.2
      vertex 11.541470311582088 -2.3275329545140266 2
    endloop
  endfacet
  facet normal 0.9400633512617349 0.3409998469421296 0
    outer loop
      vertex 11.541470311582088 -2.3275329545140266 2
      vertex 11.420679427683353 -1.994538426399231 1.2
      vertex 11.420679427683353 -1.994538426399231 2
    endloop
  endfacet
  facet normal 0.8731877446281828 0.4873839991537961 0
    outer loop
      vertex 11.420679427683353 -1.994538426399231 2
      vertex 11.249941304326057 -1.6886473074555397 1.2
      vertex 11.249941304326057 -1.6886473074555397 2
    endloop
  endfacet
  facet normal 0.10960936596321548 -0.9939747415770391 0
    outer loop
      vertex 10.335136286914349 -0.9224463552236557 2
      vertex 11.602195642888546 -0.7827229127287865 1.2
      vertex 11.602195642888546 -0.7827229127287865 2
    endloop
  endfacet
  facet normal 0 -1 0
    outer loop
      vertex 0.6652700006961823 -0.4817800000309944 2
      vertex 0.6652700006961823 -0.4817800000309944 1.2
      vertex 1.4372859373688698 -0.4817800000309944 1.2
    endloop
  endfacet
  facet normal 0.7360214469633933 -0.6769582185112407 0
    outer loop
      vertex 1.4372859373688698 -0.4817800000309944 2
      vertex 1.4372859373688698 -0.4817800000309944 1.2
      vertex 3.1999933049082756 1.4347200021147728 1.2
    endloop
  endfacet
  facet normal -0.9079541405098485 0.4190695392545519 0
    outer loop
      vertex 0.896951749920845 1.4347200021147728 2
      vertex 0.896951749920845 1.4347200021147728 1.2
      vertex 0.09132833033800125 -0.31074000149965286 1.2
    endloop
  endfacet
  facet normal 0 1 0
    outer loop
      vertex 3.1999933049082756 1.4347200021147728 2
      vertex 3.1999933049082756 1.4347200021147728 1.2
      vertex 0.896951749920845 1.4347200021147728 1.2
    endloop
  endfacet
  facet normal 0 1 0
    outer loop
      vertex 4.982210002839565 -0.31074000149965286 2
      vertex 4.982210002839565 -0.31074000149965286 1.2
      vertex 1.6090300008654594 -0.31074000149965286 1.2
    endloop
  endfacet
  facet normal -0.9686538556439833 0.24841438755846068 0
    outer loop
      vertex 7.187631368637085 -0.3301267623901367 2
      vertex 7.187631368637085 -0.3301267623901367 1.2
      vertex 7.0546580478549 -0.8486358597874641 1.2
    endloop
  endfacet
  facet normal -0.9203801157088597 0.391024861879326 0
    outer loop
      vertex 7.380597211420536 0.1240692287683487 2
      vertex 7.380597211420536 0.1240692287683487 1.2
      vertex 7.187631368637085 -0.3301267623901367 1.2
    endloop
  endfacet
  facet normal 0 -1 0
    outer loop
      vertex 0.6652700006961823 -0.4817800000309944 2
      vertex 1.4372859373688698 -0.4817800000309944 1.2
      vertex 1.4372859373688698 -0.4817800000309944 2
    endloop
  endfacet
  facet normal -0.9079541405098485 0.4190695392545519 0
    outer loop
      vertex 0.09132833033800125 -0.31074000149965286 2
      vertex 0.896951749920845 1.4347200021147728 2
      vertex 0.09132833033800125 -0.31074000149965286 1.2
    endloop
  endfacet
  facet normal 0 1 0
    outer loop
      vertex 1.6090300008654594 -0.31074000149965286 2
      vertex 4.982210002839565 -0.31074000149965286 2
      vertex 1.6090300008654594 -0.31074000149965286 1.2
    endloop
  endfacet
  facet normal 0 0 1
    outer loop
      vertex 0.09132833033800125 -0.31074000149965286 2
      vertex 0.6652700006961823 -0.4817800000309944 2
      vertex 0.896951749920845 1.4347200021147728 2
    endloop
  endfacet
  facet normal 0 0 1
    outer loop
      vertex 0.6652700006961823 -0.4817800000309944 2
      vertex 1.4372859373688698 -0.4817800000309944 2
      vertex 0.896951749920845 1.4347200021147728 2
    endloop
  endfacet
  facet normal 0 1 0
    outer loop
      vertex 0.896951749920845 1.4347200021147728 2
      vertex 3.1999933049082756 1.4347200021147728 2
      vertex 0.896951749920845 1.4347200021147728 1.2
    endloop
  endfacet
  facet normal 0.7360214469633933 -0.6769582185112407 0
    outer loop
      vertex 1.4372859373688698 -0.4817800000309944 2
      vertex 3.1999933049082756 1.4347200021147728 1.2
      vertex 3.1999933049082756 1.4347200021147728 2
    endloop
  endfacet
  facet normal 0 0 1
    outer loop
      vertex 1.4372859373688698 -0.4817800000309944 2
      vertex 3.1999933049082756 1.4347200021147728 2
      vertex 0.896951749920845 1.4347200021147728 2
    endloop
  endfacet
  facet normal -0.9203801157088597 0.391024861879326 0
    outer loop
      vertex 7.187631368637085 -0.3301267623901367 2
      vertex 7.380597211420536 0.1240692287683487 2
      vertex 7.187631368637085 -0.3301267623901367 1.2
    endloop
  endfacet
  facet normal 0.8630602296105971 -0.505101019662902 0
    outer loop
      vertex 9.085541002452374 -0.46492092311382294 2
      vertex 9.026613920927048 -0.5656089410185814 1.2
      vertex 9.085541002452374 -0.46492092311382294 1.2
    endloop
  endfacet
  facet normal 0.7460875599268968 -0.665847845173602 0
    outer loop
      vertex 9.147485002875328 -0.3955122008919716 2
      vertex 9.085541002452374 -0.46492092311382294 1.2
      vertex 9.147485002875328 -0.3955122008919716 1.2
    endloop
  endfacet
  facet normal 0.6260351290562234 -0.7797948558355317 0
    outer loop
      vertex 9.212628707289696 -0.3432135134935379 2
      vertex 9.147485002875328 -0.3955122008919716 1.2
      vertex 9.212628707289696 -0.3432135134935379 1.2
    endloop
  endfacet
  facet normal 0.46936179199942557 -0.8830059502693558 0
    outer loop
      vertex 9.275024473667145 -0.31004704535007477 2
      vertex 9.212628707289696 -0.3432135134935379 1.2
      vertex 9.275024473667145 -0.31004704535007477 1.2
    endloop
  endfacet
  facet normal -0.8312122358022037 0.5559552311586804 0
    outer loop
      vertex 7.635573163628578 0.5052854120731354 2
      vertex 7.635573163628578 0.5052854120731354 1.2
      vertex 7.380597211420536 0.1240692287683487 1.2
    endloop
  endfacet
  facet normal -0.9637533656008931 -0.26679477186210215 0
    outer loop
      vertex 9.704834505915642 -0.5457042381167412 2
      vertex 9.683818772435188 -0.4697882682085037 1.2
      vertex 9.704834505915642 -0.5457042381167412 1.2
    endloop
  endfacet
  facet normal -0.922191856426026 -0.38673269830920665 0
    outer loop
      vertex 9.683818772435188 -0.4697882682085037 2
      vertex 9.660283513367176 -0.4136667549610138 1.2
      vertex 9.683818772435188 -0.4697882682085037 1.2
    endloop
  endfacet
  facet normal -0.8540603935442207 -0.5201738595691742 0
    outer loop
      vertex 9.660283513367176 -0.4136667549610138 2
      vertex 9.636854693293571 -0.3751995638012886 1.2
      vertex 9.660283513367176 -0.4136667549610138 1.2
    endloop
  endfacet
  facet normal 0.2848994523000248 -0.9585574067728787 0
    outer loop
      vertex 9.33978496491909 -0.2907991334795952 2
      vertex 9.275024473667145 -0.31004704535007477 1.2
      vertex 9.33978496491909 -0.2907991334795952 1.2
    endloop
  endfacet
  facet normal 0.09236069897795288 -0.9957256154605566 0
    outer loop
      vertex 9.418852359056473 -0.28346506506204605 2
      vertex 9.33978496491909 -0.2907991334795952 1.2
      vertex 9.418852359056473 -0.28346506506204605 1.2
    endloop
  endfacet
  facet normal -0.06190095852500342 -0.9980822968742035 0
    outer loop
      vertex 9.472828075289726 -0.2868126332759857 2
      vertex 9.418852359056473 -0.28346506506204605 1.2
      vertex 9.472828075289726 -0.2868126332759857 1.2
    endloop
  endfacet
  facet normal -0.19771824029881682 -0.9802588930752627 0
    outer loop
      vertex 9.519868679344654 -0.2963007241487503 2
      vertex 9.472828075289726 -0.2868126332759857 1.2
      vertex 9.519868679344654 -0.2963007241487503 1.2
    endloop
  endfacet
  facet normal -0.7529609052871788 -0.6580652514068129 0
    outer loop
      vertex 9.636854693293571 -0.3751995638012886 2
      vertex 9.613359771668911 -0.34831658005714417 1.2
      vertex 9.636854693293571 -0.3751995638012886 1.2
    endloop
  endfacet
  facet normal -0.6290240419594532 -0.7773858466919707 0
    outer loop
      vertex 9.613359771668911 -0.34831658005714417 2
      vertex 9.586988136172295 -0.3269778937101364 1.2
      vertex 9.613359771668911 -0.34831658005714417 1.2
    endloop
  endfacet
  facet normal -0.4924065676838751 -0.87036530956937 0
    outer loop
      vertex 9.586988136172295 -0.3269778937101364 2
      vertex 9.556579373776913 -0.3097742274403572 1.2
      vertex 9.586988136172295 -0.3269778937101364 1.2
    endloop
  endfacet
  facet normal -0.3445457638151056 -0.9387695226396441 0
    outer loop
      vertex 9.556579373776913 -0.3097742274403572 2
      vertex 9.519868679344654 -0.2963007241487503 1.2
      vertex 9.556579373776913 -0.3097742274403572 1.2
    endloop
  endfacet
  facet normal -0.7122148444252547 0.7019615483630924 0
    outer loop
      vertex 7.937443733215332 0.8115652948617935 2
      vertex 7.937443733215332 0.8115652948617935 1.2
      vertex 7.635573163628578 0.5052854120731354 1.2
    endloop
  endfacet
  facet normal -0.5784850784623371 0.815692965518536 0
    outer loop
      vertex 8.275140710175037 1.051058180630207 2
      vertex 8.275140710175037 1.051058180630207 1.2
      vertex 7.937443733215332 0.8115652948617935 1.2
    endloop
  endfacet
  facet normal -0.4178833387305069 0.9085006963186348 0
    outer loop
      vertex 8.648941457271576 1.2229954227805138 2
      vertex 8.648941457271576 1.2229954227805138 1.2
      vertex 8.275140710175037 1.051058180630207 1.2
    endloop
  endfacet
  facet normal -0.24502961937068402 0.9695155932892764 0
    outer loop
      vertex 9.052971512079239 1.3251075819134712 2
      vertex 9.052971512079239 1.3251075819134712 1.2
      vertex 8.648941457271576 1.2229954227805138 1.2
    endloop
  endfacet
  facet normal 0.708453120255834 0.7057578737780916 0
    outer loop
      vertex 11.040591388940811 0.6883260980248451 2
      vertex 11.040591388940811 0.6883260980248451 1.2
      vertex 10.836252212524414 0.8934456333518028 1.2
    endloop
  endfacet
  facet normal 0.5897429650368348 0.807591007372892 0
    outer loop
      vertex 10.836252212524414 0.8934456333518028 2
      vertex 10.836252212524414 0.8934456333518028 1.2
      vertex 10.604707092046738 1.0625313520431519 1.2
    endloop
  endfacet
  facet normal 0.4588527571829608 0.8885123224950765 0
    outer loop
      vertex 10.604707092046738 1.0625313520431519 2
      vertex 10.604707092046738 1.0625313520431519 1.2
      vertex 10.350968711078167 1.1935689896345139 1.2
    endloop
  endfacet
  facet normal 0.3203625661112311 0.9472950048610133 0
    outer loop
      vertex 10.350968711078167 1.1935689896345139 2
      vertex 10.350968711078167 1.1935689896345139 1.2
      vertex 10.077554933726788 1.2860338911414146 1.2
    endloop
  endfacet
  facet normal -0.07746597675145812 0.9969949961990495 0
    outer loop
      vertex 9.479228593409061 1.3582275286316872 2
      vertex 9.479228593409061 1.3582275286316872 1.2
      vertex 9.052971512079239 1.3251075819134712 1.2
    endloop
  endfacet
  facet normal 0.057890858341975625 0.998322917958127 0
    outer loop
      vertex 9.78763448446989 1.3403436541557312 2
      vertex 9.78763448446989 1.3403436541557312 1.2
      vertex 9.479228593409061 1.3582275286316872 1.2
    endloop
  endfacet
  facet normal 0.1841237249071271 0.9829030745329493 0
    outer loop
      vertex 10.077554933726788 1.2860338911414146 2
      vertex 10.077554933726788 1.2860338911414146 1.2
      vertex 9.78763448446989 1.3403436541557312 1.2
    endloop
  endfacet
  facet normal 0.9430458202975076 0.33266286360127545 0
    outer loop
      vertex 11.450512580573559 -0.10495331138372421 2
      vertex 11.450512580573559 -0.10495331138372421 1.2
      vertex 11.348039358854294 0.18554182350635529 1.2
    endloop
  endfacet
  facet normal 0.8894550348041081 0.45702269206421575 0
    outer loop
      vertex 11.348039358854294 0.18554182350635529 2
      vertex 11.348039358854294 0.18554182350635529 1.2
      vertex 11.211657211184502 0.4509680047631264 1.2
    endloop
  endfacet
  facet normal 0.811261983226219 0.5846828153553532 0
    outer loop
      vertex 11.211657211184502 0.4509680047631264 2
      vertex 11.211657211184502 0.4509680047631264 1.2
      vertex 11.040591388940811 0.6883260980248451 1.2
    endloop
  endfacet
  facet normal 0.8630602296105971 -0.505101019662902 0
    outer loop
      vertex 9.026613920927048 -0.5656089410185814 2
      vertex 9.026613920927048 -0.5656089410185814 1.2
      vertex 9.085541002452374 -0.46492092311382294 2
    endloop
  endfacet
  facet normal 0.7460875599268968 -0.665847845173602 0
    outer loop
      vertex 9.085541002452374 -0.46492092311382294 2
      vertex 9.085541002452374 -0.46492092311382294 1.2
      vertex 9.147485002875328 -0.3955122008919716 2
    endloop
  endfacet
  facet normal 0.6260351290562234 -0.7797948558355317 0
    outer loop
      vertex 9.147485002875328 -0.3955122008919716 2
      vertex 9.147485002875328 -0.3955122008919716 1.2
      vertex 9.212628707289696 -0.3432135134935379 2
    endloop
  endfacet
  facet normal 0.46936179199942557 -0.8830059502693558 0
    outer loop
      vertex 9.212628707289696 -0.3432135134935379 2
      vertex 9.212628707289696 -0.3432135134935379 1.2
      vertex 9.275024473667145 -0.31004704535007477 2
    endloop
  endfacet
  facet normal -0.8312122358022037 0.5559552311586804 0
    outer loop
      vertex 7.380597211420536 0.1240692287683487 2
      vertex 7.635573163628578 0.5052854120731354 2
      vertex 7.380597211420536 0.1240692287683487 1.2
    endloop
  endfacet
  facet normal -0.7122148444252547 0.7019615483630924 0
    outer loop
      vertex 7.635573163628578 0.5052854120731354 2
      vertex 7.937443733215332 0.8115652948617935 2
      vertex 7.635573163628578 0.5052854120731354 1.2
    endloop
  endfacet
  facet normal -0.9637533656008931 -0.26679477186210215 0
    outer loop
      vertex 9.704834505915642 -0.5457042381167412 2
      vertex 9.683818772435188 -0.4697882682085037 2
      vertex 9.683818772435188 -0.4697882682085037 1.2
    endloop
  endfacet
  facet normal -0.922191856426026 -0.38673269830920665 0
    outer loop
      vertex 9.683818772435188 -0.4697882682085037 2
      vertex 9.660283513367176 -0.4136667549610138 2
      vertex 9.660283513367176 -0.4136667549610138 1.2
    endloop
  endfacet
  facet normal 0.2848994523000248 -0.9585574067728787 0
    outer loop
      vertex 9.275024473667145 -0.31004704535007477 2
      vertex 9.275024473667145 -0.31004704535007477 1.2
      vertex 9.33978496491909 -0.2907991334795952 2
    endloop
  endfacet
  facet normal 0.09236069897795288 -0.9957256154605566 0
    outer loop
      vertex 9.33978496491909 -0.2907991334795952 2
      vertex 9.33978496491909 -0.2907991334795952 1.2
      vertex 9.418852359056473 -0.28346506506204605 2
    endloop
  endfacet
  facet normal -0.06190095852500342 -0.9980822968742035 0
    outer loop
      vertex 9.418852359056473 -0.28346506506204605 2
      vertex 9.418852359056473 -0.28346506506204605 1.2
      vertex 9.472828075289726 -0.2868126332759857 2
    endloop
  endfacet
  facet normal -0.19771824029881682 -0.9802588930752627 0
    outer loop
      vertex 9.472828075289726 -0.2868126332759857 2
      vertex 9.472828075289726 -0.2868126332759857 1.2
      vertex 9.519868679344654 -0.2963007241487503 2
    endloop
  endfacet
  facet normal -0.7529609052871788 -0.6580652514068129 0
    outer loop
      vertex 9.613359771668911 -0.34831658005714417 2
      vertex 9.613359771668911 -0.34831658005714417 1.2
      vertex 9.636854693293571 -0.3751995638012886 2
    endloop
  endfacet
  facet normal -0.4924065676838751 -0.87036530956937 0
    outer loop
      vertex 9.556579373776913 -0.3097742274403572 2
      vertex 9.556579373776913 -0.3097742274403572 1.2
      vertex 9.586988136172295 -0.3269778937101364 2
    endloop
  endfacet
  facet normal -0.6290240419594532 -0.7773858466919707 0
    outer loop
      vertex 9.613359771668911 -0.34831658005714417 2
      vertex 9.586988136172295 -0.3269778937101364 2
      vertex 9.586988136172295 -0.3269778937101364 1.2
    endloop
  endfacet
  facet normal -0.8540603935442207 -0.5201738595691742 0
    outer loop
      vertex 9.660283513367176 -0.4136667549610138 2
      vertex 9.636854693293571 -0.3751995638012886 2
      vertex 9.636854693293571 -0.3751995638012886 1.2
    endloop
  endfacet
  facet normal -0.3445457638151056 -0.9387695226396441 0
    outer loop
      vertex 9.519868679344654 -0.2963007241487503 2
      vertex 9.519868679344654 -0.2963007241487503 1.2
      vertex 9.556579373776913 -0.3097742274403572 2
    endloop
  endfacet
  facet normal 0.811261983226219 0.5846828153553532 0
    outer loop
      vertex 11.211657211184502 0.4509680047631264 2
      vertex 11.040591388940811 0.6883260980248451 1.2
      vertex 11.040591388940811 0.6883260980248451 2
    endloop
  endfacet
  facet normal 0 0 1
    outer loop
      vertex 7.187631368637085 -0.3301267623901367 2
      vertex 8.966737650334835 -0.7306732907891273 2
      vertex 7.380597211420536 0.1240692287683487 2
    endloop
  endfacet
  facet normal 0 0 1
    outer loop
      vertex 9.026613920927048 -0.5656089410185814 2
      vertex 7.635573163628578 0.5052854120731354 2
      vertex 7.380597211420536 0.1240692287683487 2
    endloop
  endfacet
  facet normal 0 0 1
    outer loop
      vertex 8.966737650334835 -0.7306732907891273 2
      vertex 9.026613920927048 -0.5656089410185814 2
      vertex 7.380597211420536 0.1240692287683487 2
    endloop
  endfacet
  facet normal 0 0 1
    outer loop
      vertex 9.026613920927048 -0.5656089410185814 2
      vertex 9.085541002452374 -0.46492092311382294 2
      vertex 7.635573163628578 0.5052854120731354 2
    endloop
  endfacet
  facet normal 0 0 1
    outer loop
      vertex 9.085541002452374 -0.46492092311382294 2
      vertex 9.147485002875328 -0.3955122008919716 2
      vertex 7.937443733215332 0.8115652948617935 2
    endloop
  endfacet
  facet normal 0 0 1
    outer loop
      vertex 9.085541002452374 -0.46492092311382294 2
      vertex 7.937443733215332 0.8115652948617935 2
      vertex 7.635573163628578 0.5052854120731354 2
    endloop
  endfacet
  facet normal 0 0 1
    outer loop
      vertex 9.147485002875328 -0.3955122008919716 2
      vertex 9.212628707289696 -0.3432135134935379 2
      vertex 8.275140710175037 1.051058180630207 2
    endloop
  endfacet
  facet normal 0 0 1
    outer loop
      vertex 9.212628707289696 -0.3432135134935379 2
      vertex 9.275024473667145 -0.31004704535007477 2
      vertex 8.648941457271576 1.2229954227805138 2
    endloop
  endfacet
  facet normal 0 0 1
    outer loop
      vertex 9.275024473667145 -0.31004704535007477 2
      vertex 9.33978496491909 -0.2907991334795952 2
      vertex 9.052971512079239 1.3251075819134712 2
    endloop
  endfacet
  facet normal 0 0 1
    outer loop
      vertex 9.147485002875328 -0.3955122008919716 2
      vertex 8.275140710175037 1.051058180630207 2
      vertex 7.937443733215332 0.8115652948617935 2
    endloop
  endfacet
  facet normal 0 0 1
    outer loop
      vertex 9.212628707289696 -0.3432135134935379 2
      vertex 8.648941457271576 1.2229954227805138 2
      vertex 8.275140710175037 1.051058180630207 2
    endloop
  endfacet
  facet normal 0 0 1
    outer loop
      vertex 9.660283513367176 -0.4136667549610138 2
      vertex 11.211657211184502 0.4509680047631264 2
      vertex 9.636854693293571 -0.3751995638012886 2
    endloop
  endfacet
  facet normal 0 0 1
    outer loop
      vertex 9.613359771668911 -0.34831658005714417 2
      vertex 9.636854693293571 -0.3751995638012886 2
      vertex 11.040591388940811 0.6883260980248451 2
    endloop
  endfacet
  facet normal 0 0 1
    outer loop
      vertex 9.704834505915642 -0.5457042381167412 2
      vertex 11.450512580573559 -0.10495331138372421 2
      vertex 9.683818772435188 -0.4697882682085037 2
    endloop
  endfacet
  facet normal 0 0 1
    outer loop
      vertex 9.704834505915642 -0.5457042381167412 2
      vertex 11.602195642888546 -0.7827229127287865 2
      vertex 11.450512580573559 -0.10495331138372421 2
    endloop
  endfacet
  facet normal 0 0 1
    outer loop
      vertex 9.683818772435188 -0.4697882682085037 2
      vertex 11.348039358854294 0.18554182350635529 2
      vertex 9.660283513367176 -0.4136667549610138 2
    endloop
  endfacet
  facet normal 0 0 1
    outer loop
      vertex 9.683818772435188 -0.4697882682085037 2
      vertex 11.450512580573559 -0.10495331138372421 2
      vertex 11.348039358854294 0.18554182350635529 2
    endloop
  endfacet
  facet normal 0 0 1
    outer loop
      vertex 9.33978496491909 -0.2907991334795952 2
      vertex 9.418852359056473 -0.28346506506204605 2
      vertex 9.479228593409061 1.3582275286316872 2
    endloop
  endfacet
  facet normal 0 0 1
    outer loop
      vertex 9.418852359056473 -0.28346506506204605 2
      vertex 9.472828075289726 -0.2868126332759857 2
      vertex 9.78763448446989 1.3403436541557312 2
    endloop
  endfacet
  facet normal 0 0 1
    outer loop
      vertex 9.472828075289726 -0.2868126332759857 2
      vertex 9.519868679344654 -0.2963007241487503 2
      vertex 9.78763448446989 1.3403436541557312 2
    endloop
  endfacet
  facet normal 0 0 1
    outer loop
      vertex 9.556579373776913 -0.3097742274403572 2
      vertex 9.586988136172295 -0.3269778937101364 2
      vertex 10.604707092046738 1.0625313520431519 2
    endloop
  endfacet
  facet normal 0 0 1
    outer loop
      vertex 9.519868679344654 -0.2963007241487503 2
      vertex 9.556579373776913 -0.3097742274403572 2
      vertex 10.350968711078167 1.1935689896345139 2
    endloop
  endfacet
  facet normal 0 0 1
    outer loop
      vertex 9.613359771668911 -0.34831658005714417 2
      vertex 10.836252212524414 0.8934456333518028 2
      vertex 9.586988136172295 -0.3269778937101364 2
    endloop
  endfacet
  facet normal 0 0 1
    outer loop
      vertex 9.556579373776913 -0.3097742274403572 2
      vertex 10.604707092046738 1.0625313520431519 2
      vertex 10.350968711078167 1.1935689896345139 2
    endloop
  endfacet
  facet normal 0 0 1
    outer loop
      vertex 9.636854693293571 -0.3751995638012886 2
      vertex 11.211657211184502 0.4509680047631264 2
      vertex 11.040591388940811 0.6883260980248451 2
    endloop
  endfacet
  facet normal 0 0 1
    outer loop
      vertex 9.660283513367176 -0.4136667549610138 2
      vertex 11.348039358854294 0.18554182350635529 2
      vertex 11.211657211184502 0.4509680047631264 2
    endloop
  endfacet
  facet normal 0 0 1
    outer loop
      vertex 9.613359771668911 -0.34831658005714417 2
      vertex 11.040591388940811 0.6883260980248451 2
      vertex 10.836252212524414 0.8934456333518028 2
    endloop
  endfacet
  facet normal 0 0 1
    outer loop
      vertex 9.586988136172295 -0.3269778937101364 2
      vertex 10.836252212524414 0.8934456333518028 2
      vertex 10.604707092046738 1.0625313520431519 2
    endloop
  endfacet
  facet normal -0.5784850784623371 0.815692965518536 0
    outer loop
      vertex 7.937443733215332 0.8115652948617935 2
      vertex 8.275140710175037 1.051058180630207 2
      vertex 7.937443733215332 0.8115652948617935 1.2
    endloop
  endfacet
  facet normal -0.4178833387305069 0.9085006963186348 0
    outer loop
      vertex 8.275140710175037 1.051058180630207 2
      vertex 8.648941457271576 1.2229954227805138 2
      vertex 8.275140710175037 1.051058180630207 1.2
    endloop
  endfacet
  facet normal -0.24502961937068402 0.9695155932892764 0
    outer loop
      vertex 8.648941457271576 1.2229954227805138 2
      vertex 9.052971512079239 1.3251075819134712 2
      vertex 8.648941457271576 1.2229954227805138 1.2
    endloop
  endfacet
  facet normal -0.07746597675145812 0.9969949961990495 0
    outer loop
      vertex 9.052971512079239 1.3251075819134712 2
      vertex 9.479228593409061 1.3582275286316872 2
      vertex 9.052971512079239 1.3251075819134712 1.2
    endloop
  endfacet
  facet normal 0.3203625661112311 0.9472950048610133 0
    outer loop
      vertex 10.077554933726788 1.2860338911414146 2
      vertex 10.350968711078167 1.1935689896345139 2
      vertex 10.077554933726788 1.2860338911414146 1.2
    endloop
  endfacet
  facet normal 0.708453120255834 0.7057578737780916 0
    outer loop
      vertex 10.836252212524414 0.8934456333518028 2
      vertex 11.040591388940811 0.6883260980248451 2
      vertex 10.836252212524414 0.8934456333518028 1.2
    endloop
  endfacet
  facet normal 0.4588527571829608 0.8885123224950765 0
    outer loop
      vertex 10.350968711078167 1.1935689896345139 2
      vertex 10.604707092046738 1.0625313520431519 2
      vertex 10.350968711078167 1.1935689896345139 1.2
    endloop
  endfacet
  facet normal 0.5897429650368348 0.807591007372892 0
    outer loop
      vertex 10.836252212524414 0.8934456333518028 2
      vertex 10.604707092046738 1.0625313520431519 1.2
      vertex 10.604707092046738 1.0625313520431519 2
    endloop
  endfacet
  facet normal 0.057890858341975625 0.998322917958127 0
    outer loop
      vertex 9.479228593409061 1.3582275286316872 2
      vertex 9.78763448446989 1.3403436541557312 2
      vertex 9.479228593409061 1.3582275286316872 1.2
    endloop
  endfacet
  facet normal 0.1841237249071271 0.9829030745329493 0
    outer loop
      vertex 9.78763448446989 1.3403436541557312 2
      vertex 10.077554933726788 1.2860338911414146 2
      vertex 9.78763448446989 1.3403436541557312 1.2
    endloop
  endfacet
  facet normal 0 0 1
    outer loop
      vertex 9.275024473667145 -0.31004704535007477 2
      vertex 9.052971512079239 1.3251075819134712 2
      vertex 8.648941457271576 1.2229954227805138 2
    endloop
  endfacet
  facet normal 0 0 1
    outer loop
      vertex 9.33978496491909 -0.2907991334795952 2
      vertex 9.479228593409061 1.3582275286316872 2
      vertex 9.052971512079239 1.3251075819134712 2
    endloop
  endfacet
  facet normal 0 0 1
    outer loop
      vertex 9.418852359056473 -0.28346506506204605 2
      vertex 9.78763448446989 1.3403436541557312 2
      vertex 9.479228593409061 1.3582275286316872 2
    endloop
  endfacet
  facet normal 0 0 1
    outer loop
      vertex 9.519868679344654 -0.2963007241487503 2
      vertex 10.077554933726788 1.2860338911414146 2
      vertex 9.78763448446989 1.3403436541557312 2
    endloop
  endfacet
  facet normal 0 0 1
    outer loop
      vertex 9.519868679344654 -0.2963007241487503 2
      vertex 10.350968711078167 1.1935689896345139 2
      vertex 10.077554933726788 1.2860338911414146 2
    endloop
  endfacet
  facet normal 0.975860450032802 0.21839501382077636 0
    outer loop
      vertex 11.602195642888546 -0.7827229127287865 2
      vertex 11.450512580573559 -0.10495331138372421 1.2
      vertex 11.450512580573559 -0.10495331138372421 2
    endloop
  endfacet
  facet normal 0.9430458202975076 0.33266286360127545 0
    outer loop
      vertex 11.450512580573559 -0.10495331138372421 2
      vertex 11.348039358854294 0.18554182350635529 1.2
      vertex 11.348039358854294 0.18554182350635529 2
    endloop
  endfacet
  facet normal 0.8894550348041081 0.45702269206421575 0
    outer loop
      vertex 11.348039358854294 0.18554182350635529 2
      vertex 11.211657211184502 0.4509680047631264 1.2
      vertex 11.211657211184502 0.4509680047631264 2
    endloop
  endfacet
endsolid OpenSCAD_Model
